image_path,label,source,split,prob_fake
R:\_Projects\Eurus_Workspace\HolmHz\data\raw_v2\deepdetect2025\ddata\train\fake\fake_018528.jpg,1,dd2025_fake,id,0.000004
R:\_Projects\Eurus_Workspace\HolmHz\data\raw_v2\rvf10k\rvf10k\train\real\54005.jpg,0,rvf10k_train_real,id,0.000000
R:\_Projects\Eurus_Workspace\HolmHz\data\raw_v2\diffusion_fakes\Midjourney\Midjourney_0912.png,1,midjourney_fake,id,0.000000
R:\_Projects\Eurus_Workspace\HolmHz\data\raw_v2\diffusion_fakes\Real\REAL_1679.jpg,0,deepfake_collection_real,id,0.000000
R:\_Projects\Eurus_Workspace\HolmHz\data\raw_v2\ciplab_faces\real_and_fake_face_detection\real_and_fake_face\training_real\real_00073.jpg,0,ciplab_training_real,id,0.000000
R:\_Projects\Eurus_Workspace\HolmHz\data\raw_v2\diffusion_fakes\Real\REAL_4899.jpg,0,deepfake_collection_real,id,0.000000
R:\_Projects\Eurus_Workspace\HolmHz\data\raw_v2\deepdetect2025\ddata\train\real\47479.jpg,0,dd2025_real,id,0.000000
R:\_Projects\Eurus_Workspace\HolmHz\data\raw_v2\rvf10k\rvf10k\train\real\03281.jpg,0,rvf10k_train_real,id,0.000000
R:\_Projects\Eurus_Workspace\HolmHz\data\raw_v2\ciplab_faces\real_and_fake_face_detection\real_and_fake_face\training_fake\easy_27_1000.jpg,1,ciplab_training_fake,id,0.000007
R:\_Projects\Eurus_Workspace\HolmHz\data\raw_v2\rvf10k\rvf10k\train\real\57252.jpg,0,rvf10k_train_real,id,0.000000
R:\_Projects\Eurus_Workspace\HolmHz\data\raw_v2\ciplab_faces\real_and_fake_face_detection\real_and_fake_face\training_real\real_00221.jpg,0,ciplab_training_real,id,0.000000
R:\_Projects\Eurus_Workspace\HolmHz\data\raw_v2\deepdetect2025\ddata\train\real\37672.jpg,0,dd2025_real,id,0.000000
R:\_Projects\Eurus_Workspace\HolmHz\data\raw_v2\deepdetect2025\ddata\train\real\51955.jpg,0,dd2025_real,id,0.000000
R:\_Projects\Eurus_Workspace\HolmHz\data\raw_v2\ciplab_faces\real_and_fake_face_detection\real_and_fake_face\training_fake\hard_159_0100.jpg,1,ciplab_training_fake,id,0.000000
R:\_Projects\Eurus_Workspace\HolmHz\data\raw_v2\diffusion_fakes\Stable Diffusion\Stable_Diffusion_1210.jpg,1,sd_fake,id,0.000000
R:\_Projects\Eurus_Workspace\HolmHz\data\raw_v2\deepdetect2025\ddata\train\fake\fake_033586.jpg,1,dd2025_fake,id,0.000000
R:\_Projects\Eurus_Workspace\HolmHz\data\raw_v2\rvf10k\rvf10k\train\real\14062.jpg,0,rvf10k_train_real,id,0.000000
R:\_Projects\Eurus_Workspace\HolmHz\data\raw_v2\diffusion_fakes\Real\REAL_5237.jpg,0,deepfake_collection_real,id,0.000000
R:\_Projects\Eurus_Workspace\HolmHz\data\raw_v2\rvf10k\rvf10k\valid\real\53095.jpg,0,rvf10k_valid_real,id,0.000000
R:\_Projects\Eurus_Workspace\HolmHz\data\raw_v2\deepdetect2025\ddata\train\real\34484.jpg,0,dd2025_real,id,0.000000
R:\_Projects\Eurus_Workspace\HolmHz\data\raw_v2\diffusion_fakes\Real\REAL_2825.jpg,0,deepfake_collection_real,id,0.000001
R:\_Projects\Eurus_Workspace\HolmHz\data\raw_v2\rvf10k\rvf10k\train\real\01770.jpg,0,rvf10k_train_real,id,0.000000
R:\_Projects\Eurus_Workspace\HolmHz\data\raw_v2\rvf10k\rvf10k\train\real\52470.jpg,0,rvf10k_train_real,id,0.000000
R:\_Projects\Eurus_Workspace\HolmHz\data\raw_v2\deepdetect2025\ddata\train\fake\fake_022577.jpg,1,dd2025_fake,id,0.000147
R:\_Projects\Eurus_Workspace\HolmHz\data\raw_v2\diffusion_fakes\Midjourney\Midjourney_0919.png,1,midjourney_fake,id,0.000000
R:\_Projects\Eurus_Workspace\HolmHz\data\raw_v2\diffusion_fakes\Stable Diffusion\Stable_Diffusion_431.jpg,1,sd_fake,id,0.000001
R:\_Projects\Eurus_Workspace\HolmHz\data\raw_v2\diffusion_fakes\Real\REAL_3154.jpg,0,deepfake_collection_real,id,0.000000
R:\_Projects\Eurus_Workspace\HolmHz\data\raw_v2\deepdetect2025\ddata\train\fake\fake_008234.jpg,1,dd2025_fake,id,0.000000
R:\_Projects\Eurus_Workspace\HolmHz\data\raw_v2\deepdetect2025\ddata\train\real\04078.jpg,0,dd2025_real,id,0.000009
R:\_Projects\Eurus_Workspace\HolmHz\data\raw_v2\ciplab_faces\real_and_fake_face_detection\real_and_fake_face\training_fake\hard_78_1101.jpg,1,ciplab_training_fake,id,0.000000
R:\_Projects\Eurus_Workspace\HolmHz\data\raw_v2\rvf10k\rvf10k\train\real\43151.jpg,0,rvf10k_train_real,id,0.000000
R:\_Projects\Eurus_Workspace\HolmHz\data\raw_v2\ciplab_faces\real_and_fake_face_detection\real_and_fake_face\training_real\real_00995.jpg,0,ciplab_training_real,id,0.000000
R:\_Projects\Eurus_Workspace\HolmHz\data\raw_v2\deepdetect2025\ddata\train\fake\fake_011684.jpg,1,dd2025_fake,id,0.000000
R:\_Projects\Eurus_Workspace\HolmHz\data\raw_v2\rvf10k\rvf10k\train\fake\KAHH2F91IP.jpg,1,rvf10k_train_fake,id,0.000028
R:\_Projects\Eurus_Workspace\HolmHz\data\raw_v2\deepdetect2025\ddata\train\fake\fake_030301.jpg,1,dd2025_fake,id,0.000000
R:\_Projects\Eurus_Workspace\HolmHz\data\raw_v2\rvf10k\rvf10k\train\real\32562.jpg,0,rvf10k_train_real,id,0.000000
R:\_Projects\Eurus_Workspace\HolmHz\data\raw_v2\ciplab_faces\real_and_fake_face\training_real\real_00404.jpg,0,ciplab_training_real,id,0.000000
R:\_Projects\Eurus_Workspace\HolmHz\data\raw_v2\ciplab_faces\real_and_fake_face\training_fake\easy_82_0001.jpg,1,ciplab_training_fake,id,0.000000
R:\_Projects\Eurus_Workspace\HolmHz\data\raw_v2\deepdetect2025\ddata\train\fake\fake_003689.jpg,1,dd2025_fake,id,0.000000
R:\_Projects\Eurus_Workspace\HolmHz\data\raw_v2\diffusion_fakes\Real\REAL_0517.jpg,0,deepfake_collection_real,id,0.000000
R:\_Projects\Eurus_Workspace\HolmHz\data\raw_v2\deepdetect2025\ddata\train\fake\fake_003985.jpg,1,dd2025_fake,id,0.000005
R:\_Projects\Eurus_Workspace\HolmHz\data\raw_v2\rvf10k\rvf10k\train\fake\1T4IE8PSKZ.jpg,1,rvf10k_train_fake,id,0.000899
R:\_Projects\Eurus_Workspace\HolmHz\data\raw_v2\rvf10k\rvf10k\train\fake\3K3YIAJ8UL.jpg,1,rvf10k_train_fake,id,0.000000
R:\_Projects\Eurus_Workspace\HolmHz\data\raw_v2\ciplab_faces\real_and_fake_face\training_fake\mid_281_1111.jpg,1,ciplab_training_fake,id,0.000000
R:\_Projects\Eurus_Workspace\HolmHz\data\raw_v2\rvf10k\rvf10k\train\fake\JLQE7Z7B1D.jpg,1,rvf10k_train_fake,id,0.000023
R:\_Projects\Eurus_Workspace\HolmHz\data\raw_v2\rvf10k\rvf10k\valid\real\32587.jpg,0,rvf10k_valid_real,id,0.000000
R:\_Projects\Eurus_Workspace\HolmHz\data\raw_v2\diffusion_fakes\Real\REAL_4940.jpg,0,deepfake_collection_real,id,0.000544
R:\_Projects\Eurus_Workspace\HolmHz\data\raw_v2\diffusion_fakes\Real\REAL_5316.jpg,0,deepfake_collection_real,id,0.000000
R:\_Projects\Eurus_Workspace\HolmHz\data\raw_v2\rvf10k\rvf10k\train\real\31988.jpg,0,rvf10k_train_real,id,0.000000
R:\_Projects\Eurus_Workspace\HolmHz\data\raw_v2\diffusion_fakes\Real\REAL_2263.jpg,0,deepfake_collection_real,id,0.000000
R:\_Projects\Eurus_Workspace\HolmHz\data\raw_v2\diffusion_fakes\Midjourney\Midjourney_0447.png,1,midjourney_fake,id,0.000000
R:\_Projects\Eurus_Workspace\HolmHz\data\raw_v2\rvf10k\rvf10k\train\real\18914.jpg,0,rvf10k_train_real,id,0.000000
R:\_Projects\Eurus_Workspace\HolmHz\data\raw_v2\ciplab_faces\real_and_fake_face_detection\real_and_fake_face\training_fake\mid_376_0001.jpg,1,ciplab_training_fake,id,0.000000
R:\_Projects\Eurus_Workspace\HolmHz\data\raw_v2\rvf10k\rvf10k\valid\fake\OU32HJXW2G.jpg,1,rvf10k_valid_fake,id,0.000000
R:\_Projects\Eurus_Workspace\HolmHz\data\raw_v2\diffusion_fakes\Stable Diffusion\Stable_Diffusion_1297.jpg,1,sd_fake,id,0.000000
R:\_Projects\Eurus_Workspace\HolmHz\data\raw_v2\diffusion_fakes\Real\REAL_2297.jpg,0,deepfake_collection_real,id,0.000000
R:\_Projects\Eurus_Workspace\HolmHz\data\raw_v2\rvf10k\rvf10k\train\fake\YJI8HSE61Q.jpg,1,rvf10k_train_fake,id,0.000000
R:\_Projects\Eurus_Workspace\HolmHz\data\raw_v2\diffusion_fakes\Real\REAL_1695.jpg,0,deepfake_collection_real,id,0.000000
R:\_Projects\Eurus_Workspace\HolmHz\data\raw_v2\diffusion_fakes\Stable Diffusion\Stable_Diffusion_675.jpg,1,sd_fake,id,0.000000
R:\_Projects\Eurus_Workspace\HolmHz\data\raw_v2\rvf10k\rvf10k\train\fake\WUO5VY44K0.jpg,1,rvf10k_train_fake,id,0.000019
R:\_Projects\Eurus_Workspace\HolmHz\data\raw_v2\diffusion_fakes\Real\REAL_1707.jpg,0,deepfake_collection_real,id,0.000000
R:\_Projects\Eurus_Workspace\HolmHz\data\raw_v2\deepdetect2025\ddata\train\fake\fake_001437.jpg,1,dd2025_fake,id,0.000000
R:\_Projects\Eurus_Workspace\HolmHz\data\raw_v2\rvf10k\rvf10k\train\fake\0PSHXE99VY.jpg,1,rvf10k_train_fake,id,0.000000
R:\_Projects\Eurus_Workspace\HolmHz\data\raw_v2\rvf10k\rvf10k\train\fake\XYJTP53P1G.jpg,1,rvf10k_train_fake,id,0.000000
R:\_Projects\Eurus_Workspace\HolmHz\data\raw_v2\rvf10k\rvf10k\train\real\01913.jpg,0,rvf10k_train_real,id,0.000000
R:\_Projects\Eurus_Workspace\HolmHz\data\raw_v2\rvf10k\rvf10k\train\real\04789.jpg,0,rvf10k_train_real,id,0.000000
R:\_Projects\Eurus_Workspace\HolmHz\data\raw_v2\rvf10k\rvf10k\train\real\39443.jpg,0,rvf10k_train_real,id,0.000000
R:\_Projects\Eurus_Workspace\HolmHz\data\raw_v2\deepdetect2025\ddata\train\real\61635.jpg,0,dd2025_real,id,0.000000
R:\_Projects\Eurus_Workspace\HolmHz\data\raw_v2\diffusion_fakes\Midjourney\Midjourney_0478.png,1,midjourney_fake,id,0.000000
R:\_Projects\Eurus_Workspace\HolmHz\data\raw_v2\deepdetect2025\ddata\train\fake\fake_035983.jpg,1,dd2025_fake,id,0.000004
R:\_Projects\Eurus_Workspace\HolmHz\data\raw_v2\diffusion_fakes\DALL-E\DALL-E_0409.jpg,1,dalle_fake,id,0.000000
R:\_Projects\Eurus_Workspace\HolmHz\data\raw_v2\deepdetect2025\ddata\train\fake\fake_000341.jpg,1,dd2025_fake,id,0.000688
R:\_Projects\Eurus_Workspace\HolmHz\data\raw_v2\deepdetect2025\ddata\train\real\25041.jpg,0,dd2025_real,id,0.000000
R:\_Projects\Eurus_Workspace\HolmHz\data\raw_v2\deepdetect2025\ddata\train\fake\fake_002519.jpg,1,dd2025_fake,id,0.000000
R:\_Projects\Eurus_Workspace\HolmHz\data\raw_v2\rvf10k\rvf10k\train\real\47976.jpg,0,rvf10k_train_real,id,0.000000
R:\_Projects\Eurus_Workspace\HolmHz\data\raw_v2\ciplab_faces\real_and_fake_face_detection\real_and_fake_face\training_fake\hard_224_0111.jpg,1,ciplab_training_fake,id,0.017075
R:\_Projects\Eurus_Workspace\HolmHz\data\raw_v2\deepdetect2025\ddata\train\real\14833.jpg,0,dd2025_real,id,0.000000
R:\_Projects\Eurus_Workspace\HolmHz\data\raw_v2\deepdetect2025\ddata\train\fake\fake_022056.jpg,1,dd2025_fake,id,0.023093
R:\_Projects\Eurus_Workspace\HolmHz\data\raw_v2\deepdetect2025\ddata\train\real\08353.jpg,0,dd2025_real,id,0.000000
R:\_Projects\Eurus_Workspace\HolmHz\data\raw_v2\rvf10k\rvf10k\train\real\67510.jpg,0,rvf10k_train_real,id,0.000000
R:\_Projects\Eurus_Workspace\HolmHz\data\raw_v2\rvf10k\rvf10k\valid\real\18688.jpg,0,rvf10k_valid_real,id,0.000000
R:\_Projects\Eurus_Workspace\HolmHz\data\raw_v2\rvf10k\rvf10k\train\fake\OBK5LZN37N.jpg,1,rvf10k_train_fake,id,0.000047
R:\_Projects\Eurus_Workspace\HolmHz\data\raw_v2\diffusion_fakes\Real\REAL_2511.jpg,0,deepfake_collection_real,id,0.000000
R:\_Projects\Eurus_Workspace\HolmHz\data\raw_v2\diffusion_fakes\Real\REAL_1896.jpg,0,deepfake_collection_real,id,0.000000
R:\_Projects\Eurus_Workspace\HolmHz\data\raw_v2\diffusion_fakes\Real\REAL_2944.jpg,0,deepfake_collection_real,id,0.000000
R:\_Projects\Eurus_Workspace\HolmHz\data\raw_v2\deepdetect2025\ddata\train\real\15598.jpg,0,dd2025_real,id,0.000000
R:\_Projects\Eurus_Workspace\HolmHz\data\raw_v2\diffusion_fakes\Real\REAL_2752.jpg,0,deepfake_collection_real,id,0.000000
R:\_Projects\Eurus_Workspace\HolmHz\data\raw_v2\rvf10k\rvf10k\train\real\09850.jpg,0,rvf10k_train_real,id,0.000000
R:\_Projects\Eurus_Workspace\HolmHz\data\raw_v2\diffusion_fakes\Midjourney\Midjourney_0547.png,1,midjourney_fake,id,0.000000
R:\_Projects\Eurus_Workspace\HolmHz\data\raw_v2\deepdetect2025\ddata\train\real\64226.jpg,0,dd2025_real,id,0.000000
R:\_Projects\Eurus_Workspace\HolmHz\data\raw_v2\ciplab_faces\real_and_fake_face_detection\real_and_fake_face\training_real\real_00615.jpg,0,ciplab_training_real,id,0.000000
R:\_Projects\Eurus_Workspace\HolmHz\data\raw_v2\diffusion_fakes\Stable Diffusion\Stable_Diffusion_1807.jpg,1,sd_fake,id,0.000000
R:\_Projects\Eurus_Workspace\HolmHz\data\raw_v2\rvf10k\rvf10k\train\fake\KANW1RG5QZ.jpg,1,rvf10k_train_fake,id,0.000000
R:\_Projects\Eurus_Workspace\HolmHz\data\raw_v2\deepdetect2025\ddata\train\real\33969.jpg,0,dd2025_real,id,0.000000
R:\_Projects\Eurus_Workspace\HolmHz\data\raw_v2\diffusion_fakes\Real\REAL_2264.jpg,0,deepfake_collection_real,id,0.000000
R:\_Projects\Eurus_Workspace\HolmHz\data\raw_v2\deepdetect2025\ddata\train\fake\fake_024330.jpg,1,dd2025_fake,id,0.000000
R:\_Projects\Eurus_Workspace\HolmHz\data\raw_v2\rvf10k\rvf10k\train\fake\ZTJK8ZJ6VB.jpg,1,rvf10k_train_fake,id,0.024752
R:\_Projects\Eurus_Workspace\HolmHz\data\raw_v2\rvf10k\rvf10k\train\fake\4SM91CE8NS.jpg,1,rvf10k_train_fake,id,0.019855
R:\_Projects\Eurus_Workspace\HolmHz\data\raw_v2\deepdetect2025\ddata\train\fake\fake_010544.jpg,1,dd2025_fake,id,0.000000
R:\_Projects\Eurus_Workspace\HolmHz\data\raw_v2\diffusion_fakes\Real\REAL_0956.jpg,0,deepfake_collection_real,id,0.000000
R:\_Projects\Eurus_Workspace\HolmHz\data\raw_v2\rvf10k\rvf10k\train\fake\GMKQHMV8ZR.jpg,1,rvf10k_train_fake,id,0.000001
R:\_Projects\Eurus_Workspace\HolmHz\data\raw_v2\diffusion_fakes\Real\REAL_1204.jpg,0,deepfake_collection_real,id,0.000000
R:\_Projects\Eurus_Workspace\HolmHz\data\raw_v2\deepdetect2025\ddata\train\fake\fake_017688.jpg,1,dd2025_fake,id,0.000028
R:\_Projects\Eurus_Workspace\HolmHz\data\raw_v2\diffusion_fakes\Real\REAL_4085.jpg,0,deepfake_collection_real,id,0.000000
R:\_Projects\Eurus_Workspace\HolmHz\data\raw_v2\deepdetect2025\ddata\train\fake\fake_024732.jpg,1,dd2025_fake,id,0.000322
R:\_Projects\Eurus_Workspace\HolmHz\data\raw_v2\diffusion_fakes\Real\REAL_1804.jpg,0,deepfake_collection_real,id,0.000000
R:\_Projects\Eurus_Workspace\HolmHz\data\raw_v2\rvf10k\rvf10k\train\real\40152.jpg,0,rvf10k_train_real,id,0.000000
R:\_Projects\Eurus_Workspace\HolmHz\data\raw_v2\deepdetect2025\ddata\train\fake\fake_021216.jpg,1,dd2025_fake,id,0.115320
R:\_Projects\Eurus_Workspace\HolmHz\data\raw_v2\diffusion_fakes\DALL-E\DALL-E_0098.jpg,1,dalle_fake,id,0.000000
R:\_Projects\Eurus_Workspace\HolmHz\data\raw_v2\deepdetect2025\ddata\train\fake\fake_011766.jpg,1,dd2025_fake,id,0.000002
R:\_Projects\Eurus_Workspace\HolmHz\data\raw_v2\deepdetect2025\ddata\train\fake\fake_002582.jpg,1,dd2025_fake,id,0.000000
R:\_Projects\Eurus_Workspace\HolmHz\data\raw_v2\diffusion_fakes\Real\REAL_2205.jpg,0,deepfake_collection_real,id,0.000000
R:\_Projects\Eurus_Workspace\HolmHz\data\raw_v2\diffusion_fakes\Real\REAL_2699.jpg,0,deepfake_collection_real,id,0.000000
R:\_Projects\Eurus_Workspace\HolmHz\data\raw_v2\diffusion_fakes\DALL-E\DALL-E_0948.jpg,1,dalle_fake,id,0.000000
R:\_Projects\Eurus_Workspace\HolmHz\data\raw_v2\rvf10k\rvf10k\train\fake\V7723GUXMO.jpg,1,rvf10k_train_fake,id,0.000000
R:\_Projects\Eurus_Workspace\HolmHz\data\raw_v2\deepdetect2025\ddata\train\real\06126.jpg,0,dd2025_real,id,0.000000
R:\_Projects\Eurus_Workspace\HolmHz\data\raw_v2\diffusion_fakes\Real\REAL_5189.jpg,0,deepfake_collection_real,id,0.000000
R:\_Projects\Eurus_Workspace\HolmHz\data\raw_v2\diffusion_fakes\Real\REAL_4222.jpg,0,deepfake_collection_real,id,0.000000
R:\_Projects\Eurus_Workspace\HolmHz\data\raw_v2\diffusion_fakes\Stable Diffusion\Stable_Diffusion_1272.jpg,1,sd_fake,id,0.000000
R:\_Projects\Eurus_Workspace\HolmHz\data\raw_v2\deepdetect2025\ddata\train\real\39997.jpg,0,dd2025_real,id,0.000000
R:\_Projects\Eurus_Workspace\HolmHz\data\raw_v2\deepdetect2025\ddata\train\real\50870.jpg,0,dd2025_real,id,0.000000
R:\_Projects\Eurus_Workspace\HolmHz\data\raw_v2\deepdetect2025\ddata\train\real\47005.jpg,0,dd2025_real,id,0.000000
R:\_Projects\Eurus_Workspace\HolmHz\data\raw_v2\deepdetect2025\ddata\train\real\61160.jpg,0,dd2025_real,id,0.000000
R:\_Projects\Eurus_Workspace\HolmHz\data\raw_v2\ciplab_faces\real_and_fake_face_detection\real_and_fake_face\training_fake\mid_343_1111.jpg,1,ciplab_training_fake,id,0.000000
R:\_Projects\Eurus_Workspace\HolmHz\data\raw_v2\deepdetect2025\ddata\train\fake\fake_002466.png,1,dd2025_fake,id,0.027644
R:\_Projects\Eurus_Workspace\HolmHz\data\raw_v2\deepdetect2025\ddata\train\fake\fake_028212.jpg,1,dd2025_fake,id,0.000000
R:\_Projects\Eurus_Workspace\HolmHz\data\raw_v2\diffusion_fakes\Midjourney\Midjourney_0835.png,1,midjourney_fake,id,0.000000
R:\_Projects\Eurus_Workspace\HolmHz\data\raw_v2\rvf10k\rvf10k\train\fake\FE07JQ3HTA.jpg,1,rvf10k_train_fake,id,0.000004
R:\_Projects\Eurus_Workspace\HolmHz\data\raw_v2\rvf10k\rvf10k\valid\fake\92MLDUDWYG.jpg,1,rvf10k_valid_fake,id,0.000000
R:\_Projects\Eurus_Workspace\HolmHz\data\raw_v2\rvf10k\rvf10k\train\fake\VC9XUJ3UGL.jpg,1,rvf10k_train_fake,id,0.348398
R:\_Projects\Eurus_Workspace\HolmHz\data\raw_v2\rvf10k\rvf10k\valid\fake\A3X2SKA7N5.jpg,1,rvf10k_valid_fake,id,0.996244
R:\_Projects\Eurus_Workspace\HolmHz\data\raw_v2\deepdetect2025\ddata\train\real\27523.jpg,0,dd2025_real,id,0.000000
R:\_Projects\Eurus_Workspace\HolmHz\data\raw_v2\diffusion_fakes\Real\REAL_0376.jpg,0,deepfake_collection_real,id,0.000000
R:\_Projects\Eurus_Workspace\HolmHz\data\raw_v2\diffusion_fakes\Real\REAL_4145.jpg,0,deepfake_collection_real,id,0.000054
R:\_Projects\Eurus_Workspace\HolmHz\data\raw_v2\rvf10k\rvf10k\train\fake\KYMIS1G0TK.jpg,1,rvf10k_train_fake,id,0.000002
R:\_Projects\Eurus_Workspace\HolmHz\data\raw_v2\rvf10k\rvf10k\valid\fake\FGMSZPNYE1.jpg,1,rvf10k_valid_fake,id,0.000000
R:\_Projects\Eurus_Workspace\HolmHz\data\raw_v2\diffusion_fakes\Real\REAL_0990.jpg,0,deepfake_collection_real,id,0.000000
R:\_Projects\Eurus_Workspace\HolmHz\data\raw_v2\deepdetect2025\ddata\train\fake\fake_005911.jpg,1,dd2025_fake,id,0.000249
R:\_Projects\Eurus_Workspace\HolmHz\data\raw_v2\deepdetect2025\ddata\train\fake\fake_038188.jpg,1,dd2025_fake,id,0.000001
R:\_Projects\Eurus_Workspace\HolmHz\data\raw_v2\deepdetect2025\ddata\train\real\44468.jpg,0,dd2025_real,id,0.000000
R:\_Projects\Eurus_Workspace\HolmHz\data\raw_v2\deepdetect2025\ddata\train\real\09646.jpg,0,dd2025_real,id,0.000000
R:\_Projects\Eurus_Workspace\HolmHz\data\raw_v2\rvf10k\rvf10k\valid\real\51535.jpg,0,rvf10k_valid_real,id,0.000000
R:\_Projects\Eurus_Workspace\HolmHz\data\raw_v2\deepdetect2025\ddata\train\real\37054.jpg,0,dd2025_real,id,0.000000
R:\_Projects\Eurus_Workspace\HolmHz\data\raw_v2\ciplab_faces\real_and_fake_face_detection\real_and_fake_face\training_real\real_00707.jpg,0,ciplab_training_real,id,0.000000
R:\_Projects\Eurus_Workspace\HolmHz\data\raw_v2\diffusion_fakes\Stable Diffusion\Stable_Diffusion_332.jpg,1,sd_fake,id,0.000000
R:\_Projects\Eurus_Workspace\HolmHz\data\raw_v2\deepdetect2025\ddata\train\real\40733.jpg,0,dd2025_real,id,0.000000
R:\_Projects\Eurus_Workspace\HolmHz\data\raw_v2\deepdetect2025\ddata\train\fake\fake_008320.jpg,1,dd2025_fake,id,0.000001
R:\_Projects\Eurus_Workspace\HolmHz\data\raw_v2\rvf10k\rvf10k\train\real\57769.jpg,0,rvf10k_train_real,id,0.000000
R:\_Projects\Eurus_Workspace\HolmHz\data\raw_v2\rvf10k\rvf10k\train\fake\9MCCUPN8C7.jpg,1,rvf10k_train_fake,id,0.000018
R:\_Projects\Eurus_Workspace\HolmHz\data\raw_v2\deepdetect2025\ddata\train\real\31260.jpg,0,dd2025_real,id,0.000000
R:\_Projects\Eurus_Workspace\HolmHz\data\raw_v2\rvf10k\rvf10k\train\fake\0V4YJZF3AD.jpg,1,rvf10k_train_fake,id,0.000000
R:\_Projects\Eurus_Workspace\HolmHz\data\raw_v2\deepdetect2025\ddata\train\fake\fake_034480.jpg,1,dd2025_fake,id,0.000468
R:\_Projects\Eurus_Workspace\HolmHz\data\raw_v2\diffusion_fakes\Real\REAL_2045.jpg,0,deepfake_collection_real,id,0.000000
R:\_Projects\Eurus_Workspace\HolmHz\data\raw_v2\rvf10k\rvf10k\valid\fake\3D6G5W9E6Z.jpg,1,rvf10k_valid_fake,id,0.000000
R:\_Projects\Eurus_Workspace\HolmHz\data\raw_v2\deepdetect2025\ddata\train\fake\fake_024155.jpg,1,dd2025_fake,id,0.000000
R:\_Projects\Eurus_Workspace\HolmHz\data\raw_v2\deepdetect2025\ddata\train\fake\fake_031082.jpg,1,dd2025_fake,id,0.061570
R:\_Projects\Eurus_Workspace\HolmHz\data\raw_v2\ciplab_faces\real_and_fake_face\training_fake\mid_310_0111.jpg,1,ciplab_training_fake,id,0.000003
R:\_Projects\Eurus_Workspace\HolmHz\data\raw_v2\ciplab_faces\real_and_fake_face_detection\real_and_fake_face\training_fake\hard_69_0011.jpg,1,ciplab_training_fake,id,0.000000
R:\_Projects\Eurus_Workspace\HolmHz\data\raw_v2\rvf10k\rvf10k\valid\real\37955.jpg,0,rvf10k_valid_real,id,0.000000
R:\_Projects\Eurus_Workspace\HolmHz\data\raw_v2\deepdetect2025\ddata\train\real\17729.jpg,0,dd2025_real,id,0.000000
R:\_Projects\Eurus_Workspace\HolmHz\data\raw_v2\diffusion_fakes\Real\REAL_3651.jpg,0,deepfake_collection_real,id,0.000000
R:\_Projects\Eurus_Workspace\HolmHz\data\raw_v2\rvf10k\rvf10k\train\fake\9QAOZJNEHO.jpg,1,rvf10k_train_fake,id,0.000001
R:\_Projects\Eurus_Workspace\HolmHz\data\raw_v2\deepdetect2025\ddata\train\fake\fake_007975.jpg,1,dd2025_fake,id,0.000003
R:\_Projects\Eurus_Workspace\HolmHz\data\raw_v2\deepdetect2025\ddata\train\fake\fake_012592.jpg,1,dd2025_fake,id,0.000002
R:\_Projects\Eurus_Workspace\HolmHz\data\raw_v2\deepdetect2025\ddata\train\real\52736.jpg,0,dd2025_real,id,0.000000
R:\_Projects\Eurus_Workspace\HolmHz\data\raw_v2\deepdetect2025\ddata\train\real\12561.jpg,0,dd2025_real,id,0.000000
R:\_Projects\Eurus_Workspace\HolmHz\data\raw_v2\diffusion_fakes\Midjourney\Midjourney_0100.png,1,midjourney_fake,id,0.000000
R:\_Projects\Eurus_Workspace\HolmHz\data\raw_v2\ciplab_faces\real_and_fake_face_detection\real_and_fake_face\training_real\real_00053.jpg,0,ciplab_training_real,id,0.000000
R:\_Projects\Eurus_Workspace\HolmHz\data\raw_v2\deepdetect2025\ddata\train\real\32777.jpg,0,dd2025_real,id,0.000000
R:\_Projects\Eurus_Workspace\HolmHz\data\raw_v2\diffusion_fakes\DALL-E\DALL-E_0421.jpg,1,dalle_fake,id,0.000000
R:\_Projects\Eurus_Workspace\HolmHz\data\raw_v2\diffusion_fakes\Real\REAL_4804.jpg,0,deepfake_collection_real,id,0.000000
R:\_Projects\Eurus_Workspace\HolmHz\data\raw_v2\rvf10k\rvf10k\train\real\50259.jpg,0,rvf10k_train_real,id,0.000000
R:\_Projects\Eurus_Workspace\HolmHz\data\raw_v2\rvf10k\rvf10k\valid\real\14299.jpg,0,rvf10k_valid_real,id,0.000000
R:\_Projects\Eurus_Workspace\HolmHz\data\raw_v2\rvf10k\rvf10k\valid\real\18449.jpg,0,rvf10k_valid_real,id,0.000000
R:\_Projects\Eurus_Workspace\HolmHz\data\raw_v2\diffusion_fakes\Midjourney\Midjourney_0209.png,1,midjourney_fake,id,0.000000
R:\_Projects\Eurus_Workspace\HolmHz\data\raw_v2\diffusion_fakes\Real\REAL_2769.jpg,0,deepfake_collection_real,id,0.000001
R:\_Projects\Eurus_Workspace\HolmHz\data\raw_v2\deepdetect2025\ddata\train\fake\fake_014174.jpg,1,dd2025_fake,id,0.252649
R:\_Projects\Eurus_Workspace\HolmHz\data\raw_v2\rvf10k\rvf10k\valid\fake\3739Q7ZW1D.jpg,1,rvf10k_valid_fake,id,0.000005
R:\_Projects\Eurus_Workspace\HolmHz\data\raw_v2\deepdetect2025\ddata\train\real\00270.jpg,0,dd2025_real,id,0.000000
R:\_Projects\Eurus_Workspace\HolmHz\data\raw_v2\ciplab_faces\real_and_fake_face_detection\real_and_fake_face\training_fake\hard_169_0111.jpg,1,ciplab_training_fake,id,0.000000
R:\_Projects\Eurus_Workspace\HolmHz\data\raw_v2\diffusion_fakes\Midjourney\Midjourney_0543.png,1,midjourney_fake,id,0.000000
R:\_Projects\Eurus_Workspace\HolmHz\data\raw_v2\deepdetect2025\ddata\train\fake\fake_003624.jpg,1,dd2025_fake,id,0.000180
R:\_Projects\Eurus_Workspace\HolmHz\data\raw_v2\rvf10k\rvf10k\train\fake\OJ89BSGSR5.jpg,1,rvf10k_train_fake,id,0.001376
R:\_Projects\Eurus_Workspace\HolmHz\data\raw_v2\deepdetect2025\ddata\train\fake\fake_014772.jpg,1,dd2025_fake,id,0.000106
R:\_Projects\Eurus_Workspace\HolmHz\data\raw_v2\diffusion_fakes\Stable Diffusion\Stable_Diffusion_130.jpg,1,sd_fake,id,0.000000
R:\_Projects\Eurus_Workspace\HolmHz\data\raw_v2\diffusion_fakes\Real\REAL_3001.jpg,0,deepfake_collection_real,id,0.000000
R:\_Projects\Eurus_Workspace\HolmHz\data\raw_v2\rvf10k\rvf10k\valid\fake\J8AUECXAQX.jpg,1,rvf10k_valid_fake,id,0.000021
R:\_Projects\Eurus_Workspace\HolmHz\data\raw_v2\diffusion_fakes\Real\REAL_1211.jpg,0,deepfake_collection_real,id,0.000000
R:\_Projects\Eurus_Workspace\HolmHz\data\raw_v2\diffusion_fakes\DALL-E\DALL-E_0804.jpg,1,dalle_fake,id,0.000000
R:\_Projects\Eurus_Workspace\HolmHz\data\raw_v2\rvf10k\rvf10k\train\fake\OHBWIIFCDC.jpg,1,rvf10k_train_fake,id,0.000000
R:\_Projects\Eurus_Workspace\HolmHz\data\raw_v2\ciplab_faces\real_and_fake_face\training_real\real_00824.jpg,0,ciplab_training_real,id,0.000000
R:\_Projects\Eurus_Workspace\HolmHz\data\raw_v2\diffusion_fakes\Real\REAL_1693.jpg,0,deepfake_collection_real,id,0.000000
R:\_Projects\Eurus_Workspace\HolmHz\data\raw_v2\deepdetect2025\ddata\train\fake\fake_004658.jpg,1,dd2025_fake,id,0.000090
R:\_Projects\Eurus_Workspace\HolmHz\data\raw_v2\diffusion_fakes\Midjourney\Midjourney_0200.png,1,midjourney_fake,id,0.000000
R:\_Projects\Eurus_Workspace\HolmHz\data\raw_v2\ciplab_faces\real_and_fake_face_detection\real_and_fake_face\training_real\real_00394.jpg,0,ciplab_training_real,id,0.000011
R:\_Projects\Eurus_Workspace\HolmHz\data\raw_v2\rvf10k\rvf10k\train\real\33910.jpg,0,rvf10k_train_real,id,0.000000
R:\_Projects\Eurus_Workspace\HolmHz\data\raw_v2\deepdetect2025\ddata\train\fake\fake_025834.jpg,1,dd2025_fake,id,0.000028
R:\_Projects\Eurus_Workspace\HolmHz\data\raw_v2\diffusion_fakes\Real\REAL_1884.jpg,0,deepfake_collection_real,id,0.000001
R:\_Projects\Eurus_Workspace\HolmHz\data\raw_v2\rvf10k\rvf10k\train\fake\ZRD3D5EDY5.jpg,1,rvf10k_train_fake,id,0.129165
R:\_Projects\Eurus_Workspace\HolmHz\data\raw_v2\rvf10k\rvf10k\train\real\20403.jpg,0,rvf10k_train_real,id,0.000000
R:\_Projects\Eurus_Workspace\HolmHz\data\raw_v2\diffusion_fakes\Stable Diffusion\Stable_Diffusion_890.jpg,1,sd_fake,id,0.032900
R:\_Projects\Eurus_Workspace\HolmHz\data\raw_v2\deepdetect2025\ddata\train\real\39386.jpg,0,dd2025_real,id,0.000000
R:\_Projects\Eurus_Workspace\HolmHz\data\raw_v2\rvf10k\rvf10k\train\real\62986.jpg,0,rvf10k_train_real,id,0.000000
R:\_Projects\Eurus_Workspace\HolmHz\data\raw_v2\rvf10k\rvf10k\train\real\32663.jpg,0,rvf10k_train_real,id,0.000000
R:\_Projects\Eurus_Workspace\HolmHz\data\raw_v2\rvf10k\rvf10k\valid\fake\1XVS78YYM8.jpg,1,rvf10k_valid_fake,id,0.000000
R:\_Projects\Eurus_Workspace\HolmHz\data\raw_v2\rvf10k\rvf10k\train\real\20540.jpg,0,rvf10k_train_real,id,0.000003
R:\_Projects\Eurus_Workspace\HolmHz\data\raw_v2\ciplab_faces\real_and_fake_face_detection\real_and_fake_face\training_fake\easy_186_1001.jpg,1,ciplab_training_fake,id,0.000000
R:\_Projects\Eurus_Workspace\HolmHz\data\raw_v2\rvf10k\rvf10k\train\real\19250.jpg,0,rvf10k_train_real,id,0.000000
R:\_Projects\Eurus_Workspace\HolmHz\data\raw_v2\deepdetect2025\ddata\train\real\46013.jpg,0,dd2025_real,id,0.000000
R:\_Projects\Eurus_Workspace\HolmHz\data\raw_v2\diffusion_fakes\Real\REAL_3509.jpg,0,deepfake_collection_real,id,0.000000
R:\_Projects\Eurus_Workspace\HolmHz\data\raw_v2\ciplab_faces\real_and_fake_face_detection\real_and_fake_face\training_fake\hard_99_1111.jpg,1,ciplab_training_fake,id,0.000000
R:\_Projects\Eurus_Workspace\HolmHz\data\raw_v2\rvf10k\rvf10k\train\real\36772.jpg,0,rvf10k_train_real,id,0.000000
R:\_Projects\Eurus_Workspace\HolmHz\data\raw_v2\diffusion_fakes\Stable Diffusion\Stable_Diffusion_587.jpg,1,sd_fake,id,0.000001
R:\_Projects\Eurus_Workspace\HolmHz\data\raw_v2\rvf10k\rvf10k\train\real\03031.jpg,0,rvf10k_train_real,id,0.000000
R:\_Projects\Eurus_Workspace\HolmHz\data\raw_v2\rvf10k\rvf10k\train\fake\KMAJ8Z1I6N.jpg,1,rvf10k_train_fake,id,0.000103
R:\_Projects\Eurus_Workspace\HolmHz\data\raw_v2\deepdetect2025\ddata\train\real\59390.jpg,0,dd2025_real,id,0.000000
R:\_Projects\Eurus_Workspace\HolmHz\data\raw_v2\rvf10k\rvf10k\train\fake\XL3EWS5OIN.jpg,1,rvf10k_train_fake,id,0.000000
R:\_Projects\Eurus_Workspace\HolmHz\data\raw_v2\ciplab_faces\real_and_fake_face_detection\real_and_fake_face\training_fake\easy_169_1100.jpg,1,ciplab_training_fake,id,0.000000
R:\_Projects\Eurus_Workspace\HolmHz\data\raw_v2\ciplab_faces\real_and_fake_face\training_real\real_00325.jpg,0,ciplab_training_real,id,0.000000
R:\_Projects\Eurus_Workspace\HolmHz\data\raw_v2\diffusion_fakes\Stable Diffusion\Stable_Diffusion_1930.jpg,1,sd_fake,id,0.000000
R:\_Projects\Eurus_Workspace\HolmHz\data\raw_v2\deepdetect2025\ddata\train\real\55398.jpg,0,dd2025_real,id,0.000000
R:\_Projects\Eurus_Workspace\HolmHz\data\raw_v2\diffusion_fakes\Real\REAL_1365.jpg,0,deepfake_collection_real,id,0.000000
R:\_Projects\Eurus_Workspace\HolmHz\data\raw_v2\ciplab_faces\real_and_fake_face_detection\real_and_fake_face\training_real\real_00538.jpg,0,ciplab_training_real,id,0.000000
R:\_Projects\Eurus_Workspace\HolmHz\data\raw_v2\rvf10k\rvf10k\valid\fake\OK4L8ADW4V.jpg,1,rvf10k_valid_fake,id,0.000001
R:\_Projects\Eurus_Workspace\HolmHz\data\raw_v2\diffusion_fakes\Real\REAL_0848.jpg,0,deepfake_collection_real,id,0.000000
R:\_Projects\Eurus_Workspace\HolmHz\data\raw_v2\deepdetect2025\ddata\train\real\06180.jpg,0,dd2025_real,id,0.000000
R:\_Projects\Eurus_Workspace\HolmHz\data\raw_v2\diffusion_fakes\Real\REAL_4364.jpg,0,deepfake_collection_real,id,0.000000
R:\_Projects\Eurus_Workspace\HolmHz\data\raw_v2\ciplab_faces\real_and_fake_face_detection\real_and_fake_face\training_real\real_00361.jpg,0,ciplab_training_real,id,0.000000
R:\_Projects\Eurus_Workspace\HolmHz\data\raw_v2\ciplab_faces\real_and_fake_face_detection\real_and_fake_face\training_real\real_00113.jpg,0,ciplab_training_real,id,0.000000
R:\_Projects\Eurus_Workspace\HolmHz\data\raw_v2\diffusion_fakes\Real\REAL_3146.jpg,0,deepfake_collection_real,id,0.000000
R:\_Projects\Eurus_Workspace\HolmHz\data\raw_v2\rvf10k\rvf10k\train\fake\V5I5CF1L3J.jpg,1,rvf10k_train_fake,id,0.000004
R:\_Projects\Eurus_Workspace\HolmHz\data\raw_v2\ciplab_faces\real_and_fake_face_detection\real_and_fake_face\training_real\real_00543.jpg,0,ciplab_training_real,id,0.000000
R:\_Projects\Eurus_Workspace\HolmHz\data\raw_v2\diffusion_fakes\Real\REAL_1898.jpg,0,deepfake_collection_real,id,0.000000
R:\_Projects\Eurus_Workspace\HolmHz\data\raw_v2\deepdetect2025\ddata\train\real\61267.jpg,0,dd2025_real,id,0.000000
R:\_Projects\Eurus_Workspace\HolmHz\data\raw_v2\diffusion_fakes\DALL-E\DALL-E_1103.jpg,1,dalle_fake,id,0.000000
R:\_Projects\Eurus_Workspace\HolmHz\data\raw_v2\diffusion_fakes\Stable Diffusion\Stable_Diffusion_1924.jpg,1,sd_fake,id,0.000000
R:\_Projects\Eurus_Workspace\HolmHz\data\raw_v2\diffusion_fakes\DALL-E\DALL-E_1795.jpg,1,dalle_fake,id,0.000000
R:\_Projects\Eurus_Workspace\HolmHz\data\raw_v2\diffusion_fakes\Real\REAL_4055.jpg,0,deepfake_collection_real,id,0.000000
R:\_Projects\Eurus_Workspace\HolmHz\data\raw_v2\diffusion_fakes\Real\REAL_3666.jpg,0,deepfake_collection_real,id,0.000001
R:\_Projects\Eurus_Workspace\HolmHz\data\raw_v2\rvf10k\rvf10k\valid\fake\5DIJ0KLS9U.jpg,1,rvf10k_valid_fake,id,0.000000
R:\_Projects\Eurus_Workspace\HolmHz\data\raw_v2\diffusion_fakes\Real\REAL_5409.jpg,0,deepfake_collection_real,id,0.000000
R:\_Projects\Eurus_Workspace\HolmHz\data\raw_v2\diffusion_fakes\Real\REAL_1624.jpg,0,deepfake_collection_real,id,0.000000
R:\_Projects\Eurus_Workspace\HolmHz\data\raw_v2\ciplab_faces\real_and_fake_face\training_fake\hard_210_1100.jpg,1,ciplab_training_fake,id,0.000000
R:\_Projects\Eurus_Workspace\HolmHz\data\raw_v2\diffusion_fakes\Midjourney\Midjourney_0649.png,1,midjourney_fake,id,0.000002
R:\_Projects\Eurus_Workspace\HolmHz\data\raw_v2\deepdetect2025\ddata\train\fake\fake_039834.jpg,1,dd2025_fake,id,0.000000
R:\_Projects\Eurus_Workspace\HolmHz\data\raw_v2\rvf10k\rvf10k\train\real\17518.jpg,0,rvf10k_train_real,id,0.000000
R:\_Projects\Eurus_Workspace\HolmHz\data\raw_v2\diffusion_fakes\Real\REAL_1414.jpg,0,deepfake_collection_real,id,0.000000
R:\_Projects\Eurus_Workspace\HolmHz\data\raw_v2\diffusion_fakes\Midjourney\Midjourney_0801.png,1,midjourney_fake,id,0.000000
R:\_Projects\Eurus_Workspace\HolmHz\data\raw_v2\rvf10k\rvf10k\valid\fake\6PFVXCG4IX.jpg,1,rvf10k_valid_fake,id,0.640045
R:\_Projects\Eurus_Workspace\HolmHz\data\raw_v2\diffusion_fakes\Real\REAL_5540.jpg,0,deepfake_collection_real,id,0.000000
R:\_Projects\Eurus_Workspace\HolmHz\data\raw_v2\rvf10k\rvf10k\train\real\19403.jpg,0,rvf10k_train_real,id,0.000000
R:\_Projects\Eurus_Workspace\HolmHz\data\raw_v2\ciplab_faces\real_and_fake_face_detection\real_and_fake_face\training_fake\mid_286_1100.jpg,1,ciplab_training_fake,id,0.000000
R:\_Projects\Eurus_Workspace\HolmHz\data\raw_v2\ciplab_faces\real_and_fake_face\training_fake\easy_209_0001.jpg,1,ciplab_training_fake,id,0.000000
R:\_Projects\Eurus_Workspace\HolmHz\data\raw_v2\diffusion_fakes\DALL-E\DALL-E_1042.jpg,1,dalle_fake,id,0.000000
R:\_Projects\Eurus_Workspace\HolmHz\data\raw_v2\rvf10k\rvf10k\valid\real\33963.jpg,0,rvf10k_valid_real,id,0.000000
R:\_Projects\Eurus_Workspace\HolmHz\data\raw_v2\ciplab_faces\real_and_fake_face_detection\real_and_fake_face\training_real\real_00890.jpg,0,ciplab_training_real,id,0.000000
R:\_Projects\Eurus_Workspace\HolmHz\data\raw_v2\rvf10k\rvf10k\valid\fake\7VPCQNGJVX.jpg,1,rvf10k_valid_fake,id,0.000000
R:\_Projects\Eurus_Workspace\HolmHz\data\raw_v2\rvf10k\rvf10k\train\fake\0K82WX0M2Z.jpg,1,rvf10k_train_fake,id,0.000000
R:\_Projects\Eurus_Workspace\HolmHz\data\raw_v2\rvf10k\rvf10k\valid\real\27771.jpg,0,rvf10k_valid_real,id,0.000000
R:\_Projects\Eurus_Workspace\HolmHz\data\raw_v2\rvf10k\rvf10k\valid\real\67264.jpg,0,rvf10k_valid_real,id,0.000000
R:\_Projects\Eurus_Workspace\HolmHz\data\raw_v2\deepdetect2025\ddata\train\real\32821.jpg,0,dd2025_real,id,0.000000
R:\_Projects\Eurus_Workspace\HolmHz\data\raw_v2\rvf10k\rvf10k\train\real\61337.jpg,0,rvf10k_train_real,id,0.000000
R:\_Projects\Eurus_Workspace\HolmHz\data\raw_v2\rvf10k\rvf10k\train\fake\4UEPOBHJGN.jpg,1,rvf10k_train_fake,id,0.000979
R:\_Projects\Eurus_Workspace\HolmHz\data\raw_v2\deepdetect2025\ddata\train\fake\fake_030989.jpg,1,dd2025_fake,id,0.215835
R:\_Projects\Eurus_Workspace\HolmHz\data\raw_v2\rvf10k\rvf10k\train\fake\7X3407GSGS.jpg,1,rvf10k_train_fake,id,0.000005
R:\_Projects\Eurus_Workspace\HolmHz\data\raw_v2\rvf10k\rvf10k\train\fake\CD06QE5QXQ.jpg,1,rvf10k_train_fake,id,0.000000
R:\_Projects\Eurus_Workspace\HolmHz\data\raw_v2\deepdetect2025\ddata\train\fake\fake_037702.jpg,1,dd2025_fake,id,0.000000
R:\_Projects\Eurus_Workspace\HolmHz\data\raw_v2\rvf10k\rvf10k\train\fake\D0F939S157.jpg,1,rvf10k_train_fake,id,0.000000
R:\_Projects\Eurus_Workspace\HolmHz\data\raw_v2\rvf10k\rvf10k\valid\fake\9PXKPPA59E.jpg,1,rvf10k_valid_fake,id,0.002928
R:\_Projects\Eurus_Workspace\HolmHz\data\raw_v2\diffusion_fakes\DALL-E\DALL-E_0652.jpg,1,dalle_fake,id,0.000000
R:\_Projects\Eurus_Workspace\HolmHz\data\raw_v2\ciplab_faces\real_and_fake_face_detection\real_and_fake_face\training_fake\mid_284_1110.jpg,1,ciplab_training_fake,id,0.000530
R:\_Projects\Eurus_Workspace\HolmHz\data\raw_v2\deepdetect2025\ddata\train\fake\fake_001763.jpg,1,dd2025_fake,id,0.000000
R:\_Projects\Eurus_Workspace\HolmHz\data\raw_v2\rvf10k\rvf10k\valid\real\33027.jpg,0,rvf10k_valid_real,id,0.000000
R:\_Projects\Eurus_Workspace\HolmHz\data\raw_v2\deepdetect2025\ddata\train\fake\fake_010989.jpg,1,dd2025_fake,id,0.000000
R:\_Projects\Eurus_Workspace\HolmHz\data\raw_v2\rvf10k\rvf10k\train\fake\Y0YN36DVLT.jpg,1,rvf10k_train_fake,id,0.000527
R:\_Projects\Eurus_Workspace\HolmHz\data\raw_v2\rvf10k\rvf10k\train\real\11255.jpg,0,rvf10k_train_real,id,0.000000
R:\_Projects\Eurus_Workspace\HolmHz\data\raw_v2\deepdetect2025\ddata\train\real\48302.jpg,0,dd2025_real,id,0.000000
R:\_Projects\Eurus_Workspace\HolmHz\data\raw_v2\diffusion_fakes\Stable Diffusion\Stable_Diffusion_1802.jpg,1,sd_fake,id,0.000003
R:\_Projects\Eurus_Workspace\HolmHz\data\raw_v2\deepdetect2025\ddata\train\real\16436.jpg,0,dd2025_real,id,0.000000
R:\_Projects\Eurus_Workspace\HolmHz\data\raw_v2\deepdetect2025\ddata\train\real\51917.jpg,0,dd2025_real,id,0.000000
R:\_Projects\Eurus_Workspace\HolmHz\data\raw_v2\rvf10k\rvf10k\train\real\41491.jpg,0,rvf10k_train_real,id,0.000000
R:\_Projects\Eurus_Workspace\HolmHz\data\raw_v2\rvf10k\rvf10k\train\real\28024.jpg,0,rvf10k_train_real,id,0.000000
R:\_Projects\Eurus_Workspace\HolmHz\data\raw_v2\rvf10k\rvf10k\train\fake\5F1M717ERU.jpg,1,rvf10k_train_fake,id,0.000005
R:\_Projects\Eurus_Workspace\HolmHz\data\raw_v2\deepdetect2025\ddata\train\real\03502.jpg,0,dd2025_real,id,0.000000
R:\_Projects\Eurus_Workspace\HolmHz\data\raw_v2\rvf10k\rvf10k\valid\fake\EJTRZA0FJS.jpg,1,rvf10k_valid_fake,id,0.000995
R:\_Projects\Eurus_Workspace\HolmHz\data\raw_v2\rvf10k\rvf10k\train\real\14475.jpg,0,rvf10k_train_real,id,0.000000
R:\_Projects\Eurus_Workspace\HolmHz\data\raw_v2\ciplab_faces\real_and_fake_face_detection\real_and_fake_face\training_real\real_00855.jpg,0,ciplab_training_real,id,0.000000
R:\_Projects\Eurus_Workspace\HolmHz\data\raw_v2\diffusion_fakes\DALL-E\DALL-E_0199.jpg,1,dalle_fake,id,0.000000
R:\_Projects\Eurus_Workspace\HolmHz\data\raw_v2\rvf10k\rvf10k\valid\fake\8BU97UQ4S9.jpg,1,rvf10k_valid_fake,id,0.000001
R:\_Projects\Eurus_Workspace\HolmHz\data\raw_v2\ciplab_faces\real_and_fake_face_detection\real_and_fake_face\training_real\real_01012.jpg,0,ciplab_training_real,id,0.000000
R:\_Projects\Eurus_Workspace\HolmHz\data\raw_v2\deepdetect2025\ddata\train\fake\fake_039709.jpg,1,dd2025_fake,id,0.003900
R:\_Projects\Eurus_Workspace\HolmHz\data\raw_v2\rvf10k\rvf10k\train\fake\HT1IUA8Z0L.jpg,1,rvf10k_train_fake,id,0.000010
R:\_Projects\Eurus_Workspace\HolmHz\data\raw_v2\deepdetect2025\ddata\train\fake\fake_030824.jpg,1,dd2025_fake,id,0.000000
R:\_Projects\Eurus_Workspace\HolmHz\data\raw_v2\deepdetect2025\ddata\train\real\21173.jpg,0,dd2025_real,id,0.000000
R:\_Projects\Eurus_Workspace\HolmHz\data\raw_v2\ciplab_faces\real_and_fake_face\training_fake\mid_2_1101.jpg,1,ciplab_training_fake,id,0.000000
R:\_Projects\Eurus_Workspace\HolmHz\data\raw_v2\rvf10k\rvf10k\train\fake\1D1UDH83TM.jpg,1,rvf10k_train_fake,id,0.001079
R:\_Projects\Eurus_Workspace\HolmHz\data\raw_v2\rvf10k\rvf10k\train\real\01531.jpg,0,rvf10k_train_real,id,0.000000
R:\_Projects\Eurus_Workspace\HolmHz\data\raw_v2\rvf10k\rvf10k\train\real\61779.jpg,0,rvf10k_train_real,id,0.000000
R:\_Projects\Eurus_Workspace\HolmHz\data\raw_v2\deepdetect2025\ddata\train\fake\fake_024694.jpg,1,dd2025_fake,id,0.000000
R:\_Projects\Eurus_Workspace\HolmHz\data\raw_v2\diffusion_fakes\Real\REAL_0374.jpg,0,deepfake_collection_real,id,0.000000
R:\_Projects\Eurus_Workspace\HolmHz\data\raw_v2\diffusion_fakes\Real\REAL_0751.jpg,0,deepfake_collection_real,id,0.000000
R:\_Projects\Eurus_Workspace\HolmHz\data\raw_v2\diffusion_fakes\Midjourney\Midjourney_0519.png,1,midjourney_fake,id,0.000000
R:\_Projects\Eurus_Workspace\HolmHz\data\raw_v2\diffusion_fakes\Real\REAL_3426.jpg,0,deepfake_collection_real,id,0.000000
R:\_Projects\Eurus_Workspace\HolmHz\data\raw_v2\diffusion_fakes\DALL-E\DALL-E_1608.jpg,1,dalle_fake,id,0.000000
R:\_Projects\Eurus_Workspace\HolmHz\data\raw_v2\diffusion_fakes\DALL-E\DALL-E_0060.jpg,1,dalle_fake,id,0.000000
R:\_Projects\Eurus_Workspace\HolmHz\data\raw_v2\diffusion_fakes\Stable Diffusion\Stable_Diffusion_1590.jpg,1,sd_fake,id,0.000000
R:\_Projects\Eurus_Workspace\HolmHz\data\raw_v2\diffusion_fakes\DALL-E\DALL-E_1201.jpg,1,dalle_fake,id,0.000000
R:\_Projects\Eurus_Workspace\HolmHz\data\raw_v2\deepdetect2025\ddata\train\real\65787.jpg,0,dd2025_real,id,0.000000
R:\_Projects\Eurus_Workspace\HolmHz\data\raw_v2\ciplab_faces\real_and_fake_face\training_real\real_00095.jpg,0,ciplab_training_real,id,0.000000
R:\_Projects\Eurus_Workspace\HolmHz\data\raw_v2\deepdetect2025\ddata\train\real\15357.jpg,0,dd2025_real,id,0.000000
R:\_Projects\Eurus_Workspace\HolmHz\data\raw_v2\deepdetect2025\ddata\train\real\10570.jpg,0,dd2025_real,id,0.000000
R:\_Projects\Eurus_Workspace\HolmHz\data\raw_v2\deepdetect2025\ddata\train\real\30396.jpg,0,dd2025_real,id,0.000000
R:\_Projects\Eurus_Workspace\HolmHz\data\raw_v2\deepdetect2025\ddata\train\real\47396.jpg,0,dd2025_real,id,0.000000
R:\_Projects\Eurus_Workspace\HolmHz\data\raw_v2\diffusion_fakes\Stable Diffusion\Stable_Diffusion_1860.jpg,1,sd_fake,id,0.000000
R:\_Projects\Eurus_Workspace\HolmHz\data\raw_v2\diffusion_fakes\Stable Diffusion\Stable_Diffusion_1033.jpg,1,sd_fake,id,0.000000
R:\_Projects\Eurus_Workspace\HolmHz\data\raw_v2\rvf10k\rvf10k\train\fake\WUVVLAAN0D.jpg,1,rvf10k_train_fake,id,0.000000
R:\_Projects\Eurus_Workspace\HolmHz\data\raw_v2\diffusion_fakes\Real\REAL_1781.jpg,0,deepfake_collection_real,id,0.000000
R:\_Projects\Eurus_Workspace\HolmHz\data\raw_v2\deepdetect2025\ddata\train\fake\fake_008226.jpg,1,dd2025_fake,id,0.058122
R:\_Projects\Eurus_Workspace\HolmHz\data\raw_v2\diffusion_fakes\Stable Diffusion\Stable_Diffusion_721.jpg,1,sd_fake,id,0.000004
R:\_Projects\Eurus_Workspace\HolmHz\data\raw_v2\diffusion_fakes\Stable Diffusion\Stable_Diffusion_904.jpg,1,sd_fake,id,0.000000
R:\_Projects\Eurus_Workspace\HolmHz\data\raw_v2\deepdetect2025\ddata\train\fake\fake_029976.jpg,1,dd2025_fake,id,0.000000
R:\_Projects\Eurus_Workspace\HolmHz\data\raw_v2\deepdetect2025\ddata\train\real\25935.jpg,0,dd2025_real,id,0.000000
R:\_Projects\Eurus_Workspace\HolmHz\data\raw_v2\rvf10k\rvf10k\train\real\53764.jpg,0,rvf10k_train_real,id,0.000000
R:\_Projects\Eurus_Workspace\HolmHz\data\raw_v2\diffusion_fakes\DALL-E\DALL-E_0613.jpg,1,dalle_fake,id,0.000001
R:\_Projects\Eurus_Workspace\HolmHz\data\raw_v2\rvf10k\rvf10k\train\fake\D67TLF86KA.jpg,1,rvf10k_train_fake,id,0.000528
R:\_Projects\Eurus_Workspace\HolmHz\data\raw_v2\deepdetect2025\ddata\train\real\44874.jpg,0,dd2025_real,id,0.000000
R:\_Projects\Eurus_Workspace\HolmHz\data\raw_v2\diffusion_fakes\Stable Diffusion\Stable_Diffusion_1661.jpg,1,sd_fake,id,0.000001
R:\_Projects\Eurus_Workspace\HolmHz\data\raw_v2\rvf10k\rvf10k\train\real\66165.jpg,0,rvf10k_train_real,id,0.000000
R:\_Projects\Eurus_Workspace\HolmHz\data\raw_v2\ciplab_faces\real_and_fake_face_detection\real_and_fake_face\training_fake\mid_455_0101.jpg,1,ciplab_training_fake,id,0.000000
R:\_Projects\Eurus_Workspace\HolmHz\data\raw_v2\deepdetect2025\ddata\train\fake\fake_033808.jpg,1,dd2025_fake,id,0.000026
R:\_Projects\Eurus_Workspace\HolmHz\data\raw_v2\diffusion_fakes\Stable Diffusion\Stable_Diffusion_629.jpg,1,sd_fake,id,0.000000
R:\_Projects\Eurus_Workspace\HolmHz\data\raw_v2\deepdetect2025\ddata\train\fake\fake_039432.jpg,1,dd2025_fake,id,0.000000
R:\_Projects\Eurus_Workspace\HolmHz\data\raw_v2\deepdetect2025\ddata\train\real\09076.jpg,0,dd2025_real,id,0.000000
R:\_Projects\Eurus_Workspace\HolmHz\data\raw_v2\diffusion_fakes\Real\REAL_3943.jpg,0,deepfake_collection_real,id,0.000000
R:\_Projects\Eurus_Workspace\HolmHz\data\raw_v2\diffusion_fakes\Midjourney\Midjourney_0390.png,1,midjourney_fake,id,0.000000
R:\_Projects\Eurus_Workspace\HolmHz\data\raw_v2\deepdetect2025\ddata\train\fake\fake_003302.jpg,1,dd2025_fake,id,0.000026
R:\_Projects\Eurus_Workspace\HolmHz\data\raw_v2\deepdetect2025\ddata\train\real\66226.jpg,0,dd2025_real,id,0.000000
R:\_Projects\Eurus_Workspace\HolmHz\data\raw_v2\ciplab_faces\real_and_fake_face_detection\real_and_fake_face\training_real\real_00261.jpg,0,ciplab_training_real,id,0.000000
R:\_Projects\Eurus_Workspace\HolmHz\data\raw_v2\rvf10k\rvf10k\train\real\47311.jpg,0,rvf10k_train_real,id,0.000000
R:\_Projects\Eurus_Workspace\HolmHz\data\raw_v2\diffusion_fakes\DALL-E\DALL-E_1187.jpg,1,dalle_fake,id,0.000000
R:\_Projects\Eurus_Workspace\HolmHz\data\raw_v2\ciplab_faces\real_and_fake_face_detection\real_and_fake_face\training_real\real_00769.jpg,0,ciplab_training_real,id,0.000000
R:\_Projects\Eurus_Workspace\HolmHz\data\raw_v2\diffusion_fakes\DALL-E\DALL-E_1362.jpg,1,dalle_fake,id,0.000000
R:\_Projects\Eurus_Workspace\HolmHz\data\raw_v2\ciplab_faces\real_and_fake_face\training_fake\mid_378_1110.jpg,1,ciplab_training_fake,id,0.000000
R:\_Projects\Eurus_Workspace\HolmHz\data\raw_v2\diffusion_fakes\Real\REAL_3814.jpg,0,deepfake_collection_real,id,0.000000
R:\_Projects\Eurus_Workspace\HolmHz\data\raw_v2\ciplab_faces\real_and_fake_face_detection\real_and_fake_face\training_fake\hard_181_0001.jpg,1,ciplab_training_fake,id,0.000000
R:\_Projects\Eurus_Workspace\HolmHz\data\raw_v2\diffusion_fakes\Real\REAL_4265.jpg,0,deepfake_collection_real,id,0.000003
R:\_Projects\Eurus_Workspace\HolmHz\data\raw_v2\diffusion_fakes\Real\REAL_4667.jpg,0,deepfake_collection_real,id,0.000008
R:\_Projects\Eurus_Workspace\HolmHz\data\raw_v2\diffusion_fakes\Real\REAL_5424.jpg,0,deepfake_collection_real,id,0.000000
R:\_Projects\Eurus_Workspace\HolmHz\data\raw_v2\deepdetect2025\ddata\train\fake\fake_007392.jpg,1,dd2025_fake,id,0.000000
R:\_Projects\Eurus_Workspace\HolmHz\data\raw_v2\diffusion_fakes\DALL-E\DALL-E_1141.jpg,1,dalle_fake,id,0.000000
R:\_Projects\Eurus_Workspace\HolmHz\data\raw_v2\rvf10k\rvf10k\train\real\62406.jpg,0,rvf10k_train_real,id,0.000000
R:\_Projects\Eurus_Workspace\HolmHz\data\raw_v2\rvf10k\rvf10k\valid\real\15994.jpg,0,rvf10k_valid_real,id,0.000000
R:\_Projects\Eurus_Workspace\HolmHz\data\raw_v2\rvf10k\rvf10k\train\fake\2PW1OE0VYD.jpg,1,rvf10k_train_fake,id,0.000058
R:\_Projects\Eurus_Workspace\HolmHz\data\raw_v2\rvf10k\rvf10k\train\fake\0QBY45PC9T.jpg,1,rvf10k_train_fake,id,0.000024
R:\_Projects\Eurus_Workspace\HolmHz\data\raw_v2\deepdetect2025\ddata\train\real\48537.jpg,0,dd2025_real,id,0.000000
R:\_Projects\Eurus_Workspace\HolmHz\data\raw_v2\rvf10k\rvf10k\train\fake\WYVOGUJ7PH.jpg,1,rvf10k_train_fake,id,0.000000
R:\_Projects\Eurus_Workspace\HolmHz\data\raw_v2\deepdetect2025\ddata\train\real\58768.jpg,0,dd2025_real,id,0.000000
R:\_Projects\Eurus_Workspace\HolmHz\data\raw_v2\rvf10k\rvf10k\train\real\64834.jpg,0,rvf10k_train_real,id,0.000000
R:\_Projects\Eurus_Workspace\HolmHz\data\raw_v2\diffusion_fakes\Real\REAL_5499.jpg,0,deepfake_collection_real,id,0.000000
R:\_Projects\Eurus_Workspace\HolmHz\data\raw_v2\rvf10k\rvf10k\train\fake\9YBJPWC3D5.jpg,1,rvf10k_train_fake,id,0.000000
R:\_Projects\Eurus_Workspace\HolmHz\data\raw_v2\diffusion_fakes\Real\REAL_4353.jpg,0,deepfake_collection_real,id,0.000000
R:\_Projects\Eurus_Workspace\HolmHz\data\raw_v2\ciplab_faces\real_and_fake_face_detection\real_and_fake_face\training_real\real_00756.jpg,0,ciplab_training_real,id,0.000000
R:\_Projects\Eurus_Workspace\HolmHz\data\raw_v2\deepdetect2025\ddata\train\fake\fake_040911.jpg,1,dd2025_fake,id,0.000000
R:\_Projects\Eurus_Workspace\HolmHz\data\raw_v2\deepdetect2025\ddata\train\fake\fake_041573.jpg,1,dd2025_fake,id,0.000005
R:\_Projects\Eurus_Workspace\HolmHz\data\raw_v2\diffusion_fakes\Real\REAL_3072.jpg,0,deepfake_collection_real,id,0.000000
R:\_Projects\Eurus_Workspace\HolmHz\data\raw_v2\rvf10k\rvf10k\train\fake\T7C0F82STD.jpg,1,rvf10k_train_fake,id,0.000125
R:\_Projects\Eurus_Workspace\HolmHz\data\raw_v2\rvf10k\rvf10k\valid\fake\PDQRAMJKF8.jpg,1,rvf10k_valid_fake,id,0.000050
R:\_Projects\Eurus_Workspace\HolmHz\data\raw_v2\rvf10k\rvf10k\train\fake\O52RNFF5JU.jpg,1,rvf10k_train_fake,id,0.000001
R:\_Projects\Eurus_Workspace\HolmHz\data\raw_v2\rvf10k\rvf10k\valid\real\32930.jpg,0,rvf10k_valid_real,id,0.000000
R:\_Projects\Eurus_Workspace\HolmHz\data\raw_v2\rvf10k\rvf10k\train\real\12986.jpg,0,rvf10k_train_real,id,0.000000
R:\_Projects\Eurus_Workspace\HolmHz\data\raw_v2\rvf10k\rvf10k\valid\real\13712.jpg,0,rvf10k_valid_real,id,0.000000
R:\_Projects\Eurus_Workspace\HolmHz\data\raw_v2\ciplab_faces\real_and_fake_face_detection\real_and_fake_face\training_real\real_00244.jpg,0,ciplab_training_real,id,0.000000
R:\_Projects\Eurus_Workspace\HolmHz\data\raw_v2\diffusion_fakes\Real\REAL_5147.jpg,0,deepfake_collection_real,id,0.000000
R:\_Projects\Eurus_Workspace\HolmHz\data\raw_v2\diffusion_fakes\Real\REAL_1525.jpg,0,deepfake_collection_real,id,0.000000
R:\_Projects\Eurus_Workspace\HolmHz\data\raw_v2\rvf10k\rvf10k\train\real\15881.jpg,0,rvf10k_train_real,id,0.000000
R:\_Projects\Eurus_Workspace\HolmHz\data\raw_v2\rvf10k\rvf10k\train\fake\MCDQBUQOHF.jpg,1,rvf10k_train_fake,id,0.000008
R:\_Projects\Eurus_Workspace\HolmHz\data\raw_v2\rvf10k\rvf10k\valid\fake\JN0UOYAWMI.jpg,1,rvf10k_valid_fake,id,0.999952
R:\_Projects\Eurus_Workspace\HolmHz\data\raw_v2\camera_vs_ai\ai vs real photos\Ai_Images\Image_23.jpg,1,camera_train_ai,id,0.000000
R:\_Projects\Eurus_Workspace\HolmHz\data\raw_v2\diffusion_fakes\Midjourney\Midjourney_0716.png,1,midjourney_fake,id,0.000000
R:\_Projects\Eurus_Workspace\HolmHz\data\raw_v2\rvf10k\rvf10k\valid\real\28607.jpg,0,rvf10k_valid_real,id,0.000000
R:\_Projects\Eurus_Workspace\HolmHz\data\raw_v2\rvf10k\rvf10k\train\fake\4WKPG5XVV8.jpg,1,rvf10k_train_fake,id,0.098161
R:\_Projects\Eurus_Workspace\HolmHz\data\raw_v2\rvf10k\rvf10k\train\fake\YKPRI7FZSH.jpg,1,rvf10k_train_fake,id,0.000000
R:\_Projects\Eurus_Workspace\HolmHz\data\raw_v2\diffusion_fakes\Real\REAL_4468.jpg,0,deepfake_collection_real,id,0.000000
R:\_Projects\Eurus_Workspace\HolmHz\data\raw_v2\rvf10k\rvf10k\train\real\02366.jpg,0,rvf10k_train_real,id,0.000000
R:\_Projects\Eurus_Workspace\HolmHz\data\raw_v2\ciplab_faces\real_and_fake_face\training_real\real_00532.jpg,0,ciplab_training_real,id,0.000968
R:\_Projects\Eurus_Workspace\HolmHz\data\raw_v2\deepdetect2025\ddata\train\fake\fake_016852.jpg,1,dd2025_fake,id,0.732380
R:\_Projects\Eurus_Workspace\HolmHz\data\raw_v2\rvf10k\rvf10k\train\real\56248.jpg,0,rvf10k_train_real,id,0.000000
R:\_Projects\Eurus_Workspace\HolmHz\data\raw_v2\rvf10k\rvf10k\train\real\38662.jpg,0,rvf10k_train_real,id,0.000000
R:\_Projects\Eurus_Workspace\HolmHz\data\raw_v2\rvf10k\rvf10k\train\fake\0GNLB7JX5H.jpg,1,rvf10k_train_fake,id,0.000000
R:\_Projects\Eurus_Workspace\HolmHz\data\raw_v2\rvf10k\rvf10k\train\real\50779.jpg,0,rvf10k_train_real,id,0.000000
R:\_Projects\Eurus_Workspace\HolmHz\data\raw_v2\diffusion_fakes\Real\REAL_1925.jpg,0,deepfake_collection_real,id,0.000000
R:\_Projects\Eurus_Workspace\HolmHz\data\raw_v2\deepdetect2025\ddata\train\fake\fake_007744.jpg,1,dd2025_fake,id,0.000000
R:\_Projects\Eurus_Workspace\HolmHz\data\raw_v2\rvf10k\rvf10k\train\fake\A9LEMCVE6I.jpg,1,rvf10k_train_fake,id,0.000000
R:\_Projects\Eurus_Workspace\HolmHz\data\raw_v2\diffusion_fakes\Real\REAL_2132.jpg,0,deepfake_collection_real,id,0.000012
R:\_Projects\Eurus_Workspace\HolmHz\data\raw_v2\deepdetect2025\ddata\train\fake\fake_032380.jpg,1,dd2025_fake,id,0.003394
R:\_Projects\Eurus_Workspace\HolmHz\data\raw_v2\rvf10k\rvf10k\train\real\12234.jpg,0,rvf10k_train_real,id,0.000000
R:\_Projects\Eurus_Workspace\HolmHz\data\raw_v2\deepdetect2025\ddata\train\fake\fake_012160.jpg,1,dd2025_fake,id,0.593341
R:\_Projects\Eurus_Workspace\HolmHz\data\raw_v2\deepdetect2025\ddata\train\real\05887.jpg,0,dd2025_real,id,0.000000
R:\_Projects\Eurus_Workspace\HolmHz\data\raw_v2\deepdetect2025\ddata\train\fake\fake_019985.jpg,1,dd2025_fake,id,0.000001
R:\_Projects\Eurus_Workspace\HolmHz\data\raw_v2\diffusion_fakes\Real\REAL_2903.jpg,0,deepfake_collection_real,id,0.000000
R:\_Projects\Eurus_Workspace\HolmHz\data\raw_v2\diffusion_fakes\Real\REAL_3963.jpg,0,deepfake_collection_real,id,0.001070
R:\_Projects\Eurus_Workspace\HolmHz\data\raw_v2\rvf10k\rvf10k\train\fake\RR1XP4A7Q6.jpg,1,rvf10k_train_fake,id,0.000006
R:\_Projects\Eurus_Workspace\HolmHz\data\raw_v2\diffusion_fakes\Real\REAL_4628.jpg,0,deepfake_collection_real,id,0.000000
R:\_Projects\Eurus_Workspace\HolmHz\data\raw_v2\deepdetect2025\ddata\train\real\30318.jpg,0,dd2025_real,id,0.000001
R:\_Projects\Eurus_Workspace\HolmHz\data\raw_v2\ciplab_faces\real_and_fake_face_detection\real_and_fake_face\training_fake\hard_155_0010.jpg,1,ciplab_training_fake,id,0.000000
R:\_Projects\Eurus_Workspace\HolmHz\data\raw_v2\deepdetect2025\ddata\train\real\13245.jpg,0,dd2025_real,id,0.000000
R:\_Projects\Eurus_Workspace\HolmHz\data\raw_v2\rvf10k\rvf10k\valid\real\55050.jpg,0,rvf10k_valid_real,id,0.000000
R:\_Projects\Eurus_Workspace\HolmHz\data\raw_v2\rvf10k\rvf10k\train\real\60114.jpg,0,rvf10k_train_real,id,0.000000
R:\_Projects\Eurus_Workspace\HolmHz\data\raw_v2\diffusion_fakes\Real\REAL_4202.jpg,0,deepfake_collection_real,id,0.000000
R:\_Projects\Eurus_Workspace\HolmHz\data\raw_v2\ciplab_faces\real_and_fake_face_detection\real_and_fake_face\training_real\real_00758.jpg,0,ciplab_training_real,id,0.000000
R:\_Projects\Eurus_Workspace\HolmHz\data\raw_v2\diffusion_fakes\DALL-E\DALL-E_1300.jpg,1,dalle_fake,id,0.000000
R:\_Projects\Eurus_Workspace\HolmHz\data\raw_v2\rvf10k\rvf10k\train\real\61165.jpg,0,rvf10k_train_real,id,0.000000
R:\_Projects\Eurus_Workspace\HolmHz\data\raw_v2\diffusion_fakes\Stable Diffusion\Stable_Diffusion_1400.jpg,1,sd_fake,id,0.000000
R:\_Projects\Eurus_Workspace\HolmHz\data\raw_v2\diffusion_fakes\Real\REAL_2306.jpg,0,deepfake_collection_real,id,0.000000
R:\_Projects\Eurus_Workspace\HolmHz\data\raw_v2\diffusion_fakes\Real\REAL_3301.jpg,0,deepfake_collection_real,id,0.000033
R:\_Projects\Eurus_Workspace\HolmHz\data\raw_v2\deepdetect2025\ddata\train\fake\fake_017977.jpg,1,dd2025_fake,id,0.000000
R:\_Projects\Eurus_Workspace\HolmHz\data\raw_v2\deepdetect2025\ddata\train\fake\fake_016493.jpg,1,dd2025_fake,id,0.000000
R:\_Projects\Eurus_Workspace\HolmHz\data\raw_v2\deepdetect2025\ddata\train\real\05958.jpg,0,dd2025_real,id,0.000000
R:\_Projects\Eurus_Workspace\HolmHz\data\raw_v2\rvf10k\rvf10k\train\real\59010.jpg,0,rvf10k_train_real,id,0.000000
R:\_Projects\Eurus_Workspace\HolmHz\data\raw_v2\rvf10k\rvf10k\valid\real\69562.jpg,0,rvf10k_valid_real,id,0.000000
R:\_Projects\Eurus_Workspace\HolmHz\data\raw_v2\deepdetect2025\ddata\train\real\65559.jpg,0,dd2025_real,id,0.000000
R:\_Projects\Eurus_Workspace\HolmHz\data\raw_v2\rvf10k\rvf10k\valid\real\49363.jpg,0,rvf10k_valid_real,id,0.000000
R:\_Projects\Eurus_Workspace\HolmHz\data\raw_v2\rvf10k\rvf10k\train\fake\GH5ZJWNCPC.jpg,1,rvf10k_train_fake,id,0.000000
R:\_Projects\Eurus_Workspace\HolmHz\data\raw_v2\rvf10k\rvf10k\train\fake\992LBCFE27.jpg,1,rvf10k_train_fake,id,0.000785
R:\_Projects\Eurus_Workspace\HolmHz\data\raw_v2\rvf10k\rvf10k\train\real\23533.jpg,0,rvf10k_train_real,id,0.000000
R:\_Projects\Eurus_Workspace\HolmHz\data\raw_v2\deepdetect2025\ddata\train\fake\fake_028375.jpg,1,dd2025_fake,id,0.000000
R:\_Projects\Eurus_Workspace\HolmHz\data\raw_v2\deepdetect2025\ddata\train\real\37580.jpg,0,dd2025_real,id,0.000000
R:\_Projects\Eurus_Workspace\HolmHz\data\raw_v2\deepdetect2025\ddata\train\fake\fake_031169.jpg,1,dd2025_fake,id,0.021888
R:\_Projects\Eurus_Workspace\HolmHz\data\raw_v2\diffusion_fakes\Midjourney\Midjourney_0371.png,1,midjourney_fake,id,0.000000
R:\_Projects\Eurus_Workspace\HolmHz\data\raw_v2\diffusion_fakes\Real\REAL_5369.jpg,0,deepfake_collection_real,id,0.000000
R:\_Projects\Eurus_Workspace\HolmHz\data\raw_v2\diffusion_fakes\Real\REAL_2180.jpg,0,deepfake_collection_real,id,0.000000
R:\_Projects\Eurus_Workspace\HolmHz\data\raw_v2\rvf10k\rvf10k\train\fake\JZCQGDFHB6.jpg,1,rvf10k_train_fake,id,0.000408
R:\_Projects\Eurus_Workspace\HolmHz\data\raw_v2\ciplab_faces\real_and_fake_face\training_real\real_00457.jpg,0,ciplab_training_real,id,0.000000
R:\_Projects\Eurus_Workspace\HolmHz\data\raw_v2\diffusion_fakes\Real\REAL_2084.jpg,0,deepfake_collection_real,id,0.000000
R:\_Projects\Eurus_Workspace\HolmHz\data\raw_v2\rvf10k\rvf10k\train\real\64064.jpg,0,rvf10k_train_real,id,0.000000
R:\_Projects\Eurus_Workspace\HolmHz\data\raw_v2\diffusion_fakes\Stable Diffusion\Stable_Diffusion_840.jpg,1,sd_fake,id,0.000000
R:\_Projects\Eurus_Workspace\HolmHz\data\raw_v2\diffusion_fakes\Real\REAL_2544.jpg,0,deepfake_collection_real,id,0.000000
R:\_Projects\Eurus_Workspace\HolmHz\data\raw_v2\diffusion_fakes\Real\REAL_4711.jpg,0,deepfake_collection_real,id,0.000000
R:\_Projects\Eurus_Workspace\HolmHz\data\raw_v2\ciplab_faces\real_and_fake_face\training_fake\hard_73_0011.jpg,1,ciplab_training_fake,id,0.000000
R:\_Projects\Eurus_Workspace\HolmHz\data\raw_v2\diffusion_fakes\Real\REAL_1775.jpg,0,deepfake_collection_real,id,0.000000
R:\_Projects\Eurus_Workspace\HolmHz\data\raw_v2\ciplab_faces\real_and_fake_face_detection\real_and_fake_face\training_real\real_00942.jpg,0,ciplab_training_real,id,0.000000
R:\_Projects\Eurus_Workspace\HolmHz\data\raw_v2\diffusion_fakes\Stable Diffusion\Stable_Diffusion_94.jpg,1,sd_fake,id,0.000000
R:\_Projects\Eurus_Workspace\HolmHz\data\raw_v2\deepdetect2025\ddata\train\fake\fake_028170.jpg,1,dd2025_fake,id,0.042662
R:\_Projects\Eurus_Workspace\HolmHz\data\raw_v2\rvf10k\rvf10k\valid\real\16799.jpg,0,rvf10k_valid_real,id,0.000000
R:\_Projects\Eurus_Workspace\HolmHz\data\raw_v2\deepdetect2025\ddata\train\real\31787.jpg,0,dd2025_real,id,0.000000
R:\_Projects\Eurus_Workspace\HolmHz\data\raw_v2\deepdetect2025\ddata\train\real\54407.jpg,0,dd2025_real,id,0.000000
R:\_Projects\Eurus_Workspace\HolmHz\data\raw_v2\deepdetect2025\ddata\train\fake\fake_003008.jpg,1,dd2025_fake,id,0.000000
R:\_Projects\Eurus_Workspace\HolmHz\data\raw_v2\diffusion_fakes\Real\REAL_0457.jpg,0,deepfake_collection_real,id,0.000002
R:\_Projects\Eurus_Workspace\HolmHz\data\raw_v2\rvf10k\rvf10k\train\real\52660.jpg,0,rvf10k_train_real,id,0.000000
R:\_Projects\Eurus_Workspace\HolmHz\data\raw_v2\diffusion_fakes\Stable Diffusion\Stable_Diffusion_727.jpg,1,sd_fake,id,0.000064
R:\_Projects\Eurus_Workspace\HolmHz\data\raw_v2\rvf10k\rvf10k\valid\real\08492.jpg,0,rvf10k_valid_real,id,0.000000
R:\_Projects\Eurus_Workspace\HolmHz\data\raw_v2\diffusion_fakes\DALL-E\DALL-E_0129.jpg,1,dalle_fake,id,0.000000
R:\_Projects\Eurus_Workspace\HolmHz\data\raw_v2\diffusion_fakes\Midjourney\Midjourney_0283.png,1,midjourney_fake,id,0.000000
R:\_Projects\Eurus_Workspace\HolmHz\data\raw_v2\diffusion_fakes\Stable Diffusion\Stable_Diffusion_1947.jpg,1,sd_fake,id,0.000000
R:\_Projects\Eurus_Workspace\HolmHz\data\raw_v2\diffusion_fakes\DALL-E\DALL-E_0697.jpg,1,dalle_fake,id,0.000000
R:\_Projects\Eurus_Workspace\HolmHz\data\raw_v2\rvf10k\rvf10k\train\real\67681.jpg,0,rvf10k_train_real,id,0.000000
R:\_Projects\Eurus_Workspace\HolmHz\data\raw_v2\deepdetect2025\ddata\train\fake\fake_024568.jpg,1,dd2025_fake,id,0.003699
R:\_Projects\Eurus_Workspace\HolmHz\data\raw_v2\deepdetect2025\ddata\train\fake\fake_005966.jpg,1,dd2025_fake,id,0.000000
R:\_Projects\Eurus_Workspace\HolmHz\data\raw_v2\rvf10k\rvf10k\train\fake\STLXKGRXYL.jpg,1,rvf10k_train_fake,id,0.000832
R:\_Projects\Eurus_Workspace\HolmHz\data\raw_v2\rvf10k\rvf10k\valid\fake\W79MOV72XN.jpg,1,rvf10k_valid_fake,id,0.000000
R:\_Projects\Eurus_Workspace\HolmHz\data\raw_v2\diffusion_fakes\Real\REAL_3165.jpg,0,deepfake_collection_real,id,0.000000
R:\_Projects\Eurus_Workspace\HolmHz\data\raw_v2\deepdetect2025\ddata\train\fake\fake_016500.jpg,1,dd2025_fake,id,0.000471
R:\_Projects\Eurus_Workspace\HolmHz\data\raw_v2\deepdetect2025\ddata\train\fake\fake_035772.jpg,1,dd2025_fake,id,0.000000
R:\_Projects\Eurus_Workspace\HolmHz\data\raw_v2\rvf10k\rvf10k\train\fake\4Y0APTLRXC.jpg,1,rvf10k_train_fake,id,0.000221
R:\_Projects\Eurus_Workspace\HolmHz\data\raw_v2\deepdetect2025\ddata\train\fake\fake_024548.jpg,1,dd2025_fake,id,0.000000
R:\_Projects\Eurus_Workspace\HolmHz\data\raw_v2\ciplab_faces\real_and_fake_face\training_fake\mid_381_1101.jpg,1,ciplab_training_fake,id,0.000000
R:\_Projects\Eurus_Workspace\HolmHz\data\raw_v2\deepdetect2025\ddata\train\real\30306.jpg,0,dd2025_real,id,0.000000
R:\_Projects\Eurus_Workspace\HolmHz\data\raw_v2\ciplab_faces\real_and_fake_face\training_fake\easy_238_1111.jpg,1,ciplab_training_fake,id,0.000000
R:\_Projects\Eurus_Workspace\HolmHz\data\raw_v2\rvf10k\rvf10k\train\fake\2RM31GSYV6.jpg,1,rvf10k_train_fake,id,0.004358
R:\_Projects\Eurus_Workspace\HolmHz\data\raw_v2\deepdetect2025\ddata\train\fake\fake_022186.jpg,1,dd2025_fake,id,0.002943
R:\_Projects\Eurus_Workspace\HolmHz\data\raw_v2\diffusion_fakes\Stable Diffusion\Stable_Diffusion_1454.jpg,1,sd_fake,id,0.000000
R:\_Projects\Eurus_Workspace\HolmHz\data\raw_v2\diffusion_fakes\Midjourney\Midjourney_0683.png,1,midjourney_fake,id,0.000000
R:\_Projects\Eurus_Workspace\HolmHz\data\raw_v2\deepdetect2025\ddata\train\real\57125.jpg,0,dd2025_real,id,0.000000
R:\_Projects\Eurus_Workspace\HolmHz\data\raw_v2\deepdetect2025\ddata\train\real\68128.jpg,0,dd2025_real,id,0.000000
R:\_Projects\Eurus_Workspace\HolmHz\data\raw_v2\diffusion_fakes\DALL-E\DALL-E_1021.jpg,1,dalle_fake,id,0.000000
R:\_Projects\Eurus_Workspace\HolmHz\data\raw_v2\deepdetect2025\ddata\train\real\40538.jpg,0,dd2025_real,id,0.000001
R:\_Projects\Eurus_Workspace\HolmHz\data\raw_v2\deepdetect2025\ddata\train\fake\fake_018500.jpg,1,dd2025_fake,id,0.000000
R:\_Projects\Eurus_Workspace\HolmHz\data\raw_v2\diffusion_fakes\Real\REAL_0632.jpg,0,deepfake_collection_real,id,0.000000
R:\_Projects\Eurus_Workspace\HolmHz\data\raw_v2\rvf10k\rvf10k\train\real\19490.jpg,0,rvf10k_train_real,id,0.000000
R:\_Projects\Eurus_Workspace\HolmHz\data\raw_v2\rvf10k\rvf10k\valid\fake\056F3HHA5C.jpg,1,rvf10k_valid_fake,id,0.002433
R:\_Projects\Eurus_Workspace\HolmHz\data\raw_v2\camera_vs_ai\ai vs real photos\Camera_images\Image_11.jpg,0,camera_train_real,id,0.009956
R:\_Projects\Eurus_Workspace\HolmHz\data\raw_v2\ciplab_faces\real_and_fake_face_detection\real_and_fake_face\training_fake\mid_18_1111.jpg,1,ciplab_training_fake,id,0.000000
R:\_Projects\Eurus_Workspace\HolmHz\data\raw_v2\deepdetect2025\ddata\train\fake\fake_024664.jpg,1,dd2025_fake,id,0.000000
R:\_Projects\Eurus_Workspace\HolmHz\data\raw_v2\rvf10k\rvf10k\train\fake\C9VWUYR49S.jpg,1,rvf10k_train_fake,id,0.000000
R:\_Projects\Eurus_Workspace\HolmHz\data\raw_v2\rvf10k\rvf10k\valid\real\47797.jpg,0,rvf10k_valid_real,id,0.000000
R:\_Projects\Eurus_Workspace\HolmHz\data\raw_v2\deepdetect2025\ddata\train\real\15875.jpg,0,dd2025_real,id,0.000000
R:\_Projects\Eurus_Workspace\HolmHz\data\raw_v2\rvf10k\rvf10k\valid\fake\IL819W7GLM.jpg,1,rvf10k_valid_fake,id,0.000000
R:\_Projects\Eurus_Workspace\HolmHz\data\raw_v2\rvf10k\rvf10k\valid\fake\MAAN48Y5KR.jpg,1,rvf10k_valid_fake,id,0.000000
R:\_Projects\Eurus_Workspace\HolmHz\data\raw_v2\deepdetect2025\ddata\train\fake\fake_031123.jpg,1,dd2025_fake,id,0.000000
R:\_Projects\Eurus_Workspace\HolmHz\data\raw_v2\ciplab_faces\real_and_fake_face_detection\real_and_fake_face\training_real\real_00160.jpg,0,ciplab_training_real,id,0.000000
R:\_Projects\Eurus_Workspace\HolmHz\data\raw_v2\deepdetect2025\ddata\train\real\31944.jpg,0,dd2025_real,id,0.000000
R:\_Projects\Eurus_Workspace\HolmHz\data\raw_v2\rvf10k\rvf10k\valid\real\24913.jpg,0,rvf10k_valid_real,id,0.000000
R:\_Projects\Eurus_Workspace\HolmHz\data\raw_v2\deepdetect2025\ddata\train\real\56331.jpg,0,dd2025_real,id,0.000000
R:\_Projects\Eurus_Workspace\HolmHz\data\raw_v2\deepdetect2025\ddata\train\fake\fake_032228.jpg,1,dd2025_fake,id,0.000726
R:\_Projects\Eurus_Workspace\HolmHz\data\raw_v2\diffusion_fakes\Real\REAL_2127.jpg,0,deepfake_collection_real,id,0.000000
R:\_Projects\Eurus_Workspace\HolmHz\data\raw_v2\deepdetect2025\ddata\train\real\10077.jpg,0,dd2025_real,id,0.000000
R:\_Projects\Eurus_Workspace\HolmHz\data\raw_v2\diffusion_fakes\DALL-E\DALL-E_0742.jpg,1,dalle_fake,id,0.000000
R:\_Projects\Eurus_Workspace\HolmHz\data\raw_v2\deepdetect2025\ddata\train\fake\fake_019159.jpg,1,dd2025_fake,id,0.000000
R:\_Projects\Eurus_Workspace\HolmHz\data\raw_v2\diffusion_fakes\Real\REAL_3932.jpg,0,deepfake_collection_real,id,0.000000
R:\_Projects\Eurus_Workspace\HolmHz\data\raw_v2\deepdetect2025\ddata\train\real\46853.jpg,0,dd2025_real,id,0.000291
R:\_Projects\Eurus_Workspace\HolmHz\data\raw_v2\deepdetect2025\ddata\train\fake\fake_010403.jpg,1,dd2025_fake,id,0.000000
R:\_Projects\Eurus_Workspace\HolmHz\data\raw_v2\diffusion_fakes\Real\REAL_3423.jpg,0,deepfake_collection_real,id,0.000000
R:\_Projects\Eurus_Workspace\HolmHz\data\raw_v2\deepdetect2025\ddata\train\real\03917.jpg,0,dd2025_real,id,0.000010
R:\_Projects\Eurus_Workspace\HolmHz\data\raw_v2\rvf10k\rvf10k\valid\real\03576.jpg,0,rvf10k_valid_real,id,0.000000
R:\_Projects\Eurus_Workspace\HolmHz\data\raw_v2\deepdetect2025\ddata\train\real\00261.jpg,0,dd2025_real,id,0.000000
R:\_Projects\Eurus_Workspace\HolmHz\data\raw_v2\diffusion_fakes\Real\REAL_1719.jpg,0,deepfake_collection_real,id,0.000000
R:\_Projects\Eurus_Workspace\HolmHz\data\raw_v2\diffusion_fakes\DALL-E\DALL-E_0084.jpg,1,dalle_fake,id,0.000000
R:\_Projects\Eurus_Workspace\HolmHz\data\raw_v2\diffusion_fakes\Real\REAL_2500.jpg,0,deepfake_collection_real,id,0.000000
R:\_Projects\Eurus_Workspace\HolmHz\data\raw_v2\diffusion_fakes\Real\REAL_3231.jpg,0,deepfake_collection_real,id,0.000003
R:\_Projects\Eurus_Workspace\HolmHz\data\raw_v2\rvf10k\rvf10k\train\real\12045.jpg,0,rvf10k_train_real,id,0.000000
R:\_Projects\Eurus_Workspace\HolmHz\data\raw_v2\deepdetect2025\ddata\train\real\52859.jpg,0,dd2025_real,id,0.000000
R:\_Projects\Eurus_Workspace\HolmHz\data\raw_v2\rvf10k\rvf10k\train\real\66595.jpg,0,rvf10k_train_real,id,0.000000
R:\_Projects\Eurus_Workspace\HolmHz\data\raw_v2\ciplab_faces\real_and_fake_face_detection\real_and_fake_face\training_real\real_00647.jpg,0,ciplab_training_real,id,0.000002
R:\_Projects\Eurus_Workspace\HolmHz\data\raw_v2\diffusion_fakes\Real\REAL_5649.jpg,0,deepfake_collection_real,id,0.000000
R:\_Projects\Eurus_Workspace\HolmHz\data\raw_v2\deepdetect2025\ddata\train\real\16739.jpg,0,dd2025_real,id,0.000000
R:\_Projects\Eurus_Workspace\HolmHz\data\raw_v2\rvf10k\rvf10k\train\fake\B068NMSZOS.jpg,1,rvf10k_train_fake,id,0.002808
R:\_Projects\Eurus_Workspace\HolmHz\data\raw_v2\diffusion_fakes\Midjourney\Midjourney_0862.png,1,midjourney_fake,id,0.000000
R:\_Projects\Eurus_Workspace\HolmHz\data\raw_v2\deepdetect2025\ddata\train\fake\fake_025966.jpg,1,dd2025_fake,id,0.001313
R:\_Projects\Eurus_Workspace\HolmHz\data\raw_v2\deepdetect2025\ddata\train\fake\fake_017231.jpg,1,dd2025_fake,id,0.014476
R:\_Projects\Eurus_Workspace\HolmHz\data\raw_v2\rvf10k\rvf10k\train\fake\JKIPFRWTSH.jpg,1,rvf10k_train_fake,id,0.000000
R:\_Projects\Eurus_Workspace\HolmHz\data\raw_v2\rvf10k\rvf10k\valid\real\66528.jpg,0,rvf10k_valid_real,id,0.000000
R:\_Projects\Eurus_Workspace\HolmHz\data\raw_v2\diffusion_fakes\Real\REAL_4424.jpg,0,deepfake_collection_real,id,0.000000
R:\_Projects\Eurus_Workspace\HolmHz\data\raw_v2\rvf10k\rvf10k\valid\real\08539.jpg,0,rvf10k_valid_real,id,0.000000
R:\_Projects\Eurus_Workspace\HolmHz\data\raw_v2\diffusion_fakes\DALL-E\DALL-E_1915.jpg,1,dalle_fake,id,0.000000
R:\_Projects\Eurus_Workspace\HolmHz\data\raw_v2\diffusion_fakes\Real\REAL_3093.jpg,0,deepfake_collection_real,id,0.000000
R:\_Projects\Eurus_Workspace\HolmHz\data\raw_v2\deepdetect2025\ddata\train\real\60779.jpg,0,dd2025_real,id,0.000000
R:\_Projects\Eurus_Workspace\HolmHz\data\raw_v2\deepdetect2025\ddata\train\real\47761.jpg,0,dd2025_real,id,0.000000
R:\_Projects\Eurus_Workspace\HolmHz\data\raw_v2\deepdetect2025\ddata\train\real\50957.jpg,0,dd2025_real,id,0.000000
R:\_Projects\Eurus_Workspace\HolmHz\data\raw_v2\rvf10k\rvf10k\valid\real\49573.jpg,0,rvf10k_valid_real,id,0.000000
R:\_Projects\Eurus_Workspace\HolmHz\data\raw_v2\diffusion_fakes\Midjourney\Midjourney_0110.png,1,midjourney_fake,id,0.000000
R:\_Projects\Eurus_Workspace\HolmHz\data\raw_v2\diffusion_fakes\DALL-E\DALL-E_0589.jpg,1,dalle_fake,id,0.000000
R:\_Projects\Eurus_Workspace\HolmHz\data\raw_v2\rvf10k\rvf10k\train\fake\GUY2TLHNU7.jpg,1,rvf10k_train_fake,id,0.000071
R:\_Projects\Eurus_Workspace\HolmHz\data\raw_v2\deepdetect2025\ddata\train\real\36542.jpg,0,dd2025_real,id,0.000000
R:\_Projects\Eurus_Workspace\HolmHz\data\raw_v2\rvf10k\rvf10k\valid\real\52343.jpg,0,rvf10k_valid_real,id,0.000000
R:\_Projects\Eurus_Workspace\HolmHz\data\raw_v2\rvf10k\rvf10k\valid\real\47178.jpg,0,rvf10k_valid_real,id,0.000000
R:\_Projects\Eurus_Workspace\HolmHz\data\raw_v2\deepdetect2025\ddata\train\real\01242.jpg,0,dd2025_real,id,0.000000
R:\_Projects\Eurus_Workspace\HolmHz\data\raw_v2\rvf10k\rvf10k\valid\fake\HU41DHE0GA.jpg,1,rvf10k_valid_fake,id,0.000000
R:\_Projects\Eurus_Workspace\HolmHz\data\raw_v2\ciplab_faces\real_and_fake_face\training_fake\mid_55_1111.jpg,1,ciplab_training_fake,id,0.000000
R:\_Projects\Eurus_Workspace\HolmHz\data\raw_v2\ciplab_faces\real_and_fake_face\training_fake\mid_15_1111.jpg,1,ciplab_training_fake,id,0.000000
R:\_Projects\Eurus_Workspace\HolmHz\data\raw_v2\rvf10k\rvf10k\valid\real\18464.jpg,0,rvf10k_valid_real,id,0.000000
R:\_Projects\Eurus_Workspace\HolmHz\data\raw_v2\rvf10k\rvf10k\train\fake\D0QVJ9S096.jpg,1,rvf10k_train_fake,id,0.000001
R:\_Projects\Eurus_Workspace\HolmHz\data\raw_v2\deepdetect2025\ddata\train\real\59441.jpg,0,dd2025_real,id,0.000000
R:\_Projects\Eurus_Workspace\HolmHz\data\raw_v2\diffusion_fakes\Stable Diffusion\Stable_Diffusion_1243.jpg,1,sd_fake,id,0.000000
R:\_Projects\Eurus_Workspace\HolmHz\data\raw_v2\rvf10k\rvf10k\valid\real\10371.jpg,0,rvf10k_valid_real,id,0.000000
R:\_Projects\Eurus_Workspace\HolmHz\data\raw_v2\rvf10k\rvf10k\train\fake\8GY3ZCSODY.jpg,1,rvf10k_train_fake,id,0.000001
R:\_Projects\Eurus_Workspace\HolmHz\data\raw_v2\rvf10k\rvf10k\valid\fake\I6SZ4T8B0G.jpg,1,rvf10k_valid_fake,id,0.000000
R:\_Projects\Eurus_Workspace\HolmHz\data\raw_v2\diffusion_fakes\Real\REAL_5214.jpg,0,deepfake_collection_real,id,0.000000
R:\_Projects\Eurus_Workspace\HolmHz\data\raw_v2\rvf10k\rvf10k\train\fake\GBBZXUY2WE.jpg,1,rvf10k_train_fake,id,0.000000
R:\_Projects\Eurus_Workspace\HolmHz\data\raw_v2\diffusion_fakes\Midjourney\Midjourney_0140.png,1,midjourney_fake,id,0.031293
R:\_Projects\Eurus_Workspace\HolmHz\data\raw_v2\diffusion_fakes\Stable Diffusion\Stable_Diffusion_1611.jpg,1,sd_fake,id,0.000002
R:\_Projects\Eurus_Workspace\HolmHz\data\raw_v2\rvf10k\rvf10k\valid\fake\AMR0BX0LMY.jpg,1,rvf10k_valid_fake,id,0.000020
R:\_Projects\Eurus_Workspace\HolmHz\data\raw_v2\rvf10k\rvf10k\train\fake\DK8KJ1SYLG.jpg,1,rvf10k_train_fake,id,0.000684
R:\_Projects\Eurus_Workspace\HolmHz\data\raw_v2\diffusion_fakes\DALL-E\DALL-E_0691.jpg,1,dalle_fake,id,0.000000
R:\_Projects\Eurus_Workspace\HolmHz\data\raw_v2\deepdetect2025\ddata\train\fake\fake_022487.jpg,1,dd2025_fake,id,0.000000
R:\_Projects\Eurus_Workspace\HolmHz\data\raw_v2\rvf10k\rvf10k\train\real\66672.jpg,0,rvf10k_train_real,id,0.000000
R:\_Projects\Eurus_Workspace\HolmHz\data\raw_v2\rvf10k\rvf10k\valid\real\02243.jpg,0,rvf10k_valid_real,id,0.000000
R:\_Projects\Eurus_Workspace\HolmHz\data\raw_v2\rvf10k\rvf10k\valid\real\66164.jpg,0,rvf10k_valid_real,id,0.000000
R:\_Projects\Eurus_Workspace\HolmHz\data\raw_v2\rvf10k\rvf10k\train\real\34076.jpg,0,rvf10k_train_real,id,0.000000
R:\_Projects\Eurus_Workspace\HolmHz\data\raw_v2\ciplab_faces\real_and_fake_face_detection\real_and_fake_face\training_real\real_01079.jpg,0,ciplab_training_real,id,0.000000
R:\_Projects\Eurus_Workspace\HolmHz\data\raw_v2\diffusion_fakes\Midjourney\Midjourney_0545.png,1,midjourney_fake,id,0.000000
R:\_Projects\Eurus_Workspace\HolmHz\data\raw_v2\ciplab_faces\real_and_fake_face_detection\real_and_fake_face\training_fake\hard_67_0001.jpg,1,ciplab_training_fake,id,0.000000
R:\_Projects\Eurus_Workspace\HolmHz\data\raw_v2\ciplab_faces\real_and_fake_face_detection\real_and_fake_face\training_fake\hard_119_1100.jpg,1,ciplab_training_fake,id,0.000000
R:\_Projects\Eurus_Workspace\HolmHz\data\raw_v2\ciplab_faces\real_and_fake_face_detection\real_and_fake_face\training_real\real_00748.jpg,0,ciplab_training_real,id,0.000001
R:\_Projects\Eurus_Workspace\HolmHz\data\raw_v2\deepdetect2025\ddata\train\fake\fake_039837.jpg,1,dd2025_fake,id,0.046081
R:\_Projects\Eurus_Workspace\HolmHz\data\raw_v2\rvf10k\rvf10k\valid\fake\D61SLG0Q79.jpg,1,rvf10k_valid_fake,id,0.000000
R:\_Projects\Eurus_Workspace\HolmHz\data\raw_v2\rvf10k\rvf10k\valid\fake\HV62MULJQR.jpg,1,rvf10k_valid_fake,id,0.000011
R:\_Projects\Eurus_Workspace\HolmHz\data\raw_v2\ciplab_faces\real_and_fake_face_detection\real_and_fake_face\training_fake\mid_380_1111.jpg,1,ciplab_training_fake,id,0.000001
R:\_Projects\Eurus_Workspace\HolmHz\data\raw_v2\diffusion_fakes\Stable Diffusion\Stable_Diffusion_290.jpg,1,sd_fake,id,0.007967
R:\_Projects\Eurus_Workspace\HolmHz\data\raw_v2\ciplab_faces\real_and_fake_face\training_real\real_00134.jpg,0,ciplab_training_real,id,0.000000
R:\_Projects\Eurus_Workspace\HolmHz\data\raw_v2\diffusion_fakes\Stable Diffusion\Stable_Diffusion_889.jpg,1,sd_fake,id,0.000000
R:\_Projects\Eurus_Workspace\HolmHz\data\raw_v2\deepdetect2025\ddata\train\real\37207.jpg,0,dd2025_real,id,0.000000
R:\_Projects\Eurus_Workspace\HolmHz\data\raw_v2\ciplab_faces\real_and_fake_face_detection\real_and_fake_face\training_fake\mid_431_0001.jpg,1,ciplab_training_fake,id,0.000001
R:\_Projects\Eurus_Workspace\HolmHz\data\raw_v2\ciplab_faces\real_and_fake_face\training_fake\mid_376_0001.jpg,1,ciplab_training_fake,id,0.000000
R:\_Projects\Eurus_Workspace\HolmHz\data\raw_v2\deepdetect2025\ddata\train\fake\fake_027817.jpg,1,dd2025_fake,id,0.000000
R:\_Projects\Eurus_Workspace\HolmHz\data\raw_v2\diffusion_fakes\Real\REAL_0456.jpg,0,deepfake_collection_real,id,0.000000
R:\_Projects\Eurus_Workspace\HolmHz\data\raw_v2\rvf10k\rvf10k\valid\real\43884.jpg,0,rvf10k_valid_real,id,0.000000
R:\_Projects\Eurus_Workspace\HolmHz\data\raw_v2\rvf10k\rvf10k\train\real\14972.jpg,0,rvf10k_train_real,id,0.000000
R:\_Projects\Eurus_Workspace\HolmHz\data\raw_v2\ciplab_faces\real_and_fake_face_detection\real_and_fake_face\training_fake\mid_9_1110.jpg,1,ciplab_training_fake,id,0.000000
R:\_Projects\Eurus_Workspace\HolmHz\data\raw_v2\ciplab_faces\real_and_fake_face_detection\real_and_fake_face\training_real\real_01067.jpg,0,ciplab_training_real,id,0.000000
R:\_Projects\Eurus_Workspace\HolmHz\data\raw_v2\deepdetect2025\ddata\train\fake\fake_018729.jpg,1,dd2025_fake,id,0.319500
R:\_Projects\Eurus_Workspace\HolmHz\data\raw_v2\diffusion_fakes\Stable Diffusion\Stable_Diffusion_2019.jpg,1,sd_fake,id,0.001383
R:\_Projects\Eurus_Workspace\HolmHz\data\raw_v2\diffusion_fakes\Real\REAL_5602.jpg,0,deepfake_collection_real,id,0.000000
R:\_Projects\Eurus_Workspace\HolmHz\data\raw_v2\diffusion_fakes\Stable Diffusion\Stable_Diffusion_914.jpg,1,sd_fake,id,0.000023
R:\_Projects\Eurus_Workspace\HolmHz\data\raw_v2\deepdetect2025\ddata\train\real\12142.jpg,0,dd2025_real,id,0.000000
R:\_Projects\Eurus_Workspace\HolmHz\data\raw_v2\rvf10k\rvf10k\train\fake\HSC9AK73WE.jpg,1,rvf10k_train_fake,id,0.002622
R:\_Projects\Eurus_Workspace\HolmHz\data\raw_v2\diffusion_fakes\Real\REAL_0375.jpg,0,deepfake_collection_real,id,0.000000
R:\_Projects\Eurus_Workspace\HolmHz\data\raw_v2\diffusion_fakes\Real\REAL_5372.jpg,0,deepfake_collection_real,id,0.000000
R:\_Projects\Eurus_Workspace\HolmHz\data\raw_v2\ciplab_faces\real_and_fake_face_detection\real_and_fake_face\training_fake\mid_318_1111.jpg,1,ciplab_training_fake,id,0.000000
R:\_Projects\Eurus_Workspace\HolmHz\data\raw_v2\diffusion_fakes\DALL-E\DALL-E_1645.jpg,1,dalle_fake,id,0.000000
R:\_Projects\Eurus_Workspace\HolmHz\data\raw_v2\deepdetect2025\ddata\train\real\38998.jpg,0,dd2025_real,id,0.000000
R:\_Projects\Eurus_Workspace\HolmHz\data\raw_v2\rvf10k\rvf10k\valid\fake\VQ87ECJUS9.jpg,1,rvf10k_valid_fake,id,0.000002
R:\_Projects\Eurus_Workspace\HolmHz\data\raw_v2\deepdetect2025\ddata\train\fake\fake_041125.jpg,1,dd2025_fake,id,0.000008
R:\_Projects\Eurus_Workspace\HolmHz\data\raw_v2\diffusion_fakes\Real\REAL_2633.jpg,0,deepfake_collection_real,id,0.000000
R:\_Projects\Eurus_Workspace\HolmHz\data\raw_v2\rvf10k\rvf10k\train\real\69405.jpg,0,rvf10k_train_real,id,0.000000
R:\_Projects\Eurus_Workspace\HolmHz\data\raw_v2\ciplab_faces\real_and_fake_face_detection\real_and_fake_face\training_real\real_01061.jpg,0,ciplab_training_real,id,0.000000
R:\_Projects\Eurus_Workspace\HolmHz\data\raw_v2\deepdetect2025\ddata\train\real\23950.jpg,0,dd2025_real,id,0.002666
R:\_Projects\Eurus_Workspace\HolmHz\data\raw_v2\rvf10k\rvf10k\train\real\07916.jpg,0,rvf10k_train_real,id,0.000000
R:\_Projects\Eurus_Workspace\HolmHz\data\raw_v2\ciplab_faces\real_and_fake_face_detection\real_and_fake_face\training_real\real_00458.jpg,0,ciplab_training_real,id,0.000000
R:\_Projects\Eurus_Workspace\HolmHz\data\raw_v2\diffusion_fakes\Real\REAL_3420.jpg,0,deepfake_collection_real,id,0.000000
R:\_Projects\Eurus_Workspace\HolmHz\data\raw_v2\deepdetect2025\ddata\train\real\04350.jpg,0,dd2025_real,id,0.000000
R:\_Projects\Eurus_Workspace\HolmHz\data\raw_v2\rvf10k\rvf10k\train\fake\3SJWUFIGTU.jpg,1,rvf10k_train_fake,id,0.000323
R:\_Projects\Eurus_Workspace\HolmHz\data\raw_v2\diffusion_fakes\Real\REAL_5561.jpg,0,deepfake_collection_real,id,0.000000
R:\_Projects\Eurus_Workspace\HolmHz\data\raw_v2\rvf10k\rvf10k\train\real\66419.jpg,0,rvf10k_train_real,id,0.000000
R:\_Projects\Eurus_Workspace\HolmHz\data\raw_v2\deepdetect2025\ddata\train\fake\fake_036244.jpg,1,dd2025_fake,id,0.110755
R:\_Projects\Eurus_Workspace\HolmHz\data\raw_v2\rvf10k\rvf10k\valid\real\60949.jpg,0,rvf10k_valid_real,id,0.000000
R:\_Projects\Eurus_Workspace\HolmHz\data\raw_v2\diffusion_fakes\DALL-E\DALL-E_1784.jpg,1,dalle_fake,id,0.000000
R:\_Projects\Eurus_Workspace\HolmHz\data\raw_v2\ciplab_faces\real_and_fake_face_detection\real_and_fake_face\training_real\real_00575.jpg,0,ciplab_training_real,id,0.000003
R:\_Projects\Eurus_Workspace\HolmHz\data\raw_v2\rvf10k\rvf10k\train\real\47860.jpg,0,rvf10k_train_real,id,0.000000
R:\_Projects\Eurus_Workspace\HolmHz\data\raw_v2\rvf10k\rvf10k\train\fake\V2GK82YE3G.jpg,1,rvf10k_train_fake,id,0.000009
R:\_Projects\Eurus_Workspace\HolmHz\data\raw_v2\rvf10k\rvf10k\train\fake\A8OEUE3D78.jpg,1,rvf10k_train_fake,id,0.001112
R:\_Projects\Eurus_Workspace\HolmHz\data\raw_v2\deepdetect2025\ddata\train\real\46142.jpg,0,dd2025_real,id,0.000021
R:\_Projects\Eurus_Workspace\HolmHz\data\raw_v2\rvf10k\rvf10k\train\fake\V5YQC6LRHW.jpg,1,rvf10k_train_fake,id,0.000000
R:\_Projects\Eurus_Workspace\HolmHz\data\raw_v2\diffusion_fakes\Real\REAL_4651.jpg,0,deepfake_collection_real,id,0.000000
R:\_Projects\Eurus_Workspace\HolmHz\data\raw_v2\rvf10k\rvf10k\train\fake\XYT20DL0PA.jpg,1,rvf10k_train_fake,id,0.000000
R:\_Projects\Eurus_Workspace\HolmHz\data\raw_v2\deepdetect2025\ddata\train\fake\fake_026105.jpg,1,dd2025_fake,id,0.000398
R:\_Projects\Eurus_Workspace\HolmHz\data\raw_v2\rvf10k\rvf10k\train\real\23356.jpg,0,rvf10k_train_real,id,0.000000
R:\_Projects\Eurus_Workspace\HolmHz\data\raw_v2\diffusion_fakes\Real\REAL_2918.jpg,0,deepfake_collection_real,id,0.000000
R:\_Projects\Eurus_Workspace\HolmHz\data\raw_v2\deepdetect2025\ddata\train\real\20384.jpg,0,dd2025_real,id,0.000000
R:\_Projects\Eurus_Workspace\HolmHz\data\raw_v2\diffusion_fakes\Stable Diffusion\Stable_Diffusion_723.jpg,1,sd_fake,id,0.000692
R:\_Projects\Eurus_Workspace\HolmHz\data\raw_v2\rvf10k\rvf10k\valid\real\63594.jpg,0,rvf10k_valid_real,id,0.000000
R:\_Projects\Eurus_Workspace\HolmHz\data\raw_v2\rvf10k\rvf10k\train\real\07432.jpg,0,rvf10k_train_real,id,0.000000
R:\_Projects\Eurus_Workspace\HolmHz\data\raw_v2\rvf10k\rvf10k\valid\fake\MGY8X35TI0.jpg,1,rvf10k_valid_fake,id,0.000000
R:\_Projects\Eurus_Workspace\HolmHz\data\raw_v2\rvf10k\rvf10k\valid\real\17315.jpg,0,rvf10k_valid_real,id,0.000000
R:\_Projects\Eurus_Workspace\HolmHz\data\raw_v2\rvf10k\rvf10k\train\fake\UXW01WUKS9.jpg,1,rvf10k_train_fake,id,0.000000
R:\_Projects\Eurus_Workspace\HolmHz\data\raw_v2\ciplab_faces\real_and_fake_face_detection\real_and_fake_face\training_fake\mid_40_1111.jpg,1,ciplab_training_fake,id,0.000000
R:\_Projects\Eurus_Workspace\HolmHz\data\raw_v2\rvf10k\rvf10k\train\real\59328.jpg,0,rvf10k_train_real,id,0.000000
R:\_Projects\Eurus_Workspace\HolmHz\data\raw_v2\diffusion_fakes\DALL-E\DALL-E_1567.jpg,1,dalle_fake,id,0.000000
R:\_Projects\Eurus_Workspace\HolmHz\data\raw_v2\deepdetect2025\ddata\train\real\45564.jpg,0,dd2025_real,id,0.000000
R:\_Projects\Eurus_Workspace\HolmHz\data\raw_v2\deepdetect2025\ddata\train\real\37989.jpg,0,dd2025_real,id,0.000000
R:\_Projects\Eurus_Workspace\HolmHz\data\raw_v2\rvf10k\rvf10k\valid\real\32650.jpg,0,rvf10k_valid_real,id,0.000000
R:\_Projects\Eurus_Workspace\HolmHz\data\raw_v2\rvf10k\rvf10k\valid\real\29908.jpg,0,rvf10k_valid_real,id,0.000000
R:\_Projects\Eurus_Workspace\HolmHz\data\raw_v2\ciplab_faces\real_and_fake_face\training_real\real_00110.jpg,0,ciplab_training_real,id,0.000000
R:\_Projects\Eurus_Workspace\HolmHz\data\raw_v2\rvf10k\rvf10k\valid\real\22936.jpg,0,rvf10k_valid_real,id,0.000000
R:\_Projects\Eurus_Workspace\HolmHz\data\raw_v2\deepdetect2025\ddata\train\real\18222.jpg,0,dd2025_real,id,0.000004
R:\_Projects\Eurus_Workspace\HolmHz\data\raw_v2\diffusion_fakes\DALL-E\DALL-E_0851.jpg,1,dalle_fake,id,0.000000
R:\_Projects\Eurus_Workspace\HolmHz\data\raw_v2\rvf10k\rvf10k\train\fake\BX5AWD0QJ8.jpg,1,rvf10k_train_fake,id,0.000000
R:\_Projects\Eurus_Workspace\HolmHz\data\raw_v2\deepdetect2025\ddata\train\fake\fake_032621.jpg,1,dd2025_fake,id,0.000000
R:\_Projects\Eurus_Workspace\HolmHz\data\raw_v2\diffusion_fakes\DALL-E\DALL-E_1730.jpg,1,dalle_fake,id,0.000000
R:\_Projects\Eurus_Workspace\HolmHz\data\raw_v2\ciplab_faces\real_and_fake_face_detection\real_and_fake_face\training_real\real_00548.jpg,0,ciplab_training_real,id,0.000021
R:\_Projects\Eurus_Workspace\HolmHz\data\raw_v2\deepdetect2025\ddata\train\fake\fake_024305.jpg,1,dd2025_fake,id,0.000001
R:\_Projects\Eurus_Workspace\HolmHz\data\raw_v2\rvf10k\rvf10k\valid\real\50629.jpg,0,rvf10k_valid_real,id,0.000606
R:\_Projects\Eurus_Workspace\HolmHz\data\raw_v2\diffusion_fakes\Stable Diffusion\Stable_Diffusion_1878.jpg,1,sd_fake,id,0.000000
R:\_Projects\Eurus_Workspace\HolmHz\data\raw_v2\diffusion_fakes\Stable Diffusion\Stable_Diffusion_1256.jpg,1,sd_fake,id,0.000000
R:\_Projects\Eurus_Workspace\HolmHz\data\raw_v2\diffusion_fakes\Real\REAL_2484.jpg,0,deepfake_collection_real,id,0.000000
R:\_Projects\Eurus_Workspace\HolmHz\data\raw_v2\deepdetect2025\ddata\train\fake\fake_028543.jpg,1,dd2025_fake,id,0.000038
R:\_Projects\Eurus_Workspace\HolmHz\data\raw_v2\rvf10k\rvf10k\train\real\09523.jpg,0,rvf10k_train_real,id,0.000000
R:\_Projects\Eurus_Workspace\HolmHz\data\raw_v2\diffusion_fakes\Stable Diffusion\Stable_Diffusion_1959.jpg,1,sd_fake,id,0.000002
R:\_Projects\Eurus_Workspace\HolmHz\data\raw_v2\ciplab_faces\real_and_fake_face\training_fake\mid_32_1111.jpg,1,ciplab_training_fake,id,0.000000
R:\_Projects\Eurus_Workspace\HolmHz\data\raw_v2\deepdetect2025\ddata\train\real\40903.jpg,0,dd2025_real,id,0.000000
R:\_Projects\Eurus_Workspace\HolmHz\data\raw_v2\deepdetect2025\ddata\train\real\53305.jpg,0,dd2025_real,id,0.000000
R:\_Projects\Eurus_Workspace\HolmHz\data\raw_v2\deepdetect2025\ddata\train\fake\fake_030694.jpg,1,dd2025_fake,id,0.740140
R:\_Projects\Eurus_Workspace\HolmHz\data\raw_v2\rvf10k\rvf10k\train\fake\LKNXJP74GU.jpg,1,rvf10k_train_fake,id,0.000000
R:\_Projects\Eurus_Workspace\HolmHz\data\raw_v2\diffusion_fakes\Stable Diffusion\Stable_Diffusion_1299.jpg,1,sd_fake,id,0.000002
R:\_Projects\Eurus_Workspace\HolmHz\data\raw_v2\diffusion_fakes\Real\REAL_3742.jpg,0,deepfake_collection_real,id,0.000000
R:\_Projects\Eurus_Workspace\HolmHz\data\raw_v2\rvf10k\rvf10k\train\fake\O6XLWRSNKG.jpg,1,rvf10k_train_fake,id,0.061538
R:\_Projects\Eurus_Workspace\HolmHz\data\raw_v2\rvf10k\rvf10k\train\real\63210.jpg,0,rvf10k_train_real,id,0.000000
R:\_Projects\Eurus_Workspace\HolmHz\data\raw_v2\ciplab_faces\real_and_fake_face_detection\real_and_fake_face\training_real\real_00784.jpg,0,ciplab_training_real,id,0.000000
R:\_Projects\Eurus_Workspace\HolmHz\data\raw_v2\diffusion_fakes\Real\REAL_5760.jpg,0,deepfake_collection_real,id,0.000000
R:\_Projects\Eurus_Workspace\HolmHz\data\raw_v2\rvf10k\rvf10k\train\real\38467.jpg,0,rvf10k_train_real,id,0.000000
R:\_Projects\Eurus_Workspace\HolmHz\data\raw_v2\rvf10k\rvf10k\train\real\40164.jpg,0,rvf10k_train_real,id,0.000000
R:\_Projects\Eurus_Workspace\HolmHz\data\raw_v2\deepdetect2025\ddata\train\real\23569.jpg,0,dd2025_real,id,0.000000
R:\_Projects\Eurus_Workspace\HolmHz\data\raw_v2\diffusion_fakes\Midjourney\Midjourney_0512.png,1,midjourney_fake,id,0.000000
R:\_Projects\Eurus_Workspace\HolmHz\data\raw_v2\diffusion_fakes\Stable Diffusion\Stable_Diffusion_471.jpg,1,sd_fake,id,0.000000
R:\_Projects\Eurus_Workspace\HolmHz\data\raw_v2\deepdetect2025\ddata\train\fake\fake_009908.jpg,1,dd2025_fake,id,0.000000
R:\_Projects\Eurus_Workspace\HolmHz\data\raw_v2\diffusion_fakes\Real\REAL_3905.jpg,0,deepfake_collection_real,id,0.000000
R:\_Projects\Eurus_Workspace\HolmHz\data\raw_v2\rvf10k\rvf10k\valid\real\49373.jpg,0,rvf10k_valid_real,id,0.000000
R:\_Projects\Eurus_Workspace\HolmHz\data\raw_v2\deepdetect2025\ddata\train\fake\fake_014728.jpg,1,dd2025_fake,id,0.000001
R:\_Projects\Eurus_Workspace\HolmHz\data\raw_v2\rvf10k\rvf10k\train\real\12039.jpg,0,rvf10k_train_real,id,0.000000
R:\_Projects\Eurus_Workspace\HolmHz\data\raw_v2\deepdetect2025\ddata\train\real\14122.jpg,0,dd2025_real,id,0.000000
R:\_Projects\Eurus_Workspace\HolmHz\data\raw_v2\rvf10k\rvf10k\train\fake\E88QV3412C.jpg,1,rvf10k_train_fake,id,0.000001
R:\_Projects\Eurus_Workspace\HolmHz\data\raw_v2\diffusion_fakes\Real\REAL_0949.jpg,0,deepfake_collection_real,id,0.000000
R:\_Projects\Eurus_Workspace\HolmHz\data\raw_v2\deepdetect2025\ddata\train\fake\fake_037715.jpg,1,dd2025_fake,id,0.000000
R:\_Projects\Eurus_Workspace\HolmHz\data\raw_v2\rvf10k\rvf10k\train\fake\WR1KQZP9VK.jpg,1,rvf10k_train_fake,id,0.001014
R:\_Projects\Eurus_Workspace\HolmHz\data\raw_v2\deepdetect2025\ddata\train\fake\fake_037401.jpg,1,dd2025_fake,id,0.000003
R:\_Projects\Eurus_Workspace\HolmHz\data\raw_v2\rvf10k\rvf10k\train\fake\TXMCHF3ICP.jpg,1,rvf10k_train_fake,id,0.000000
R:\_Projects\Eurus_Workspace\HolmHz\data\raw_v2\deepdetect2025\ddata\train\fake\fake_022699.jpg,1,dd2025_fake,id,0.000325
R:\_Projects\Eurus_Workspace\HolmHz\data\raw_v2\deepdetect2025\ddata\train\real\62289.jpg,0,dd2025_real,id,0.000000
R:\_Projects\Eurus_Workspace\HolmHz\data\raw_v2\ciplab_faces\real_and_fake_face\training_real\real_01053.jpg,0,ciplab_training_real,id,0.000000
R:\_Projects\Eurus_Workspace\HolmHz\data\raw_v2\rvf10k\rvf10k\valid\real\15396.jpg,0,rvf10k_valid_real,id,0.000000
R:\_Projects\Eurus_Workspace\HolmHz\data\raw_v2\rvf10k\rvf10k\train\real\18611.jpg,0,rvf10k_train_real,id,0.000000
R:\_Projects\Eurus_Workspace\HolmHz\data\raw_v2\diffusion_fakes\Real\REAL_4902.jpg,0,deepfake_collection_real,id,0.000000
R:\_Projects\Eurus_Workspace\HolmHz\data\raw_v2\diffusion_fakes\Stable Diffusion\Stable_Diffusion_525.jpg,1,sd_fake,id,0.000000
R:\_Projects\Eurus_Workspace\HolmHz\data\raw_v2\deepdetect2025\ddata\train\fake\fake_003894.jpg,1,dd2025_fake,id,0.000000
R:\_Projects\Eurus_Workspace\HolmHz\data\raw_v2\deepdetect2025\ddata\train\real\06404.jpg,0,dd2025_real,id,0.000000
R:\_Projects\Eurus_Workspace\HolmHz\data\raw_v2\diffusion_fakes\Real\REAL_4496.jpg,0,deepfake_collection_real,id,0.000000
R:\_Projects\Eurus_Workspace\HolmHz\data\raw_v2\diffusion_fakes\Real\REAL_5663.jpg,0,deepfake_collection_real,id,0.000553
R:\_Projects\Eurus_Workspace\HolmHz\data\raw_v2\diffusion_fakes\DALL-E\DALL-E_0595.jpg,1,dalle_fake,id,0.000000
R:\_Projects\Eurus_Workspace\HolmHz\data\raw_v2\rvf10k\rvf10k\train\real\14962.jpg,0,rvf10k_train_real,id,0.000000
R:\_Projects\Eurus_Workspace\HolmHz\data\raw_v2\ciplab_faces\real_and_fake_face_detection\real_and_fake_face\training_real\real_00540.jpg,0,ciplab_training_real,id,0.000000
R:\_Projects\Eurus_Workspace\HolmHz\data\raw_v2\rvf10k\rvf10k\train\real\50872.jpg,0,rvf10k_train_real,id,0.000000
R:\_Projects\Eurus_Workspace\HolmHz\data\raw_v2\rvf10k\rvf10k\train\real\42095.jpg,0,rvf10k_train_real,id,0.000000
R:\_Projects\Eurus_Workspace\HolmHz\data\raw_v2\diffusion_fakes\Stable Diffusion\Stable_Diffusion_397.jpg,1,sd_fake,id,0.000000
R:\_Projects\Eurus_Workspace\HolmHz\data\raw_v2\rvf10k\rvf10k\valid\real\64461.jpg,0,rvf10k_valid_real,id,0.000000
R:\_Projects\Eurus_Workspace\HolmHz\data\raw_v2\deepdetect2025\ddata\train\fake\fake_025549.jpg,1,dd2025_fake,id,0.000003
R:\_Projects\Eurus_Workspace\HolmHz\data\raw_v2\deepdetect2025\ddata\train\real\50245.jpg,0,dd2025_real,id,0.000000
R:\_Projects\Eurus_Workspace\HolmHz\data\raw_v2\diffusion_fakes\Real\REAL_3393.jpg,0,deepfake_collection_real,id,0.000000
R:\_Projects\Eurus_Workspace\HolmHz\data\raw_v2\rvf10k\rvf10k\train\fake\FLRT9AHL98.jpg,1,rvf10k_train_fake,id,0.006258
R:\_Projects\Eurus_Workspace\HolmHz\data\raw_v2\deepdetect2025\ddata\train\fake\fake_003204.jpg,1,dd2025_fake,id,0.000000
R:\_Projects\Eurus_Workspace\HolmHz\data\raw_v2\deepdetect2025\ddata\train\fake\fake_037921.jpg,1,dd2025_fake,id,0.002159
R:\_Projects\Eurus_Workspace\HolmHz\data\raw_v2\rvf10k\rvf10k\train\real\42764.jpg,0,rvf10k_train_real,id,0.000001
R:\_Projects\Eurus_Workspace\HolmHz\data\raw_v2\deepdetect2025\ddata\train\fake\fake_031088.jpg,1,dd2025_fake,id,0.000000
R:\_Projects\Eurus_Workspace\HolmHz\data\raw_v2\rvf10k\rvf10k\valid\fake\LLRKAPU5K7.jpg,1,rvf10k_valid_fake,id,0.000000
R:\_Projects\Eurus_Workspace\HolmHz\data\raw_v2\ciplab_faces\real_and_fake_face\training_fake\mid_70_1111.jpg,1,ciplab_training_fake,id,0.000000
R:\_Projects\Eurus_Workspace\HolmHz\data\raw_v2\deepdetect2025\ddata\train\real\14078.jpg,0,dd2025_real,id,0.000000
R:\_Projects\Eurus_Workspace\HolmHz\data\raw_v2\rvf10k\rvf10k\train\fake\9KS61558UX.jpg,1,rvf10k_train_fake,id,0.004880
R:\_Projects\Eurus_Workspace\HolmHz\data\raw_v2\diffusion_fakes\DALL-E\DALL-E_1145.jpg,1,dalle_fake,id,0.000000
R:\_Projects\Eurus_Workspace\HolmHz\data\raw_v2\ciplab_faces\real_and_fake_face\training_real\real_00624.jpg,0,ciplab_training_real,id,0.000000
R:\_Projects\Eurus_Workspace\HolmHz\data\raw_v2\diffusion_fakes\Real\REAL_3844.jpg,0,deepfake_collection_real,id,0.000000
R:\_Projects\Eurus_Workspace\HolmHz\data\raw_v2\deepdetect2025\ddata\train\real\68213.jpg,0,dd2025_real,id,0.000000
R:\_Projects\Eurus_Workspace\HolmHz\data\raw_v2\diffusion_fakes\Real\REAL_2461.jpg,0,deepfake_collection_real,id,0.000003
R:\_Projects\Eurus_Workspace\HolmHz\data\raw_v2\diffusion_fakes\Real\REAL_3540.jpg,0,deepfake_collection_real,id,0.000000
R:\_Projects\Eurus_Workspace\HolmHz\data\raw_v2\diffusion_fakes\Real\REAL_2186.jpg,0,deepfake_collection_real,id,0.000000
R:\_Projects\Eurus_Workspace\HolmHz\data\raw_v2\rvf10k\rvf10k\valid\fake\4Q8BG7XFCS.jpg,1,rvf10k_valid_fake,id,0.000000
R:\_Projects\Eurus_Workspace\HolmHz\data\raw_v2\deepdetect2025\ddata\train\real\23646.jpg,0,dd2025_real,id,0.000000
R:\_Projects\Eurus_Workspace\HolmHz\data\raw_v2\diffusion_fakes\Stable Diffusion\Stable_Diffusion_1665.jpg,1,sd_fake,id,0.000000
R:\_Projects\Eurus_Workspace\HolmHz\data\raw_v2\deepdetect2025\ddata\train\fake\fake_016454.jpg,1,dd2025_fake,id,0.000000
R:\_Projects\Eurus_Workspace\HolmHz\data\raw_v2\rvf10k\rvf10k\train\real\04619.jpg,0,rvf10k_train_real,id,0.000000
R:\_Projects\Eurus_Workspace\HolmHz\data\raw_v2\deepdetect2025\ddata\train\real\16269.jpg,0,dd2025_real,id,0.000000
R:\_Projects\Eurus_Workspace\HolmHz\data\raw_v2\diffusion_fakes\Stable Diffusion\Stable_Diffusion_2021.jpg,1,sd_fake,id,0.000000
R:\_Projects\Eurus_Workspace\HolmHz\data\raw_v2\deepdetect2025\ddata\train\real\31245.jpg,0,dd2025_real,id,0.000000
R:\_Projects\Eurus_Workspace\HolmHz\data\raw_v2\rvf10k\rvf10k\train\real\66653.jpg,0,rvf10k_train_real,id,0.000000
R:\_Projects\Eurus_Workspace\HolmHz\data\raw_v2\diffusion_fakes\Real\REAL_5367.jpg,0,deepfake_collection_real,id,0.000001
R:\_Projects\Eurus_Workspace\HolmHz\data\raw_v2\diffusion_fakes\Midjourney\Midjourney_0562.png,1,midjourney_fake,id,0.000000
R:\_Projects\Eurus_Workspace\HolmHz\data\raw_v2\deepdetect2025\ddata\train\real\37903.jpg,0,dd2025_real,id,0.000000
R:\_Projects\Eurus_Workspace\HolmHz\data\raw_v2\deepdetect2025\ddata\train\real\34183.jpg,0,dd2025_real,id,0.000000
R:\_Projects\Eurus_Workspace\HolmHz\data\raw_v2\rvf10k\rvf10k\train\fake\QGNIO38NXV.jpg,1,rvf10k_train_fake,id,0.000001
R:\_Projects\Eurus_Workspace\HolmHz\data\raw_v2\diffusion_fakes\Real\REAL_0211.jpg,0,deepfake_collection_real,id,0.000000
R:\_Projects\Eurus_Workspace\HolmHz\data\raw_v2\rvf10k\rvf10k\train\fake\1HCZNZO90L.jpg,1,rvf10k_train_fake,id,0.000014
R:\_Projects\Eurus_Workspace\HolmHz\data\raw_v2\rvf10k\rvf10k\train\fake\1VRWQ8E6AB.jpg,1,rvf10k_train_fake,id,0.000000
R:\_Projects\Eurus_Workspace\HolmHz\data\raw_v2\rvf10k\rvf10k\train\fake\3UANZ6LA7G.jpg,1,rvf10k_train_fake,id,0.000000
R:\_Projects\Eurus_Workspace\HolmHz\data\raw_v2\deepdetect2025\ddata\train\fake\fake_018106.jpg,1,dd2025_fake,id,0.000000
R:\_Projects\Eurus_Workspace\HolmHz\data\raw_v2\deepdetect2025\ddata\train\fake\fake_035355.png,1,dd2025_fake,id,0.019557
R:\_Projects\Eurus_Workspace\HolmHz\data\raw_v2\deepdetect2025\ddata\train\real\27218.jpg,0,dd2025_real,id,0.000000
R:\_Projects\Eurus_Workspace\HolmHz\data\raw_v2\diffusion_fakes\Stable Diffusion\Stable_Diffusion_243.jpg,1,sd_fake,id,0.000000
R:\_Projects\Eurus_Workspace\HolmHz\data\raw_v2\rvf10k\rvf10k\train\fake\BF9HENNNBD.jpg,1,rvf10k_train_fake,id,0.029589
R:\_Projects\Eurus_Workspace\HolmHz\data\raw_v2\diffusion_fakes\Real\REAL_5349.jpg,0,deepfake_collection_real,id,0.000000
R:\_Projects\Eurus_Workspace\HolmHz\data\raw_v2\diffusion_fakes\DALL-E\DALL-E_0897.jpg,1,dalle_fake,id,0.000000
R:\_Projects\Eurus_Workspace\HolmHz\data\raw_v2\rvf10k\rvf10k\train\real\25149.jpg,0,rvf10k_train_real,id,0.000000
R:\_Projects\Eurus_Workspace\HolmHz\data\raw_v2\deepdetect2025\ddata\train\real\45689.jpg,0,dd2025_real,id,0.000000
R:\_Projects\Eurus_Workspace\HolmHz\data\raw_v2\diffusion_fakes\Real\REAL_1833.jpg,0,deepfake_collection_real,id,0.000000
R:\_Projects\Eurus_Workspace\HolmHz\data\raw_v2\diffusion_fakes\Real\REAL_1293.jpg,0,deepfake_collection_real,id,0.000000
R:\_Projects\Eurus_Workspace\HolmHz\data\raw_v2\deepdetect2025\ddata\train\real\44074.jpg,0,dd2025_real,id,0.000000
R:\_Projects\Eurus_Workspace\HolmHz\data\raw_v2\deepdetect2025\ddata\train\fake\fake_012193.jpg,1,dd2025_fake,id,0.000000
R:\_Projects\Eurus_Workspace\HolmHz\data\raw_v2\deepdetect2025\ddata\train\fake\fake_004750.jpg,1,dd2025_fake,id,0.004534
R:\_Projects\Eurus_Workspace\HolmHz\data\raw_v2\deepdetect2025\ddata\train\real\09418.jpg,0,dd2025_real,id,0.000000
R:\_Projects\Eurus_Workspace\HolmHz\data\raw_v2\diffusion_fakes\Real\REAL_4454.jpg,0,deepfake_collection_real,id,0.000000
R:\_Projects\Eurus_Workspace\HolmHz\data\raw_v2\rvf10k\rvf10k\train\fake\QU8352ZTB6.jpg,1,rvf10k_train_fake,id,0.000000
R:\_Projects\Eurus_Workspace\HolmHz\data\raw_v2\diffusion_fakes\DALL-E\DALL-E_0273.jpg,1,dalle_fake,id,0.000001
R:\_Projects\Eurus_Workspace\HolmHz\data\raw_v2\deepdetect2025\ddata\train\real\26645.jpg,0,dd2025_real,id,0.000000
R:\_Projects\Eurus_Workspace\HolmHz\data\raw_v2\rvf10k\rvf10k\train\fake\R0QFVOVJG4.jpg,1,rvf10k_train_fake,id,0.000000
R:\_Projects\Eurus_Workspace\HolmHz\data\raw_v2\rvf10k\rvf10k\valid\real\28084.jpg,0,rvf10k_valid_real,id,0.000000
R:\_Projects\Eurus_Workspace\HolmHz\data\raw_v2\deepdetect2025\ddata\train\fake\fake_027419.jpg,1,dd2025_fake,id,0.000032
R:\_Projects\Eurus_Workspace\HolmHz\data\raw_v2\deepdetect2025\ddata\train\real\60489.jpg,0,dd2025_real,id,0.000000
R:\_Projects\Eurus_Workspace\HolmHz\data\raw_v2\diffusion_fakes\Real\REAL_3194.jpg,0,deepfake_collection_real,id,0.000000
R:\_Projects\Eurus_Workspace\HolmHz\data\raw_v2\diffusion_fakes\DALL-E\DALL-E_1049.jpg,1,dalle_fake,id,0.000000
R:\_Projects\Eurus_Workspace\HolmHz\data\raw_v2\deepdetect2025\ddata\train\fake\fake_010122.jpg,1,dd2025_fake,id,0.000001
R:\_Projects\Eurus_Workspace\HolmHz\data\raw_v2\rvf10k\rvf10k\train\fake\ISP7603RYX.jpg,1,rvf10k_train_fake,id,0.000000
R:\_Projects\Eurus_Workspace\HolmHz\data\raw_v2\rvf10k\rvf10k\train\real\65051.jpg,0,rvf10k_train_real,id,0.000000
R:\_Projects\Eurus_Workspace\HolmHz\data\raw_v2\ciplab_faces\real_and_fake_face\training_real\real_00287.jpg,0,ciplab_training_real,id,0.000000
R:\_Projects\Eurus_Workspace\HolmHz\data\raw_v2\diffusion_fakes\Stable Diffusion\Stable_Diffusion_213.jpg,1,sd_fake,id,0.000000
R:\_Projects\Eurus_Workspace\HolmHz\data\raw_v2\deepdetect2025\ddata\train\real\24199.jpg,0,dd2025_real,id,0.000000
R:\_Projects\Eurus_Workspace\HolmHz\data\raw_v2\diffusion_fakes\DALL-E\DALL-E_1637.jpg,1,dalle_fake,id,0.000000
R:\_Projects\Eurus_Workspace\HolmHz\data\raw_v2\rvf10k\rvf10k\train\fake\05NJ1PVNC4.jpg,1,rvf10k_train_fake,id,0.000045
R:\_Projects\Eurus_Workspace\HolmHz\data\raw_v2\diffusion_fakes\Real\REAL_4597.jpg,0,deepfake_collection_real,id,0.000023
R:\_Projects\Eurus_Workspace\HolmHz\data\raw_v2\deepdetect2025\ddata\train\fake\fake_005411.jpg,1,dd2025_fake,id,0.000000
R:\_Projects\Eurus_Workspace\HolmHz\data\raw_v2\rvf10k\rvf10k\train\fake\2HBSCT2XFT.jpg,1,rvf10k_train_fake,id,0.000053
R:\_Projects\Eurus_Workspace\HolmHz\data\raw_v2\rvf10k\rvf10k\train\real\30515.jpg,0,rvf10k_train_real,id,0.000000
R:\_Projects\Eurus_Workspace\HolmHz\data\raw_v2\diffusion_fakes\Real\REAL_1613.jpg,0,deepfake_collection_real,id,0.000000
R:\_Projects\Eurus_Workspace\HolmHz\data\raw_v2\rvf10k\rvf10k\valid\real\05721.jpg,0,rvf10k_valid_real,id,0.000000
R:\_Projects\Eurus_Workspace\HolmHz\data\raw_v2\rvf10k\rvf10k\train\fake\8JIVKNUW9E.jpg,1,rvf10k_train_fake,id,0.000011
R:\_Projects\Eurus_Workspace\HolmHz\data\raw_v2\deepdetect2025\ddata\train\fake\fake_029619.jpg,1,dd2025_fake,id,0.000000
R:\_Projects\Eurus_Workspace\HolmHz\data\raw_v2\deepdetect2025\ddata\train\real\28133.jpg,0,dd2025_real,id,0.000000
R:\_Projects\Eurus_Workspace\HolmHz\data\raw_v2\deepdetect2025\ddata\train\fake\fake_012122.jpg,1,dd2025_fake,id,0.818177
R:\_Projects\Eurus_Workspace\HolmHz\data\raw_v2\diffusion_fakes\Real\REAL_3070.jpg,0,deepfake_collection_real,id,0.000000
R:\_Projects\Eurus_Workspace\HolmHz\data\raw_v2\deepdetect2025\ddata\train\fake\fake_026130.jpg,1,dd2025_fake,id,0.000006
R:\_Projects\Eurus_Workspace\HolmHz\data\raw_v2\deepdetect2025\ddata\train\real\36453.jpg,0,dd2025_real,id,0.000000
R:\_Projects\Eurus_Workspace\HolmHz\data\raw_v2\deepdetect2025\ddata\train\fake\fake_014543.jpg,1,dd2025_fake,id,0.000000
R:\_Projects\Eurus_Workspace\HolmHz\data\raw_v2\ciplab_faces\real_and_fake_face\training_fake\hard_219_1101.jpg,1,ciplab_training_fake,id,0.000008
R:\_Projects\Eurus_Workspace\HolmHz\data\raw_v2\ciplab_faces\real_and_fake_face_detection\real_and_fake_face\training_real\real_00885.jpg,0,ciplab_training_real,id,0.000000
R:\_Projects\Eurus_Workspace\HolmHz\data\raw_v2\diffusion_fakes\Real\REAL_0926.jpg,0,deepfake_collection_real,id,0.000000
R:\_Projects\Eurus_Workspace\HolmHz\data\raw_v2\diffusion_fakes\Stable Diffusion\Stable_Diffusion_1623.jpg,1,sd_fake,id,0.000000
R:\_Projects\Eurus_Workspace\HolmHz\data\raw_v2\deepdetect2025\ddata\train\real\25055.jpg,0,dd2025_real,id,0.000000
R:\_Projects\Eurus_Workspace\HolmHz\data\raw_v2\rvf10k\rvf10k\train\fake\7TYLMB00W0.jpg,1,rvf10k_train_fake,id,0.011644
R:\_Projects\Eurus_Workspace\HolmHz\data\raw_v2\diffusion_fakes\Stable Diffusion\Stable_Diffusion_1521.jpg,1,sd_fake,id,0.000000
R:\_Projects\Eurus_Workspace\HolmHz\data\raw_v2\diffusion_fakes\Real\REAL_3946.jpg,0,deepfake_collection_real,id,0.000000
R:\_Projects\Eurus_Workspace\HolmHz\data\raw_v2\diffusion_fakes\Midjourney\Midjourney_0891.png,1,midjourney_fake,id,0.000000
R:\_Projects\Eurus_Workspace\HolmHz\data\raw_v2\diffusion_fakes\Real\REAL_1049.jpg,0,deepfake_collection_real,id,0.000000
R:\_Projects\Eurus_Workspace\HolmHz\data\raw_v2\ciplab_faces\real_and_fake_face\training_fake\mid_437_1101.jpg,1,ciplab_training_fake,id,0.000012
R:\_Projects\Eurus_Workspace\HolmHz\data\raw_v2\ciplab_faces\real_and_fake_face\training_real\real_00149.jpg,0,ciplab_training_real,id,0.000000
R:\_Projects\Eurus_Workspace\HolmHz\data\raw_v2\deepdetect2025\ddata\train\real\45224.jpg,0,dd2025_real,id,0.000000
R:\_Projects\Eurus_Workspace\HolmHz\data\raw_v2\deepdetect2025\ddata\train\real\33040.jpg,0,dd2025_real,id,0.000000
R:\_Projects\Eurus_Workspace\HolmHz\data\raw_v2\diffusion_fakes\Midjourney\Midjourney_0359.png,1,midjourney_fake,id,0.000000
R:\_Projects\Eurus_Workspace\HolmHz\data\raw_v2\ciplab_faces\real_and_fake_face\training_real\real_00685.jpg,0,ciplab_training_real,id,0.000000
R:\_Projects\Eurus_Workspace\HolmHz\data\raw_v2\rvf10k\rvf10k\valid\fake\LFTY2ZKRV5.jpg,1,rvf10k_valid_fake,id,0.000070
R:\_Projects\Eurus_Workspace\HolmHz\data\raw_v2\deepdetect2025\ddata\train\real\31541.jpg,0,dd2025_real,id,0.000000
R:\_Projects\Eurus_Workspace\HolmHz\data\raw_v2\deepdetect2025\ddata\train\fake\fake_040779.jpg,1,dd2025_fake,id,0.012108
R:\_Projects\Eurus_Workspace\HolmHz\data\raw_v2\diffusion_fakes\Midjourney\Midjourney_0244.png,1,midjourney_fake,id,0.000000
R:\_Projects\Eurus_Workspace\HolmHz\data\raw_v2\diffusion_fakes\Real\REAL_1068.jpg,0,deepfake_collection_real,id,0.000000
R:\_Projects\Eurus_Workspace\HolmHz\data\raw_v2\deepdetect2025\ddata\train\real\67134.jpg,0,dd2025_real,id,0.000000
R:\_Projects\Eurus_Workspace\HolmHz\data\raw_v2\rvf10k\rvf10k\train\fake\4FJ770652W.jpg,1,rvf10k_train_fake,id,0.000000
R:\_Projects\Eurus_Workspace\HolmHz\data\raw_v2\deepdetect2025\ddata\train\fake\fake_012672.jpg,1,dd2025_fake,id,0.000000
R:\_Projects\Eurus_Workspace\HolmHz\data\raw_v2\diffusion_fakes\Stable Diffusion\Stable_Diffusion_497.jpg,1,sd_fake,id,0.000000
R:\_Projects\Eurus_Workspace\HolmHz\data\raw_v2\diffusion_fakes\Stable Diffusion\Stable_Diffusion_944.jpg,1,sd_fake,id,0.000002
R:\_Projects\Eurus_Workspace\HolmHz\data\raw_v2\diffusion_fakes\Real\REAL_3928.jpg,0,deepfake_collection_real,id,0.000000
R:\_Projects\Eurus_Workspace\HolmHz\data\raw_v2\deepdetect2025\ddata\train\fake\fake_024386.jpg,1,dd2025_fake,id,0.000000
R:\_Projects\Eurus_Workspace\HolmHz\data\raw_v2\deepdetect2025\ddata\train\fake\fake_010454.jpg,1,dd2025_fake,id,0.000065
R:\_Projects\Eurus_Workspace\HolmHz\data\raw_v2\diffusion_fakes\Real\REAL_3947.jpg,0,deepfake_collection_real,id,0.000001
R:\_Projects\Eurus_Workspace\HolmHz\data\raw_v2\deepdetect2025\ddata\train\fake\fake_028778.jpg,1,dd2025_fake,id,0.000000
R:\_Projects\Eurus_Workspace\HolmHz\data\raw_v2\rvf10k\rvf10k\valid\real\04616.jpg,0,rvf10k_valid_real,id,0.000000
R:\_Projects\Eurus_Workspace\HolmHz\data\raw_v2\ciplab_faces\real_and_fake_face_detection\real_and_fake_face\training_real\real_00136.jpg,0,ciplab_training_real,id,0.000000
R:\_Projects\Eurus_Workspace\HolmHz\data\raw_v2\diffusion_fakes\Stable Diffusion\Stable_Diffusion_490.jpg,1,sd_fake,id,0.000000
R:\_Projects\Eurus_Workspace\HolmHz\data\raw_v2\ciplab_faces\real_and_fake_face_detection\real_and_fake_face\training_fake\mid_422_0011.jpg,1,ciplab_training_fake,id,0.000017
R:\_Projects\Eurus_Workspace\HolmHz\data\raw_v2\deepdetect2025\ddata\train\real\46831.jpg,0,dd2025_real,id,0.000000
R:\_Projects\Eurus_Workspace\HolmHz\data\raw_v2\rvf10k\rvf10k\train\fake\F0U3IO4HEU.jpg,1,rvf10k_train_fake,id,0.000004
R:\_Projects\Eurus_Workspace\HolmHz\data\raw_v2\deepdetect2025\ddata\train\fake\fake_016312.jpg,1,dd2025_fake,id,0.000018
R:\_Projects\Eurus_Workspace\HolmHz\data\raw_v2\diffusion_fakes\Real\REAL_4797.jpg,0,deepfake_collection_real,id,0.000000
R:\_Projects\Eurus_Workspace\HolmHz\data\raw_v2\rvf10k\rvf10k\train\fake\XGOYZCA4LZ.jpg,1,rvf10k_train_fake,id,0.000000
R:\_Projects\Eurus_Workspace\HolmHz\data\raw_v2\rvf10k\rvf10k\valid\real\46588.jpg,0,rvf10k_valid_real,id,0.000000
R:\_Projects\Eurus_Workspace\HolmHz\data\raw_v2\rvf10k\rvf10k\valid\real\15252.jpg,0,rvf10k_valid_real,id,0.000000
R:\_Projects\Eurus_Workspace\HolmHz\data\raw_v2\diffusion_fakes\Real\REAL_5352.jpg,0,deepfake_collection_real,id,0.000000
R:\_Projects\Eurus_Workspace\HolmHz\data\raw_v2\rvf10k\rvf10k\train\real\08503.jpg,0,rvf10k_train_real,id,0.000000
R:\_Projects\Eurus_Workspace\HolmHz\data\raw_v2\rvf10k\rvf10k\train\fake\67D72T2JZD.jpg,1,rvf10k_train_fake,id,0.001536
R:\_Projects\Eurus_Workspace\HolmHz\data\raw_v2\ciplab_faces\real_and_fake_face_detection\real_and_fake_face\training_real\real_00010.jpg,0,ciplab_training_real,id,0.000000
R:\_Projects\Eurus_Workspace\HolmHz\data\raw_v2\rvf10k\rvf10k\train\fake\0EHGGMDEDA.jpg,1,rvf10k_train_fake,id,0.000000
R:\_Projects\Eurus_Workspace\HolmHz\data\raw_v2\rvf10k\rvf10k\valid\fake\R4J0RQWFZM.jpg,1,rvf10k_valid_fake,id,0.000006
R:\_Projects\Eurus_Workspace\HolmHz\data\raw_v2\deepdetect2025\ddata\train\fake\fake_017697.jpg,1,dd2025_fake,id,0.000935
R:\_Projects\Eurus_Workspace\HolmHz\data\raw_v2\deepdetect2025\ddata\train\fake\fake_025843.jpg,1,dd2025_fake,id,0.018401
R:\_Projects\Eurus_Workspace\HolmHz\data\raw_v2\deepdetect2025\ddata\train\real\62221.jpg,0,dd2025_real,id,0.000000
R:\_Projects\Eurus_Workspace\HolmHz\data\raw_v2\deepdetect2025\ddata\train\fake\fake_037071.jpg,1,dd2025_fake,id,0.000000
R:\_Projects\Eurus_Workspace\HolmHz\data\raw_v2\diffusion_fakes\Real\REAL_5838.jpg,0,deepfake_collection_real,id,0.000000
R:\_Projects\Eurus_Workspace\HolmHz\data\raw_v2\deepdetect2025\ddata\train\real\45854.jpg,0,dd2025_real,id,0.000000
R:\_Projects\Eurus_Workspace\HolmHz\data\raw_v2\deepdetect2025\ddata\train\fake\fake_013557.jpg,1,dd2025_fake,id,0.000000
R:\_Projects\Eurus_Workspace\HolmHz\data\raw_v2\diffusion_fakes\Real\REAL_2017.jpg,0,deepfake_collection_real,id,0.000000
R:\_Projects\Eurus_Workspace\HolmHz\data\raw_v2\rvf10k\rvf10k\train\real\23160.jpg,0,rvf10k_train_real,id,0.000000
R:\_Projects\Eurus_Workspace\HolmHz\data\raw_v2\rvf10k\rvf10k\train\real\06356.jpg,0,rvf10k_train_real,id,0.000000
R:\_Projects\Eurus_Workspace\HolmHz\data\raw_v2\diffusion_fakes\Real\REAL_0251.jpg,0,deepfake_collection_real,id,0.000023
R:\_Projects\Eurus_Workspace\HolmHz\data\raw_v2\diffusion_fakes\Real\REAL_0429.jpg,0,deepfake_collection_real,id,0.000000
R:\_Projects\Eurus_Workspace\HolmHz\data\raw_v2\diffusion_fakes\Midjourney\Midjourney_0393.png,1,midjourney_fake,id,0.000000
R:\_Projects\Eurus_Workspace\HolmHz\data\raw_v2\diffusion_fakes\Midjourney\Midjourney_0383.png,1,midjourney_fake,id,0.000000
R:\_Projects\Eurus_Workspace\HolmHz\data\raw_v2\ciplab_faces\real_and_fake_face\training_real\real_00212.jpg,0,ciplab_training_real,id,0.000000
R:\_Projects\Eurus_Workspace\HolmHz\data\raw_v2\rvf10k\rvf10k\valid\real\00738.jpg,0,rvf10k_valid_real,id,0.000000
R:\_Projects\Eurus_Workspace\HolmHz\data\raw_v2\diffusion_fakes\Stable Diffusion\Stable_Diffusion_1555.jpg,1,sd_fake,id,0.000000
R:\_Projects\Eurus_Workspace\HolmHz\data\raw_v2\rvf10k\rvf10k\valid\fake\YPPQW1OSDE.jpg,1,rvf10k_valid_fake,id,0.000006
R:\_Projects\Eurus_Workspace\HolmHz\data\raw_v2\rvf10k\rvf10k\train\fake\UISE5VR9LC.jpg,1,rvf10k_train_fake,id,0.000000
R:\_Projects\Eurus_Workspace\HolmHz\data\raw_v2\deepdetect2025\ddata\train\real\21645.jpg,0,dd2025_real,id,0.000000
R:\_Projects\Eurus_Workspace\HolmHz\data\raw_v2\ciplab_faces\real_and_fake_face\training_real\real_00880.jpg,0,ciplab_training_real,id,0.000041
R:\_Projects\Eurus_Workspace\HolmHz\data\raw_v2\diffusion_fakes\Real\REAL_3815.jpg,0,deepfake_collection_real,id,0.000000
R:\_Projects\Eurus_Workspace\HolmHz\data\raw_v2\rvf10k\rvf10k\train\real\31804.jpg,0,rvf10k_train_real,id,0.000000
R:\_Projects\Eurus_Workspace\HolmHz\data\raw_v2\rvf10k\rvf10k\train\real\13099.jpg,0,rvf10k_train_real,id,0.000000
R:\_Projects\Eurus_Workspace\HolmHz\data\raw_v2\rvf10k\rvf10k\train\real\14292.jpg,0,rvf10k_train_real,id,0.000000
R:\_Projects\Eurus_Workspace\HolmHz\data\raw_v2\deepdetect2025\ddata\train\real\30903.jpg,0,dd2025_real,id,0.000000
R:\_Projects\Eurus_Workspace\HolmHz\data\raw_v2\deepdetect2025\ddata\train\real\67608.jpg,0,dd2025_real,id,0.000000
R:\_Projects\Eurus_Workspace\HolmHz\data\raw_v2\ciplab_faces\real_and_fake_face\training_fake\hard_116_1101.jpg,1,ciplab_training_fake,id,0.000002
R:\_Projects\Eurus_Workspace\HolmHz\data\raw_v2\deepdetect2025\ddata\train\real\29273.jpg,0,dd2025_real,id,0.000000
R:\_Projects\Eurus_Workspace\HolmHz\data\raw_v2\diffusion_fakes\DALL-E\DALL-E_0338.jpg,1,dalle_fake,id,0.000000
R:\_Projects\Eurus_Workspace\HolmHz\data\raw_v2\rvf10k\rvf10k\valid\real\31761.jpg,0,rvf10k_valid_real,id,0.000325
R:\_Projects\Eurus_Workspace\HolmHz\data\raw_v2\diffusion_fakes\DALL-E\DALL-E_1627.jpg,1,dalle_fake,id,0.000000
R:\_Projects\Eurus_Workspace\HolmHz\data\raw_v2\deepdetect2025\ddata\train\fake\fake_026686.jpg,1,dd2025_fake,id,0.000000
R:\_Projects\Eurus_Workspace\HolmHz\data\raw_v2\ciplab_faces\real_and_fake_face_detection\real_and_fake_face\training_real\real_00411.jpg,0,ciplab_training_real,id,0.000000
R:\_Projects\Eurus_Workspace\HolmHz\data\raw_v2\ciplab_faces\real_and_fake_face\training_real\real_00206.jpg,0,ciplab_training_real,id,0.000000
R:\_Projects\Eurus_Workspace\HolmHz\data\raw_v2\deepdetect2025\ddata\train\fake\fake_008634.jpg,1,dd2025_fake,id,0.007427
R:\_Projects\Eurus_Workspace\HolmHz\data\raw_v2\diffusion_fakes\Real\REAL_4213.jpg,0,deepfake_collection_real,id,0.000000
R:\_Projects\Eurus_Workspace\HolmHz\data\raw_v2\deepdetect2025\ddata\train\real\31703.jpg,0,dd2025_real,id,0.000000
R:\_Projects\Eurus_Workspace\HolmHz\data\raw_v2\ciplab_faces\real_and_fake_face\training_fake\easy_103_1111.jpg,1,ciplab_training_fake,id,0.000000
R:\_Projects\Eurus_Workspace\HolmHz\data\raw_v2\diffusion_fakes\Real\REAL_5301.jpg,0,deepfake_collection_real,id,0.000040
R:\_Projects\Eurus_Workspace\HolmHz\data\raw_v2\rvf10k\rvf10k\valid\fake\FK0FKS7CNX.jpg,1,rvf10k_valid_fake,id,0.000002
R:\_Projects\Eurus_Workspace\HolmHz\data\raw_v2\deepdetect2025\ddata\train\real\60040.jpg,0,dd2025_real,id,0.000000
R:\_Projects\Eurus_Workspace\HolmHz\data\raw_v2\ciplab_faces\real_and_fake_face\training_real\real_00314.jpg,0,ciplab_training_real,id,0.000000
R:\_Projects\Eurus_Workspace\HolmHz\data\raw_v2\deepdetect2025\ddata\train\real\34633.jpg,0,dd2025_real,id,0.000000
R:\_Projects\Eurus_Workspace\HolmHz\data\raw_v2\rvf10k\rvf10k\train\fake\167B1W2HMS.jpg,1,rvf10k_train_fake,id,0.000069
R:\_Projects\Eurus_Workspace\HolmHz\data\raw_v2\ciplab_faces\real_and_fake_face_detection\real_and_fake_face\training_fake\hard_55_0011.jpg,1,ciplab_training_fake,id,0.000000
R:\_Projects\Eurus_Workspace\HolmHz\data\raw_v2\deepdetect2025\ddata\train\real\55435.jpg,0,dd2025_real,id,0.000000
R:\_Projects\Eurus_Workspace\HolmHz\data\raw_v2\deepdetect2025\ddata\train\fake\fake_016337.jpg,1,dd2025_fake,id,0.000031
R:\_Projects\Eurus_Workspace\HolmHz\data\raw_v2\rvf10k\rvf10k\valid\real\33871.jpg,0,rvf10k_valid_real,id,0.000000
R:\_Projects\Eurus_Workspace\HolmHz\data\raw_v2\deepdetect2025\ddata\train\fake\fake_001326.jpg,1,dd2025_fake,id,0.000000
R:\_Projects\Eurus_Workspace\HolmHz\data\raw_v2\rvf10k\rvf10k\valid\fake\HB2K7MU4RN.jpg,1,rvf10k_valid_fake,id,0.000015
R:\_Projects\Eurus_Workspace\HolmHz\data\raw_v2\rvf10k\rvf10k\train\real\02732.jpg,0,rvf10k_train_real,id,0.000000
R:\_Projects\Eurus_Workspace\HolmHz\data\raw_v2\diffusion_fakes\Real\REAL_0132.jpg,0,deepfake_collection_real,id,0.000000
R:\_Projects\Eurus_Workspace\HolmHz\data\raw_v2\diffusion_fakes\Real\REAL_5529.jpg,0,deepfake_collection_real,id,0.000001
R:\_Projects\Eurus_Workspace\HolmHz\data\raw_v2\rvf10k\rvf10k\train\fake\RXIVPQAJUS.jpg,1,rvf10k_train_fake,id,0.000000
R:\_Projects\Eurus_Workspace\HolmHz\data\raw_v2\ciplab_faces\real_and_fake_face_detection\real_and_fake_face\training_fake\easy_57_0010.jpg,1,ciplab_training_fake,id,0.000000
R:\_Projects\Eurus_Workspace\HolmHz\data\raw_v2\deepdetect2025\ddata\train\fake\fake_003839.jpg,1,dd2025_fake,id,0.000006
R:\_Projects\Eurus_Workspace\HolmHz\data\raw_v2\diffusion_fakes\DALL-E\DALL-E_1278.jpg,1,dalle_fake,id,0.000000
R:\_Projects\Eurus_Workspace\HolmHz\data\raw_v2\ciplab_faces\real_and_fake_face\training_fake\mid_179_1111.jpg,1,ciplab_training_fake,id,0.000000
R:\_Projects\Eurus_Workspace\HolmHz\data\raw_v2\deepdetect2025\ddata\train\fake\fake_029365.jpg,1,dd2025_fake,id,0.000001
R:\_Projects\Eurus_Workspace\HolmHz\data\raw_v2\rvf10k\rvf10k\valid\fake\DE111X6N4M.jpg,1,rvf10k_valid_fake,id,0.152081
R:\_Projects\Eurus_Workspace\HolmHz\data\raw_v2\deepdetect2025\ddata\train\real\16770.jpg,0,dd2025_real,id,0.000000
R:\_Projects\Eurus_Workspace\HolmHz\data\raw_v2\rvf10k\rvf10k\train\fake\BHMR0DEI7O.jpg,1,rvf10k_train_fake,id,0.000149
R:\_Projects\Eurus_Workspace\HolmHz\data\raw_v2\diffusion_fakes\DALL-E\DALL-E_1962.jpg,1,dalle_fake,id,0.000000
R:\_Projects\Eurus_Workspace\HolmHz\data\raw_v2\rvf10k\rvf10k\valid\fake\XUS394I3OL.jpg,1,rvf10k_valid_fake,id,0.044188
R:\_Projects\Eurus_Workspace\HolmHz\data\raw_v2\diffusion_fakes\DALL-E\DALL-E_0551.jpg,1,dalle_fake,id,0.000000
R:\_Projects\Eurus_Workspace\HolmHz\data\raw_v2\rvf10k\rvf10k\train\real\11332.jpg,0,rvf10k_train_real,id,0.000000
R:\_Projects\Eurus_Workspace\HolmHz\data\raw_v2\rvf10k\rvf10k\train\fake\L3FXOJMQCS.jpg,1,rvf10k_train_fake,id,0.000017
R:\_Projects\Eurus_Workspace\HolmHz\data\raw_v2\diffusion_fakes\Real\REAL_5707.jpg,0,deepfake_collection_real,id,0.000000
R:\_Projects\Eurus_Workspace\HolmHz\data\raw_v2\rvf10k\rvf10k\train\real\24021.jpg,0,rvf10k_train_real,id,0.000000
R:\_Projects\Eurus_Workspace\HolmHz\data\raw_v2\rvf10k\rvf10k\train\real\16341.jpg,0,rvf10k_train_real,id,0.000000
R:\_Projects\Eurus_Workspace\HolmHz\data\raw_v2\ciplab_faces\real_and_fake_face\training_real\real_01081.jpg,0,ciplab_training_real,id,0.000000
R:\_Projects\Eurus_Workspace\HolmHz\data\raw_v2\diffusion_fakes\Real\REAL_3230.jpg,0,deepfake_collection_real,id,0.000033
R:\_Projects\Eurus_Workspace\HolmHz\data\raw_v2\deepdetect2025\ddata\train\fake\fake_021400.jpg,1,dd2025_fake,id,0.005490
R:\_Projects\Eurus_Workspace\HolmHz\data\raw_v2\deepdetect2025\ddata\train\fake\fake_020818.jpg,1,dd2025_fake,id,0.000037
R:\_Projects\Eurus_Workspace\HolmHz\data\raw_v2\rvf10k\rvf10k\train\real\53562.jpg,0,rvf10k_train_real,id,0.000000
R:\_Projects\Eurus_Workspace\HolmHz\data\raw_v2\rvf10k\rvf10k\valid\real\68702.jpg,0,rvf10k_valid_real,id,0.000000
R:\_Projects\Eurus_Workspace\HolmHz\data\raw_v2\rvf10k\rvf10k\valid\real\00092.jpg,0,rvf10k_valid_real,id,0.000000
R:\_Projects\Eurus_Workspace\HolmHz\data\raw_v2\rvf10k\rvf10k\train\real\57164.jpg,0,rvf10k_train_real,id,0.000000
R:\_Projects\Eurus_Workspace\HolmHz\data\raw_v2\rvf10k\rvf10k\train\fake\3SI08NSM20.jpg,1,rvf10k_train_fake,id,0.000000
R:\_Projects\Eurus_Workspace\HolmHz\data\raw_v2\diffusion_fakes\DALL-E\DALL-E_0007.jpg,1,dalle_fake,id,0.000000
R:\_Projects\Eurus_Workspace\HolmHz\data\raw_v2\ciplab_faces\real_and_fake_face\training_real\real_00396.jpg,0,ciplab_training_real,id,0.000000
R:\_Projects\Eurus_Workspace\HolmHz\data\raw_v2\diffusion_fakes\Midjourney\Midjourney_0434.png,1,midjourney_fake,id,0.000000
R:\_Projects\Eurus_Workspace\HolmHz\data\raw_v2\diffusion_fakes\Real\REAL_3767.jpg,0,deepfake_collection_real,id,0.000000
R:\_Projects\Eurus_Workspace\HolmHz\data\raw_v2\rvf10k\rvf10k\train\fake\RJW3ZHGK3B.jpg,1,rvf10k_train_fake,id,0.000035
R:\_Projects\Eurus_Workspace\HolmHz\data\raw_v2\rvf10k\rvf10k\valid\real\35012.jpg,0,rvf10k_valid_real,id,0.000000
R:\_Projects\Eurus_Workspace\HolmHz\data\raw_v2\rvf10k\rvf10k\train\fake\LAOUOW32UF.jpg,1,rvf10k_train_fake,id,0.000004
R:\_Projects\Eurus_Workspace\HolmHz\data\raw_v2\diffusion_fakes\Real\REAL_2787.jpg,0,deepfake_collection_real,id,0.000000
R:\_Projects\Eurus_Workspace\HolmHz\data\raw_v2\rvf10k\rvf10k\train\fake\5IH27YA7BH.jpg,1,rvf10k_train_fake,id,0.003395
R:\_Projects\Eurus_Workspace\HolmHz\data\raw_v2\diffusion_fakes\DALL-E\DALL-E_0769.jpg,1,dalle_fake,id,0.000000
R:\_Projects\Eurus_Workspace\HolmHz\data\raw_v2\ciplab_faces\real_and_fake_face_detection\real_and_fake_face\training_real\real_01011.jpg,0,ciplab_training_real,id,0.000000
R:\_Projects\Eurus_Workspace\HolmHz\data\raw_v2\rvf10k\rvf10k\train\fake\YNMK7JZCXZ.jpg,1,rvf10k_train_fake,id,0.000698
R:\_Projects\Eurus_Workspace\HolmHz\data\raw_v2\rvf10k\rvf10k\valid\real\20399.jpg,0,rvf10k_valid_real,id,0.000000
R:\_Projects\Eurus_Workspace\HolmHz\data\raw_v2\deepdetect2025\ddata\train\real\55287.jpg,0,dd2025_real,id,0.000000
R:\_Projects\Eurus_Workspace\HolmHz\data\raw_v2\diffusion_fakes\Midjourney\Midjourney_0924.png,1,midjourney_fake,id,0.000000
R:\_Projects\Eurus_Workspace\HolmHz\data\raw_v2\rvf10k\rvf10k\train\fake\0HKDI5PAFU.jpg,1,rvf10k_train_fake,id,0.000009
R:\_Projects\Eurus_Workspace\HolmHz\data\raw_v2\deepdetect2025\ddata\train\real\43511.jpg,0,dd2025_real,id,0.000000
R:\_Projects\Eurus_Workspace\HolmHz\data\raw_v2\deepdetect2025\ddata\train\fake\fake_026033.jpg,1,dd2025_fake,id,0.000000
R:\_Projects\Eurus_Workspace\HolmHz\data\raw_v2\ciplab_faces\real_and_fake_face_detection\real_and_fake_face\training_real\real_00478.jpg,0,ciplab_training_real,id,0.000000
R:\_Projects\Eurus_Workspace\HolmHz\data\raw_v2\deepdetect2025\ddata\train\real\63034.jpg,0,dd2025_real,id,0.000000
R:\_Projects\Eurus_Workspace\HolmHz\data\raw_v2\rvf10k\rvf10k\train\real\23047.jpg,0,rvf10k_train_real,id,0.000000
R:\_Projects\Eurus_Workspace\HolmHz\data\raw_v2\rvf10k\rvf10k\train\fake\NS6OM82X72.jpg,1,rvf10k_train_fake,id,0.000000
R:\_Projects\Eurus_Workspace\HolmHz\data\raw_v2\diffusion_fakes\DALL-E\DALL-E_1170.jpg,1,dalle_fake,id,0.000000
R:\_Projects\Eurus_Workspace\HolmHz\data\raw_v2\rvf10k\rvf10k\train\real\36195.jpg,0,rvf10k_train_real,id,0.000000
R:\_Projects\Eurus_Workspace\HolmHz\data\raw_v2\ciplab_faces\real_and_fake_face\training_real\real_00290.jpg,0,ciplab_training_real,id,0.000000
R:\_Projects\Eurus_Workspace\HolmHz\data\raw_v2\deepdetect2025\ddata\train\fake\fake_037051.jpg,1,dd2025_fake,id,0.000159
R:\_Projects\Eurus_Workspace\HolmHz\data\raw_v2\diffusion_fakes\Real\REAL_5100.jpg,0,deepfake_collection_real,id,0.000000
R:\_Projects\Eurus_Workspace\HolmHz\data\raw_v2\rvf10k\rvf10k\train\fake\RHSUHZ89CN.jpg,1,rvf10k_train_fake,id,0.000000
R:\_Projects\Eurus_Workspace\HolmHz\data\raw_v2\diffusion_fakes\Real\REAL_3254.jpg,0,deepfake_collection_real,id,0.000000
R:\_Projects\Eurus_Workspace\HolmHz\data\raw_v2\diffusion_fakes\DALL-E\DALL-E_0371.jpg,1,dalle_fake,id,0.000000
R:\_Projects\Eurus_Workspace\HolmHz\data\raw_v2\diffusion_fakes\Real\REAL_3645.jpg,0,deepfake_collection_real,id,0.000000
R:\_Projects\Eurus_Workspace\HolmHz\data\raw_v2\diffusion_fakes\DALL-E\DALL-E_1528.jpg,1,dalle_fake,id,0.000000
R:\_Projects\Eurus_Workspace\HolmHz\data\raw_v2\diffusion_fakes\Stable Diffusion\Stable_Diffusion_713.jpg,1,sd_fake,id,0.000000
R:\_Projects\Eurus_Workspace\HolmHz\data\raw_v2\deepdetect2025\ddata\train\fake\fake_036888.jpg,1,dd2025_fake,id,0.000000
R:\_Projects\Eurus_Workspace\HolmHz\data\raw_v2\deepdetect2025\ddata\train\fake\fake_005357.jpg,1,dd2025_fake,id,0.000000
R:\_Projects\Eurus_Workspace\HolmHz\data\raw_v2\deepdetect2025\ddata\train\real\66458.jpg,0,dd2025_real,id,0.000002
R:\_Projects\Eurus_Workspace\HolmHz\data\raw_v2\rvf10k\rvf10k\train\real\20289.jpg,0,rvf10k_train_real,id,0.000009
R:\_Projects\Eurus_Workspace\HolmHz\data\raw_v2\deepdetect2025\ddata\train\real\57768.jpg,0,dd2025_real,id,0.000000
R:\_Projects\Eurus_Workspace\HolmHz\data\raw_v2\rvf10k\rvf10k\train\real\36613.jpg,0,rvf10k_train_real,id,0.000000
R:\_Projects\Eurus_Workspace\HolmHz\data\raw_v2\deepdetect2025\ddata\train\fake\fake_031919.jpg,1,dd2025_fake,id,0.002643
R:\_Projects\Eurus_Workspace\HolmHz\data\raw_v2\deepdetect2025\ddata\train\real\36524.jpg,0,dd2025_real,id,0.000001
R:\_Projects\Eurus_Workspace\HolmHz\data\raw_v2\deepdetect2025\ddata\train\real\63652.jpg,0,dd2025_real,id,0.000000
R:\_Projects\Eurus_Workspace\HolmHz\data\raw_v2\deepdetect2025\ddata\train\fake\fake_035994.jpg,1,dd2025_fake,id,0.010818
R:\_Projects\Eurus_Workspace\HolmHz\data\raw_v2\rvf10k\rvf10k\train\fake\FVJ2QOIO3Z.jpg,1,rvf10k_train_fake,id,0.039705
R:\_Projects\Eurus_Workspace\HolmHz\data\raw_v2\rvf10k\rvf10k\train\fake\N6M2VRI4T5.jpg,1,rvf10k_train_fake,id,0.000000
R:\_Projects\Eurus_Workspace\HolmHz\data\raw_v2\rvf10k\rvf10k\train\real\13332.jpg,0,rvf10k_train_real,id,0.000027
R:\_Projects\Eurus_Workspace\HolmHz\data\raw_v2\ciplab_faces\real_and_fake_face\training_real\real_00025.jpg,0,ciplab_training_real,id,0.000000
R:\_Projects\Eurus_Workspace\HolmHz\data\raw_v2\rvf10k\rvf10k\train\real\62479.jpg,0,rvf10k_train_real,id,0.000000
R:\_Projects\Eurus_Workspace\HolmHz\data\raw_v2\diffusion_fakes\Stable Diffusion\Stable_Diffusion_673.jpg,1,sd_fake,id,0.000000
R:\_Projects\Eurus_Workspace\HolmHz\data\raw_v2\deepdetect2025\ddata\train\real\24375.jpg,0,dd2025_real,id,0.000000
R:\_Projects\Eurus_Workspace\HolmHz\data\raw_v2\deepdetect2025\ddata\train\fake\fake_024935.jpg,1,dd2025_fake,id,0.000000
R:\_Projects\Eurus_Workspace\HolmHz\data\raw_v2\deepdetect2025\ddata\train\real\33802.jpg,0,dd2025_real,id,0.000000
R:\_Projects\Eurus_Workspace\HolmHz\data\raw_v2\diffusion_fakes\Stable Diffusion\Stable_Diffusion_300.jpg,1,sd_fake,id,0.000000
R:\_Projects\Eurus_Workspace\HolmHz\data\raw_v2\diffusion_fakes\DALL-E\DALL-E_0816.jpg,1,dalle_fake,id,0.000000
R:\_Projects\Eurus_Workspace\HolmHz\data\raw_v2\rvf10k\rvf10k\train\fake\2M3VGIC85F.jpg,1,rvf10k_train_fake,id,0.000028
R:\_Projects\Eurus_Workspace\HolmHz\data\raw_v2\ciplab_faces\real_and_fake_face\training_real\real_00513.jpg,0,ciplab_training_real,id,0.000004
R:\_Projects\Eurus_Workspace\HolmHz\data\raw_v2\diffusion_fakes\Real\REAL_0859.jpg,0,deepfake_collection_real,id,0.000000
R:\_Projects\Eurus_Workspace\HolmHz\data\raw_v2\rvf10k\rvf10k\train\real\09070.jpg,0,rvf10k_train_real,id,0.000000
R:\_Projects\Eurus_Workspace\HolmHz\data\raw_v2\deepdetect2025\ddata\train\real\47992.jpg,0,dd2025_real,id,0.000000
R:\_Projects\Eurus_Workspace\HolmHz\data\raw_v2\diffusion_fakes\DALL-E\DALL-E_0094.jpg,1,dalle_fake,id,0.000000
R:\_Projects\Eurus_Workspace\HolmHz\data\raw_v2\rvf10k\rvf10k\train\real\53844.jpg,0,rvf10k_train_real,id,0.000000
R:\_Projects\Eurus_Workspace\HolmHz\data\raw_v2\diffusion_fakes\DALL-E\DALL-E_1235.jpg,1,dalle_fake,id,0.000000
R:\_Projects\Eurus_Workspace\HolmHz\data\raw_v2\deepdetect2025\ddata\train\real\13819.jpg,0,dd2025_real,id,0.000000
R:\_Projects\Eurus_Workspace\HolmHz\data\raw_v2\deepdetect2025\ddata\train\real\21648.jpg,0,dd2025_real,id,0.000000
R:\_Projects\Eurus_Workspace\HolmHz\data\raw_v2\rvf10k\rvf10k\train\real\08398.jpg,0,rvf10k_train_real,id,0.000000
R:\_Projects\Eurus_Workspace\HolmHz\data\raw_v2\ciplab_faces\real_and_fake_face_detection\real_and_fake_face\training_fake\mid_311_0011.jpg,1,ciplab_training_fake,id,0.000000
R:\_Projects\Eurus_Workspace\HolmHz\data\raw_v2\rvf10k\rvf10k\valid\fake\X10PVRCQFU.jpg,1,rvf10k_valid_fake,id,0.000000
R:\_Projects\Eurus_Workspace\HolmHz\data\raw_v2\deepdetect2025\ddata\train\fake\fake_023473.jpg,1,dd2025_fake,id,0.000018
R:\_Projects\Eurus_Workspace\HolmHz\data\raw_v2\deepdetect2025\ddata\train\fake\fake_033019.jpg,1,dd2025_fake,id,0.960711
R:\_Projects\Eurus_Workspace\HolmHz\data\raw_v2\rvf10k\rvf10k\train\real\36943.jpg,0,rvf10k_train_real,id,0.000000
R:\_Projects\Eurus_Workspace\HolmHz\data\raw_v2\diffusion_fakes\Real\REAL_3304.jpg,0,deepfake_collection_real,id,0.000000
R:\_Projects\Eurus_Workspace\HolmHz\data\raw_v2\diffusion_fakes\Real\REAL_3784.jpg,0,deepfake_collection_real,id,0.000000
R:\_Projects\Eurus_Workspace\HolmHz\data\raw_v2\deepdetect2025\ddata\train\real\55481.jpg,0,dd2025_real,id,0.000000
R:\_Projects\Eurus_Workspace\HolmHz\data\raw_v2\rvf10k\rvf10k\valid\fake\6ZG3XNZWMK.jpg,1,rvf10k_valid_fake,id,0.025159
R:\_Projects\Eurus_Workspace\HolmHz\data\raw_v2\deepdetect2025\ddata\train\fake\fake_015898.jpg,1,dd2025_fake,id,0.000014
R:\_Projects\Eurus_Workspace\HolmHz\data\raw_v2\rvf10k\rvf10k\train\fake\W8ODDPPK7Y.jpg,1,rvf10k_train_fake,id,0.000000
R:\_Projects\Eurus_Workspace\HolmHz\data\raw_v2\rvf10k\rvf10k\train\fake\YOHIFHJWTO.jpg,1,rvf10k_train_fake,id,0.000525
R:\_Projects\Eurus_Workspace\HolmHz\data\raw_v2\diffusion_fakes\Stable Diffusion\Stable_Diffusion_1519.jpg,1,sd_fake,id,0.000000
R:\_Projects\Eurus_Workspace\HolmHz\data\raw_v2\deepdetect2025\ddata\train\fake\fake_002167.jpg,1,dd2025_fake,id,0.000000
R:\_Projects\Eurus_Workspace\HolmHz\data\raw_v2\deepdetect2025\ddata\train\real\47426.jpg,0,dd2025_real,id,0.000000
R:\_Projects\Eurus_Workspace\HolmHz\data\raw_v2\deepdetect2025\ddata\train\fake\fake_001072.jpg,1,dd2025_fake,id,0.009769
R:\_Projects\Eurus_Workspace\HolmHz\data\raw_v2\camera_vs_ai\ai vs real photos\Ai_Images\92.jpg,1,camera_train_ai,id,0.000198
R:\_Projects\Eurus_Workspace\HolmHz\data\raw_v2\deepdetect2025\ddata\train\real\22958.jpg,0,dd2025_real,id,0.000000
R:\_Projects\Eurus_Workspace\HolmHz\data\raw_v2\diffusion_fakes\Real\REAL_5342.jpg,0,deepfake_collection_real,id,0.000000
R:\_Projects\Eurus_Workspace\HolmHz\data\raw_v2\ciplab_faces\real_and_fake_face\training_fake\hard_38_1110.jpg,1,ciplab_training_fake,id,0.000000
R:\_Projects\Eurus_Workspace\HolmHz\data\raw_v2\deepdetect2025\ddata\train\fake\fake_040604.jpg,1,dd2025_fake,id,0.000000
R:\_Projects\Eurus_Workspace\HolmHz\data\raw_v2\rvf10k\rvf10k\train\real\09051.jpg,0,rvf10k_train_real,id,0.000000
R:\_Projects\Eurus_Workspace\HolmHz\data\raw_v2\deepdetect2025\ddata\train\real\52696.jpg,0,dd2025_real,id,0.000000
R:\_Projects\Eurus_Workspace\HolmHz\data\raw_v2\rvf10k\rvf10k\train\real\44867.jpg,0,rvf10k_train_real,id,0.000000
R:\_Projects\Eurus_Workspace\HolmHz\data\raw_v2\rvf10k\rvf10k\valid\real\56540.jpg,0,rvf10k_valid_real,id,0.000000
R:\_Projects\Eurus_Workspace\HolmHz\data\raw_v2\deepdetect2025\ddata\train\real\36823.jpg,0,dd2025_real,id,0.000000
R:\_Projects\Eurus_Workspace\HolmHz\data\raw_v2\deepdetect2025\ddata\train\real\56515.jpg,0,dd2025_real,id,0.000000
R:\_Projects\Eurus_Workspace\HolmHz\data\raw_v2\diffusion_fakes\Real\REAL_0048.jpg,0,deepfake_collection_real,id,0.000000
R:\_Projects\Eurus_Workspace\HolmHz\data\raw_v2\diffusion_fakes\DALL-E\DALL-E_1992.jpg,1,dalle_fake,id,0.000000
R:\_Projects\Eurus_Workspace\HolmHz\data\raw_v2\rvf10k\rvf10k\train\fake\GA9ZZXDP63.jpg,1,rvf10k_train_fake,id,0.000000
R:\_Projects\Eurus_Workspace\HolmHz\data\raw_v2\diffusion_fakes\Real\REAL_1631.jpg,0,deepfake_collection_real,id,0.000000
R:\_Projects\Eurus_Workspace\HolmHz\data\raw_v2\deepdetect2025\ddata\train\real\62102.jpg,0,dd2025_real,id,0.000000
R:\_Projects\Eurus_Workspace\HolmHz\data\raw_v2\deepdetect2025\ddata\train\real\38606.jpg,0,dd2025_real,id,0.000000
R:\_Projects\Eurus_Workspace\HolmHz\data\raw_v2\ciplab_faces\real_and_fake_face_detection\real_and_fake_face\training_fake\hard_225_0011.jpg,1,ciplab_training_fake,id,0.000000
R:\_Projects\Eurus_Workspace\HolmHz\data\raw_v2\deepdetect2025\ddata\train\real\31275.jpg,0,dd2025_real,id,0.000000
R:\_Projects\Eurus_Workspace\HolmHz\data\raw_v2\diffusion_fakes\Real\REAL_2552.jpg,0,deepfake_collection_real,id,0.000000
R:\_Projects\Eurus_Workspace\HolmHz\data\raw_v2\diffusion_fakes\Real\REAL_1489.jpg,0,deepfake_collection_real,id,0.000000
R:\_Projects\Eurus_Workspace\HolmHz\data\raw_v2\rvf10k\rvf10k\train\real\10656.jpg,0,rvf10k_train_real,id,0.000000
R:\_Projects\Eurus_Workspace\HolmHz\data\raw_v2\deepdetect2025\ddata\train\fake\fake_018098.jpg,1,dd2025_fake,id,0.002544
R:\_Projects\Eurus_Workspace\HolmHz\data\raw_v2\rvf10k\rvf10k\train\real\22070.jpg,0,rvf10k_train_real,id,0.000000
R:\_Projects\Eurus_Workspace\HolmHz\data\raw_v2\diffusion_fakes\Real\REAL_5773.jpg,0,deepfake_collection_real,id,0.000000
R:\_Projects\Eurus_Workspace\HolmHz\data\raw_v2\rvf10k\rvf10k\train\real\06643.jpg,0,rvf10k_train_real,id,0.000000
R:\_Projects\Eurus_Workspace\HolmHz\data\raw_v2\deepdetect2025\ddata\train\fake\fake_013238.jpg,1,dd2025_fake,id,0.000000
R:\_Projects\Eurus_Workspace\HolmHz\data\raw_v2\diffusion_fakes\Real\REAL_3205.jpg,0,deepfake_collection_real,id,0.000000
R:\_Projects\Eurus_Workspace\HolmHz\data\raw_v2\deepdetect2025\ddata\train\real\17439.jpg,0,dd2025_real,id,0.000000
R:\_Projects\Eurus_Workspace\HolmHz\data\raw_v2\rvf10k\rvf10k\train\real\21511.jpg,0,rvf10k_train_real,id,0.000000
R:\_Projects\Eurus_Workspace\HolmHz\data\raw_v2\ciplab_faces\real_and_fake_face_detection\real_and_fake_face\training_fake\mid_349_1111.jpg,1,ciplab_training_fake,id,0.000000
R:\_Projects\Eurus_Workspace\HolmHz\data\raw_v2\rvf10k\rvf10k\train\real\27961.jpg,0,rvf10k_train_real,id,0.000000
R:\_Projects\Eurus_Workspace\HolmHz\data\raw_v2\deepdetect2025\ddata\train\real\13824.jpg,0,dd2025_real,id,0.000000
R:\_Projects\Eurus_Workspace\HolmHz\data\raw_v2\rvf10k\rvf10k\train\fake\OWRLH7C6RZ.jpg,1,rvf10k_train_fake,id,0.000000
R:\_Projects\Eurus_Workspace\HolmHz\data\raw_v2\rvf10k\rvf10k\train\real\15424.jpg,0,rvf10k_train_real,id,0.000000
R:\_Projects\Eurus_Workspace\HolmHz\data\raw_v2\diffusion_fakes\Midjourney\Midjourney_0275.png,1,midjourney_fake,id,0.000000
R:\_Projects\Eurus_Workspace\HolmHz\data\raw_v2\ciplab_faces\real_and_fake_face_detection\real_and_fake_face\training_real\real_00915.jpg,0,ciplab_training_real,id,0.000000
R:\_Projects\Eurus_Workspace\HolmHz\data\raw_v2\diffusion_fakes\Stable Diffusion\Stable_Diffusion_1102.jpg,1,sd_fake,id,0.000000
R:\_Projects\Eurus_Workspace\HolmHz\data\raw_v2\diffusion_fakes\Stable Diffusion\Stable_Diffusion_357.jpg,1,sd_fake,id,0.000000
R:\_Projects\Eurus_Workspace\HolmHz\data\raw_v2\diffusion_fakes\DALL-E\DALL-E_1228.jpg,1,dalle_fake,id,0.000000
R:\_Projects\Eurus_Workspace\HolmHz\data\raw_v2\deepdetect2025\ddata\train\real\53719.jpg,0,dd2025_real,id,0.000000
R:\_Projects\Eurus_Workspace\HolmHz\data\raw_v2\deepdetect2025\ddata\train\fake\fake_041144.jpg,1,dd2025_fake,id,0.000000
R:\_Projects\Eurus_Workspace\HolmHz\data\raw_v2\rvf10k\rvf10k\valid\fake\Z84C1DEY9V.jpg,1,rvf10k_valid_fake,id,0.000000
R:\_Projects\Eurus_Workspace\HolmHz\data\raw_v2\diffusion_fakes\DALL-E\DALL-E_0237.jpg,1,dalle_fake,id,0.000000
R:\_Projects\Eurus_Workspace\HolmHz\data\raw_v2\ciplab_faces\real_and_fake_face_detection\real_and_fake_face\training_fake\mid_129_0101.jpg,1,ciplab_training_fake,id,0.000000
R:\_Projects\Eurus_Workspace\HolmHz\data\raw_v2\rvf10k\rvf10k\valid\real\39158.jpg,0,rvf10k_valid_real,id,0.000000
R:\_Projects\Eurus_Workspace\HolmHz\data\raw_v2\ciplab_faces\real_and_fake_face\training_real\real_01026.jpg,0,ciplab_training_real,id,0.000000
R:\_Projects\Eurus_Workspace\HolmHz\data\raw_v2\diffusion_fakes\Real\REAL_2715.jpg,0,deepfake_collection_real,id,0.000000
R:\_Projects\Eurus_Workspace\HolmHz\data\raw_v2\rvf10k\rvf10k\train\fake\RIQB9B2JC8.jpg,1,rvf10k_train_fake,id,0.000011
R:\_Projects\Eurus_Workspace\HolmHz\data\raw_v2\rvf10k\rvf10k\train\fake\Q4H4QIQHES.jpg,1,rvf10k_train_fake,id,0.000001
R:\_Projects\Eurus_Workspace\HolmHz\data\raw_v2\diffusion_fakes\Real\REAL_0200.jpg,0,deepfake_collection_real,id,0.000002
R:\_Projects\Eurus_Workspace\HolmHz\data\raw_v2\ciplab_faces\real_and_fake_face\training_real\real_00904.jpg,0,ciplab_training_real,id,0.000194
R:\_Projects\Eurus_Workspace\HolmHz\data\raw_v2\deepdetect2025\ddata\train\real\43649.jpg,0,dd2025_real,id,0.000000
R:\_Projects\Eurus_Workspace\HolmHz\data\raw_v2\diffusion_fakes\Real\REAL_4037.jpg,0,deepfake_collection_real,id,0.000000
R:\_Projects\Eurus_Workspace\HolmHz\data\raw_v2\diffusion_fakes\Real\REAL_0689.jpg,0,deepfake_collection_real,id,0.000000
R:\_Projects\Eurus_Workspace\HolmHz\data\raw_v2\rvf10k\rvf10k\train\fake\6GLQQBYF4Z.jpg,1,rvf10k_train_fake,id,0.000431
R:\_Projects\Eurus_Workspace\HolmHz\data\raw_v2\diffusion_fakes\Real\REAL_5362.jpg,0,deepfake_collection_real,id,0.000000
R:\_Projects\Eurus_Workspace\HolmHz\data\raw_v2\rvf10k\rvf10k\train\fake\GXP8VRX4SD.jpg,1,rvf10k_train_fake,id,0.000021
R:\_Projects\Eurus_Workspace\HolmHz\data\raw_v2\ciplab_faces\real_and_fake_face_detection\real_and_fake_face\training_real\real_00387.jpg,0,ciplab_training_real,id,0.038947
R:\_Projects\Eurus_Workspace\HolmHz\data\raw_v2\deepdetect2025\ddata\train\real\29099.jpg,0,dd2025_real,id,0.000000
R:\_Projects\Eurus_Workspace\HolmHz\data\raw_v2\diffusion_fakes\DALL-E\DALL-E_0184.jpg,1,dalle_fake,id,0.000000
R:\_Projects\Eurus_Workspace\HolmHz\data\raw_v2\ciplab_faces\real_and_fake_face\training_real\real_00691.jpg,0,ciplab_training_real,id,0.000004
R:\_Projects\Eurus_Workspace\HolmHz\data\raw_v2\rvf10k\rvf10k\train\real\26774.jpg,0,rvf10k_train_real,id,0.000000
R:\_Projects\Eurus_Workspace\HolmHz\data\raw_v2\rvf10k\rvf10k\train\real\36932.jpg,0,rvf10k_train_real,id,0.000000
R:\_Projects\Eurus_Workspace\HolmHz\data\raw_v2\diffusion_fakes\Real\REAL_1059.jpg,0,deepfake_collection_real,id,0.000000
R:\_Projects\Eurus_Workspace\HolmHz\data\raw_v2\diffusion_fakes\Stable Diffusion\Stable_Diffusion_1567.jpg,1,sd_fake,id,0.000000
R:\_Projects\Eurus_Workspace\HolmHz\data\raw_v2\ciplab_faces\real_and_fake_face_detection\real_and_fake_face\training_fake\mid_320_1111.jpg,1,ciplab_training_fake,id,0.000000
R:\_Projects\Eurus_Workspace\HolmHz\data\raw_v2\rvf10k\rvf10k\train\real\60110.jpg,0,rvf10k_train_real,id,0.000000
R:\_Projects\Eurus_Workspace\HolmHz\data\raw_v2\deepdetect2025\ddata\train\real\45161.jpg,0,dd2025_real,id,0.000000
R:\_Projects\Eurus_Workspace\HolmHz\data\raw_v2\ciplab_faces\real_and_fake_face_detection\real_and_fake_face\training_fake\mid_240_1100.jpg,1,ciplab_training_fake,id,0.000000
R:\_Projects\Eurus_Workspace\HolmHz\data\raw_v2\deepdetect2025\ddata\train\fake\fake_038160.jpg,1,dd2025_fake,id,0.000099
R:\_Projects\Eurus_Workspace\HolmHz\data\raw_v2\deepdetect2025\ddata\train\real\55321.jpg,0,dd2025_real,id,0.000000
R:\_Projects\Eurus_Workspace\HolmHz\data\raw_v2\diffusion_fakes\DALL-E\DALL-E_0331.jpg,1,dalle_fake,id,0.000000
R:\_Projects\Eurus_Workspace\HolmHz\data\raw_v2\diffusion_fakes\Stable Diffusion\Stable_Diffusion_261.jpg,1,sd_fake,id,0.000000
R:\_Projects\Eurus_Workspace\HolmHz\data\raw_v2\diffusion_fakes\Stable Diffusion\Stable_Diffusion_1494.jpg,1,sd_fake,id,0.000000
R:\_Projects\Eurus_Workspace\HolmHz\data\raw_v2\diffusion_fakes\Midjourney\Midjourney_0659.png,1,midjourney_fake,id,0.000000
R:\_Projects\Eurus_Workspace\HolmHz\data\raw_v2\deepdetect2025\ddata\train\real\41379.jpg,0,dd2025_real,id,0.000000
R:\_Projects\Eurus_Workspace\HolmHz\data\raw_v2\ciplab_faces\real_and_fake_face_detection\real_and_fake_face\training_fake\mid_221_1100.jpg,1,ciplab_training_fake,id,0.000000
R:\_Projects\Eurus_Workspace\HolmHz\data\raw_v2\diffusion_fakes\Real\REAL_3384.jpg,0,deepfake_collection_real,id,0.000225
R:\_Projects\Eurus_Workspace\HolmHz\data\raw_v2\rvf10k\rvf10k\valid\fake\NCXUZBYVSE.jpg,1,rvf10k_valid_fake,id,0.000000
R:\_Projects\Eurus_Workspace\HolmHz\data\raw_v2\rvf10k\rvf10k\train\fake\ADN04DZX4N.jpg,1,rvf10k_train_fake,id,0.000013
R:\_Projects\Eurus_Workspace\HolmHz\data\raw_v2\deepdetect2025\ddata\train\real\11052.jpg,0,dd2025_real,id,0.000000
R:\_Projects\Eurus_Workspace\HolmHz\data\raw_v2\rvf10k\rvf10k\train\real\00559.jpg,0,rvf10k_train_real,id,0.000000
R:\_Projects\Eurus_Workspace\HolmHz\data\raw_v2\diffusion_fakes\Real\REAL_3444.jpg,0,deepfake_collection_real,id,0.000000
R:\_Projects\Eurus_Workspace\HolmHz\data\raw_v2\deepdetect2025\ddata\train\real\46111.jpg,0,dd2025_real,id,0.000000
R:\_Projects\Eurus_Workspace\HolmHz\data\raw_v2\diffusion_fakes\Real\REAL_5878.jpg,0,deepfake_collection_real,id,0.000000
R:\_Projects\Eurus_Workspace\HolmHz\data\raw_v2\diffusion_fakes\Real\REAL_5429.jpg,0,deepfake_collection_real,id,0.000000
R:\_Projects\Eurus_Workspace\HolmHz\data\raw_v2\deepdetect2025\ddata\train\fake\fake_028237.jpg,1,dd2025_fake,id,0.000020
R:\_Projects\Eurus_Workspace\HolmHz\data\raw_v2\diffusion_fakes\Midjourney\Midjourney_0090.png,1,midjourney_fake,id,0.000000
R:\_Projects\Eurus_Workspace\HolmHz\data\raw_v2\diffusion_fakes\Midjourney\Midjourney_0484.png,1,midjourney_fake,id,0.000000
R:\_Projects\Eurus_Workspace\HolmHz\data\raw_v2\rvf10k\rvf10k\valid\fake\ITTI7N7Z9T.jpg,1,rvf10k_valid_fake,id,0.000386
R:\_Projects\Eurus_Workspace\HolmHz\data\raw_v2\rvf10k\rvf10k\train\fake\UVK9ANIE9C.jpg,1,rvf10k_train_fake,id,0.836008
R:\_Projects\Eurus_Workspace\HolmHz\data\raw_v2\ciplab_faces\real_and_fake_face_detection\real_and_fake_face\training_fake\hard_11_1100.jpg,1,ciplab_training_fake,id,0.000000
R:\_Projects\Eurus_Workspace\HolmHz\data\raw_v2\rvf10k\rvf10k\train\real\31430.jpg,0,rvf10k_train_real,id,0.000000
R:\_Projects\Eurus_Workspace\HolmHz\data\raw_v2\deepdetect2025\ddata\train\fake\fake_025538.jpg,1,dd2025_fake,id,0.000007
R:\_Projects\Eurus_Workspace\HolmHz\data\raw_v2\diffusion_fakes\Stable Diffusion\Stable_Diffusion_1140.jpg,1,sd_fake,id,0.000484
R:\_Projects\Eurus_Workspace\HolmHz\data\raw_v2\rvf10k\rvf10k\train\real\00334.jpg,0,rvf10k_train_real,id,0.000000
R:\_Projects\Eurus_Workspace\HolmHz\data\raw_v2\deepdetect2025\ddata\train\real\37530.jpg,0,dd2025_real,id,0.000000
R:\_Projects\Eurus_Workspace\HolmHz\data\raw_v2\rvf10k\rvf10k\train\real\19341.jpg,0,rvf10k_train_real,id,0.000000
R:\_Projects\Eurus_Workspace\HolmHz\data\raw_v2\diffusion_fakes\Stable Diffusion\Stable_Diffusion_284.jpg,1,sd_fake,id,0.000000
R:\_Projects\Eurus_Workspace\HolmHz\data\raw_v2\rvf10k\rvf10k\valid\real\13089.jpg,0,rvf10k_valid_real,id,0.000000
R:\_Projects\Eurus_Workspace\HolmHz\data\raw_v2\diffusion_fakes\Stable Diffusion\Stable_Diffusion_1312.jpg,1,sd_fake,id,0.000043
R:\_Projects\Eurus_Workspace\HolmHz\data\raw_v2\diffusion_fakes\DALL-E\DALL-E_0803.jpg,1,dalle_fake,id,0.000000
R:\_Projects\Eurus_Workspace\HolmHz\data\raw_v2\diffusion_fakes\DALL-E\DALL-E_0324.jpg,1,dalle_fake,id,0.000000
R:\_Projects\Eurus_Workspace\HolmHz\data\raw_v2\deepdetect2025\ddata\train\fake\fake_021376.jpg,1,dd2025_fake,id,0.000002
R:\_Projects\Eurus_Workspace\HolmHz\data\raw_v2\rvf10k\rvf10k\train\real\08783.jpg,0,rvf10k_train_real,id,0.000000
R:\_Projects\Eurus_Workspace\HolmHz\data\raw_v2\diffusion_fakes\Stable Diffusion\Stable_Diffusion_1008.jpg,1,sd_fake,id,0.000000
R:\_Projects\Eurus_Workspace\HolmHz\data\raw_v2\diffusion_fakes\Real\REAL_1778.jpg,0,deepfake_collection_real,id,0.000000
R:\_Projects\Eurus_Workspace\HolmHz\data\raw_v2\deepdetect2025\ddata\train\real\31147.jpg,0,dd2025_real,id,0.000000
R:\_Projects\Eurus_Workspace\HolmHz\data\raw_v2\diffusion_fakes\Stable Diffusion\Stable_Diffusion_1615.jpg,1,sd_fake,id,0.000000
R:\_Projects\Eurus_Workspace\HolmHz\data\raw_v2\deepdetect2025\ddata\train\fake\fake_007212.jpg,1,dd2025_fake,id,0.000008
R:\_Projects\Eurus_Workspace\HolmHz\data\raw_v2\diffusion_fakes\Real\REAL_3252.jpg,0,deepfake_collection_real,id,0.000000
R:\_Projects\Eurus_Workspace\HolmHz\data\raw_v2\rvf10k\rvf10k\train\real\56718.jpg,0,rvf10k_train_real,id,0.000000
R:\_Projects\Eurus_Workspace\HolmHz\data\raw_v2\diffusion_fakes\DALL-E\DALL-E_1510.jpg,1,dalle_fake,id,0.000000
R:\_Projects\Eurus_Workspace\HolmHz\data\raw_v2\deepdetect2025\ddata\train\real\27806.jpg,0,dd2025_real,id,0.000000
R:\_Projects\Eurus_Workspace\HolmHz\data\raw_v2\diffusion_fakes\Real\REAL_1676.jpg,0,deepfake_collection_real,id,0.000000
R:\_Projects\Eurus_Workspace\HolmHz\data\raw_v2\diffusion_fakes\Real\REAL_3923.jpg,0,deepfake_collection_real,id,0.000001
R:\_Projects\Eurus_Workspace\HolmHz\data\raw_v2\rvf10k\rvf10k\train\fake\QYICJ7YJFZ.jpg,1,rvf10k_train_fake,id,0.000000
R:\_Projects\Eurus_Workspace\HolmHz\data\raw_v2\deepdetect2025\ddata\train\fake\fake_029800.jpg,1,dd2025_fake,id,0.000000
R:\_Projects\Eurus_Workspace\HolmHz\data\raw_v2\camera_vs_ai\ai vs real photos\Ai_Images\140.jpg,1,camera_train_ai,id,0.000000
R:\_Projects\Eurus_Workspace\HolmHz\data\raw_v2\deepdetect2025\ddata\train\real\06813.jpg,0,dd2025_real,id,0.000000
R:\_Projects\Eurus_Workspace\HolmHz\data\raw_v2\diffusion_fakes\Real\REAL_2536.jpg,0,deepfake_collection_real,id,0.000000
R:\_Projects\Eurus_Workspace\HolmHz\data\raw_v2\rvf10k\rvf10k\valid\fake\I808JJQ20R.jpg,1,rvf10k_valid_fake,id,0.002485
R:\_Projects\Eurus_Workspace\HolmHz\data\raw_v2\diffusion_fakes\Stable Diffusion\Stable_Diffusion_859.jpg,1,sd_fake,id,0.000000
R:\_Projects\Eurus_Workspace\HolmHz\data\raw_v2\diffusion_fakes\DALL-E\DALL-E_1331.jpg,1,dalle_fake,id,0.000000
R:\_Projects\Eurus_Workspace\HolmHz\data\raw_v2\rvf10k\rvf10k\train\real\56659.jpg,0,rvf10k_train_real,id,0.000000
R:\_Projects\Eurus_Workspace\HolmHz\data\raw_v2\ciplab_faces\real_and_fake_face\training_real\real_00018.jpg,0,ciplab_training_real,id,0.000000
R:\_Projects\Eurus_Workspace\HolmHz\data\raw_v2\deepdetect2025\ddata\train\fake\fake_040638.jpg,1,dd2025_fake,id,0.000006
R:\_Projects\Eurus_Workspace\HolmHz\data\raw_v2\rvf10k\rvf10k\train\fake\X770F1Y2NE.jpg,1,rvf10k_train_fake,id,0.000000
R:\_Projects\Eurus_Workspace\HolmHz\data\raw_v2\diffusion_fakes\Stable Diffusion\Stable_Diffusion_1079.jpg,1,sd_fake,id,0.000003
R:\_Projects\Eurus_Workspace\HolmHz\data\raw_v2\diffusion_fakes\Stable Diffusion\Stable_Diffusion_1596.jpg,1,sd_fake,id,0.004923
R:\_Projects\Eurus_Workspace\HolmHz\data\raw_v2\diffusion_fakes\Real\REAL_4780.jpg,0,deepfake_collection_real,id,0.000000
R:\_Projects\Eurus_Workspace\HolmHz\data\raw_v2\ciplab_faces\real_and_fake_face\training_real\real_00297.jpg,0,ciplab_training_real,id,0.834874
R:\_Projects\Eurus_Workspace\HolmHz\data\raw_v2\diffusion_fakes\Real\REAL_5382.jpg,0,deepfake_collection_real,id,0.000000
R:\_Projects\Eurus_Workspace\HolmHz\data\raw_v2\ciplab_faces\real_and_fake_face\training_real\real_00614.jpg,0,ciplab_training_real,id,0.000186
R:\_Projects\Eurus_Workspace\HolmHz\data\raw_v2\diffusion_fakes\Stable Diffusion\Stable_Diffusion_559.jpg,1,sd_fake,id,0.000004
R:\_Projects\Eurus_Workspace\HolmHz\data\raw_v2\deepdetect2025\ddata\train\real\55046.jpg,0,dd2025_real,id,0.000000
R:\_Projects\Eurus_Workspace\HolmHz\data\raw_v2\diffusion_fakes\Midjourney\Midjourney_0425.png,1,midjourney_fake,id,0.000000
R:\_Projects\Eurus_Workspace\HolmHz\data\raw_v2\rvf10k\rvf10k\train\real\24381.jpg,0,rvf10k_train_real,id,0.000000
R:\_Projects\Eurus_Workspace\HolmHz\data\raw_v2\deepdetect2025\ddata\train\fake\fake_022811.jpg,1,dd2025_fake,id,0.000000
R:\_Projects\Eurus_Workspace\HolmHz\data\raw_v2\diffusion_fakes\Stable Diffusion\Stable_Diffusion_271.jpg,1,sd_fake,id,0.000000
R:\_Projects\Eurus_Workspace\HolmHz\data\raw_v2\deepdetect2025\ddata\train\fake\fake_027632.jpg,1,dd2025_fake,id,0.002072
R:\_Projects\Eurus_Workspace\HolmHz\data\raw_v2\ciplab_faces\real_and_fake_face_detection\real_and_fake_face\training_fake\hard_218_0100.jpg,1,ciplab_training_fake,id,0.000000
R:\_Projects\Eurus_Workspace\HolmHz\data\raw_v2\deepdetect2025\ddata\train\fake\fake_007455.jpg,1,dd2025_fake,id,0.000000
R:\_Projects\Eurus_Workspace\HolmHz\data\raw_v2\rvf10k\rvf10k\train\real\52673.jpg,0,rvf10k_train_real,id,0.000000
R:\_Projects\Eurus_Workspace\HolmHz\data\raw_v2\deepdetect2025\ddata\train\real\51138.jpg,0,dd2025_real,id,0.000000
R:\_Projects\Eurus_Workspace\HolmHz\data\raw_v2\diffusion_fakes\DALL-E\DALL-E_1293.jpg,1,dalle_fake,id,0.000000
R:\_Projects\Eurus_Workspace\HolmHz\data\raw_v2\deepdetect2025\ddata\train\fake\fake_010285.jpg,1,dd2025_fake,id,0.968331
R:\_Projects\Eurus_Workspace\HolmHz\data\raw_v2\diffusion_fakes\Real\REAL_0171.jpg,0,deepfake_collection_real,id,0.000000
R:\_Projects\Eurus_Workspace\HolmHz\data\raw_v2\deepdetect2025\ddata\train\real\23490.jpg,0,dd2025_real,id,0.000000
R:\_Projects\Eurus_Workspace\HolmHz\data\raw_v2\rvf10k\rvf10k\train\real\39389.jpg,0,rvf10k_train_real,id,0.000000
R:\_Projects\Eurus_Workspace\HolmHz\data\raw_v2\diffusion_fakes\Real\REAL_4920.jpg,0,deepfake_collection_real,id,0.000000
R:\_Projects\Eurus_Workspace\HolmHz\data\raw_v2\diffusion_fakes\Real\REAL_4702.jpg,0,deepfake_collection_real,id,0.000000
R:\_Projects\Eurus_Workspace\HolmHz\data\raw_v2\deepdetect2025\ddata\train\fake\fake_002398.png,1,dd2025_fake,id,0.000001
R:\_Projects\Eurus_Workspace\HolmHz\data\raw_v2\ciplab_faces\real_and_fake_face_detection\real_and_fake_face\training_real\real_00384.jpg,0,ciplab_training_real,id,0.000000
R:\_Projects\Eurus_Workspace\HolmHz\data\raw_v2\diffusion_fakes\Real\REAL_4343.jpg,0,deepfake_collection_real,id,0.000000
R:\_Projects\Eurus_Workspace\HolmHz\data\raw_v2\diffusion_fakes\Real\REAL_3067.jpg,0,deepfake_collection_real,id,0.000000
R:\_Projects\Eurus_Workspace\HolmHz\data\raw_v2\deepdetect2025\ddata\train\real\48847.jpg,0,dd2025_real,id,0.000003
R:\_Projects\Eurus_Workspace\HolmHz\data\raw_v2\deepdetect2025\ddata\train\real\16178.jpg,0,dd2025_real,id,0.000000
R:\_Projects\Eurus_Workspace\HolmHz\data\raw_v2\rvf10k\rvf10k\train\fake\99MOI9OXR7.jpg,1,rvf10k_train_fake,id,0.000011
R:\_Projects\Eurus_Workspace\HolmHz\data\raw_v2\ciplab_faces\real_and_fake_face_detection\real_and_fake_face\training_fake\hard_27_1111.jpg,1,ciplab_training_fake,id,0.000000
R:\_Projects\Eurus_Workspace\HolmHz\data\raw_v2\diffusion_fakes\DALL-E\DALL-E_0581.jpg,1,dalle_fake,id,0.000000
R:\_Projects\Eurus_Workspace\HolmHz\data\raw_v2\diffusion_fakes\Real\REAL_1399.jpg,0,deepfake_collection_real,id,0.000000
R:\_Projects\Eurus_Workspace\HolmHz\data\raw_v2\deepdetect2025\ddata\train\fake\fake_033014.jpg,1,dd2025_fake,id,0.000001
R:\_Projects\Eurus_Workspace\HolmHz\data\raw_v2\rvf10k\rvf10k\valid\fake\C0Z94USXF1.jpg,1,rvf10k_valid_fake,id,0.001853
R:\_Projects\Eurus_Workspace\HolmHz\data\raw_v2\diffusion_fakes\Real\REAL_1417.jpg,0,deepfake_collection_real,id,0.000000
R:\_Projects\Eurus_Workspace\HolmHz\data\raw_v2\ciplab_faces\real_and_fake_face\training_fake\mid_113_1100.jpg,1,ciplab_training_fake,id,0.000000
R:\_Projects\Eurus_Workspace\HolmHz\data\raw_v2\diffusion_fakes\Real\REAL_4298.jpg,0,deepfake_collection_real,id,0.000000
R:\_Projects\Eurus_Workspace\HolmHz\data\raw_v2\rvf10k\rvf10k\train\real\40569.jpg,0,rvf10k_train_real,id,0.000000
R:\_Projects\Eurus_Workspace\HolmHz\data\raw_v2\diffusion_fakes\Real\REAL_3041.jpg,0,deepfake_collection_real,id,0.000000
R:\_Projects\Eurus_Workspace\HolmHz\data\raw_v2\diffusion_fakes\Real\REAL_0580.jpg,0,deepfake_collection_real,id,0.000000
R:\_Projects\Eurus_Workspace\HolmHz\data\raw_v2\ciplab_faces\real_and_fake_face\training_real\real_00411.jpg,0,ciplab_training_real,id,0.000000
R:\_Projects\Eurus_Workspace\HolmHz\data\raw_v2\diffusion_fakes\Real\REAL_5445.jpg,0,deepfake_collection_real,id,0.000000
R:\_Projects\Eurus_Workspace\HolmHz\data\raw_v2\rvf10k\rvf10k\train\real\30279.jpg,0,rvf10k_train_real,id,0.000000
R:\_Projects\Eurus_Workspace\HolmHz\data\raw_v2\ciplab_faces\real_and_fake_face_detection\real_and_fake_face\training_real\real_00175.jpg,0,ciplab_training_real,id,0.000000
R:\_Projects\Eurus_Workspace\HolmHz\data\raw_v2\deepdetect2025\ddata\train\fake\fake_023323.jpg,1,dd2025_fake,id,0.000103
R:\_Projects\Eurus_Workspace\HolmHz\data\raw_v2\rvf10k\rvf10k\train\fake\RYJR7T6B9I.jpg,1,rvf10k_train_fake,id,0.000001
R:\_Projects\Eurus_Workspace\HolmHz\data\raw_v2\rvf10k\rvf10k\train\fake\RY7RWMNN3L.jpg,1,rvf10k_train_fake,id,0.000072
R:\_Projects\Eurus_Workspace\HolmHz\data\raw_v2\rvf10k\rvf10k\valid\fake\M8FTVUJWNB.jpg,1,rvf10k_valid_fake,id,0.000000
R:\_Projects\Eurus_Workspace\HolmHz\data\raw_v2\rvf10k\rvf10k\valid\fake\QTWL9B0HJ5.jpg,1,rvf10k_valid_fake,id,0.000001
R:\_Projects\Eurus_Workspace\HolmHz\data\raw_v2\diffusion_fakes\Midjourney\Midjourney_0592.png,1,midjourney_fake,id,0.000000
R:\_Projects\Eurus_Workspace\HolmHz\data\raw_v2\diffusion_fakes\DALL-E\DALL-E_1094.jpg,1,dalle_fake,id,0.000000
R:\_Projects\Eurus_Workspace\HolmHz\data\raw_v2\diffusion_fakes\DALL-E\DALL-E_1215.jpg,1,dalle_fake,id,0.000000
R:\_Projects\Eurus_Workspace\HolmHz\data\raw_v2\diffusion_fakes\Real\REAL_3748.jpg,0,deepfake_collection_real,id,0.000000
R:\_Projects\Eurus_Workspace\HolmHz\data\raw_v2\diffusion_fakes\Stable Diffusion\Stable_Diffusion_283.jpg,1,sd_fake,id,0.000000
R:\_Projects\Eurus_Workspace\HolmHz\data\raw_v2\deepdetect2025\ddata\train\fake\fake_010318.jpg,1,dd2025_fake,id,0.032657
R:\_Projects\Eurus_Workspace\HolmHz\data\raw_v2\rvf10k\rvf10k\train\real\11892.jpg,0,rvf10k_train_real,id,0.000000
R:\_Projects\Eurus_Workspace\HolmHz\data\raw_v2\deepdetect2025\ddata\train\fake\fake_016846.jpg,1,dd2025_fake,id,0.000000
R:\_Projects\Eurus_Workspace\HolmHz\data\raw_v2\deepdetect2025\ddata\train\real\22651.jpg,0,dd2025_real,id,0.000000
R:\_Projects\Eurus_Workspace\HolmHz\data\raw_v2\rvf10k\rvf10k\train\fake\JO4OGZDVEZ.jpg,1,rvf10k_train_fake,id,0.000000
R:\_Projects\Eurus_Workspace\HolmHz\data\raw_v2\ciplab_faces\real_and_fake_face\training_fake\mid_389_1101.jpg,1,ciplab_training_fake,id,0.000000
R:\_Projects\Eurus_Workspace\HolmHz\data\raw_v2\rvf10k\rvf10k\valid\real\45470.jpg,0,rvf10k_valid_real,id,0.000000
R:\_Projects\Eurus_Workspace\HolmHz\data\raw_v2\deepdetect2025\ddata\train\real\52698.jpg,0,dd2025_real,id,0.000000
R:\_Projects\Eurus_Workspace\HolmHz\data\raw_v2\rvf10k\rvf10k\train\fake\Q5A51QP5F2.jpg,1,rvf10k_train_fake,id,0.000000
R:\_Projects\Eurus_Workspace\HolmHz\data\raw_v2\rvf10k\rvf10k\train\fake\KK1D23TM0H.jpg,1,rvf10k_train_fake,id,0.000000
R:\_Projects\Eurus_Workspace\HolmHz\data\raw_v2\deepdetect2025\ddata\train\real\53402.jpg,0,dd2025_real,id,0.000000
R:\_Projects\Eurus_Workspace\HolmHz\data\raw_v2\deepdetect2025\ddata\train\fake\fake_018186.jpg,1,dd2025_fake,id,0.000000
R:\_Projects\Eurus_Workspace\HolmHz\data\raw_v2\deepdetect2025\ddata\train\fake\fake_016724.jpg,1,dd2025_fake,id,0.000002
R:\_Projects\Eurus_Workspace\HolmHz\data\raw_v2\diffusion_fakes\Real\REAL_5736.jpg,0,deepfake_collection_real,id,0.000001
R:\_Projects\Eurus_Workspace\HolmHz\data\raw_v2\diffusion_fakes\Real\REAL_3798.jpg,0,deepfake_collection_real,id,0.000000
R:\_Projects\Eurus_Workspace\HolmHz\data\raw_v2\deepdetect2025\ddata\train\fake\fake_002826.jpg,1,dd2025_fake,id,0.000000
R:\_Projects\Eurus_Workspace\HolmHz\data\raw_v2\deepdetect2025\ddata\train\real\09009.jpg,0,dd2025_real,id,0.000000
R:\_Projects\Eurus_Workspace\HolmHz\data\raw_v2\deepdetect2025\ddata\train\real\60630.jpg,0,dd2025_real,id,0.000000
R:\_Projects\Eurus_Workspace\HolmHz\data\raw_v2\deepdetect2025\ddata\train\real\59962.jpg,0,dd2025_real,id,0.000000
R:\_Projects\Eurus_Workspace\HolmHz\data\raw_v2\deepdetect2025\ddata\train\fake\fake_022198.jpg,1,dd2025_fake,id,0.000000
R:\_Projects\Eurus_Workspace\HolmHz\data\raw_v2\diffusion_fakes\DALL-E\DALL-E_1112.jpg,1,dalle_fake,id,0.000000
R:\_Projects\Eurus_Workspace\HolmHz\data\raw_v2\rvf10k\rvf10k\train\real\13713.jpg,0,rvf10k_train_real,id,0.000000
R:\_Projects\Eurus_Workspace\HolmHz\data\raw_v2\rvf10k\rvf10k\valid\real\38447.jpg,0,rvf10k_valid_real,id,0.000000
R:\_Projects\Eurus_Workspace\HolmHz\data\raw_v2\ciplab_faces\real_and_fake_face\training_fake\mid_20_1111.jpg,1,ciplab_training_fake,id,0.000000
R:\_Projects\Eurus_Workspace\HolmHz\data\raw_v2\diffusion_fakes\Real\REAL_3710.jpg,0,deepfake_collection_real,id,0.000000
R:\_Projects\Eurus_Workspace\HolmHz\data\raw_v2\ciplab_faces\real_and_fake_face\training_real\real_00354.jpg,0,ciplab_training_real,id,0.000004
R:\_Projects\Eurus_Workspace\HolmHz\data\raw_v2\diffusion_fakes\Real\REAL_3760.jpg,0,deepfake_collection_real,id,0.000000
R:\_Projects\Eurus_Workspace\HolmHz\data\raw_v2\diffusion_fakes\Stable Diffusion\Stable_Diffusion_1946.jpg,1,sd_fake,id,0.000000
R:\_Projects\Eurus_Workspace\HolmHz\data\raw_v2\diffusion_fakes\DALL-E\DALL-E_0302.jpg,1,dalle_fake,id,0.000000
R:\_Projects\Eurus_Workspace\HolmHz\data\raw_v2\deepdetect2025\ddata\train\fake\fake_022805.jpg,1,dd2025_fake,id,0.000432
R:\_Projects\Eurus_Workspace\HolmHz\data\raw_v2\ciplab_faces\real_and_fake_face_detection\real_and_fake_face\training_real\real_00664.jpg,0,ciplab_training_real,id,0.000016
R:\_Projects\Eurus_Workspace\HolmHz\data\raw_v2\deepdetect2025\ddata\train\fake\fake_011399.jpg,1,dd2025_fake,id,0.113640
R:\_Projects\Eurus_Workspace\HolmHz\data\raw_v2\ciplab_faces\real_and_fake_face\training_real\real_00150.jpg,0,ciplab_training_real,id,0.000000
R:\_Projects\Eurus_Workspace\HolmHz\data\raw_v2\rvf10k\rvf10k\train\real\10446.jpg,0,rvf10k_train_real,id,0.000000
R:\_Projects\Eurus_Workspace\HolmHz\data\raw_v2\diffusion_fakes\Stable Diffusion\Stable_Diffusion_1543.jpg,1,sd_fake,id,0.000000
R:\_Projects\Eurus_Workspace\HolmHz\data\raw_v2\diffusion_fakes\Real\REAL_4786.jpg,0,deepfake_collection_real,id,0.002973
R:\_Projects\Eurus_Workspace\HolmHz\data\raw_v2\diffusion_fakes\DALL-E\DALL-E_1267.jpg,1,dalle_fake,id,0.000000
R:\_Projects\Eurus_Workspace\HolmHz\data\raw_v2\rvf10k\rvf10k\train\real\49259.jpg,0,rvf10k_train_real,id,0.000000
R:\_Projects\Eurus_Workspace\HolmHz\data\raw_v2\rvf10k\rvf10k\train\fake\4DVR3B2SRW.jpg,1,rvf10k_train_fake,id,0.000018
R:\_Projects\Eurus_Workspace\HolmHz\data\raw_v2\diffusion_fakes\Real\REAL_3574.jpg,0,deepfake_collection_real,id,0.000000
R:\_Projects\Eurus_Workspace\HolmHz\data\raw_v2\diffusion_fakes\Stable Diffusion\Stable_Diffusion_1803.jpg,1,sd_fake,id,0.000266
R:\_Projects\Eurus_Workspace\HolmHz\data\raw_v2\deepdetect2025\ddata\train\real\08538.jpg,0,dd2025_real,id,0.000000
R:\_Projects\Eurus_Workspace\HolmHz\data\raw_v2\deepdetect2025\ddata\train\fake\fake_040572.jpg,1,dd2025_fake,id,0.000000
R:\_Projects\Eurus_Workspace\HolmHz\data\raw_v2\diffusion_fakes\Real\REAL_2771.jpg,0,deepfake_collection_real,id,0.000000
R:\_Projects\Eurus_Workspace\HolmHz\data\raw_v2\diffusion_fakes\DALL-E\DALL-E_1887.jpg,1,dalle_fake,id,0.000000
R:\_Projects\Eurus_Workspace\HolmHz\data\raw_v2\deepdetect2025\ddata\train\real\62180.jpg,0,dd2025_real,id,0.000000
R:\_Projects\Eurus_Workspace\HolmHz\data\raw_v2\diffusion_fakes\DALL-E\DALL-E_1587.jpg,1,dalle_fake,id,0.000000
R:\_Projects\Eurus_Workspace\HolmHz\data\raw_v2\rvf10k\rvf10k\train\fake\UO3DK3SPIV.jpg,1,rvf10k_train_fake,id,0.000000
R:\_Projects\Eurus_Workspace\HolmHz\data\raw_v2\rvf10k\rvf10k\train\fake\0GOW7MI5V2.jpg,1,rvf10k_train_fake,id,0.000254
R:\_Projects\Eurus_Workspace\HolmHz\data\raw_v2\deepdetect2025\ddata\train\real\57602.jpg,0,dd2025_real,id,0.000000
R:\_Projects\Eurus_Workspace\HolmHz\data\raw_v2\deepdetect2025\ddata\train\real\02034.jpg,0,dd2025_real,id,0.000000
R:\_Projects\Eurus_Workspace\HolmHz\data\raw_v2\rvf10k\rvf10k\valid\fake\NL4CHNFAT8.jpg,1,rvf10k_valid_fake,id,0.143141
R:\_Projects\Eurus_Workspace\HolmHz\data\raw_v2\deepdetect2025\ddata\train\fake\fake_014225.jpg,1,dd2025_fake,id,0.000261
R:\_Projects\Eurus_Workspace\HolmHz\data\raw_v2\deepdetect2025\ddata\train\real\37926.jpg,0,dd2025_real,id,0.000000
R:\_Projects\Eurus_Workspace\HolmHz\data\raw_v2\diffusion_fakes\Real\REAL_1844.jpg,0,deepfake_collection_real,id,0.000000
R:\_Projects\Eurus_Workspace\HolmHz\data\raw_v2\rvf10k\rvf10k\valid\real\57145.jpg,0,rvf10k_valid_real,id,0.000000
R:\_Projects\Eurus_Workspace\HolmHz\data\raw_v2\rvf10k\rvf10k\train\real\16581.jpg,0,rvf10k_train_real,id,0.000000
R:\_Projects\Eurus_Workspace\HolmHz\data\raw_v2\deepdetect2025\ddata\train\fake\fake_013736.jpg,1,dd2025_fake,id,0.783683
R:\_Projects\Eurus_Workspace\HolmHz\data\raw_v2\diffusion_fakes\Stable Diffusion\Stable_Diffusion_33.jpg,1,sd_fake,id,0.000000
R:\_Projects\Eurus_Workspace\HolmHz\data\raw_v2\rvf10k\rvf10k\valid\fake\GVD5G54HZ2.jpg,1,rvf10k_valid_fake,id,0.000122
R:\_Projects\Eurus_Workspace\HolmHz\data\raw_v2\diffusion_fakes\Real\REAL_2554.jpg,0,deepfake_collection_real,id,0.000000
R:\_Projects\Eurus_Workspace\HolmHz\data\raw_v2\rvf10k\rvf10k\train\fake\K9NTPLM4MJ.jpg,1,rvf10k_train_fake,id,0.000000
R:\_Projects\Eurus_Workspace\HolmHz\data\raw_v2\diffusion_fakes\Real\REAL_1170.jpg,0,deepfake_collection_real,id,0.000015
R:\_Projects\Eurus_Workspace\HolmHz\data\raw_v2\ciplab_faces\real_and_fake_face_detection\real_and_fake_face\training_real\real_00021.jpg,0,ciplab_training_real,id,0.000000
R:\_Projects\Eurus_Workspace\HolmHz\data\raw_v2\diffusion_fakes\Real\REAL_3438.jpg,0,deepfake_collection_real,id,0.000000
R:\_Projects\Eurus_Workspace\HolmHz\data\raw_v2\diffusion_fakes\Stable Diffusion\Stable_Diffusion_507.jpg,1,sd_fake,id,0.000000
R:\_Projects\Eurus_Workspace\HolmHz\data\raw_v2\diffusion_fakes\Real\REAL_1518.jpg,0,deepfake_collection_real,id,0.000000
R:\_Projects\Eurus_Workspace\HolmHz\data\raw_v2\rvf10k\rvf10k\train\real\54640.jpg,0,rvf10k_train_real,id,0.000000
R:\_Projects\Eurus_Workspace\HolmHz\data\raw_v2\diffusion_fakes\Real\REAL_2378.jpg,0,deepfake_collection_real,id,0.000000
R:\_Projects\Eurus_Workspace\HolmHz\data\raw_v2\deepdetect2025\ddata\train\real\33931.jpg,0,dd2025_real,id,0.000000
R:\_Projects\Eurus_Workspace\HolmHz\data\raw_v2\diffusion_fakes\Stable Diffusion\Stable_Diffusion_1163.jpg,1,sd_fake,id,0.000056
R:\_Projects\Eurus_Workspace\HolmHz\data\raw_v2\rvf10k\rvf10k\valid\fake\GVIE9LGZP5.jpg,1,rvf10k_valid_fake,id,0.000023
R:\_Projects\Eurus_Workspace\HolmHz\data\raw_v2\ciplab_faces\real_and_fake_face\training_real\real_00147.jpg,0,ciplab_training_real,id,0.000000
R:\_Projects\Eurus_Workspace\HolmHz\data\raw_v2\rvf10k\rvf10k\train\fake\6UTYKPF522.jpg,1,rvf10k_train_fake,id,0.000001
R:\_Projects\Eurus_Workspace\HolmHz\data\raw_v2\diffusion_fakes\Real\REAL_5107.jpg,0,deepfake_collection_real,id,0.000000
R:\_Projects\Eurus_Workspace\HolmHz\data\raw_v2\rvf10k\rvf10k\train\fake\NR37UFR2BQ.jpg,1,rvf10k_train_fake,id,0.000001
R:\_Projects\Eurus_Workspace\HolmHz\data\raw_v2\diffusion_fakes\DALL-E\DALL-E_1747.jpg,1,dalle_fake,id,0.000000
R:\_Projects\Eurus_Workspace\HolmHz\data\raw_v2\diffusion_fakes\Real\REAL_4745.jpg,0,deepfake_collection_real,id,0.000000
R:\_Projects\Eurus_Workspace\HolmHz\data\raw_v2\deepdetect2025\ddata\train\fake\fake_020102.jpg,1,dd2025_fake,id,0.000003
R:\_Projects\Eurus_Workspace\HolmHz\data\raw_v2\rvf10k\rvf10k\train\fake\RTDGNYDT33.jpg,1,rvf10k_train_fake,id,0.183458
R:\_Projects\Eurus_Workspace\HolmHz\data\raw_v2\rvf10k\rvf10k\train\fake\9D721C2NKL.jpg,1,rvf10k_train_fake,id,0.000041
R:\_Projects\Eurus_Workspace\HolmHz\data\raw_v2\deepdetect2025\ddata\train\fake\fake_031450.jpg,1,dd2025_fake,id,0.000000
R:\_Projects\Eurus_Workspace\HolmHz\data\raw_v2\rvf10k\rvf10k\train\fake\N6W92ZKUGY.jpg,1,rvf10k_train_fake,id,0.000005
R:\_Projects\Eurus_Workspace\HolmHz\data\raw_v2\ciplab_faces\real_and_fake_face_detection\real_and_fake_face\training_fake\mid_469_1111.jpg,1,ciplab_training_fake,id,0.000000
R:\_Projects\Eurus_Workspace\HolmHz\data\raw_v2\ciplab_faces\real_and_fake_face_detection\real_and_fake_face\training_real\real_00344.jpg,0,ciplab_training_real,id,0.000000
R:\_Projects\Eurus_Workspace\HolmHz\data\raw_v2\rvf10k\rvf10k\train\fake\EE576JZYDB.jpg,1,rvf10k_train_fake,id,0.000010
R:\_Projects\Eurus_Workspace\HolmHz\data\raw_v2\rvf10k\rvf10k\valid\fake\G2RO1SFIQY.jpg,1,rvf10k_valid_fake,id,0.000005
R:\_Projects\Eurus_Workspace\HolmHz\data\raw_v2\rvf10k\rvf10k\train\fake\YLESSOBRN8.jpg,1,rvf10k_train_fake,id,0.008951
R:\_Projects\Eurus_Workspace\HolmHz\data\raw_v2\ciplab_faces\real_and_fake_face\training_fake\mid_60_1101.jpg,1,ciplab_training_fake,id,0.000000
R:\_Projects\Eurus_Workspace\HolmHz\data\raw_v2\diffusion_fakes\Real\REAL_1130.jpg,0,deepfake_collection_real,id,0.000000
R:\_Projects\Eurus_Workspace\HolmHz\data\raw_v2\diffusion_fakes\Real\REAL_0102.jpg,0,deepfake_collection_real,id,0.000000
R:\_Projects\Eurus_Workspace\HolmHz\data\raw_v2\ciplab_faces\real_and_fake_face\training_fake\mid_375_1110.jpg,1,ciplab_training_fake,id,0.000000
R:\_Projects\Eurus_Workspace\HolmHz\data\raw_v2\diffusion_fakes\Stable Diffusion\Stable_Diffusion_1819.jpg,1,sd_fake,id,0.000000
R:\_Projects\Eurus_Workspace\HolmHz\data\raw_v2\deepdetect2025\ddata\train\real\28698.jpg,0,dd2025_real,id,0.000022
R:\_Projects\Eurus_Workspace\HolmHz\data\raw_v2\rvf10k\rvf10k\valid\real\06387.jpg,0,rvf10k_valid_real,id,0.000000
R:\_Projects\Eurus_Workspace\HolmHz\data\raw_v2\deepdetect2025\ddata\train\fake\fake_039076.jpg,1,dd2025_fake,id,0.001001
R:\_Projects\Eurus_Workspace\HolmHz\data\raw_v2\deepdetect2025\ddata\train\fake\fake_024919.jpg,1,dd2025_fake,id,0.031271
R:\_Projects\Eurus_Workspace\HolmHz\data\raw_v2\diffusion_fakes\Stable Diffusion\Stable_Diffusion_1366.jpg,1,sd_fake,id,0.000000
R:\_Projects\Eurus_Workspace\HolmHz\data\raw_v2\rvf10k\rvf10k\train\real\63549.jpg,0,rvf10k_train_real,id,0.000000
R:\_Projects\Eurus_Workspace\HolmHz\data\raw_v2\rvf10k\rvf10k\valid\fake\64BFIV5I2W.jpg,1,rvf10k_valid_fake,id,0.000006
R:\_Projects\Eurus_Workspace\HolmHz\data\raw_v2\rvf10k\rvf10k\valid\fake\2QTKQJQ8W3.jpg,1,rvf10k_valid_fake,id,0.008125
R:\_Projects\Eurus_Workspace\HolmHz\data\raw_v2\ciplab_faces\real_and_fake_face_detection\real_and_fake_face\training_fake\mid_143_1100.jpg,1,ciplab_training_fake,id,0.000000
R:\_Projects\Eurus_Workspace\HolmHz\data\raw_v2\deepdetect2025\ddata\train\real\21382.jpg,0,dd2025_real,id,0.000000
R:\_Projects\Eurus_Workspace\HolmHz\data\raw_v2\deepdetect2025\ddata\train\fake\fake_039677.jpg,1,dd2025_fake,id,0.000001
R:\_Projects\Eurus_Workspace\HolmHz\data\raw_v2\diffusion_fakes\Real\REAL_5242.jpg,0,deepfake_collection_real,id,0.000000
R:\_Projects\Eurus_Workspace\HolmHz\data\raw_v2\rvf10k\rvf10k\train\real\07769.jpg,0,rvf10k_train_real,id,0.000000
R:\_Projects\Eurus_Workspace\HolmHz\data\raw_v2\deepdetect2025\ddata\train\fake\fake_001748.jpg,1,dd2025_fake,id,0.000045
R:\_Projects\Eurus_Workspace\HolmHz\data\raw_v2\ciplab_faces\real_and_fake_face\training_fake\mid_45_0010.jpg,1,ciplab_training_fake,id,0.000007
R:\_Projects\Eurus_Workspace\HolmHz\data\raw_v2\diffusion_fakes\Real\REAL_4061.jpg,0,deepfake_collection_real,id,0.000000
R:\_Projects\Eurus_Workspace\HolmHz\data\raw_v2\diffusion_fakes\Real\REAL_0968.jpg,0,deepfake_collection_real,id,0.000000
R:\_Projects\Eurus_Workspace\HolmHz\data\raw_v2\diffusion_fakes\DALL-E\DALL-E_0654.jpg,1,dalle_fake,id,0.000000
R:\_Projects\Eurus_Workspace\HolmHz\data\raw_v2\ciplab_faces\real_and_fake_face_detection\real_and_fake_face\training_fake\mid_414_0011.jpg,1,ciplab_training_fake,id,0.000001
R:\_Projects\Eurus_Workspace\HolmHz\data\raw_v2\deepdetect2025\ddata\train\real\48822.jpg,0,dd2025_real,id,0.000000
R:\_Projects\Eurus_Workspace\HolmHz\data\raw_v2\diffusion_fakes\Stable Diffusion\Stable_Diffusion_733.jpg,1,sd_fake,id,0.000050
R:\_Projects\Eurus_Workspace\HolmHz\data\raw_v2\ciplab_faces\real_and_fake_face_detection\real_and_fake_face\training_fake\mid_241_1111.jpg,1,ciplab_training_fake,id,0.000000
R:\_Projects\Eurus_Workspace\HolmHz\data\raw_v2\diffusion_fakes\Stable Diffusion\Stable_Diffusion_1701.jpg,1,sd_fake,id,0.000000
R:\_Projects\Eurus_Workspace\HolmHz\data\raw_v2\deepdetect2025\ddata\train\fake\fake_027992.jpg,1,dd2025_fake,id,0.000000
R:\_Projects\Eurus_Workspace\HolmHz\data\raw_v2\rvf10k\rvf10k\train\real\61024.jpg,0,rvf10k_train_real,id,0.000000
R:\_Projects\Eurus_Workspace\HolmHz\data\raw_v2\deepdetect2025\ddata\train\real\15028.jpg,0,dd2025_real,id,0.000000
R:\_Projects\Eurus_Workspace\HolmHz\data\raw_v2\camera_vs_ai\ai vs real photos\Ai_Images\104.jpg,1,camera_train_ai,id,0.000000
R:\_Projects\Eurus_Workspace\HolmHz\data\raw_v2\rvf10k\rvf10k\valid\real\10224.jpg,0,rvf10k_valid_real,id,0.000000
R:\_Projects\Eurus_Workspace\HolmHz\data\raw_v2\camera_vs_ai\ai vs real photos\Camera_images\110.jpg,0,camera_train_real,id,0.000001
R:\_Projects\Eurus_Workspace\HolmHz\data\raw_v2\deepdetect2025\ddata\train\real\21016.jpg,0,dd2025_real,id,0.000000
R:\_Projects\Eurus_Workspace\HolmHz\data\raw_v2\deepdetect2025\ddata\train\real\66860.jpg,0,dd2025_real,id,0.000000
R:\_Projects\Eurus_Workspace\HolmHz\data\raw_v2\diffusion_fakes\Midjourney\Midjourney_0540.png,1,midjourney_fake,id,0.000000
R:\_Projects\Eurus_Workspace\HolmHz\data\raw_v2\diffusion_fakes\DALL-E\DALL-E_1483.jpg,1,dalle_fake,id,0.000000
R:\_Projects\Eurus_Workspace\HolmHz\data\raw_v2\diffusion_fakes\Stable Diffusion\Stable_Diffusion_207.jpg,1,sd_fake,id,0.000000
R:\_Projects\Eurus_Workspace\HolmHz\data\raw_v2\ciplab_faces\real_and_fake_face\training_real\real_00577.jpg,0,ciplab_training_real,id,0.000000
R:\_Projects\Eurus_Workspace\HolmHz\data\raw_v2\deepdetect2025\ddata\train\fake\fake_035830.jpg,1,dd2025_fake,id,0.000004
R:\_Projects\Eurus_Workspace\HolmHz\data\raw_v2\deepdetect2025\ddata\train\fake\fake_005714.jpg,1,dd2025_fake,id,0.003875
R:\_Projects\Eurus_Workspace\HolmHz\data\raw_v2\deepdetect2025\ddata\train\real\23397.jpg,0,dd2025_real,id,0.000000
R:\_Projects\Eurus_Workspace\HolmHz\data\raw_v2\diffusion_fakes\Real\REAL_5659.jpg,0,deepfake_collection_real,id,0.000000
R:\_Projects\Eurus_Workspace\HolmHz\data\raw_v2\diffusion_fakes\Stable Diffusion\Stable_Diffusion_968.jpg,1,sd_fake,id,0.000000
R:\_Projects\Eurus_Workspace\HolmHz\data\raw_v2\deepdetect2025\ddata\train\real\09539.jpg,0,dd2025_real,id,0.000000
R:\_Projects\Eurus_Workspace\HolmHz\data\raw_v2\ciplab_faces\real_and_fake_face\training_real\real_00461.jpg,0,ciplab_training_real,id,0.000000
R:\_Projects\Eurus_Workspace\HolmHz\data\raw_v2\diffusion_fakes\Real\REAL_4901.jpg,0,deepfake_collection_real,id,0.000000
R:\_Projects\Eurus_Workspace\HolmHz\data\raw_v2\ciplab_faces\real_and_fake_face\training_fake\mid_267_1111.jpg,1,ciplab_training_fake,id,0.000000
R:\_Projects\Eurus_Workspace\HolmHz\data\raw_v2\deepdetect2025\ddata\train\real\46514.jpg,0,dd2025_real,id,0.000000
R:\_Projects\Eurus_Workspace\HolmHz\data\raw_v2\diffusion_fakes\DALL-E\DALL-E_0451.jpg,1,dalle_fake,id,0.000000
R:\_Projects\Eurus_Workspace\HolmHz\data\raw_v2\rvf10k\rvf10k\train\real\07214.jpg,0,rvf10k_train_real,id,0.000000
R:\_Projects\Eurus_Workspace\HolmHz\data\raw_v2\diffusion_fakes\Real\REAL_2983.jpg,0,deepfake_collection_real,id,0.000026
R:\_Projects\Eurus_Workspace\HolmHz\data\raw_v2\ciplab_faces\real_and_fake_face\training_fake\hard_6_1110.jpg,1,ciplab_training_fake,id,0.000042
R:\_Projects\Eurus_Workspace\HolmHz\data\raw_v2\ciplab_faces\real_and_fake_face\training_fake\hard_176_0011.jpg,1,ciplab_training_fake,id,0.000000
R:\_Projects\Eurus_Workspace\HolmHz\data\raw_v2\diffusion_fakes\Real\REAL_0953.jpg,0,deepfake_collection_real,id,0.000000
R:\_Projects\Eurus_Workspace\HolmHz\data\raw_v2\deepdetect2025\ddata\train\real\00759.jpg,0,dd2025_real,id,0.000000
R:\_Projects\Eurus_Workspace\HolmHz\data\raw_v2\ciplab_faces\real_and_fake_face_detection\real_and_fake_face\training_fake\easy_76_1111.jpg,1,ciplab_training_fake,id,0.000000
R:\_Projects\Eurus_Workspace\HolmHz\data\raw_v2\rvf10k\rvf10k\valid\real\00766.jpg,0,rvf10k_valid_real,id,0.000000
R:\_Projects\Eurus_Workspace\HolmHz\data\raw_v2\diffusion_fakes\Real\REAL_1213.jpg,0,deepfake_collection_real,id,0.000000
R:\_Projects\Eurus_Workspace\HolmHz\data\raw_v2\diffusion_fakes\Real\REAL_0970.jpg,0,deepfake_collection_real,id,0.000000
R:\_Projects\Eurus_Workspace\HolmHz\data\raw_v2\diffusion_fakes\Real\REAL_3184.jpg,0,deepfake_collection_real,id,0.000000
R:\_Projects\Eurus_Workspace\HolmHz\data\raw_v2\deepdetect2025\ddata\train\fake\fake_018168.jpg,1,dd2025_fake,id,0.000000
R:\_Projects\Eurus_Workspace\HolmHz\data\raw_v2\diffusion_fakes\Real\REAL_2457.jpg,0,deepfake_collection_real,id,0.002361
R:\_Projects\Eurus_Workspace\HolmHz\data\raw_v2\rvf10k\rvf10k\train\fake\2NBOOSMHJR.jpg,1,rvf10k_train_fake,id,0.000010
R:\_Projects\Eurus_Workspace\HolmHz\data\raw_v2\diffusion_fakes\DALL-E\DALL-E_1167.jpg,1,dalle_fake,id,0.000000
R:\_Projects\Eurus_Workspace\HolmHz\data\raw_v2\diffusion_fakes\Real\REAL_4971.jpg,0,deepfake_collection_real,id,0.000000
R:\_Projects\Eurus_Workspace\HolmHz\data\raw_v2\diffusion_fakes\Real\REAL_2216.jpg,0,deepfake_collection_real,id,0.000000
R:\_Projects\Eurus_Workspace\HolmHz\data\raw_v2\rvf10k\rvf10k\train\fake\WZH0TPR6T8.jpg,1,rvf10k_train_fake,id,0.000001
R:\_Projects\Eurus_Workspace\HolmHz\data\raw_v2\deepdetect2025\ddata\train\fake\fake_013333.jpg,1,dd2025_fake,id,0.001631
R:\_Projects\Eurus_Workspace\HolmHz\data\raw_v2\deepdetect2025\ddata\train\real\58463.jpg,0,dd2025_real,id,0.000000
R:\_Projects\Eurus_Workspace\HolmHz\data\raw_v2\diffusion_fakes\Real\REAL_1591.jpg,0,deepfake_collection_real,id,0.000000
R:\_Projects\Eurus_Workspace\HolmHz\data\raw_v2\rvf10k\rvf10k\valid\fake\QXYUXP9O45.jpg,1,rvf10k_valid_fake,id,0.000000
R:\_Projects\Eurus_Workspace\HolmHz\data\raw_v2\camera_vs_ai\ai vs real photos\Camera_images\72.jpg,0,camera_train_real,id,0.002002
R:\_Projects\Eurus_Workspace\HolmHz\data\raw_v2\deepdetect2025\ddata\train\fake\fake_012874.jpg,1,dd2025_fake,id,0.000001
R:\_Projects\Eurus_Workspace\HolmHz\data\raw_v2\diffusion_fakes\Real\REAL_3832.jpg,0,deepfake_collection_real,id,0.000000
R:\_Projects\Eurus_Workspace\HolmHz\data\raw_v2\ciplab_faces\real_and_fake_face\training_real\real_00979.jpg,0,ciplab_training_real,id,0.000001
R:\_Projects\Eurus_Workspace\HolmHz\data\raw_v2\rvf10k\rvf10k\train\fake\3K88HMO9EE.jpg,1,rvf10k_train_fake,id,0.929011
R:\_Projects\Eurus_Workspace\HolmHz\data\raw_v2\camera_vs_ai\ai vs real photos\Ai_Images\192.jpg,1,camera_train_ai,id,0.000000
R:\_Projects\Eurus_Workspace\HolmHz\data\raw_v2\deepdetect2025\ddata\train\real\28059.jpg,0,dd2025_real,id,0.000000
R:\_Projects\Eurus_Workspace\HolmHz\data\raw_v2\diffusion_fakes\Real\REAL_4049.jpg,0,deepfake_collection_real,id,0.000047
R:\_Projects\Eurus_Workspace\HolmHz\data\raw_v2\rvf10k\rvf10k\train\fake\2SM5KXY6GH.jpg,1,rvf10k_train_fake,id,0.000000
R:\_Projects\Eurus_Workspace\HolmHz\data\raw_v2\rvf10k\rvf10k\valid\fake\0ZDLJ4V0MO.jpg,1,rvf10k_valid_fake,id,0.004348
R:\_Projects\Eurus_Workspace\HolmHz\data\raw_v2\deepdetect2025\ddata\train\fake\fake_008697.jpg,1,dd2025_fake,id,0.000002
R:\_Projects\Eurus_Workspace\HolmHz\data\raw_v2\deepdetect2025\ddata\train\real\04677.jpg,0,dd2025_real,id,0.000000
R:\_Projects\Eurus_Workspace\HolmHz\data\raw_v2\rvf10k\rvf10k\valid\real\55833.jpg,0,rvf10k_valid_real,id,0.007945
R:\_Projects\Eurus_Workspace\HolmHz\data\raw_v2\diffusion_fakes\Midjourney\Midjourney_0439.png,1,midjourney_fake,id,0.000000
R:\_Projects\Eurus_Workspace\HolmHz\data\raw_v2\diffusion_fakes\Midjourney\Midjourney_0196.png,1,midjourney_fake,id,0.000000
R:\_Projects\Eurus_Workspace\HolmHz\data\raw_v2\deepdetect2025\ddata\train\real\50310.jpg,0,dd2025_real,id,0.000000
R:\_Projects\Eurus_Workspace\HolmHz\data\raw_v2\rvf10k\rvf10k\train\real\44965.jpg,0,rvf10k_train_real,id,0.000000
R:\_Projects\Eurus_Workspace\HolmHz\data\raw_v2\diffusion_fakes\DALL-E\DALL-E_1467.jpg,1,dalle_fake,id,0.000000
R:\_Projects\Eurus_Workspace\HolmHz\data\raw_v2\ciplab_faces\real_and_fake_face_detection\real_and_fake_face\training_real\real_00054.jpg,0,ciplab_training_real,id,0.000000
R:\_Projects\Eurus_Workspace\HolmHz\data\raw_v2\diffusion_fakes\Midjourney\Midjourney_0125.png,1,midjourney_fake,id,0.000000
R:\_Projects\Eurus_Workspace\HolmHz\data\raw_v2\rvf10k\rvf10k\train\fake\UGZDJ8OURW.jpg,1,rvf10k_train_fake,id,0.000088
R:\_Projects\Eurus_Workspace\HolmHz\data\raw_v2\diffusion_fakes\Stable Diffusion\Stable_Diffusion_1372.jpg,1,sd_fake,id,0.000000
R:\_Projects\Eurus_Workspace\HolmHz\data\raw_v2\rvf10k\rvf10k\valid\fake\F8B2YFI1HU.jpg,1,rvf10k_valid_fake,id,0.000000
R:\_Projects\Eurus_Workspace\HolmHz\data\raw_v2\rvf10k\rvf10k\valid\fake\CP8VPG48VZ.jpg,1,rvf10k_valid_fake,id,0.000159
R:\_Projects\Eurus_Workspace\HolmHz\data\raw_v2\rvf10k\rvf10k\valid\real\04500.jpg,0,rvf10k_valid_real,id,0.000000
R:\_Projects\Eurus_Workspace\HolmHz\data\raw_v2\deepdetect2025\ddata\train\real\27623.jpg,0,dd2025_real,id,0.000000
R:\_Projects\Eurus_Workspace\HolmHz\data\raw_v2\deepdetect2025\ddata\train\real\58146.jpg,0,dd2025_real,id,0.000000
R:\_Projects\Eurus_Workspace\HolmHz\data\raw_v2\rvf10k\rvf10k\train\fake\DU740S5632.jpg,1,rvf10k_train_fake,id,0.000051
R:\_Projects\Eurus_Workspace\HolmHz\data\raw_v2\rvf10k\rvf10k\valid\real\38002.jpg,0,rvf10k_valid_real,id,0.000000
R:\_Projects\Eurus_Workspace\HolmHz\data\raw_v2\rvf10k\rvf10k\train\real\00612.jpg,0,rvf10k_train_real,id,0.000000
R:\_Projects\Eurus_Workspace\HolmHz\data\raw_v2\rvf10k\rvf10k\valid\real\25346.jpg,0,rvf10k_valid_real,id,0.000000
R:\_Projects\Eurus_Workspace\HolmHz\data\raw_v2\rvf10k\rvf10k\valid\real\14739.jpg,0,rvf10k_valid_real,id,0.000000
R:\_Projects\Eurus_Workspace\HolmHz\data\raw_v2\deepdetect2025\ddata\train\real\08661.jpg,0,dd2025_real,id,0.000000
R:\_Projects\Eurus_Workspace\HolmHz\data\raw_v2\deepdetect2025\ddata\train\real\10341.jpg,0,dd2025_real,id,0.000000
R:\_Projects\Eurus_Workspace\HolmHz\data\raw_v2\deepdetect2025\ddata\train\fake\fake_029970.jpg,1,dd2025_fake,id,0.009461
R:\_Projects\Eurus_Workspace\HolmHz\data\raw_v2\diffusion_fakes\Real\REAL_3112.jpg,0,deepfake_collection_real,id,0.000000
R:\_Projects\Eurus_Workspace\HolmHz\data\raw_v2\rvf10k\rvf10k\valid\real\10494.jpg,0,rvf10k_valid_real,id,0.000000
R:\_Projects\Eurus_Workspace\HolmHz\data\raw_v2\rvf10k\rvf10k\valid\real\60038.jpg,0,rvf10k_valid_real,id,0.000000
R:\_Projects\Eurus_Workspace\HolmHz\data\raw_v2\diffusion_fakes\Real\REAL_3504.jpg,0,deepfake_collection_real,id,0.000000
R:\_Projects\Eurus_Workspace\HolmHz\data\raw_v2\diffusion_fakes\Real\REAL_4370.jpg,0,deepfake_collection_real,id,0.000000
R:\_Projects\Eurus_Workspace\HolmHz\data\raw_v2\ciplab_faces\real_and_fake_face_detection\real_and_fake_face\training_real\real_00141.jpg,0,ciplab_training_real,id,0.000059
R:\_Projects\Eurus_Workspace\HolmHz\data\raw_v2\diffusion_fakes\Real\REAL_3260.jpg,0,deepfake_collection_real,id,0.000000
R:\_Projects\Eurus_Workspace\HolmHz\data\raw_v2\diffusion_fakes\Real\REAL_3178.jpg,0,deepfake_collection_real,id,0.000000
R:\_Projects\Eurus_Workspace\HolmHz\data\raw_v2\diffusion_fakes\Stable Diffusion\Stable_Diffusion_304.jpg,1,sd_fake,id,0.000011
R:\_Projects\Eurus_Workspace\HolmHz\data\raw_v2\diffusion_fakes\DALL-E\DALL-E_0042.jpg,1,dalle_fake,id,0.000000
R:\_Projects\Eurus_Workspace\HolmHz\data\raw_v2\deepdetect2025\ddata\train\fake\fake_032658.jpg,1,dd2025_fake,id,0.000000
R:\_Projects\Eurus_Workspace\HolmHz\data\raw_v2\deepdetect2025\ddata\train\real\64602.jpg,0,dd2025_real,id,0.000000
R:\_Projects\Eurus_Workspace\HolmHz\data\raw_v2\diffusion_fakes\Real\REAL_3066.jpg,0,deepfake_collection_real,id,0.000000
R:\_Projects\Eurus_Workspace\HolmHz\data\raw_v2\deepdetect2025\ddata\train\fake\fake_002278.jpg,1,dd2025_fake,id,0.001267
R:\_Projects\Eurus_Workspace\HolmHz\data\raw_v2\deepdetect2025\ddata\train\fake\fake_037268.jpg,1,dd2025_fake,id,0.000000
R:\_Projects\Eurus_Workspace\HolmHz\data\raw_v2\rvf10k\rvf10k\train\fake\LIR7KVL8Q2.jpg,1,rvf10k_train_fake,id,0.000000
R:\_Projects\Eurus_Workspace\HolmHz\data\raw_v2\diffusion_fakes\Real\REAL_3513.jpg,0,deepfake_collection_real,id,0.000002
R:\_Projects\Eurus_Workspace\HolmHz\data\raw_v2\deepdetect2025\ddata\train\fake\fake_022235.jpg,1,dd2025_fake,id,0.000000
R:\_Projects\Eurus_Workspace\HolmHz\data\raw_v2\camera_vs_ai\ai vs real photos\Ai_Images\88.jpg,1,camera_train_ai,id,0.000000
R:\_Projects\Eurus_Workspace\HolmHz\data\raw_v2\deepdetect2025\ddata\train\fake\fake_009437.jpg,1,dd2025_fake,id,0.000003
R:\_Projects\Eurus_Workspace\HolmHz\data\raw_v2\rvf10k\rvf10k\train\real\46419.jpg,0,rvf10k_train_real,id,0.000000
R:\_Projects\Eurus_Workspace\HolmHz\data\raw_v2\rvf10k\rvf10k\valid\real\33126.jpg,0,rvf10k_valid_real,id,0.000000
R:\_Projects\Eurus_Workspace\HolmHz\data\raw_v2\rvf10k\rvf10k\train\fake\C52NVVIUJX.jpg,1,rvf10k_train_fake,id,0.000005
R:\_Projects\Eurus_Workspace\HolmHz\data\raw_v2\rvf10k\rvf10k\train\real\06200.jpg,0,rvf10k_train_real,id,0.000000
R:\_Projects\Eurus_Workspace\HolmHz\data\raw_v2\diffusion_fakes\Stable Diffusion\Stable_Diffusion_2081.jpg,1,sd_fake,id,0.000000
R:\_Projects\Eurus_Workspace\HolmHz\data\raw_v2\diffusion_fakes\Real\REAL_4670.jpg,0,deepfake_collection_real,id,0.000000
R:\_Projects\Eurus_Workspace\HolmHz\data\raw_v2\diffusion_fakes\Real\REAL_3591.jpg,0,deepfake_collection_real,id,0.000001
R:\_Projects\Eurus_Workspace\HolmHz\data\raw_v2\deepdetect2025\ddata\train\real\04795.jpg,0,dd2025_real,id,0.000000
R:\_Projects\Eurus_Workspace\HolmHz\data\raw_v2\rvf10k\rvf10k\train\real\50422.jpg,0,rvf10k_train_real,id,0.000002
R:\_Projects\Eurus_Workspace\HolmHz\data\raw_v2\diffusion_fakes\Midjourney\Midjourney_0486.png,1,midjourney_fake,id,0.000000
R:\_Projects\Eurus_Workspace\HolmHz\data\raw_v2\ciplab_faces\real_and_fake_face_detection\real_and_fake_face\training_fake\mid_101_1111.jpg,1,ciplab_training_fake,id,0.000000
R:\_Projects\Eurus_Workspace\HolmHz\data\raw_v2\rvf10k\rvf10k\train\real\09341.jpg,0,rvf10k_train_real,id,0.003325
R:\_Projects\Eurus_Workspace\HolmHz\data\raw_v2\rvf10k\rvf10k\train\real\68952.jpg,0,rvf10k_train_real,id,0.000000
R:\_Projects\Eurus_Workspace\HolmHz\data\raw_v2\deepdetect2025\ddata\train\real\67100.jpg,0,dd2025_real,id,0.000000
R:\_Projects\Eurus_Workspace\HolmHz\data\raw_v2\deepdetect2025\ddata\train\real\66209.jpg,0,dd2025_real,id,0.000000
R:\_Projects\Eurus_Workspace\HolmHz\data\raw_v2\deepdetect2025\ddata\train\fake\fake_019218.png,1,dd2025_fake,id,0.001957
R:\_Projects\Eurus_Workspace\HolmHz\data\raw_v2\rvf10k\rvf10k\valid\real\34256.jpg,0,rvf10k_valid_real,id,0.000000
R:\_Projects\Eurus_Workspace\HolmHz\data\raw_v2\deepdetect2025\ddata\train\fake\fake_014720.jpg,1,dd2025_fake,id,0.000000
R:\_Projects\Eurus_Workspace\HolmHz\data\raw_v2\ciplab_faces\real_and_fake_face_detection\real_and_fake_face\training_real\real_00577.jpg,0,ciplab_training_real,id,0.000000
R:\_Projects\Eurus_Workspace\HolmHz\data\raw_v2\deepdetect2025\ddata\train\fake\fake_029395.jpg,1,dd2025_fake,id,0.000009
R:\_Projects\Eurus_Workspace\HolmHz\data\raw_v2\diffusion_fakes\Stable Diffusion\Stable_Diffusion_591.jpg,1,sd_fake,id,0.000000
R:\_Projects\Eurus_Workspace\HolmHz\data\raw_v2\rvf10k\rvf10k\train\fake\MBLVYD1A24.jpg,1,rvf10k_train_fake,id,0.000005
R:\_Projects\Eurus_Workspace\HolmHz\data\raw_v2\deepdetect2025\ddata\train\real\43223.jpg,0,dd2025_real,id,0.000000
R:\_Projects\Eurus_Workspace\HolmHz\data\raw_v2\deepdetect2025\ddata\train\fake\fake_036082.jpg,1,dd2025_fake,id,0.000000
R:\_Projects\Eurus_Workspace\HolmHz\data\raw_v2\diffusion_fakes\Real\REAL_0314.jpg,0,deepfake_collection_real,id,0.000000
R:\_Projects\Eurus_Workspace\HolmHz\data\raw_v2\diffusion_fakes\Stable Diffusion\Stable_Diffusion_1690.jpg,1,sd_fake,id,0.000000
R:\_Projects\Eurus_Workspace\HolmHz\data\raw_v2\ciplab_faces\real_and_fake_face\training_fake\mid_202_1110.jpg,1,ciplab_training_fake,id,0.000000
R:\_Projects\Eurus_Workspace\HolmHz\data\raw_v2\deepdetect2025\ddata\train\fake\fake_034628.jpg,1,dd2025_fake,id,0.000000
R:\_Projects\Eurus_Workspace\HolmHz\data\raw_v2\deepdetect2025\ddata\train\real\62499.jpg,0,dd2025_real,id,0.000000
R:\_Projects\Eurus_Workspace\HolmHz\data\raw_v2\deepdetect2025\ddata\train\fake\fake_007513.jpg,1,dd2025_fake,id,0.000235
R:\_Projects\Eurus_Workspace\HolmHz\data\raw_v2\rvf10k\rvf10k\train\real\42838.jpg,0,rvf10k_train_real,id,0.000000
R:\_Projects\Eurus_Workspace\HolmHz\data\raw_v2\deepdetect2025\ddata\train\real\19366.jpg,0,dd2025_real,id,0.000000
R:\_Projects\Eurus_Workspace\HolmHz\data\raw_v2\rvf10k\rvf10k\train\fake\KZKNAHCB7O.jpg,1,rvf10k_train_fake,id,0.000028
R:\_Projects\Eurus_Workspace\HolmHz\data\raw_v2\rvf10k\rvf10k\valid\real\48486.jpg,0,rvf10k_valid_real,id,0.000000
R:\_Projects\Eurus_Workspace\HolmHz\data\raw_v2\deepdetect2025\ddata\train\fake\fake_008033.jpg,1,dd2025_fake,id,0.002985
R:\_Projects\Eurus_Workspace\HolmHz\data\raw_v2\diffusion_fakes\Real\REAL_3954.jpg,0,deepfake_collection_real,id,0.000000
R:\_Projects\Eurus_Workspace\HolmHz\data\raw_v2\diffusion_fakes\DALL-E\DALL-E_1782.jpg,1,dalle_fake,id,0.000000
R:\_Projects\Eurus_Workspace\HolmHz\data\raw_v2\ciplab_faces\real_and_fake_face\training_fake\hard_224_0111.jpg,1,ciplab_training_fake,id,0.017075
R:\_Projects\Eurus_Workspace\HolmHz\data\raw_v2\deepdetect2025\ddata\train\fake\fake_028749.jpg,1,dd2025_fake,id,0.000000
R:\_Projects\Eurus_Workspace\HolmHz\data\raw_v2\ciplab_faces\real_and_fake_face_detection\real_and_fake_face\training_real\real_00626.jpg,0,ciplab_training_real,id,0.000014
R:\_Projects\Eurus_Workspace\HolmHz\data\raw_v2\deepdetect2025\ddata\train\real\37939.jpg,0,dd2025_real,id,0.000000
R:\_Projects\Eurus_Workspace\HolmHz\data\raw_v2\diffusion_fakes\Real\REAL_2460.jpg,0,deepfake_collection_real,id,0.000000
R:\_Projects\Eurus_Workspace\HolmHz\data\raw_v2\diffusion_fakes\Stable Diffusion\Stable_Diffusion_891.jpg,1,sd_fake,id,0.823412
R:\_Projects\Eurus_Workspace\HolmHz\data\raw_v2\rvf10k\rvf10k\train\fake\M3LT8D5IF7.jpg,1,rvf10k_train_fake,id,0.000000
R:\_Projects\Eurus_Workspace\HolmHz\data\raw_v2\diffusion_fakes\Real\REAL_3055.jpg,0,deepfake_collection_real,id,0.000000
R:\_Projects\Eurus_Workspace\HolmHz\data\raw_v2\deepdetect2025\ddata\train\fake\fake_030300.jpg,1,dd2025_fake,id,0.000003
R:\_Projects\Eurus_Workspace\HolmHz\data\raw_v2\deepdetect2025\ddata\train\fake\fake_009433.jpg,1,dd2025_fake,id,0.000000
R:\_Projects\Eurus_Workspace\HolmHz\data\raw_v2\rvf10k\rvf10k\train\fake\WNA4TNGK98.jpg,1,rvf10k_train_fake,id,0.002497
R:\_Projects\Eurus_Workspace\HolmHz\data\raw_v2\ciplab_faces\real_and_fake_face\training_fake\easy_124_1110.jpg,1,ciplab_training_fake,id,0.000000
R:\_Projects\Eurus_Workspace\HolmHz\data\raw_v2\diffusion_fakes\DALL-E\DALL-E_0086.jpg,1,dalle_fake,id,0.000000
R:\_Projects\Eurus_Workspace\HolmHz\data\raw_v2\diffusion_fakes\DALL-E\DALL-E_0410.jpg,1,dalle_fake,id,0.000000
R:\_Projects\Eurus_Workspace\HolmHz\data\raw_v2\deepdetect2025\ddata\train\fake\fake_038269.jpg,1,dd2025_fake,id,0.000001
R:\_Projects\Eurus_Workspace\HolmHz\data\raw_v2\rvf10k\rvf10k\train\fake\BX3ORCQ7J4.jpg,1,rvf10k_train_fake,id,0.001935
R:\_Projects\Eurus_Workspace\HolmHz\data\raw_v2\ciplab_faces\real_and_fake_face_detection\real_and_fake_face\training_fake\hard_114_1111.jpg,1,ciplab_training_fake,id,0.000000
R:\_Projects\Eurus_Workspace\HolmHz\data\raw_v2\ciplab_faces\real_and_fake_face_detection\real_and_fake_face\training_fake\easy_155_0011.jpg,1,ciplab_training_fake,id,0.000000
R:\_Projects\Eurus_Workspace\HolmHz\data\raw_v2\rvf10k\rvf10k\valid\fake\H2L2RN7NI9.jpg,1,rvf10k_valid_fake,id,0.000005
R:\_Projects\Eurus_Workspace\HolmHz\data\raw_v2\deepdetect2025\ddata\train\fake\fake_037898.jpg,1,dd2025_fake,id,0.000169
R:\_Projects\Eurus_Workspace\HolmHz\data\raw_v2\deepdetect2025\ddata\train\real\55536.jpg,0,dd2025_real,id,0.000000
R:\_Projects\Eurus_Workspace\HolmHz\data\raw_v2\deepdetect2025\ddata\train\real\25606.jpg,0,dd2025_real,id,0.000000
R:\_Projects\Eurus_Workspace\HolmHz\data\raw_v2\ciplab_faces\real_and_fake_face_detection\real_and_fake_face\training_real\real_00804.jpg,0,ciplab_training_real,id,0.000000
R:\_Projects\Eurus_Workspace\HolmHz\data\raw_v2\rvf10k\rvf10k\train\fake\W1B7I8DFAU.jpg,1,rvf10k_train_fake,id,0.000233
R:\_Projects\Eurus_Workspace\HolmHz\data\raw_v2\rvf10k\rvf10k\train\real\21297.jpg,0,rvf10k_train_real,id,0.000000
R:\_Projects\Eurus_Workspace\HolmHz\data\raw_v2\diffusion_fakes\DALL-E\DALL-E_0929.jpg,1,dalle_fake,id,0.000000
R:\_Projects\Eurus_Workspace\HolmHz\data\raw_v2\rvf10k\rvf10k\valid\fake\K8TRUS6TVV.jpg,1,rvf10k_valid_fake,id,0.000026
R:\_Projects\Eurus_Workspace\HolmHz\data\raw_v2\diffusion_fakes\Real\REAL_0868.jpg,0,deepfake_collection_real,id,0.000000
R:\_Projects\Eurus_Workspace\HolmHz\data\raw_v2\diffusion_fakes\DALL-E\DALL-E_0168.jpg,1,dalle_fake,id,0.000000
R:\_Projects\Eurus_Workspace\HolmHz\data\raw_v2\diffusion_fakes\Stable Diffusion\Stable_Diffusion_1016.jpg,1,sd_fake,id,0.000001
R:\_Projects\Eurus_Workspace\HolmHz\data\raw_v2\diffusion_fakes\Real\REAL_5329.jpg,0,deepfake_collection_real,id,0.000000
R:\_Projects\Eurus_Workspace\HolmHz\data\raw_v2\diffusion_fakes\Real\REAL_4414.jpg,0,deepfake_collection_real,id,0.000000
R:\_Projects\Eurus_Workspace\HolmHz\data\raw_v2\diffusion_fakes\Real\REAL_5231.jpg,0,deepfake_collection_real,id,0.000000
R:\_Projects\Eurus_Workspace\HolmHz\data\raw_v2\deepdetect2025\ddata\train\fake\fake_029247.jpg,1,dd2025_fake,id,0.000000
R:\_Projects\Eurus_Workspace\HolmHz\data\raw_v2\rvf10k\rvf10k\valid\fake\N37J27QIUA.jpg,1,rvf10k_valid_fake,id,0.000000
R:\_Projects\Eurus_Workspace\HolmHz\data\raw_v2\diffusion_fakes\Real\REAL_0040.jpg,0,deepfake_collection_real,id,0.000000
R:\_Projects\Eurus_Workspace\HolmHz\data\raw_v2\ciplab_faces\real_and_fake_face\training_fake\hard_140_1111.jpg,1,ciplab_training_fake,id,0.000000
R:\_Projects\Eurus_Workspace\HolmHz\data\raw_v2\ciplab_faces\real_and_fake_face\training_fake\mid_239_1011.jpg,1,ciplab_training_fake,id,0.000000
R:\_Projects\Eurus_Workspace\HolmHz\data\raw_v2\diffusion_fakes\Stable Diffusion\Stable_Diffusion_1542.jpg,1,sd_fake,id,0.000000
R:\_Projects\Eurus_Workspace\HolmHz\data\raw_v2\diffusion_fakes\Stable Diffusion\Stable_Diffusion_258.jpg,1,sd_fake,id,0.000000
R:\_Projects\Eurus_Workspace\HolmHz\data\raw_v2\deepdetect2025\ddata\train\fake\fake_011301.jpg,1,dd2025_fake,id,0.000353
R:\_Projects\Eurus_Workspace\HolmHz\data\raw_v2\diffusion_fakes\Real\REAL_3239.jpg,0,deepfake_collection_real,id,0.000000
R:\_Projects\Eurus_Workspace\HolmHz\data\raw_v2\diffusion_fakes\Real\REAL_4734.jpg,0,deepfake_collection_real,id,0.000000
R:\_Projects\Eurus_Workspace\HolmHz\data\raw_v2\diffusion_fakes\Stable Diffusion\Stable_Diffusion_835.jpg,1,sd_fake,id,0.000568
R:\_Projects\Eurus_Workspace\HolmHz\data\raw_v2\deepdetect2025\ddata\train\real\62336.jpg,0,dd2025_real,id,0.000000
R:\_Projects\Eurus_Workspace\HolmHz\data\raw_v2\diffusion_fakes\Midjourney\Midjourney_0251.png,1,midjourney_fake,id,0.000000
R:\_Projects\Eurus_Workspace\HolmHz\data\raw_v2\diffusion_fakes\Real\REAL_4001.jpg,0,deepfake_collection_real,id,0.000000
R:\_Projects\Eurus_Workspace\HolmHz\data\raw_v2\diffusion_fakes\DALL-E\DALL-E_1012.jpg,1,dalle_fake,id,0.000000
R:\_Projects\Eurus_Workspace\HolmHz\data\raw_v2\ciplab_faces\real_and_fake_face\training_real\real_00891.jpg,0,ciplab_training_real,id,0.000000
R:\_Projects\Eurus_Workspace\HolmHz\data\raw_v2\diffusion_fakes\Real\REAL_2676.jpg,0,deepfake_collection_real,id,0.000000
R:\_Projects\Eurus_Workspace\HolmHz\data\raw_v2\rvf10k\rvf10k\train\real\33944.jpg,0,rvf10k_train_real,id,0.000000
R:\_Projects\Eurus_Workspace\HolmHz\data\raw_v2\rvf10k\rvf10k\train\fake\6ALB2UWIFB.jpg,1,rvf10k_train_fake,id,0.000139
R:\_Projects\Eurus_Workspace\HolmHz\data\raw_v2\rvf10k\rvf10k\train\fake\GUKZIFFIJS.jpg,1,rvf10k_train_fake,id,0.000079
R:\_Projects\Eurus_Workspace\HolmHz\data\raw_v2\rvf10k\rvf10k\valid\fake\C4OID7NACT.jpg,1,rvf10k_valid_fake,id,0.000000
R:\_Projects\Eurus_Workspace\HolmHz\data\raw_v2\deepdetect2025\ddata\train\real\14260.jpg,0,dd2025_real,id,0.000000
R:\_Projects\Eurus_Workspace\HolmHz\data\raw_v2\diffusion_fakes\Real\REAL_5247.jpg,0,deepfake_collection_real,id,0.000000
R:\_Projects\Eurus_Workspace\HolmHz\data\raw_v2\deepdetect2025\ddata\train\real\41700.jpg,0,dd2025_real,id,0.000000
R:\_Projects\Eurus_Workspace\HolmHz\data\raw_v2\deepdetect2025\ddata\train\fake\fake_011648.jpg,1,dd2025_fake,id,0.000000
R:\_Projects\Eurus_Workspace\HolmHz\data\raw_v2\deepdetect2025\ddata\train\fake\fake_038027.png,1,dd2025_fake,id,0.000828
R:\_Projects\Eurus_Workspace\HolmHz\data\raw_v2\diffusion_fakes\DALL-E\DALL-E_1414.jpg,1,dalle_fake,id,0.000000
R:\_Projects\Eurus_Workspace\HolmHz\data\raw_v2\deepdetect2025\ddata\train\real\49337.jpg,0,dd2025_real,id,0.000000
R:\_Projects\Eurus_Workspace\HolmHz\data\raw_v2\camera_vs_ai\ai vs real photos\Camera_images\Image_8.jpg,0,camera_train_real,id,0.073929
R:\_Projects\Eurus_Workspace\HolmHz\data\raw_v2\diffusion_fakes\Midjourney\Midjourney_0724.png,1,midjourney_fake,id,0.000000
R:\_Projects\Eurus_Workspace\HolmHz\data\raw_v2\deepdetect2025\ddata\train\real\24387.jpg,0,dd2025_real,id,0.000000
R:\_Projects\Eurus_Workspace\HolmHz\data\raw_v2\deepdetect2025\ddata\train\real\10181.jpg,0,dd2025_real,id,0.000000
R:\_Projects\Eurus_Workspace\HolmHz\data\raw_v2\diffusion_fakes\DALL-E\DALL-E_1479.jpg,1,dalle_fake,id,0.000000
R:\_Projects\Eurus_Workspace\HolmHz\data\raw_v2\deepdetect2025\ddata\train\fake\fake_019772.jpg,1,dd2025_fake,id,0.000009
R:\_Projects\Eurus_Workspace\HolmHz\data\raw_v2\diffusion_fakes\Real\REAL_3201.jpg,0,deepfake_collection_real,id,0.000000
R:\_Projects\Eurus_Workspace\HolmHz\data\raw_v2\deepdetect2025\ddata\train\fake\fake_010676.jpg,1,dd2025_fake,id,0.013992
R:\_Projects\Eurus_Workspace\HolmHz\data\raw_v2\diffusion_fakes\Stable Diffusion\Stable_Diffusion_244.jpg,1,sd_fake,id,0.000000
R:\_Projects\Eurus_Workspace\HolmHz\data\raw_v2\deepdetect2025\ddata\train\real\10852.jpg,0,dd2025_real,id,0.000000
R:\_Projects\Eurus_Workspace\HolmHz\data\raw_v2\deepdetect2025\ddata\train\fake\fake_038719.jpg,1,dd2025_fake,id,0.000004
R:\_Projects\Eurus_Workspace\HolmHz\data\raw_v2\ciplab_faces\real_and_fake_face_detection\real_and_fake_face\training_real\real_00332.jpg,0,ciplab_training_real,id,0.000000
R:\_Projects\Eurus_Workspace\HolmHz\data\raw_v2\rvf10k\rvf10k\train\real\07976.jpg,0,rvf10k_train_real,id,0.000000
R:\_Projects\Eurus_Workspace\HolmHz\data\raw_v2\diffusion_fakes\Stable Diffusion\Stable_Diffusion_1997.jpg,1,sd_fake,id,0.000000
R:\_Projects\Eurus_Workspace\HolmHz\data\raw_v2\rvf10k\rvf10k\train\fake\0M02CZE62R.jpg,1,rvf10k_train_fake,id,0.000188
R:\_Projects\Eurus_Workspace\HolmHz\data\raw_v2\deepdetect2025\ddata\train\real\53467.jpg,0,dd2025_real,id,0.000000
R:\_Projects\Eurus_Workspace\HolmHz\data\raw_v2\rvf10k\rvf10k\train\real\62672.jpg,0,rvf10k_train_real,id,0.000000
R:\_Projects\Eurus_Workspace\HolmHz\data\raw_v2\deepdetect2025\ddata\train\fake\fake_031611.jpg,1,dd2025_fake,id,0.000090
R:\_Projects\Eurus_Workspace\HolmHz\data\raw_v2\ciplab_faces\real_and_fake_face_detection\real_and_fake_face\training_fake\mid_50_1111.jpg,1,ciplab_training_fake,id,0.000001
R:\_Projects\Eurus_Workspace\HolmHz\data\raw_v2\ciplab_faces\real_and_fake_face\training_fake\mid_131_1111.jpg,1,ciplab_training_fake,id,0.000000
R:\_Projects\Eurus_Workspace\HolmHz\data\raw_v2\deepdetect2025\ddata\train\fake\fake_019021.jpg,1,dd2025_fake,id,0.000000
R:\_Projects\Eurus_Workspace\HolmHz\data\raw_v2\rvf10k\rvf10k\valid\real\44330.jpg,0,rvf10k_valid_real,id,0.000000
R:\_Projects\Eurus_Workspace\HolmHz\data\raw_v2\diffusion_fakes\Stable Diffusion\Stable_Diffusion_817.jpg,1,sd_fake,id,0.000007
R:\_Projects\Eurus_Workspace\HolmHz\data\raw_v2\rvf10k\rvf10k\valid\real\08162.jpg,0,rvf10k_valid_real,id,0.000000
R:\_Projects\Eurus_Workspace\HolmHz\data\raw_v2\diffusion_fakes\Real\REAL_5384.jpg,0,deepfake_collection_real,id,0.000000
R:\_Projects\Eurus_Workspace\HolmHz\data\raw_v2\rvf10k\rvf10k\valid\real\47243.jpg,0,rvf10k_valid_real,id,0.000000
R:\_Projects\Eurus_Workspace\HolmHz\data\raw_v2\deepdetect2025\ddata\train\real\00818.jpg,0,dd2025_real,id,0.000000
R:\_Projects\Eurus_Workspace\HolmHz\data\raw_v2\deepdetect2025\ddata\train\real\14265.jpg,0,dd2025_real,id,0.000000
R:\_Projects\Eurus_Workspace\HolmHz\data\raw_v2\rvf10k\rvf10k\train\fake\2G3DT6XO20.jpg,1,rvf10k_train_fake,id,0.177712
R:\_Projects\Eurus_Workspace\HolmHz\data\raw_v2\rvf10k\rvf10k\train\fake\1NWCOID441.jpg,1,rvf10k_train_fake,id,0.000000
R:\_Projects\Eurus_Workspace\HolmHz\data\raw_v2\diffusion_fakes\Stable Diffusion\Stable_Diffusion_383.jpg,1,sd_fake,id,0.000000
R:\_Projects\Eurus_Workspace\HolmHz\data\raw_v2\rvf10k\rvf10k\valid\fake\6JQE6YAGOL.jpg,1,rvf10k_valid_fake,id,0.059412
R:\_Projects\Eurus_Workspace\HolmHz\data\raw_v2\ciplab_faces\real_and_fake_face\training_fake\easy_25_0110.jpg,1,ciplab_training_fake,id,0.000000
R:\_Projects\Eurus_Workspace\HolmHz\data\raw_v2\deepdetect2025\ddata\train\fake\fake_002674.jpg,1,dd2025_fake,id,0.000000
R:\_Projects\Eurus_Workspace\HolmHz\data\raw_v2\rvf10k\rvf10k\train\fake\88CABP6PCV.jpg,1,rvf10k_train_fake,id,0.925350
R:\_Projects\Eurus_Workspace\HolmHz\data\raw_v2\diffusion_fakes\Stable Diffusion\Stable_Diffusion_1640.jpg,1,sd_fake,id,0.970367
R:\_Projects\Eurus_Workspace\HolmHz\data\raw_v2\diffusion_fakes\Midjourney\Midjourney_0753.png,1,midjourney_fake,id,0.000000
R:\_Projects\Eurus_Workspace\HolmHz\data\raw_v2\ciplab_faces\real_and_fake_face\training_real\real_00177.jpg,0,ciplab_training_real,id,0.000000
R:\_Projects\Eurus_Workspace\HolmHz\data\raw_v2\rvf10k\rvf10k\train\fake\YY26JKASB4.jpg,1,rvf10k_train_fake,id,0.118159
R:\_Projects\Eurus_Workspace\HolmHz\data\raw_v2\rvf10k\rvf10k\train\fake\7F8M227WNX.jpg,1,rvf10k_train_fake,id,0.000006
R:\_Projects\Eurus_Workspace\HolmHz\data\raw_v2\deepdetect2025\ddata\train\fake\fake_026050.jpg,1,dd2025_fake,id,0.168868
R:\_Projects\Eurus_Workspace\HolmHz\data\raw_v2\diffusion_fakes\DALL-E\DALL-E_1380.jpg,1,dalle_fake,id,0.000000
R:\_Projects\Eurus_Workspace\HolmHz\data\raw_v2\rvf10k\rvf10k\train\fake\Q6LAM2J7F6.jpg,1,rvf10k_train_fake,id,0.001011
R:\_Projects\Eurus_Workspace\HolmHz\data\raw_v2\deepdetect2025\ddata\train\real\23463.jpg,0,dd2025_real,id,0.000000
R:\_Projects\Eurus_Workspace\HolmHz\data\raw_v2\camera_vs_ai\ai vs real photos\Ai_Images\64.jpg,1,camera_train_ai,id,0.000000
R:\_Projects\Eurus_Workspace\HolmHz\data\raw_v2\diffusion_fakes\DALL-E\DALL-E_0992.jpg,1,dalle_fake,id,0.000000
R:\_Projects\Eurus_Workspace\HolmHz\data\raw_v2\diffusion_fakes\Real\REAL_0003.jpg,0,deepfake_collection_real,id,0.000000
R:\_Projects\Eurus_Workspace\HolmHz\data\raw_v2\deepdetect2025\ddata\train\fake\fake_003890.jpg,1,dd2025_fake,id,0.016239
R:\_Projects\Eurus_Workspace\HolmHz\data\raw_v2\diffusion_fakes\DALL-E\DALL-E_1692.jpg,1,dalle_fake,id,0.000000
R:\_Projects\Eurus_Workspace\HolmHz\data\raw_v2\ciplab_faces\real_and_fake_face\training_fake\mid_212_1111.jpg,1,ciplab_training_fake,id,0.000000
R:\_Projects\Eurus_Workspace\HolmHz\data\raw_v2\diffusion_fakes\DALL-E\DALL-E_1074.jpg,1,dalle_fake,id,0.000000
R:\_Projects\Eurus_Workspace\HolmHz\data\raw_v2\rvf10k\rvf10k\valid\real\58823.jpg,0,rvf10k_valid_real,id,0.000000
R:\_Projects\Eurus_Workspace\HolmHz\data\raw_v2\ciplab_faces\real_and_fake_face_detection\real_and_fake_face\training_fake\easy_91_1000.jpg,1,ciplab_training_fake,id,0.000051
R:\_Projects\Eurus_Workspace\HolmHz\data\raw_v2\deepdetect2025\ddata\train\real\15032.jpg,0,dd2025_real,id,0.000000
R:\_Projects\Eurus_Workspace\HolmHz\data\raw_v2\diffusion_fakes\Real\REAL_4142.jpg,0,deepfake_collection_real,id,0.000000
R:\_Projects\Eurus_Workspace\HolmHz\data\raw_v2\deepdetect2025\ddata\train\real\51442.jpg,0,dd2025_real,id,0.000000
R:\_Projects\Eurus_Workspace\HolmHz\data\raw_v2\deepdetect2025\ddata\train\real\13016.jpg,0,dd2025_real,id,0.000000
R:\_Projects\Eurus_Workspace\HolmHz\data\raw_v2\rvf10k\rvf10k\train\fake\5L8D65SBQ8.jpg,1,rvf10k_train_fake,id,0.000022
R:\_Projects\Eurus_Workspace\HolmHz\data\raw_v2\diffusion_fakes\DALL-E\DALL-E_1448.jpg,1,dalle_fake,id,0.000000
R:\_Projects\Eurus_Workspace\HolmHz\data\raw_v2\diffusion_fakes\DALL-E\DALL-E_1596.jpg,1,dalle_fake,id,0.000000
R:\_Projects\Eurus_Workspace\HolmHz\data\raw_v2\ciplab_faces\real_and_fake_face\training_real\real_00228.jpg,0,ciplab_training_real,id,0.000002
R:\_Projects\Eurus_Workspace\HolmHz\data\raw_v2\ciplab_faces\real_and_fake_face\training_real\real_00407.jpg,0,ciplab_training_real,id,0.000000
R:\_Projects\Eurus_Workspace\HolmHz\data\raw_v2\rvf10k\rvf10k\train\fake\O3YECS0WSJ.jpg,1,rvf10k_train_fake,id,0.000000
R:\_Projects\Eurus_Workspace\HolmHz\data\raw_v2\ciplab_faces\real_and_fake_face_detection\real_and_fake_face\training_real\real_01019.jpg,0,ciplab_training_real,id,0.000008
R:\_Projects\Eurus_Workspace\HolmHz\data\raw_v2\rvf10k\rvf10k\valid\real\56704.jpg,0,rvf10k_valid_real,id,0.000000
R:\_Projects\Eurus_Workspace\HolmHz\data\raw_v2\diffusion_fakes\Stable Diffusion\Stable_Diffusion_1029.jpg,1,sd_fake,id,0.000020
R:\_Projects\Eurus_Workspace\HolmHz\data\raw_v2\diffusion_fakes\Stable Diffusion\Stable_Diffusion_1916.jpg,1,sd_fake,id,0.000000
R:\_Projects\Eurus_Workspace\HolmHz\data\raw_v2\diffusion_fakes\Real\REAL_4663.jpg,0,deepfake_collection_real,id,0.000000
R:\_Projects\Eurus_Workspace\HolmHz\data\raw_v2\diffusion_fakes\Real\REAL_1220.jpg,0,deepfake_collection_real,id,0.000000
R:\_Projects\Eurus_Workspace\HolmHz\data\raw_v2\rvf10k\rvf10k\train\fake\S65T89M7EV.jpg,1,rvf10k_train_fake,id,0.015217
R:\_Projects\Eurus_Workspace\HolmHz\data\raw_v2\deepdetect2025\ddata\train\fake\fake_037978.jpg,1,dd2025_fake,id,0.000001
R:\_Projects\Eurus_Workspace\HolmHz\data\raw_v2\deepdetect2025\ddata\train\fake\fake_024414.jpg,1,dd2025_fake,id,0.000003
R:\_Projects\Eurus_Workspace\HolmHz\data\raw_v2\deepdetect2025\ddata\train\real\54007.jpg,0,dd2025_real,id,0.000000
R:\_Projects\Eurus_Workspace\HolmHz\data\raw_v2\rvf10k\rvf10k\train\fake\6ML3KDXNR7.jpg,1,rvf10k_train_fake,id,0.000007
R:\_Projects\Eurus_Workspace\HolmHz\data\raw_v2\deepdetect2025\ddata\train\real\15527.jpg,0,dd2025_real,id,0.000000
R:\_Projects\Eurus_Workspace\HolmHz\data\raw_v2\rvf10k\rvf10k\valid\real\59737.jpg,0,rvf10k_valid_real,id,0.000000
R:\_Projects\Eurus_Workspace\HolmHz\data\raw_v2\deepdetect2025\ddata\train\real\20124.jpg,0,dd2025_real,id,0.000000
R:\_Projects\Eurus_Workspace\HolmHz\data\raw_v2\deepdetect2025\ddata\train\fake\fake_013142.jpg,1,dd2025_fake,id,0.000000
R:\_Projects\Eurus_Workspace\HolmHz\data\raw_v2\ciplab_faces\real_and_fake_face_detection\real_and_fake_face\training_real\real_00950.jpg,0,ciplab_training_real,id,0.000104
R:\_Projects\Eurus_Workspace\HolmHz\data\raw_v2\deepdetect2025\ddata\train\real\45610.jpg,0,dd2025_real,id,0.000000
R:\_Projects\Eurus_Workspace\HolmHz\data\raw_v2\deepdetect2025\ddata\train\fake\fake_002204.jpg,1,dd2025_fake,id,0.000000
R:\_Projects\Eurus_Workspace\HolmHz\data\raw_v2\ciplab_faces\real_and_fake_face_detection\real_and_fake_face\training_real\real_00191.jpg,0,ciplab_training_real,id,0.000000
R:\_Projects\Eurus_Workspace\HolmHz\data\raw_v2\deepdetect2025\ddata\train\fake\fake_007276.jpg,1,dd2025_fake,id,0.000058
R:\_Projects\Eurus_Workspace\HolmHz\data\raw_v2\deepdetect2025\ddata\train\fake\fake_031085.jpg,1,dd2025_fake,id,0.000000
R:\_Projects\Eurus_Workspace\HolmHz\data\raw_v2\diffusion_fakes\Real\REAL_2042.jpg,0,deepfake_collection_real,id,0.000000
R:\_Projects\Eurus_Workspace\HolmHz\data\raw_v2\deepdetect2025\ddata\train\real\07957.jpg,0,dd2025_real,id,0.000000
R:\_Projects\Eurus_Workspace\HolmHz\data\raw_v2\deepdetect2025\ddata\train\fake\fake_009881.jpg,1,dd2025_fake,id,0.000000
R:\_Projects\Eurus_Workspace\HolmHz\data\raw_v2\deepdetect2025\ddata\train\fake\fake_037695.jpg,1,dd2025_fake,id,0.000000
R:\_Projects\Eurus_Workspace\HolmHz\data\raw_v2\rvf10k\rvf10k\train\fake\EUOU1KVFNE.jpg,1,rvf10k_train_fake,id,0.000001
R:\_Projects\Eurus_Workspace\HolmHz\data\raw_v2\diffusion_fakes\Real\REAL_5791.jpg,0,deepfake_collection_real,id,0.000000
R:\_Projects\Eurus_Workspace\HolmHz\data\raw_v2\rvf10k\rvf10k\valid\fake\ZQA5H0JWZL.jpg,1,rvf10k_valid_fake,id,0.000851
R:\_Projects\Eurus_Workspace\HolmHz\data\raw_v2\diffusion_fakes\Real\REAL_1496.jpg,0,deepfake_collection_real,id,0.000000
R:\_Projects\Eurus_Workspace\HolmHz\data\raw_v2\deepdetect2025\ddata\train\real\09095.jpg,0,dd2025_real,id,0.000000
R:\_Projects\Eurus_Workspace\HolmHz\data\raw_v2\ciplab_faces\real_and_fake_face_detection\real_and_fake_face\training_real\real_00013.jpg,0,ciplab_training_real,id,0.000000
R:\_Projects\Eurus_Workspace\HolmHz\data\raw_v2\diffusion_fakes\Real\REAL_0831.jpg,0,deepfake_collection_real,id,0.000000
R:\_Projects\Eurus_Workspace\HolmHz\data\raw_v2\diffusion_fakes\DALL-E\DALL-E_0882.jpg,1,dalle_fake,id,0.000000
R:\_Projects\Eurus_Workspace\HolmHz\data\raw_v2\rvf10k\rvf10k\train\fake\I9H5KEYT30.jpg,1,rvf10k_train_fake,id,0.000000
R:\_Projects\Eurus_Workspace\HolmHz\data\raw_v2\diffusion_fakes\DALL-E\DALL-E_0549.jpg,1,dalle_fake,id,0.000000
R:\_Projects\Eurus_Workspace\HolmHz\data\raw_v2\deepdetect2025\ddata\train\fake\fake_021778.jpg,1,dd2025_fake,id,0.000001
R:\_Projects\Eurus_Workspace\HolmHz\data\raw_v2\rvf10k\rvf10k\valid\fake\R85PQUP7NC.jpg,1,rvf10k_valid_fake,id,0.000002
R:\_Projects\Eurus_Workspace\HolmHz\data\raw_v2\rvf10k\rvf10k\train\fake\QK54NQVEKR.jpg,1,rvf10k_train_fake,id,0.004443
R:\_Projects\Eurus_Workspace\HolmHz\data\raw_v2\diffusion_fakes\Stable Diffusion\Stable_Diffusion_802.jpg,1,sd_fake,id,0.000000
R:\_Projects\Eurus_Workspace\HolmHz\data\raw_v2\diffusion_fakes\Real\REAL_0670.jpg,0,deepfake_collection_real,id,0.000001
R:\_Projects\Eurus_Workspace\HolmHz\data\raw_v2\deepdetect2025\ddata\train\real\30342.jpg,0,dd2025_real,id,0.000000
R:\_Projects\Eurus_Workspace\HolmHz\data\raw_v2\deepdetect2025\ddata\train\real\57510.jpg,0,dd2025_real,id,0.000000
R:\_Projects\Eurus_Workspace\HolmHz\data\raw_v2\diffusion_fakes\Real\REAL_4143.jpg,0,deepfake_collection_real,id,0.000000
R:\_Projects\Eurus_Workspace\HolmHz\data\raw_v2\deepdetect2025\ddata\train\fake\fake_021180.jpg,1,dd2025_fake,id,0.031569
R:\_Projects\Eurus_Workspace\HolmHz\data\raw_v2\diffusion_fakes\Real\REAL_4420.jpg,0,deepfake_collection_real,id,0.000000
R:\_Projects\Eurus_Workspace\HolmHz\data\raw_v2\ciplab_faces\real_and_fake_face\training_fake\easy_36_1111.jpg,1,ciplab_training_fake,id,0.000002
R:\_Projects\Eurus_Workspace\HolmHz\data\raw_v2\ciplab_faces\real_and_fake_face_detection\real_and_fake_face\training_real\real_00338.jpg,0,ciplab_training_real,id,0.000000
R:\_Projects\Eurus_Workspace\HolmHz\data\raw_v2\diffusion_fakes\Real\REAL_2704.jpg,0,deepfake_collection_real,id,0.000000
R:\_Projects\Eurus_Workspace\HolmHz\data\raw_v2\ciplab_faces\real_and_fake_face\training_fake\mid_145_1111.jpg,1,ciplab_training_fake,id,0.000000
R:\_Projects\Eurus_Workspace\HolmHz\data\raw_v2\deepdetect2025\ddata\train\fake\fake_029625.jpg,1,dd2025_fake,id,0.000213
R:\_Projects\Eurus_Workspace\HolmHz\data\raw_v2\diffusion_fakes\Stable Diffusion\Stable_Diffusion_1891.jpg,1,sd_fake,id,0.000000
R:\_Projects\Eurus_Workspace\HolmHz\data\raw_v2\rvf10k\rvf10k\train\real\65270.jpg,0,rvf10k_train_real,id,0.000000
R:\_Projects\Eurus_Workspace\HolmHz\data\raw_v2\diffusion_fakes\Real\REAL_4529.jpg,0,deepfake_collection_real,id,0.000000
R:\_Projects\Eurus_Workspace\HolmHz\data\raw_v2\diffusion_fakes\Midjourney\Midjourney_0517.png,1,midjourney_fake,id,0.000000
R:\_Projects\Eurus_Workspace\HolmHz\data\raw_v2\rvf10k\rvf10k\train\fake\RF3UFWW6XT.jpg,1,rvf10k_train_fake,id,0.000908
R:\_Projects\Eurus_Workspace\HolmHz\data\raw_v2\deepdetect2025\ddata\train\fake\fake_013083.jpg,1,dd2025_fake,id,0.000000
R:\_Projects\Eurus_Workspace\HolmHz\data\raw_v2\ciplab_faces\real_and_fake_face\training_fake\hard_138_1101.jpg,1,ciplab_training_fake,id,0.000000
R:\_Projects\Eurus_Workspace\HolmHz\data\raw_v2\rvf10k\rvf10k\train\real\46837.jpg,0,rvf10k_train_real,id,0.000000
R:\_Projects\Eurus_Workspace\HolmHz\data\raw_v2\diffusion_fakes\Real\REAL_2573.jpg,0,deepfake_collection_real,id,0.000014
R:\_Projects\Eurus_Workspace\HolmHz\data\raw_v2\diffusion_fakes\Real\REAL_2608.jpg,0,deepfake_collection_real,id,0.000000
R:\_Projects\Eurus_Workspace\HolmHz\data\raw_v2\diffusion_fakes\Midjourney\Midjourney_0222.png,1,midjourney_fake,id,0.000000
R:\_Projects\Eurus_Workspace\HolmHz\data\raw_v2\ciplab_faces\real_and_fake_face_detection\real_and_fake_face\training_fake\mid_152_1100.jpg,1,ciplab_training_fake,id,0.000000
R:\_Projects\Eurus_Workspace\HolmHz\data\raw_v2\diffusion_fakes\Stable Diffusion\Stable_Diffusion_843.jpg,1,sd_fake,id,0.000000
R:\_Projects\Eurus_Workspace\HolmHz\data\raw_v2\rvf10k\rvf10k\valid\fake\QN1M9OZWQ1.jpg,1,rvf10k_valid_fake,id,0.000026
R:\_Projects\Eurus_Workspace\HolmHz\data\raw_v2\diffusion_fakes\Real\REAL_1289.jpg,0,deepfake_collection_real,id,0.000003
R:\_Projects\Eurus_Workspace\HolmHz\data\raw_v2\deepdetect2025\ddata\train\fake\fake_036420.jpg,1,dd2025_fake,id,0.000000
R:\_Projects\Eurus_Workspace\HolmHz\data\raw_v2\deepdetect2025\ddata\train\real\15161.jpg,0,dd2025_real,id,0.000026
R:\_Projects\Eurus_Workspace\HolmHz\data\raw_v2\diffusion_fakes\Real\REAL_4591.jpg,0,deepfake_collection_real,id,0.000000
R:\_Projects\Eurus_Workspace\HolmHz\data\raw_v2\deepdetect2025\ddata\train\fake\fake_014992.jpg,1,dd2025_fake,id,0.000000
R:\_Projects\Eurus_Workspace\HolmHz\data\raw_v2\deepdetect2025\ddata\train\real\64400.jpg,0,dd2025_real,id,0.000000
R:\_Projects\Eurus_Workspace\HolmHz\data\raw_v2\diffusion_fakes\Real\REAL_2816.jpg,0,deepfake_collection_real,id,0.000000
R:\_Projects\Eurus_Workspace\HolmHz\data\raw_v2\ciplab_faces\real_and_fake_face\training_real\real_00925.jpg,0,ciplab_training_real,id,0.000001
R:\_Projects\Eurus_Workspace\HolmHz\data\raw_v2\diffusion_fakes\Real\REAL_1598.jpg,0,deepfake_collection_real,id,0.000000
R:\_Projects\Eurus_Workspace\HolmHz\data\raw_v2\deepdetect2025\ddata\train\real\67683.jpg,0,dd2025_real,id,0.000000
R:\_Projects\Eurus_Workspace\HolmHz\data\raw_v2\deepdetect2025\ddata\train\fake\fake_020395.jpg,1,dd2025_fake,id,0.000000
R:\_Projects\Eurus_Workspace\HolmHz\data\raw_v2\deepdetect2025\ddata\train\fake\fake_009631.jpg,1,dd2025_fake,id,0.000099
R:\_Projects\Eurus_Workspace\HolmHz\data\raw_v2\rvf10k\rvf10k\train\real\40398.jpg,0,rvf10k_train_real,id,0.000000
R:\_Projects\Eurus_Workspace\HolmHz\data\raw_v2\rvf10k\rvf10k\valid\fake\FZJ01NRMSM.jpg,1,rvf10k_valid_fake,id,0.000017
R:\_Projects\Eurus_Workspace\HolmHz\data\raw_v2\rvf10k\rvf10k\valid\fake\RM25ADI2GE.jpg,1,rvf10k_valid_fake,id,0.000000
R:\_Projects\Eurus_Workspace\HolmHz\data\raw_v2\diffusion_fakes\Stable Diffusion\Stable_Diffusion_1378.jpg,1,sd_fake,id,0.000000
R:\_Projects\Eurus_Workspace\HolmHz\data\raw_v2\rvf10k\rvf10k\train\fake\RRS9HWV3XX.jpg,1,rvf10k_train_fake,id,0.000000
R:\_Projects\Eurus_Workspace\HolmHz\data\raw_v2\deepdetect2025\ddata\train\fake\fake_018911.jpg,1,dd2025_fake,id,0.000000
R:\_Projects\Eurus_Workspace\HolmHz\data\raw_v2\deepdetect2025\ddata\train\fake\fake_031470.jpg,1,dd2025_fake,id,0.000000
R:\_Projects\Eurus_Workspace\HolmHz\data\raw_v2\rvf10k\rvf10k\train\real\08874.jpg,0,rvf10k_train_real,id,0.000000
R:\_Projects\Eurus_Workspace\HolmHz\data\raw_v2\rvf10k\rvf10k\valid\real\59552.jpg,0,rvf10k_valid_real,id,0.000000
R:\_Projects\Eurus_Workspace\HolmHz\data\raw_v2\camera_vs_ai\ai vs real photos\Camera_images\Image_20.jpg,0,camera_train_real,id,0.000026
R:\_Projects\Eurus_Workspace\HolmHz\data\raw_v2\rvf10k\rvf10k\train\fake\841A35ZPNM.jpg,1,rvf10k_train_fake,id,0.001727
R:\_Projects\Eurus_Workspace\HolmHz\data\raw_v2\diffusion_fakes\DALL-E\DALL-E_1742.jpg,1,dalle_fake,id,0.000000
R:\_Projects\Eurus_Workspace\HolmHz\data\raw_v2\rvf10k\rvf10k\train\real\60315.jpg,0,rvf10k_train_real,id,0.000003
R:\_Projects\Eurus_Workspace\HolmHz\data\raw_v2\rvf10k\rvf10k\valid\fake\TSFS7F6Z0D.jpg,1,rvf10k_valid_fake,id,0.000296
R:\_Projects\Eurus_Workspace\HolmHz\data\raw_v2\diffusion_fakes\Real\REAL_0925.jpg,0,deepfake_collection_real,id,0.000070
R:\_Projects\Eurus_Workspace\HolmHz\data\raw_v2\rvf10k\rvf10k\train\real\68361.jpg,0,rvf10k_train_real,id,0.000000
R:\_Projects\Eurus_Workspace\HolmHz\data\raw_v2\deepdetect2025\ddata\train\real\14753.jpg,0,dd2025_real,id,0.000000
R:\_Projects\Eurus_Workspace\HolmHz\data\raw_v2\diffusion_fakes\Stable Diffusion\Stable_Diffusion_1603.jpg,1,sd_fake,id,0.000000
R:\_Projects\Eurus_Workspace\HolmHz\data\raw_v2\ciplab_faces\real_and_fake_face_detection\real_and_fake_face\training_real\real_00999.jpg,0,ciplab_training_real,id,0.000001
R:\_Projects\Eurus_Workspace\HolmHz\data\raw_v2\ciplab_faces\real_and_fake_face\training_real\real_00829.jpg,0,ciplab_training_real,id,0.000000
R:\_Projects\Eurus_Workspace\HolmHz\data\raw_v2\deepdetect2025\ddata\train\real\06851.jpg,0,dd2025_real,id,0.000000
R:\_Projects\Eurus_Workspace\HolmHz\data\raw_v2\diffusion_fakes\Real\REAL_0985.jpg,0,deepfake_collection_real,id,0.000000
R:\_Projects\Eurus_Workspace\HolmHz\data\raw_v2\diffusion_fakes\Real\REAL_5188.jpg,0,deepfake_collection_real,id,0.000000
R:\_Projects\Eurus_Workspace\HolmHz\data\raw_v2\deepdetect2025\ddata\train\fake\fake_014984.jpg,1,dd2025_fake,id,0.000544
R:\_Projects\Eurus_Workspace\HolmHz\data\raw_v2\rvf10k\rvf10k\train\real\01980.jpg,0,rvf10k_train_real,id,0.000000
R:\_Projects\Eurus_Workspace\HolmHz\data\raw_v2\diffusion_fakes\Stable Diffusion\Stable_Diffusion_1923.jpg,1,sd_fake,id,0.000000
R:\_Projects\Eurus_Workspace\HolmHz\data\raw_v2\ciplab_faces\real_and_fake_face\training_real\real_00621.jpg,0,ciplab_training_real,id,0.000000
R:\_Projects\Eurus_Workspace\HolmHz\data\raw_v2\rvf10k\rvf10k\valid\fake\QGGY5WDDAC.jpg,1,rvf10k_valid_fake,id,0.000000
R:\_Projects\Eurus_Workspace\HolmHz\data\raw_v2\rvf10k\rvf10k\train\real\14846.jpg,0,rvf10k_train_real,id,0.000000
R:\_Projects\Eurus_Workspace\HolmHz\data\raw_v2\deepdetect2025\ddata\train\real\16642.jpg,0,dd2025_real,id,0.000000
R:\_Projects\Eurus_Workspace\HolmHz\data\raw_v2\diffusion_fakes\Real\REAL_5361.jpg,0,deepfake_collection_real,id,0.000000
R:\_Projects\Eurus_Workspace\HolmHz\data\raw_v2\deepdetect2025\ddata\train\fake\fake_016445.jpg,1,dd2025_fake,id,0.000001
R:\_Projects\Eurus_Workspace\HolmHz\data\raw_v2\diffusion_fakes\DALL-E\DALL-E_0873.jpg,1,dalle_fake,id,0.000000
R:\_Projects\Eurus_Workspace\HolmHz\data\raw_v2\diffusion_fakes\Real\REAL_4769.jpg,0,deepfake_collection_real,id,0.000000
R:\_Projects\Eurus_Workspace\HolmHz\data\raw_v2\rvf10k\rvf10k\train\fake\GI2CW5I9B2.jpg,1,rvf10k_train_fake,id,0.000006
R:\_Projects\Eurus_Workspace\HolmHz\data\raw_v2\diffusion_fakes\DALL-E\DALL-E_1431.jpg,1,dalle_fake,id,0.000000
R:\_Projects\Eurus_Workspace\HolmHz\data\raw_v2\ciplab_faces\real_and_fake_face\training_real\real_00582.jpg,0,ciplab_training_real,id,0.000000
R:\_Projects\Eurus_Workspace\HolmHz\data\raw_v2\rvf10k\rvf10k\train\real\62072.jpg,0,rvf10k_train_real,id,0.000000
R:\_Projects\Eurus_Workspace\HolmHz\data\raw_v2\deepdetect2025\ddata\train\fake\fake_023157.jpg,1,dd2025_fake,id,0.000171
R:\_Projects\Eurus_Workspace\HolmHz\data\raw_v2\diffusion_fakes\DALL-E\DALL-E_0458.jpg,1,dalle_fake,id,0.000000
R:\_Projects\Eurus_Workspace\HolmHz\data\raw_v2\deepdetect2025\ddata\train\real\24114.jpg,0,dd2025_real,id,0.000000
R:\_Projects\Eurus_Workspace\HolmHz\data\raw_v2\rvf10k\rvf10k\train\fake\FKA988HP0T.jpg,1,rvf10k_train_fake,id,0.000000
R:\_Projects\Eurus_Workspace\HolmHz\data\raw_v2\rvf10k\rvf10k\train\fake\P5E2YTVWYR.jpg,1,rvf10k_train_fake,id,0.000004
R:\_Projects\Eurus_Workspace\HolmHz\data\raw_v2\deepdetect2025\ddata\train\real\19961.jpg,0,dd2025_real,id,0.000000
R:\_Projects\Eurus_Workspace\HolmHz\data\raw_v2\rvf10k\rvf10k\train\fake\RNU858CTJ2.jpg,1,rvf10k_train_fake,id,0.000004
R:\_Projects\Eurus_Workspace\HolmHz\data\raw_v2\diffusion_fakes\Real\REAL_2968.jpg,0,deepfake_collection_real,id,0.000001
R:\_Projects\Eurus_Workspace\HolmHz\data\raw_v2\deepdetect2025\ddata\train\fake\fake_034338.jpg,1,dd2025_fake,id,0.000000
R:\_Projects\Eurus_Workspace\HolmHz\data\raw_v2\rvf10k\rvf10k\train\real\55224.jpg,0,rvf10k_train_real,id,0.000000
R:\_Projects\Eurus_Workspace\HolmHz\data\raw_v2\ciplab_faces\real_and_fake_face_detection\real_and_fake_face\training_real\real_00380.jpg,0,ciplab_training_real,id,0.000000
R:\_Projects\Eurus_Workspace\HolmHz\data\raw_v2\diffusion_fakes\Real\REAL_2682.jpg,0,deepfake_collection_real,id,0.000000
R:\_Projects\Eurus_Workspace\HolmHz\data\raw_v2\diffusion_fakes\DALL-E\DALL-E_0711.jpg,1,dalle_fake,id,0.000000
R:\_Projects\Eurus_Workspace\HolmHz\data\raw_v2\rvf10k\rvf10k\valid\real\36471.jpg,0,rvf10k_valid_real,id,0.000000
R:\_Projects\Eurus_Workspace\HolmHz\data\raw_v2\diffusion_fakes\Real\REAL_3783.jpg,0,deepfake_collection_real,id,0.000000
R:\_Projects\Eurus_Workspace\HolmHz\data\raw_v2\rvf10k\rvf10k\valid\real\16861.jpg,0,rvf10k_valid_real,id,0.000077
R:\_Projects\Eurus_Workspace\HolmHz\data\raw_v2\deepdetect2025\ddata\train\real\45795.jpg,0,dd2025_real,id,0.000001
R:\_Projects\Eurus_Workspace\HolmHz\data\raw_v2\diffusion_fakes\Stable Diffusion\Stable_Diffusion_13.jpg,1,sd_fake,id,0.000000
R:\_Projects\Eurus_Workspace\HolmHz\data\raw_v2\deepdetect2025\ddata\train\real\58552.jpg,0,dd2025_real,id,0.000011
R:\_Projects\Eurus_Workspace\HolmHz\data\raw_v2\deepdetect2025\ddata\train\fake\fake_027733.jpg,1,dd2025_fake,id,0.000317
R:\_Projects\Eurus_Workspace\HolmHz\data\raw_v2\diffusion_fakes\Real\REAL_0340.jpg,0,deepfake_collection_real,id,0.000397
R:\_Projects\Eurus_Workspace\HolmHz\data\raw_v2\diffusion_fakes\DALL-E\DALL-E_1855.jpg,1,dalle_fake,id,0.000000
R:\_Projects\Eurus_Workspace\HolmHz\data\raw_v2\deepdetect2025\ddata\train\fake\fake_017922.jpg,1,dd2025_fake,id,0.000011
R:\_Projects\Eurus_Workspace\HolmHz\data\raw_v2\diffusion_fakes\Real\REAL_3732.jpg,0,deepfake_collection_real,id,0.000000
R:\_Projects\Eurus_Workspace\HolmHz\data\raw_v2\diffusion_fakes\Real\REAL_2716.jpg,0,deepfake_collection_real,id,0.000000
R:\_Projects\Eurus_Workspace\HolmHz\data\raw_v2\deepdetect2025\ddata\train\fake\fake_039088.jpg,1,dd2025_fake,id,0.000000
R:\_Projects\Eurus_Workspace\HolmHz\data\raw_v2\rvf10k\rvf10k\valid\fake\1IB5RNN6VN.jpg,1,rvf10k_valid_fake,id,0.000001
R:\_Projects\Eurus_Workspace\HolmHz\data\raw_v2\rvf10k\rvf10k\valid\fake\0KYFZGOY26.jpg,1,rvf10k_valid_fake,id,0.000000
R:\_Projects\Eurus_Workspace\HolmHz\data\raw_v2\diffusion_fakes\Midjourney\Midjourney_0480.png,1,midjourney_fake,id,0.000000
R:\_Projects\Eurus_Workspace\HolmHz\data\raw_v2\ciplab_faces\real_and_fake_face\training_real\real_00789.jpg,0,ciplab_training_real,id,0.000000
R:\_Projects\Eurus_Workspace\HolmHz\data\raw_v2\rvf10k\rvf10k\train\real\58364.jpg,0,rvf10k_train_real,id,0.000083
R:\_Projects\Eurus_Workspace\HolmHz\data\raw_v2\diffusion_fakes\Stable Diffusion\Stable_Diffusion_1867.jpg,1,sd_fake,id,0.000000
R:\_Projects\Eurus_Workspace\HolmHz\data\raw_v2\diffusion_fakes\Midjourney\Midjourney_0051.png,1,midjourney_fake,id,0.000000
R:\_Projects\Eurus_Workspace\HolmHz\data\raw_v2\deepdetect2025\ddata\train\real\30771.jpg,0,dd2025_real,id,0.000000
R:\_Projects\Eurus_Workspace\HolmHz\data\raw_v2\rvf10k\rvf10k\train\fake\1QZHKEJKTM.jpg,1,rvf10k_train_fake,id,0.000000
R:\_Projects\Eurus_Workspace\HolmHz\data\raw_v2\rvf10k\rvf10k\train\fake\NI1T2UHGYP.jpg,1,rvf10k_train_fake,id,0.040147
R:\_Projects\Eurus_Workspace\HolmHz\data\raw_v2\diffusion_fakes\Real\REAL_0621.jpg,0,deepfake_collection_real,id,0.000000
R:\_Projects\Eurus_Workspace\HolmHz\data\raw_v2\ciplab_faces\real_and_fake_face_detection\real_and_fake_face\training_real\real_00774.jpg,0,ciplab_training_real,id,0.000000
R:\_Projects\Eurus_Workspace\HolmHz\data\raw_v2\diffusion_fakes\DALL-E\DALL-E_0689.jpg,1,dalle_fake,id,0.000000
R:\_Projects\Eurus_Workspace\HolmHz\data\raw_v2\deepdetect2025\ddata\train\fake\fake_007708.jpg,1,dd2025_fake,id,0.000000
R:\_Projects\Eurus_Workspace\HolmHz\data\raw_v2\diffusion_fakes\Midjourney\Midjourney_0272.png,1,midjourney_fake,id,0.000000
R:\_Projects\Eurus_Workspace\HolmHz\data\raw_v2\deepdetect2025\ddata\train\fake\fake_016162.jpg,1,dd2025_fake,id,0.000000
R:\_Projects\Eurus_Workspace\HolmHz\data\raw_v2\diffusion_fakes\DALL-E\DALL-E_1713.jpg,1,dalle_fake,id,0.000000
R:\_Projects\Eurus_Workspace\HolmHz\data\raw_v2\rvf10k\rvf10k\valid\real\23146.jpg,0,rvf10k_valid_real,id,0.000075
R:\_Projects\Eurus_Workspace\HolmHz\data\raw_v2\rvf10k\rvf10k\valid\fake\TVV5CQNT77.jpg,1,rvf10k_valid_fake,id,0.000002
R:\_Projects\Eurus_Workspace\HolmHz\data\raw_v2\rvf10k\rvf10k\train\real\53992.jpg,0,rvf10k_train_real,id,0.000000
R:\_Projects\Eurus_Workspace\HolmHz\data\raw_v2\deepdetect2025\ddata\train\fake\fake_019500.jpg,1,dd2025_fake,id,0.646019
R:\_Projects\Eurus_Workspace\HolmHz\data\raw_v2\diffusion_fakes\Stable Diffusion\Stable_Diffusion_1757.jpg,1,sd_fake,id,0.000003
R:\_Projects\Eurus_Workspace\HolmHz\data\raw_v2\deepdetect2025\ddata\train\fake\fake_037704.jpg,1,dd2025_fake,id,0.000000
R:\_Projects\Eurus_Workspace\HolmHz\data\raw_v2\diffusion_fakes\DALL-E\DALL-E_0191.jpg,1,dalle_fake,id,0.000000
R:\_Projects\Eurus_Workspace\HolmHz\data\raw_v2\diffusion_fakes\DALL-E\DALL-E_1743.jpg,1,dalle_fake,id,0.000000
R:\_Projects\Eurus_Workspace\HolmHz\data\raw_v2\rvf10k\rvf10k\train\fake\8FJ358LZ26.jpg,1,rvf10k_train_fake,id,0.000097
R:\_Projects\Eurus_Workspace\HolmHz\data\raw_v2\deepdetect2025\ddata\train\fake\fake_012546.jpg,1,dd2025_fake,id,0.000000
R:\_Projects\Eurus_Workspace\HolmHz\data\raw_v2\rvf10k\rvf10k\train\fake\XY0Q2MYQUG.jpg,1,rvf10k_train_fake,id,0.000000
R:\_Projects\Eurus_Workspace\HolmHz\data\raw_v2\rvf10k\rvf10k\train\real\21999.jpg,0,rvf10k_train_real,id,0.000000
R:\_Projects\Eurus_Workspace\HolmHz\data\raw_v2\deepdetect2025\ddata\train\fake\fake_009253.jpg,1,dd2025_fake,id,0.000000
R:\_Projects\Eurus_Workspace\HolmHz\data\raw_v2\rvf10k\rvf10k\train\real\06023.jpg,0,rvf10k_train_real,id,0.000006
R:\_Projects\Eurus_Workspace\HolmHz\data\raw_v2\ciplab_faces\real_and_fake_face_detection\real_and_fake_face\training_fake\easy_196_0010.jpg,1,ciplab_training_fake,id,0.000000
R:\_Projects\Eurus_Workspace\HolmHz\data\raw_v2\deepdetect2025\ddata\train\real\13962.jpg,0,dd2025_real,id,0.000000
R:\_Projects\Eurus_Workspace\HolmHz\data\raw_v2\diffusion_fakes\DALL-E\DALL-E_0866.jpg,1,dalle_fake,id,0.000000
R:\_Projects\Eurus_Workspace\HolmHz\data\raw_v2\rvf10k\rvf10k\train\real\58221.jpg,0,rvf10k_train_real,id,0.000000
R:\_Projects\Eurus_Workspace\HolmHz\data\raw_v2\deepdetect2025\ddata\train\fake\fake_029637.jpg,1,dd2025_fake,id,0.000005
R:\_Projects\Eurus_Workspace\HolmHz\data\raw_v2\deepdetect2025\ddata\train\fake\fake_022861.jpg,1,dd2025_fake,id,0.000000
R:\_Projects\Eurus_Workspace\HolmHz\data\raw_v2\deepdetect2025\ddata\train\fake\fake_014067.jpg,1,dd2025_fake,id,0.191138
R:\_Projects\Eurus_Workspace\HolmHz\data\raw_v2\diffusion_fakes\DALL-E\DALL-E_1020.jpg,1,dalle_fake,id,0.000000
R:\_Projects\Eurus_Workspace\HolmHz\data\raw_v2\diffusion_fakes\Real\REAL_0014.jpg,0,deepfake_collection_real,id,0.000000
R:\_Projects\Eurus_Workspace\HolmHz\data\raw_v2\rvf10k\rvf10k\train\fake\E17ZB7RQNZ.jpg,1,rvf10k_train_fake,id,0.072443
R:\_Projects\Eurus_Workspace\HolmHz\data\raw_v2\diffusion_fakes\Real\REAL_2103.jpg,0,deepfake_collection_real,id,0.000000
R:\_Projects\Eurus_Workspace\HolmHz\data\raw_v2\rvf10k\rvf10k\train\real\64224.jpg,0,rvf10k_train_real,id,0.000000
R:\_Projects\Eurus_Workspace\HolmHz\data\raw_v2\rvf10k\rvf10k\train\fake\MX65UH9DRA.jpg,1,rvf10k_train_fake,id,0.000000
R:\_Projects\Eurus_Workspace\HolmHz\data\raw_v2\ciplab_faces\real_and_fake_face_detection\real_and_fake_face\training_real\real_00247.jpg,0,ciplab_training_real,id,0.000000
R:\_Projects\Eurus_Workspace\HolmHz\data\raw_v2\ciplab_faces\real_and_fake_face\training_real\real_00241.jpg,0,ciplab_training_real,id,0.000000
R:\_Projects\Eurus_Workspace\HolmHz\data\raw_v2\rvf10k\rvf10k\train\real\37629.jpg,0,rvf10k_train_real,id,0.000000
R:\_Projects\Eurus_Workspace\HolmHz\data\raw_v2\deepdetect2025\ddata\train\real\62955.jpg,0,dd2025_real,id,0.000000
R:\_Projects\Eurus_Workspace\HolmHz\data\raw_v2\rvf10k\rvf10k\valid\fake\B1XYWSPYGQ.jpg,1,rvf10k_valid_fake,id,0.000047
R:\_Projects\Eurus_Workspace\HolmHz\data\raw_v2\diffusion_fakes\Midjourney\Midjourney_0718.png,1,midjourney_fake,id,0.000000
R:\_Projects\Eurus_Workspace\HolmHz\data\raw_v2\rvf10k\rvf10k\train\real\07183.jpg,0,rvf10k_train_real,id,0.000000
R:\_Projects\Eurus_Workspace\HolmHz\data\raw_v2\deepdetect2025\ddata\train\fake\fake_035971.jpg,1,dd2025_fake,id,0.000108
R:\_Projects\Eurus_Workspace\HolmHz\data\raw_v2\deepdetect2025\ddata\train\real\16650.jpg,0,dd2025_real,id,0.000000
R:\_Projects\Eurus_Workspace\HolmHz\data\raw_v2\deepdetect2025\ddata\train\real\60365.jpg,0,dd2025_real,id,0.000000
R:\_Projects\Eurus_Workspace\HolmHz\data\raw_v2\rvf10k\rvf10k\valid\real\47847.jpg,0,rvf10k_valid_real,id,0.000001
R:\_Projects\Eurus_Workspace\HolmHz\data\raw_v2\ciplab_faces\real_and_fake_face_detection\real_and_fake_face\training_real\real_00238.jpg,0,ciplab_training_real,id,0.000000
R:\_Projects\Eurus_Workspace\HolmHz\data\raw_v2\deepdetect2025\ddata\train\fake\fake_022632.jpg,1,dd2025_fake,id,0.000650
R:\_Projects\Eurus_Workspace\HolmHz\data\raw_v2\diffusion_fakes\Real\REAL_2218.jpg,0,deepfake_collection_real,id,0.000000
R:\_Projects\Eurus_Workspace\HolmHz\data\raw_v2\rvf10k\rvf10k\train\real\32123.jpg,0,rvf10k_train_real,id,0.000192
R:\_Projects\Eurus_Workspace\HolmHz\data\raw_v2\rvf10k\rvf10k\train\fake\0ZBCM6JP9R.jpg,1,rvf10k_train_fake,id,0.000084
R:\_Projects\Eurus_Workspace\HolmHz\data\raw_v2\rvf10k\rvf10k\train\real\00966.jpg,0,rvf10k_train_real,id,0.000000
R:\_Projects\Eurus_Workspace\HolmHz\data\raw_v2\rvf10k\rvf10k\valid\fake\5V0K7JVHQC.jpg,1,rvf10k_valid_fake,id,0.004495
R:\_Projects\Eurus_Workspace\HolmHz\data\raw_v2\ciplab_faces\real_and_fake_face_detection\real_and_fake_face\training_fake\mid_465_1111.jpg,1,ciplab_training_fake,id,0.000000
R:\_Projects\Eurus_Workspace\HolmHz\data\raw_v2\rvf10k\rvf10k\train\real\23643.jpg,0,rvf10k_train_real,id,0.000000
R:\_Projects\Eurus_Workspace\HolmHz\data\raw_v2\diffusion_fakes\Real\REAL_0502.jpg,0,deepfake_collection_real,id,0.000000
R:\_Projects\Eurus_Workspace\HolmHz\data\raw_v2\diffusion_fakes\Midjourney\Midjourney_0890.png,1,midjourney_fake,id,0.000000
R:\_Projects\Eurus_Workspace\HolmHz\data\raw_v2\deepdetect2025\ddata\train\real\37388.jpg,0,dd2025_real,id,0.000000
R:\_Projects\Eurus_Workspace\HolmHz\data\raw_v2\ciplab_faces\real_and_fake_face_detection\real_and_fake_face\training_fake\easy_12_1110.jpg,1,ciplab_training_fake,id,0.000001
R:\_Projects\Eurus_Workspace\HolmHz\data\raw_v2\diffusion_fakes\Real\REAL_4647.jpg,0,deepfake_collection_real,id,0.000000
R:\_Projects\Eurus_Workspace\HolmHz\data\raw_v2\deepdetect2025\ddata\train\fake\fake_010402.jpg,1,dd2025_fake,id,0.000707
R:\_Projects\Eurus_Workspace\HolmHz\data\raw_v2\rvf10k\rvf10k\train\fake\WQV4PYKC84.jpg,1,rvf10k_train_fake,id,0.000002
R:\_Projects\Eurus_Workspace\HolmHz\data\raw_v2\deepdetect2025\ddata\train\fake\fake_032023.jpg,1,dd2025_fake,id,0.170312
R:\_Projects\Eurus_Workspace\HolmHz\data\raw_v2\rvf10k\rvf10k\valid\real\49401.jpg,0,rvf10k_valid_real,id,0.000000
R:\_Projects\Eurus_Workspace\HolmHz\data\raw_v2\rvf10k\rvf10k\train\fake\WIA5J2W9O0.jpg,1,rvf10k_train_fake,id,0.000000
R:\_Projects\Eurus_Workspace\HolmHz\data\raw_v2\rvf10k\rvf10k\train\real\32977.jpg,0,rvf10k_train_real,id,0.000000
R:\_Projects\Eurus_Workspace\HolmHz\data\raw_v2\diffusion_fakes\Real\REAL_1600.jpg,0,deepfake_collection_real,id,0.000000
R:\_Projects\Eurus_Workspace\HolmHz\data\raw_v2\deepdetect2025\ddata\train\real\46998.jpg,0,dd2025_real,id,0.000000
R:\_Projects\Eurus_Workspace\HolmHz\data\raw_v2\diffusion_fakes\Real\REAL_2507.jpg,0,deepfake_collection_real,id,0.000000
R:\_Projects\Eurus_Workspace\HolmHz\data\raw_v2\rvf10k\rvf10k\train\fake\9MGSOW9WQ8.jpg,1,rvf10k_train_fake,id,0.000000
R:\_Projects\Eurus_Workspace\HolmHz\data\raw_v2\diffusion_fakes\Real\REAL_5586.jpg,0,deepfake_collection_real,id,0.000000
R:\_Projects\Eurus_Workspace\HolmHz\data\raw_v2\diffusion_fakes\DALL-E\DALL-E_0275.jpg,1,dalle_fake,id,0.000000
R:\_Projects\Eurus_Workspace\HolmHz\data\raw_v2\rvf10k\rvf10k\train\fake\1XXNM7F534.jpg,1,rvf10k_train_fake,id,0.000000
R:\_Projects\Eurus_Workspace\HolmHz\data\raw_v2\diffusion_fakes\Real\REAL_4210.jpg,0,deepfake_collection_real,id,0.000000
R:\_Projects\Eurus_Workspace\HolmHz\data\raw_v2\rvf10k\rvf10k\valid\fake\6N0CO5I9MH.jpg,1,rvf10k_valid_fake,id,0.000000
R:\_Projects\Eurus_Workspace\HolmHz\data\raw_v2\rvf10k\rvf10k\train\fake\OKA1H1V3YP.jpg,1,rvf10k_train_fake,id,0.000000
R:\_Projects\Eurus_Workspace\HolmHz\data\raw_v2\deepdetect2025\ddata\train\fake\fake_008881.jpg,1,dd2025_fake,id,0.000000
R:\_Projects\Eurus_Workspace\HolmHz\data\raw_v2\diffusion_fakes\DALL-E\DALL-E_0326.jpg,1,dalle_fake,id,0.000000
R:\_Projects\Eurus_Workspace\HolmHz\data\raw_v2\rvf10k\rvf10k\train\fake\GRL526ZSYI.jpg,1,rvf10k_train_fake,id,0.048338
R:\_Projects\Eurus_Workspace\HolmHz\data\raw_v2\ciplab_faces\real_and_fake_face\training_real\real_00892.jpg,0,ciplab_training_real,id,0.000000
R:\_Projects\Eurus_Workspace\HolmHz\data\raw_v2\diffusion_fakes\DALL-E\DALL-E_1550.jpg,1,dalle_fake,id,0.000000
R:\_Projects\Eurus_Workspace\HolmHz\data\raw_v2\diffusion_fakes\Real\REAL_4416.jpg,0,deepfake_collection_real,id,0.000000
R:\_Projects\Eurus_Workspace\HolmHz\data\raw_v2\rvf10k\rvf10k\valid\real\21279.jpg,0,rvf10k_valid_real,id,0.000000
R:\_Projects\Eurus_Workspace\HolmHz\data\raw_v2\ciplab_faces\real_and_fake_face\training_fake\mid_438_0010.jpg,1,ciplab_training_fake,id,0.000000
R:\_Projects\Eurus_Workspace\HolmHz\data\raw_v2\deepdetect2025\ddata\train\real\33287.jpg,0,dd2025_real,id,0.000000
R:\_Projects\Eurus_Workspace\HolmHz\data\raw_v2\diffusion_fakes\Real\REAL_5407.jpg,0,deepfake_collection_real,id,0.000012
R:\_Projects\Eurus_Workspace\HolmHz\data\raw_v2\ciplab_faces\real_and_fake_face_detection\real_and_fake_face\training_fake\mid_158_1010.jpg,1,ciplab_training_fake,id,0.000000
R:\_Projects\Eurus_Workspace\HolmHz\data\raw_v2\rvf10k\rvf10k\train\real\03240.jpg,0,rvf10k_train_real,id,0.000000
R:\_Projects\Eurus_Workspace\HolmHz\data\raw_v2\camera_vs_ai\ai vs real photos\Camera_images\90.jpg,0,camera_train_real,id,0.000000
R:\_Projects\Eurus_Workspace\HolmHz\data\raw_v2\diffusion_fakes\Real\REAL_4791.jpg,0,deepfake_collection_real,id,0.000000
R:\_Projects\Eurus_Workspace\HolmHz\data\raw_v2\ciplab_faces\real_and_fake_face\training_fake\hard_182_0011.jpg,1,ciplab_training_fake,id,0.000002
R:\_Projects\Eurus_Workspace\HolmHz\data\raw_v2\diffusion_fakes\Real\REAL_5537.jpg,0,deepfake_collection_real,id,0.000000
R:\_Projects\Eurus_Workspace\HolmHz\data\raw_v2\rvf10k\rvf10k\train\real\19419.jpg,0,rvf10k_train_real,id,0.000000
R:\_Projects\Eurus_Workspace\HolmHz\data\raw_v2\rvf10k\rvf10k\valid\fake\FXKG1HJNV0.jpg,1,rvf10k_valid_fake,id,0.000000
R:\_Projects\Eurus_Workspace\HolmHz\data\raw_v2\deepdetect2025\ddata\train\fake\fake_020940.jpg,1,dd2025_fake,id,0.000000
R:\_Projects\Eurus_Workspace\HolmHz\data\raw_v2\diffusion_fakes\Real\REAL_2620.jpg,0,deepfake_collection_real,id,0.000001
R:\_Projects\Eurus_Workspace\HolmHz\data\raw_v2\ciplab_faces\real_and_fake_face_detection\real_and_fake_face\training_fake\easy_64_1111.jpg,1,ciplab_training_fake,id,0.000000
R:\_Projects\Eurus_Workspace\HolmHz\data\raw_v2\rvf10k\rvf10k\valid\real\16968.jpg,0,rvf10k_valid_real,id,0.000000
R:\_Projects\Eurus_Workspace\HolmHz\data\raw_v2\rvf10k\rvf10k\train\fake\4W01JGLBWX.jpg,1,rvf10k_train_fake,id,0.000000
R:\_Projects\Eurus_Workspace\HolmHz\data\raw_v2\ciplab_faces\real_and_fake_face_detection\real_and_fake_face\training_fake\hard_203_0010.jpg,1,ciplab_training_fake,id,0.000000
R:\_Projects\Eurus_Workspace\HolmHz\data\raw_v2\deepdetect2025\ddata\train\real\07366.jpg,0,dd2025_real,id,0.000000
R:\_Projects\Eurus_Workspace\HolmHz\data\raw_v2\rvf10k\rvf10k\train\real\17169.jpg,0,rvf10k_train_real,id,0.000000
R:\_Projects\Eurus_Workspace\HolmHz\data\raw_v2\rvf10k\rvf10k\train\real\11967.jpg,0,rvf10k_train_real,id,0.000000
R:\_Projects\Eurus_Workspace\HolmHz\data\raw_v2\rvf10k\rvf10k\train\fake\3KJ0DUOOVY.jpg,1,rvf10k_train_fake,id,0.000000
R:\_Projects\Eurus_Workspace\HolmHz\data\raw_v2\rvf10k\rvf10k\train\fake\CPBHDJWDS7.jpg,1,rvf10k_train_fake,id,0.004494
R:\_Projects\Eurus_Workspace\HolmHz\data\raw_v2\diffusion_fakes\Real\REAL_3555.jpg,0,deepfake_collection_real,id,0.000000
R:\_Projects\Eurus_Workspace\HolmHz\data\raw_v2\deepdetect2025\ddata\train\fake\fake_023322.jpg,1,dd2025_fake,id,0.000000
R:\_Projects\Eurus_Workspace\HolmHz\data\raw_v2\ciplab_faces\real_and_fake_face\training_real\real_00554.jpg,0,ciplab_training_real,id,0.000000
R:\_Projects\Eurus_Workspace\HolmHz\data\raw_v2\deepdetect2025\ddata\train\fake\fake_035166.jpg,1,dd2025_fake,id,0.000000
R:\_Projects\Eurus_Workspace\HolmHz\data\raw_v2\diffusion_fakes\DALL-E\DALL-E_1269.jpg,1,dalle_fake,id,0.000000
R:\_Projects\Eurus_Workspace\HolmHz\data\raw_v2\diffusion_fakes\Real\REAL_1411.jpg,0,deepfake_collection_real,id,0.000000
R:\_Projects\Eurus_Workspace\HolmHz\data\raw_v2\deepdetect2025\ddata\train\fake\fake_003536.jpg,1,dd2025_fake,id,0.000733
R:\_Projects\Eurus_Workspace\HolmHz\data\raw_v2\ciplab_faces\real_and_fake_face_detection\real_and_fake_face\training_real\real_00929.jpg,0,ciplab_training_real,id,0.000000
R:\_Projects\Eurus_Workspace\HolmHz\data\raw_v2\deepdetect2025\ddata\train\fake\fake_020113.png,1,dd2025_fake,id,0.000295
R:\_Projects\Eurus_Workspace\HolmHz\data\raw_v2\ciplab_faces\real_and_fake_face_detection\real_and_fake_face\training_real\real_00686.jpg,0,ciplab_training_real,id,0.000020
R:\_Projects\Eurus_Workspace\HolmHz\data\raw_v2\diffusion_fakes\DALL-E\DALL-E_0180.jpg,1,dalle_fake,id,0.000000
R:\_Projects\Eurus_Workspace\HolmHz\data\raw_v2\deepdetect2025\ddata\train\real\54249.jpg,0,dd2025_real,id,0.000000
R:\_Projects\Eurus_Workspace\HolmHz\data\raw_v2\rvf10k\rvf10k\train\real\52518.jpg,0,rvf10k_train_real,id,0.000000
R:\_Projects\Eurus_Workspace\HolmHz\data\raw_v2\diffusion_fakes\Real\REAL_5248.jpg,0,deepfake_collection_real,id,0.000000
R:\_Projects\Eurus_Workspace\HolmHz\data\raw_v2\diffusion_fakes\Real\REAL_0924.jpg,0,deepfake_collection_real,id,0.000000
R:\_Projects\Eurus_Workspace\HolmHz\data\raw_v2\rvf10k\rvf10k\train\real\59369.jpg,0,rvf10k_train_real,id,0.000000
R:\_Projects\Eurus_Workspace\HolmHz\data\raw_v2\deepdetect2025\ddata\train\fake\fake_008270.jpg,1,dd2025_fake,id,0.000000
R:\_Projects\Eurus_Workspace\HolmHz\data\raw_v2\diffusion_fakes\Real\REAL_5240.jpg,0,deepfake_collection_real,id,0.000007
R:\_Projects\Eurus_Workspace\HolmHz\data\raw_v2\ciplab_faces\real_and_fake_face_detection\real_and_fake_face\training_fake\mid_220_0011.jpg,1,ciplab_training_fake,id,0.000000
R:\_Projects\Eurus_Workspace\HolmHz\data\raw_v2\deepdetect2025\ddata\train\fake\fake_017579.jpg,1,dd2025_fake,id,0.000000
R:\_Projects\Eurus_Workspace\HolmHz\data\raw_v2\rvf10k\rvf10k\train\fake\MWED1XBF3S.jpg,1,rvf10k_train_fake,id,0.000023
R:\_Projects\Eurus_Workspace\HolmHz\data\raw_v2\rvf10k\rvf10k\train\fake\2MYLBLJTML.jpg,1,rvf10k_train_fake,id,0.000001
R:\_Projects\Eurus_Workspace\HolmHz\data\raw_v2\ciplab_faces\real_and_fake_face\training_real\real_00437.jpg,0,ciplab_training_real,id,0.000002
R:\_Projects\Eurus_Workspace\HolmHz\data\raw_v2\rvf10k\rvf10k\train\real\67260.jpg,0,rvf10k_train_real,id,0.000000
R:\_Projects\Eurus_Workspace\HolmHz\data\raw_v2\diffusion_fakes\Real\REAL_5193.jpg,0,deepfake_collection_real,id,0.000000
R:\_Projects\Eurus_Workspace\HolmHz\data\raw_v2\ciplab_faces\real_and_fake_face_detection\real_and_fake_face\training_fake\mid_463_0100.jpg,1,ciplab_training_fake,id,0.000001
R:\_Projects\Eurus_Workspace\HolmHz\data\raw_v2\diffusion_fakes\Real\REAL_5397.jpg,0,deepfake_collection_real,id,0.000000
R:\_Projects\Eurus_Workspace\HolmHz\data\raw_v2\deepdetect2025\ddata\train\real\37423.jpg,0,dd2025_real,id,0.000014
R:\_Projects\Eurus_Workspace\HolmHz\data\raw_v2\deepdetect2025\ddata\train\fake\fake_002168.jpg,1,dd2025_fake,id,0.000000
R:\_Projects\Eurus_Workspace\HolmHz\data\raw_v2\diffusion_fakes\Real\REAL_3177.jpg,0,deepfake_collection_real,id,0.000000
R:\_Projects\Eurus_Workspace\HolmHz\data\raw_v2\rvf10k\rvf10k\valid\fake\SQ9014B6Q3.jpg,1,rvf10k_valid_fake,id,0.000000
R:\_Projects\Eurus_Workspace\HolmHz\data\raw_v2\rvf10k\rvf10k\train\fake\N8FY3VK6CU.jpg,1,rvf10k_train_fake,id,0.000001
R:\_Projects\Eurus_Workspace\HolmHz\data\raw_v2\deepdetect2025\ddata\train\fake\fake_008118.jpg,1,dd2025_fake,id,0.000039
R:\_Projects\Eurus_Workspace\HolmHz\data\raw_v2\diffusion_fakes\Stable Diffusion\Stable_Diffusion_1319.jpg,1,sd_fake,id,0.006990
R:\_Projects\Eurus_Workspace\HolmHz\data\raw_v2\diffusion_fakes\Stable Diffusion\Stable_Diffusion_1738.jpg,1,sd_fake,id,0.000000
R:\_Projects\Eurus_Workspace\HolmHz\data\raw_v2\diffusion_fakes\Real\REAL_2819.jpg,0,deepfake_collection_real,id,0.000000
R:\_Projects\Eurus_Workspace\HolmHz\data\raw_v2\deepdetect2025\ddata\train\real\29087.jpg,0,dd2025_real,id,0.000000
R:\_Projects\Eurus_Workspace\HolmHz\data\raw_v2\deepdetect2025\ddata\train\real\32124.jpg,0,dd2025_real,id,0.000000
R:\_Projects\Eurus_Workspace\HolmHz\data\raw_v2\ciplab_faces\real_and_fake_face_detection\real_and_fake_face\training_real\real_00627.jpg,0,ciplab_training_real,id,0.000005
R:\_Projects\Eurus_Workspace\HolmHz\data\raw_v2\deepdetect2025\ddata\train\fake\fake_012902.jpg,1,dd2025_fake,id,0.000000
R:\_Projects\Eurus_Workspace\HolmHz\data\raw_v2\rvf10k\rvf10k\train\real\39759.jpg,0,rvf10k_train_real,id,0.000000
R:\_Projects\Eurus_Workspace\HolmHz\data\raw_v2\deepdetect2025\ddata\train\fake\fake_002050.jpg,1,dd2025_fake,id,0.000000
R:\_Projects\Eurus_Workspace\HolmHz\data\raw_v2\ciplab_faces\real_and_fake_face_detection\real_and_fake_face\training_fake\mid_308_1111.jpg,1,ciplab_training_fake,id,0.000000
R:\_Projects\Eurus_Workspace\HolmHz\data\raw_v2\diffusion_fakes\Real\REAL_5061.jpg,0,deepfake_collection_real,id,0.000000
R:\_Projects\Eurus_Workspace\HolmHz\data\raw_v2\deepdetect2025\ddata\train\fake\fake_032492.jpg,1,dd2025_fake,id,0.001960
R:\_Projects\Eurus_Workspace\HolmHz\data\raw_v2\deepdetect2025\ddata\train\fake\fake_024400.jpg,1,dd2025_fake,id,0.000006
R:\_Projects\Eurus_Workspace\HolmHz\data\raw_v2\deepdetect2025\ddata\train\real\26364.jpg,0,dd2025_real,id,0.000000
R:\_Projects\Eurus_Workspace\HolmHz\data\raw_v2\diffusion_fakes\Real\REAL_0433.jpg,0,deepfake_collection_real,id,0.000002
R:\_Projects\Eurus_Workspace\HolmHz\data\raw_v2\diffusion_fakes\Stable Diffusion\Stable_Diffusion_1927.jpg,1,sd_fake,id,0.000000
R:\_Projects\Eurus_Workspace\HolmHz\data\raw_v2\diffusion_fakes\DALL-E\DALL-E_1943.jpg,1,dalle_fake,id,0.000000
R:\_Projects\Eurus_Workspace\HolmHz\data\raw_v2\rvf10k\rvf10k\valid\real\09936.jpg,0,rvf10k_valid_real,id,0.000000
R:\_Projects\Eurus_Workspace\HolmHz\data\raw_v2\deepdetect2025\ddata\train\fake\fake_012515.jpg,1,dd2025_fake,id,0.203693
R:\_Projects\Eurus_Workspace\HolmHz\data\raw_v2\deepdetect2025\ddata\train\fake\fake_025609.jpg,1,dd2025_fake,id,0.000000
R:\_Projects\Eurus_Workspace\HolmHz\data\raw_v2\rvf10k\rvf10k\train\real\64844.jpg,0,rvf10k_train_real,id,0.000000
R:\_Projects\Eurus_Workspace\HolmHz\data\raw_v2\deepdetect2025\ddata\train\real\58256.jpg,0,dd2025_real,id,0.000000
R:\_Projects\Eurus_Workspace\HolmHz\data\raw_v2\deepdetect2025\ddata\train\fake\fake_017648.jpg,1,dd2025_fake,id,0.000000
R:\_Projects\Eurus_Workspace\HolmHz\data\raw_v2\diffusion_fakes\DALL-E\DALL-E_1189.jpg,1,dalle_fake,id,0.000000
R:\_Projects\Eurus_Workspace\HolmHz\data\raw_v2\diffusion_fakes\Stable Diffusion\Stable_Diffusion_1493.jpg,1,sd_fake,id,0.000124
R:\_Projects\Eurus_Workspace\HolmHz\data\raw_v2\diffusion_fakes\Real\REAL_4545.jpg,0,deepfake_collection_real,id,0.000000
R:\_Projects\Eurus_Workspace\HolmHz\data\raw_v2\rvf10k\rvf10k\train\fake\50FDF7JVJP.jpg,1,rvf10k_train_fake,id,0.000000
R:\_Projects\Eurus_Workspace\HolmHz\data\raw_v2\ciplab_faces\real_and_fake_face\training_fake\mid_335_1100.jpg,1,ciplab_training_fake,id,0.000000
R:\_Projects\Eurus_Workspace\HolmHz\data\raw_v2\deepdetect2025\ddata\train\real\04117.jpg,0,dd2025_real,id,0.000001
R:\_Projects\Eurus_Workspace\HolmHz\data\raw_v2\rvf10k\rvf10k\valid\fake\LAO458713K.jpg,1,rvf10k_valid_fake,id,0.000000
R:\_Projects\Eurus_Workspace\HolmHz\data\raw_v2\deepdetect2025\ddata\train\fake\fake_018732.jpg,1,dd2025_fake,id,0.000000
R:\_Projects\Eurus_Workspace\HolmHz\data\raw_v2\rvf10k\rvf10k\valid\fake\BYBCOG9RGR.jpg,1,rvf10k_valid_fake,id,0.000011
R:\_Projects\Eurus_Workspace\HolmHz\data\raw_v2\diffusion_fakes\Real\REAL_2829.jpg,0,deepfake_collection_real,id,0.000031
R:\_Projects\Eurus_Workspace\HolmHz\data\raw_v2\rvf10k\rvf10k\valid\real\68690.jpg,0,rvf10k_valid_real,id,0.000000
R:\_Projects\Eurus_Workspace\HolmHz\data\raw_v2\diffusion_fakes\Stable Diffusion\Stable_Diffusion_172.jpg,1,sd_fake,id,0.000000
R:\_Projects\Eurus_Workspace\HolmHz\data\raw_v2\diffusion_fakes\Real\REAL_5030.jpg,0,deepfake_collection_real,id,0.000000
R:\_Projects\Eurus_Workspace\HolmHz\data\raw_v2\rvf10k\rvf10k\train\fake\NTETMQC4VV.jpg,1,rvf10k_train_fake,id,0.000002
R:\_Projects\Eurus_Workspace\HolmHz\data\raw_v2\deepdetect2025\ddata\train\fake\fake_000632.jpg,1,dd2025_fake,id,0.399096
R:\_Projects\Eurus_Workspace\HolmHz\data\raw_v2\deepdetect2025\ddata\train\fake\fake_008036.jpg,1,dd2025_fake,id,0.000000
R:\_Projects\Eurus_Workspace\HolmHz\data\raw_v2\diffusion_fakes\Real\REAL_3148.jpg,0,deepfake_collection_real,id,0.000165
R:\_Projects\Eurus_Workspace\HolmHz\data\raw_v2\rvf10k\rvf10k\train\fake\BZQ0FSWZLP.jpg,1,rvf10k_train_fake,id,0.000005
R:\_Projects\Eurus_Workspace\HolmHz\data\raw_v2\diffusion_fakes\Real\REAL_2973.jpg,0,deepfake_collection_real,id,0.000000
R:\_Projects\Eurus_Workspace\HolmHz\data\raw_v2\ciplab_faces\real_and_fake_face\training_fake\easy_11_1111.jpg,1,ciplab_training_fake,id,0.000000
R:\_Projects\Eurus_Workspace\HolmHz\data\raw_v2\rvf10k\rvf10k\train\real\35827.jpg,0,rvf10k_train_real,id,0.000000
R:\_Projects\Eurus_Workspace\HolmHz\data\raw_v2\diffusion_fakes\Real\REAL_3896.jpg,0,deepfake_collection_real,id,0.000006
R:\_Projects\Eurus_Workspace\HolmHz\data\raw_v2\ciplab_faces\real_and_fake_face_detection\real_and_fake_face\training_fake\mid_282_1100.jpg,1,ciplab_training_fake,id,0.000000
R:\_Projects\Eurus_Workspace\HolmHz\data\raw_v2\deepdetect2025\ddata\train\real\45400.jpg,0,dd2025_real,id,0.000000
R:\_Projects\Eurus_Workspace\HolmHz\data\raw_v2\diffusion_fakes\Real\REAL_1521.jpg,0,deepfake_collection_real,id,0.000001
R:\_Projects\Eurus_Workspace\HolmHz\data\raw_v2\diffusion_fakes\Real\REAL_3424.jpg,0,deepfake_collection_real,id,0.000000
R:\_Projects\Eurus_Workspace\HolmHz\data\raw_v2\diffusion_fakes\DALL-E\DALL-E_0485.jpg,1,dalle_fake,id,0.000000
R:\_Projects\Eurus_Workspace\HolmHz\data\raw_v2\diffusion_fakes\Real\REAL_4281.jpg,0,deepfake_collection_real,id,0.000000
R:\_Projects\Eurus_Workspace\HolmHz\data\raw_v2\diffusion_fakes\Real\REAL_3383.jpg,0,deepfake_collection_real,id,0.000000
R:\_Projects\Eurus_Workspace\HolmHz\data\raw_v2\diffusion_fakes\DALL-E\DALL-E_1514.jpg,1,dalle_fake,id,0.000000
R:\_Projects\Eurus_Workspace\HolmHz\data\raw_v2\rvf10k\rvf10k\train\fake\WWDPC4ZN6D.jpg,1,rvf10k_train_fake,id,0.000000
R:\_Projects\Eurus_Workspace\HolmHz\data\raw_v2\rvf10k\rvf10k\valid\fake\YW1PU8MYNE.jpg,1,rvf10k_valid_fake,id,0.002460
R:\_Projects\Eurus_Workspace\HolmHz\data\raw_v2\rvf10k\rvf10k\valid\real\60376.jpg,0,rvf10k_valid_real,id,0.000001
R:\_Projects\Eurus_Workspace\HolmHz\data\raw_v2\diffusion_fakes\Stable Diffusion\Stable_Diffusion_51.jpg,1,sd_fake,id,0.000000
R:\_Projects\Eurus_Workspace\HolmHz\data\raw_v2\deepdetect2025\ddata\train\real\32717.jpg,0,dd2025_real,id,0.000000
R:\_Projects\Eurus_Workspace\HolmHz\data\raw_v2\diffusion_fakes\Real\REAL_4127.jpg,0,deepfake_collection_real,id,0.000003
R:\_Projects\Eurus_Workspace\HolmHz\data\raw_v2\ciplab_faces\real_and_fake_face_detection\real_and_fake_face\training_fake\hard_148_1010.jpg,1,ciplab_training_fake,id,0.000000
R:\_Projects\Eurus_Workspace\HolmHz\data\raw_v2\diffusion_fakes\Stable Diffusion\Stable_Diffusion_522.jpg,1,sd_fake,id,0.000000
R:\_Projects\Eurus_Workspace\HolmHz\data\raw_v2\diffusion_fakes\Real\REAL_0312.jpg,0,deepfake_collection_real,id,0.000000
R:\_Projects\Eurus_Workspace\HolmHz\data\raw_v2\rvf10k\rvf10k\train\real\67766.jpg,0,rvf10k_train_real,id,0.000000
R:\_Projects\Eurus_Workspace\HolmHz\data\raw_v2\ciplab_faces\real_and_fake_face\training_real\real_00945.jpg,0,ciplab_training_real,id,0.000354
R:\_Projects\Eurus_Workspace\HolmHz\data\raw_v2\ciplab_faces\real_and_fake_face\training_fake\mid_273_1101.jpg,1,ciplab_training_fake,id,0.000000
R:\_Projects\Eurus_Workspace\HolmHz\data\raw_v2\diffusion_fakes\DALL-E\DALL-E_0594.jpg,1,dalle_fake,id,0.000000
R:\_Projects\Eurus_Workspace\HolmHz\data\raw_v2\diffusion_fakes\DALL-E\DALL-E_1584.jpg,1,dalle_fake,id,0.000000
R:\_Projects\Eurus_Workspace\HolmHz\data\raw_v2\rvf10k\rvf10k\train\fake\GRGN2T15B3.jpg,1,rvf10k_train_fake,id,0.000609
R:\_Projects\Eurus_Workspace\HolmHz\data\raw_v2\deepdetect2025\ddata\train\real\10620.jpg,0,dd2025_real,id,0.000000
R:\_Projects\Eurus_Workspace\HolmHz\data\raw_v2\deepdetect2025\ddata\train\real\53174.jpg,0,dd2025_real,id,0.000000
R:\_Projects\Eurus_Workspace\HolmHz\data\raw_v2\rvf10k\rvf10k\train\fake\GLN4VY01IJ.jpg,1,rvf10k_train_fake,id,0.234745
R:\_Projects\Eurus_Workspace\HolmHz\data\raw_v2\rvf10k\rvf10k\valid\real\59968.jpg,0,rvf10k_valid_real,id,0.000000
R:\_Projects\Eurus_Workspace\HolmHz\data\raw_v2\rvf10k\rvf10k\train\real\45022.jpg,0,rvf10k_train_real,id,0.000000
R:\_Projects\Eurus_Workspace\HolmHz\data\raw_v2\deepdetect2025\ddata\train\fake\fake_021994.jpg,1,dd2025_fake,id,0.000014
R:\_Projects\Eurus_Workspace\HolmHz\data\raw_v2\diffusion_fakes\Real\REAL_3022.jpg,0,deepfake_collection_real,id,0.000000
R:\_Projects\Eurus_Workspace\HolmHz\data\raw_v2\rvf10k\rvf10k\train\real\12629.jpg,0,rvf10k_train_real,id,0.000000
R:\_Projects\Eurus_Workspace\HolmHz\data\raw_v2\diffusion_fakes\Stable Diffusion\Stable_Diffusion_1654.jpg,1,sd_fake,id,0.000000
R:\_Projects\Eurus_Workspace\HolmHz\data\raw_v2\diffusion_fakes\Real\REAL_0994.jpg,0,deepfake_collection_real,id,0.000000
R:\_Projects\Eurus_Workspace\HolmHz\data\raw_v2\deepdetect2025\ddata\train\fake\fake_023447.jpg,1,dd2025_fake,id,0.000000
R:\_Projects\Eurus_Workspace\HolmHz\data\raw_v2\ciplab_faces\real_and_fake_face\training_real\real_00301.jpg,0,ciplab_training_real,id,0.000000
R:\_Projects\Eurus_Workspace\HolmHz\data\raw_v2\rvf10k\rvf10k\train\fake\WHSLQ9OWY0.jpg,1,rvf10k_train_fake,id,0.000000
R:\_Projects\Eurus_Workspace\HolmHz\data\raw_v2\ciplab_faces\real_and_fake_face_detection\real_and_fake_face\training_real\real_00962.jpg,0,ciplab_training_real,id,0.000012
R:\_Projects\Eurus_Workspace\HolmHz\data\raw_v2\deepdetect2025\ddata\train\fake\fake_032544.jpg,1,dd2025_fake,id,0.894299
R:\_Projects\Eurus_Workspace\HolmHz\data\raw_v2\deepdetect2025\ddata\train\fake\fake_029857.jpg,1,dd2025_fake,id,0.002535
R:\_Projects\Eurus_Workspace\HolmHz\data\raw_v2\ciplab_faces\real_and_fake_face\training_real\real_00886.jpg,0,ciplab_training_real,id,0.000061
R:\_Projects\Eurus_Workspace\HolmHz\data\raw_v2\deepdetect2025\ddata\train\fake\fake_029301.jpg,1,dd2025_fake,id,0.000000
R:\_Projects\Eurus_Workspace\HolmHz\data\raw_v2\ciplab_faces\real_and_fake_face\training_fake\mid_119_1111.jpg,1,ciplab_training_fake,id,0.000000
R:\_Projects\Eurus_Workspace\HolmHz\data\raw_v2\camera_vs_ai\ai vs real photos\Camera_images\97.jpg,0,camera_train_real,id,0.000001
R:\_Projects\Eurus_Workspace\HolmHz\data\raw_v2\diffusion_fakes\Real\REAL_5501.jpg,0,deepfake_collection_real,id,0.000000
R:\_Projects\Eurus_Workspace\HolmHz\data\raw_v2\diffusion_fakes\Midjourney\Midjourney_0137.png,1,midjourney_fake,id,0.000000
R:\_Projects\Eurus_Workspace\HolmHz\data\raw_v2\diffusion_fakes\Stable Diffusion\Stable_Diffusion_666.jpg,1,sd_fake,id,0.000006
R:\_Projects\Eurus_Workspace\HolmHz\data\raw_v2\diffusion_fakes\Real\REAL_4188.jpg,0,deepfake_collection_real,id,0.000000
R:\_Projects\Eurus_Workspace\HolmHz\data\raw_v2\diffusion_fakes\Midjourney\Midjourney_0472.png,1,midjourney_fake,id,0.000000
R:\_Projects\Eurus_Workspace\HolmHz\data\raw_v2\diffusion_fakes\Stable Diffusion\Stable_Diffusion_1219.jpg,1,sd_fake,id,0.000000
R:\_Projects\Eurus_Workspace\HolmHz\data\raw_v2\deepdetect2025\ddata\train\fake\fake_029561.jpg,1,dd2025_fake,id,0.001135
R:\_Projects\Eurus_Workspace\HolmHz\data\raw_v2\ciplab_faces\real_and_fake_face_detection\real_and_fake_face\training_real\real_00918.jpg,0,ciplab_training_real,id,0.000002
R:\_Projects\Eurus_Workspace\HolmHz\data\raw_v2\rvf10k\rvf10k\train\fake\928QE2FBVC.jpg,1,rvf10k_train_fake,id,0.000045
R:\_Projects\Eurus_Workspace\HolmHz\data\raw_v2\rvf10k\rvf10k\train\fake\MUUYO93L7V.jpg,1,rvf10k_train_fake,id,0.000000
R:\_Projects\Eurus_Workspace\HolmHz\data\raw_v2\deepdetect2025\ddata\train\fake\fake_004122.jpg,1,dd2025_fake,id,0.000004
R:\_Projects\Eurus_Workspace\HolmHz\data\raw_v2\diffusion_fakes\DALL-E\DALL-E_1772.jpg,1,dalle_fake,id,0.000000
R:\_Projects\Eurus_Workspace\HolmHz\data\raw_v2\rvf10k\rvf10k\train\fake\2MTIQC5AGA.jpg,1,rvf10k_train_fake,id,0.001585
R:\_Projects\Eurus_Workspace\HolmHz\data\raw_v2\diffusion_fakes\Real\REAL_1229.jpg,0,deepfake_collection_real,id,0.000000
R:\_Projects\Eurus_Workspace\HolmHz\data\raw_v2\diffusion_fakes\Real\REAL_0121.jpg,0,deepfake_collection_real,id,0.000000
R:\_Projects\Eurus_Workspace\HolmHz\data\raw_v2\diffusion_fakes\Stable Diffusion\Stable_Diffusion_1476.jpg,1,sd_fake,id,0.000000
R:\_Projects\Eurus_Workspace\HolmHz\data\raw_v2\rvf10k\rvf10k\train\fake\4APRQZN66A.jpg,1,rvf10k_train_fake,id,0.000000
R:\_Projects\Eurus_Workspace\HolmHz\data\raw_v2\deepdetect2025\ddata\train\real\19231.jpg,0,dd2025_real,id,0.000000
R:\_Projects\Eurus_Workspace\HolmHz\data\raw_v2\deepdetect2025\ddata\train\fake\fake_015793.jpg,1,dd2025_fake,id,0.000000
R:\_Projects\Eurus_Workspace\HolmHz\data\raw_v2\diffusion_fakes\Stable Diffusion\Stable_Diffusion_788.jpg,1,sd_fake,id,0.000001
R:\_Projects\Eurus_Workspace\HolmHz\data\raw_v2\rvf10k\rvf10k\train\fake\QC9P14UCXG.jpg,1,rvf10k_train_fake,id,0.000023
R:\_Projects\Eurus_Workspace\HolmHz\data\raw_v2\rvf10k\rvf10k\train\fake\6DFMD696CQ.jpg,1,rvf10k_train_fake,id,0.000002
R:\_Projects\Eurus_Workspace\HolmHz\data\raw_v2\rvf10k\rvf10k\valid\fake\ZPBVW03Q1F.jpg,1,rvf10k_valid_fake,id,0.000163
R:\_Projects\Eurus_Workspace\HolmHz\data\raw_v2\deepdetect2025\ddata\train\real\42451.jpg,0,dd2025_real,id,0.000000
R:\_Projects\Eurus_Workspace\HolmHz\data\raw_v2\ciplab_faces\real_and_fake_face_detection\real_and_fake_face\training_real\real_00484.jpg,0,ciplab_training_real,id,0.000000
R:\_Projects\Eurus_Workspace\HolmHz\data\raw_v2\deepdetect2025\ddata\train\fake\fake_017601.jpg,1,dd2025_fake,id,0.000002
R:\_Projects\Eurus_Workspace\HolmHz\data\raw_v2\ciplab_faces\real_and_fake_face\training_real\real_00446.jpg,0,ciplab_training_real,id,0.000000
R:\_Projects\Eurus_Workspace\HolmHz\data\raw_v2\rvf10k\rvf10k\train\fake\7LCF0TT42Z.jpg,1,rvf10k_train_fake,id,0.000000
R:\_Projects\Eurus_Workspace\HolmHz\data\raw_v2\diffusion_fakes\Stable Diffusion\Stable_Diffusion_1198.jpg,1,sd_fake,id,0.000000
R:\_Projects\Eurus_Workspace\HolmHz\data\raw_v2\rvf10k\rvf10k\valid\real\53348.jpg,0,rvf10k_valid_real,id,0.000000
R:\_Projects\Eurus_Workspace\HolmHz\data\raw_v2\camera_vs_ai\ai vs real photos\Ai_Images\136.jpg,1,camera_train_ai,id,0.000000
R:\_Projects\Eurus_Workspace\HolmHz\data\raw_v2\deepdetect2025\ddata\train\fake\fake_018019.jpg,1,dd2025_fake,id,0.000008
R:\_Projects\Eurus_Workspace\HolmHz\data\raw_v2\diffusion_fakes\DALL-E\DALL-E_0027.jpg,1,dalle_fake,id,0.000000
R:\_Projects\Eurus_Workspace\HolmHz\data\raw_v2\diffusion_fakes\DALL-E\DALL-E_0497.jpg,1,dalle_fake,id,0.000000
R:\_Projects\Eurus_Workspace\HolmHz\data\raw_v2\deepdetect2025\ddata\train\real\40324.jpg,0,dd2025_real,id,0.000000
R:\_Projects\Eurus_Workspace\HolmHz\data\raw_v2\deepdetect2025\ddata\train\real\43897.jpg,0,dd2025_real,id,0.000000
R:\_Projects\Eurus_Workspace\HolmHz\data\raw_v2\rvf10k\rvf10k\train\fake\5SG9HMVLO1.jpg,1,rvf10k_train_fake,id,0.000003
R:\_Projects\Eurus_Workspace\HolmHz\data\raw_v2\ciplab_faces\real_and_fake_face\training_real\real_01057.jpg,0,ciplab_training_real,id,0.000000
R:\_Projects\Eurus_Workspace\HolmHz\data\raw_v2\ciplab_faces\real_and_fake_face\training_fake\mid_320_1111.jpg,1,ciplab_training_fake,id,0.000000
R:\_Projects\Eurus_Workspace\HolmHz\data\raw_v2\deepdetect2025\ddata\train\real\03120.jpg,0,dd2025_real,id,0.000000
R:\_Projects\Eurus_Workspace\HolmHz\data\raw_v2\rvf10k\rvf10k\train\fake\SP3NQ5I6UA.jpg,1,rvf10k_train_fake,id,0.000002
R:\_Projects\Eurus_Workspace\HolmHz\data\raw_v2\diffusion_fakes\DALL-E\DALL-E_1892.jpg,1,dalle_fake,id,0.000000
R:\_Projects\Eurus_Workspace\HolmHz\data\raw_v2\rvf10k\rvf10k\train\real\48759.jpg,0,rvf10k_train_real,id,0.000000
R:\_Projects\Eurus_Workspace\HolmHz\data\raw_v2\diffusion_fakes\Real\REAL_0830.jpg,0,deepfake_collection_real,id,0.000000
R:\_Projects\Eurus_Workspace\HolmHz\data\raw_v2\diffusion_fakes\Stable Diffusion\Stable_Diffusion_755.jpg,1,sd_fake,id,0.736765
R:\_Projects\Eurus_Workspace\HolmHz\data\raw_v2\rvf10k\rvf10k\valid\real\41514.jpg,0,rvf10k_valid_real,id,0.000791
R:\_Projects\Eurus_Workspace\HolmHz\data\raw_v2\diffusion_fakes\Midjourney\Midjourney_0520.png,1,midjourney_fake,id,0.000000
R:\_Projects\Eurus_Workspace\HolmHz\data\raw_v2\ciplab_faces\real_and_fake_face\training_fake\easy_223_0100.jpg,1,ciplab_training_fake,id,0.000000
R:\_Projects\Eurus_Workspace\HolmHz\data\raw_v2\diffusion_fakes\Real\REAL_5085.jpg,0,deepfake_collection_real,id,0.000000
R:\_Projects\Eurus_Workspace\HolmHz\data\raw_v2\rvf10k\rvf10k\valid\real\21579.jpg,0,rvf10k_valid_real,id,0.000042
R:\_Projects\Eurus_Workspace\HolmHz\data\raw_v2\rvf10k\rvf10k\train\fake\YQ4XGSNUDA.jpg,1,rvf10k_train_fake,id,0.000011
R:\_Projects\Eurus_Workspace\HolmHz\data\raw_v2\ciplab_faces\real_and_fake_face\training_fake\hard_203_0010.jpg,1,ciplab_training_fake,id,0.000000
R:\_Projects\Eurus_Workspace\HolmHz\data\raw_v2\ciplab_faces\real_and_fake_face_detection\real_and_fake_face\training_real\real_00552.jpg,0,ciplab_training_real,id,0.000000
R:\_Projects\Eurus_Workspace\HolmHz\data\raw_v2\rvf10k\rvf10k\train\fake\FUE0AT80WC.jpg,1,rvf10k_train_fake,id,0.000004
R:\_Projects\Eurus_Workspace\HolmHz\data\raw_v2\rvf10k\rvf10k\train\fake\VR7NH48NCT.jpg,1,rvf10k_train_fake,id,0.000000
R:\_Projects\Eurus_Workspace\HolmHz\data\raw_v2\rvf10k\rvf10k\valid\fake\B4XYO0RBX9.jpg,1,rvf10k_valid_fake,id,0.222793
R:\_Projects\Eurus_Workspace\HolmHz\data\raw_v2\diffusion_fakes\Real\REAL_0059.jpg,0,deepfake_collection_real,id,0.000001
R:\_Projects\Eurus_Workspace\HolmHz\data\raw_v2\rvf10k\rvf10k\valid\fake\VUTMMSWBIC.jpg,1,rvf10k_valid_fake,id,0.000000
R:\_Projects\Eurus_Workspace\HolmHz\data\raw_v2\rvf10k\rvf10k\valid\fake\MHMY7T7AHT.jpg,1,rvf10k_valid_fake,id,0.000000
R:\_Projects\Eurus_Workspace\HolmHz\data\raw_v2\deepdetect2025\ddata\train\fake\fake_034483.jpg,1,dd2025_fake,id,0.024031
R:\_Projects\Eurus_Workspace\HolmHz\data\raw_v2\deepdetect2025\ddata\train\fake\fake_021910.jpg,1,dd2025_fake,id,0.000000
R:\_Projects\Eurus_Workspace\HolmHz\data\raw_v2\deepdetect2025\ddata\train\real\29981.jpg,0,dd2025_real,id,0.000000
R:\_Projects\Eurus_Workspace\HolmHz\data\raw_v2\diffusion_fakes\Stable Diffusion\Stable_Diffusion_1653.jpg,1,sd_fake,id,0.000001
R:\_Projects\Eurus_Workspace\HolmHz\data\raw_v2\deepdetect2025\ddata\train\real\67114.jpg,0,dd2025_real,id,0.000000
R:\_Projects\Eurus_Workspace\HolmHz\data\raw_v2\deepdetect2025\ddata\train\real\68059.jpg,0,dd2025_real,id,0.000000
R:\_Projects\Eurus_Workspace\HolmHz\data\raw_v2\ciplab_faces\real_and_fake_face_detection\real_and_fake_face\training_real\real_00906.jpg,0,ciplab_training_real,id,0.000018
R:\_Projects\Eurus_Workspace\HolmHz\data\raw_v2\ciplab_faces\real_and_fake_face\training_fake\easy_134_0001.jpg,1,ciplab_training_fake,id,0.000000
R:\_Projects\Eurus_Workspace\HolmHz\data\raw_v2\rvf10k\rvf10k\valid\real\10319.jpg,0,rvf10k_valid_real,id,0.000000
R:\_Projects\Eurus_Workspace\HolmHz\data\raw_v2\ciplab_faces\real_and_fake_face\training_fake\easy_217_1111.jpg,1,ciplab_training_fake,id,0.000000
R:\_Projects\Eurus_Workspace\HolmHz\data\raw_v2\rvf10k\rvf10k\valid\real\39675.jpg,0,rvf10k_valid_real,id,0.000000
R:\_Projects\Eurus_Workspace\HolmHz\data\raw_v2\deepdetect2025\ddata\train\fake\fake_015689.jpg,1,dd2025_fake,id,0.000128
R:\_Projects\Eurus_Workspace\HolmHz\data\raw_v2\ciplab_faces\real_and_fake_face\training_fake\mid_109_1111.jpg,1,ciplab_training_fake,id,0.000000
R:\_Projects\Eurus_Workspace\HolmHz\data\raw_v2\deepdetect2025\ddata\train\real\27933.jpg,0,dd2025_real,id,0.000000
R:\_Projects\Eurus_Workspace\HolmHz\data\raw_v2\ciplab_faces\real_and_fake_face_detection\real_and_fake_face\training_real\real_00576.jpg,0,ciplab_training_real,id,0.000000
R:\_Projects\Eurus_Workspace\HolmHz\data\raw_v2\deepdetect2025\ddata\train\fake\fake_040070.jpg,1,dd2025_fake,id,0.000000
R:\_Projects\Eurus_Workspace\HolmHz\data\raw_v2\diffusion_fakes\Stable Diffusion\Stable_Diffusion_1440.jpg,1,sd_fake,id,0.000002
R:\_Projects\Eurus_Workspace\HolmHz\data\raw_v2\rvf10k\rvf10k\valid\real\54730.jpg,0,rvf10k_valid_real,id,0.000000
R:\_Projects\Eurus_Workspace\HolmHz\data\raw_v2\deepdetect2025\ddata\train\fake\fake_025986.jpg,1,dd2025_fake,id,0.000000
R:\_Projects\Eurus_Workspace\HolmHz\data\raw_v2\deepdetect2025\ddata\train\fake\fake_041518.jpg,1,dd2025_fake,id,0.000000
R:\_Projects\Eurus_Workspace\HolmHz\data\raw_v2\rvf10k\rvf10k\train\fake\LUSS0SUGYA.jpg,1,rvf10k_train_fake,id,0.000003
R:\_Projects\Eurus_Workspace\HolmHz\data\raw_v2\rvf10k\rvf10k\train\fake\933A4OCIF9.jpg,1,rvf10k_train_fake,id,0.053843
R:\_Projects\Eurus_Workspace\HolmHz\data\raw_v2\deepdetect2025\ddata\train\fake\fake_001267.jpg,1,dd2025_fake,id,0.000000
R:\_Projects\Eurus_Workspace\HolmHz\data\raw_v2\rvf10k\rvf10k\train\real\19514.jpg,0,rvf10k_train_real,id,0.000000
R:\_Projects\Eurus_Workspace\HolmHz\data\raw_v2\diffusion_fakes\Real\REAL_4423.jpg,0,deepfake_collection_real,id,0.000000
R:\_Projects\Eurus_Workspace\HolmHz\data\raw_v2\diffusion_fakes\Real\REAL_3726.jpg,0,deepfake_collection_real,id,0.000000
R:\_Projects\Eurus_Workspace\HolmHz\data\raw_v2\ciplab_faces\real_and_fake_face\training_fake\mid_175_1111.jpg,1,ciplab_training_fake,id,0.000000
R:\_Projects\Eurus_Workspace\HolmHz\data\raw_v2\diffusion_fakes\Real\REAL_4658.jpg,0,deepfake_collection_real,id,0.000000
R:\_Projects\Eurus_Workspace\HolmHz\data\raw_v2\diffusion_fakes\Real\REAL_3063.jpg,0,deepfake_collection_real,id,0.000000
R:\_Projects\Eurus_Workspace\HolmHz\data\raw_v2\diffusion_fakes\Real\REAL_4089.jpg,0,deepfake_collection_real,id,0.000000
R:\_Projects\Eurus_Workspace\HolmHz\data\raw_v2\rvf10k\rvf10k\train\fake\14TY1MVC6L.jpg,1,rvf10k_train_fake,id,0.000006
R:\_Projects\Eurus_Workspace\HolmHz\data\raw_v2\deepdetect2025\ddata\train\fake\fake_019276.jpg,1,dd2025_fake,id,0.000000
R:\_Projects\Eurus_Workspace\HolmHz\data\raw_v2\ciplab_faces\real_and_fake_face_detection\real_and_fake_face\training_fake\mid_251_1111.jpg,1,ciplab_training_fake,id,0.000000
R:\_Projects\Eurus_Workspace\HolmHz\data\raw_v2\diffusion_fakes\DALL-E\DALL-E_0737.jpg,1,dalle_fake,id,0.000000
R:\_Projects\Eurus_Workspace\HolmHz\data\raw_v2\rvf10k\rvf10k\train\real\19769.jpg,0,rvf10k_train_real,id,0.000000
R:\_Projects\Eurus_Workspace\HolmHz\data\raw_v2\rvf10k\rvf10k\valid\real\41692.jpg,0,rvf10k_valid_real,id,0.000000
R:\_Projects\Eurus_Workspace\HolmHz\data\raw_v2\deepdetect2025\ddata\train\fake\fake_030225.jpg,1,dd2025_fake,id,0.000001
R:\_Projects\Eurus_Workspace\HolmHz\data\raw_v2\diffusion_fakes\Real\REAL_2914.jpg,0,deepfake_collection_real,id,0.000000
R:\_Projects\Eurus_Workspace\HolmHz\data\raw_v2\rvf10k\rvf10k\train\fake\5II9CBF0PO.jpg,1,rvf10k_train_fake,id,0.000001
R:\_Projects\Eurus_Workspace\HolmHz\data\raw_v2\diffusion_fakes\Stable Diffusion\Stable_Diffusion_932.jpg,1,sd_fake,id,0.000000
R:\_Projects\Eurus_Workspace\HolmHz\data\raw_v2\deepdetect2025\ddata\train\real\02523.jpg,0,dd2025_real,id,0.000000
R:\_Projects\Eurus_Workspace\HolmHz\data\raw_v2\deepdetect2025\ddata\train\fake\fake_000447.jpg,1,dd2025_fake,id,0.985464
R:\_Projects\Eurus_Workspace\HolmHz\data\raw_v2\diffusion_fakes\Real\REAL_1800.jpg,0,deepfake_collection_real,id,0.000000
R:\_Projects\Eurus_Workspace\HolmHz\data\raw_v2\diffusion_fakes\Real\REAL_2806.jpg,0,deepfake_collection_real,id,0.000000
R:\_Projects\Eurus_Workspace\HolmHz\data\raw_v2\diffusion_fakes\Midjourney\Midjourney_0760.png,1,midjourney_fake,id,0.000000
R:\_Projects\Eurus_Workspace\HolmHz\data\raw_v2\diffusion_fakes\DALL-E\DALL-E_0339.jpg,1,dalle_fake,id,0.000000
R:\_Projects\Eurus_Workspace\HolmHz\data\raw_v2\deepdetect2025\ddata\train\real\57861.jpg,0,dd2025_real,id,0.000000
R:\_Projects\Eurus_Workspace\HolmHz\data\raw_v2\diffusion_fakes\DALL-E\DALL-E_1317.jpg,1,dalle_fake,id,0.000000
R:\_Projects\Eurus_Workspace\HolmHz\data\raw_v2\ciplab_faces\real_and_fake_face\training_real\real_00596.jpg,0,ciplab_training_real,id,0.000000
R:\_Projects\Eurus_Workspace\HolmHz\data\raw_v2\rvf10k\rvf10k\train\real\60073.jpg,0,rvf10k_train_real,id,0.000000
R:\_Projects\Eurus_Workspace\HolmHz\data\raw_v2\rvf10k\rvf10k\train\fake\X44338CF4S.jpg,1,rvf10k_train_fake,id,0.000015
R:\_Projects\Eurus_Workspace\HolmHz\data\raw_v2\diffusion_fakes\Real\REAL_1339.jpg,0,deepfake_collection_real,id,0.000000
R:\_Projects\Eurus_Workspace\HolmHz\data\raw_v2\deepdetect2025\ddata\train\fake\fake_000346.jpg,1,dd2025_fake,id,0.000020
R:\_Projects\Eurus_Workspace\HolmHz\data\raw_v2\deepdetect2025\ddata\train\real\45476.jpg,0,dd2025_real,id,0.000000
R:\_Projects\Eurus_Workspace\HolmHz\data\raw_v2\diffusion_fakes\DALL-E\DALL-E_1753.jpg,1,dalle_fake,id,0.000000
R:\_Projects\Eurus_Workspace\HolmHz\data\raw_v2\diffusion_fakes\DALL-E\DALL-E_0556.jpg,1,dalle_fake,id,0.000000
R:\_Projects\Eurus_Workspace\HolmHz\data\raw_v2\diffusion_fakes\Stable Diffusion\Stable_Diffusion_769.jpg,1,sd_fake,id,0.000000
R:\_Projects\Eurus_Workspace\HolmHz\data\raw_v2\rvf10k\rvf10k\train\real\22377.jpg,0,rvf10k_train_real,id,0.000002
R:\_Projects\Eurus_Workspace\HolmHz\data\raw_v2\deepdetect2025\ddata\train\real\56945.jpg,0,dd2025_real,id,0.000000
R:\_Projects\Eurus_Workspace\HolmHz\data\raw_v2\ciplab_faces\real_and_fake_face\training_real\real_00670.jpg,0,ciplab_training_real,id,0.000001
R:\_Projects\Eurus_Workspace\HolmHz\data\raw_v2\diffusion_fakes\DALL-E\DALL-E_1291.jpg,1,dalle_fake,id,0.000000
R:\_Projects\Eurus_Workspace\HolmHz\data\raw_v2\ciplab_faces\real_and_fake_face_detection\real_and_fake_face\training_fake\mid_227_1111.jpg,1,ciplab_training_fake,id,0.000000
R:\_Projects\Eurus_Workspace\HolmHz\data\raw_v2\deepdetect2025\ddata\train\real\34394.jpg,0,dd2025_real,id,0.000000
R:\_Projects\Eurus_Workspace\HolmHz\data\raw_v2\diffusion_fakes\Stable Diffusion\Stable_Diffusion_337.jpg,1,sd_fake,id,0.000000
R:\_Projects\Eurus_Workspace\HolmHz\data\raw_v2\deepdetect2025\ddata\train\real\64655.jpg,0,dd2025_real,id,0.000000
R:\_Projects\Eurus_Workspace\HolmHz\data\raw_v2\deepdetect2025\ddata\train\fake\fake_026746.jpg,1,dd2025_fake,id,0.000000
R:\_Projects\Eurus_Workspace\HolmHz\data\raw_v2\deepdetect2025\ddata\train\fake\fake_014719.png,1,dd2025_fake,id,0.000064
R:\_Projects\Eurus_Workspace\HolmHz\data\raw_v2\diffusion_fakes\Stable Diffusion\Stable_Diffusion_1214.jpg,1,sd_fake,id,0.000000
R:\_Projects\Eurus_Workspace\HolmHz\data\raw_v2\rvf10k\rvf10k\train\fake\1K0GBD9JTA.jpg,1,rvf10k_train_fake,id,0.000000
R:\_Projects\Eurus_Workspace\HolmHz\data\raw_v2\diffusion_fakes\Real\REAL_5884.jpg,0,deepfake_collection_real,id,0.000001
R:\_Projects\Eurus_Workspace\HolmHz\data\raw_v2\rvf10k\rvf10k\train\real\41736.jpg,0,rvf10k_train_real,id,0.000000
R:\_Projects\Eurus_Workspace\HolmHz\data\raw_v2\ciplab_faces\real_and_fake_face\training_real\real_01041.jpg,0,ciplab_training_real,id,0.000000
R:\_Projects\Eurus_Workspace\HolmHz\data\raw_v2\diffusion_fakes\Real\REAL_0194.jpg,0,deepfake_collection_real,id,0.000000
R:\_Projects\Eurus_Workspace\HolmHz\data\raw_v2\rvf10k\rvf10k\valid\real\33106.jpg,0,rvf10k_valid_real,id,0.000000
R:\_Projects\Eurus_Workspace\HolmHz\data\raw_v2\rvf10k\rvf10k\train\fake\6RQL4KEPDI.jpg,1,rvf10k_train_fake,id,0.000008
R:\_Projects\Eurus_Workspace\HolmHz\data\raw_v2\diffusion_fakes\Midjourney\Midjourney_0580.png,1,midjourney_fake,id,0.000000
R:\_Projects\Eurus_Workspace\HolmHz\data\raw_v2\diffusion_fakes\DALL-E\DALL-E_1440.jpg,1,dalle_fake,id,0.000000
R:\_Projects\Eurus_Workspace\HolmHz\data\raw_v2\diffusion_fakes\Real\REAL_0507.jpg,0,deepfake_collection_real,id,0.129816
R:\_Projects\Eurus_Workspace\HolmHz\data\raw_v2\diffusion_fakes\Real\REAL_5487.jpg,0,deepfake_collection_real,id,0.000000
R:\_Projects\Eurus_Workspace\HolmHz\data\raw_v2\deepdetect2025\ddata\train\fake\fake_033175.jpg,1,dd2025_fake,id,0.000000
R:\_Projects\Eurus_Workspace\HolmHz\data\raw_v2\diffusion_fakes\DALL-E\DALL-E_1536.jpg,1,dalle_fake,id,0.000000
R:\_Projects\Eurus_Workspace\HolmHz\data\raw_v2\rvf10k\rvf10k\train\real\65174.jpg,0,rvf10k_train_real,id,0.000000
R:\_Projects\Eurus_Workspace\HolmHz\data\raw_v2\diffusion_fakes\Stable Diffusion\Stable_Diffusion_1775.jpg,1,sd_fake,id,0.000002
R:\_Projects\Eurus_Workspace\HolmHz\data\raw_v2\diffusion_fakes\Real\REAL_2348.jpg,0,deepfake_collection_real,id,0.000000
R:\_Projects\Eurus_Workspace\HolmHz\data\raw_v2\diffusion_fakes\Real\REAL_1430.jpg,0,deepfake_collection_real,id,0.000000
R:\_Projects\Eurus_Workspace\HolmHz\data\raw_v2\diffusion_fakes\Real\REAL_0010.jpg,0,deepfake_collection_real,id,0.000000
R:\_Projects\Eurus_Workspace\HolmHz\data\raw_v2\rvf10k\rvf10k\train\fake\XL3FV1E8NC.jpg,1,rvf10k_train_fake,id,0.995510
R:\_Projects\Eurus_Workspace\HolmHz\data\raw_v2\rvf10k\rvf10k\train\real\28814.jpg,0,rvf10k_train_real,id,0.000000
R:\_Projects\Eurus_Workspace\HolmHz\data\raw_v2\deepdetect2025\ddata\train\real\37137.jpg,0,dd2025_real,id,0.000000
R:\_Projects\Eurus_Workspace\HolmHz\data\raw_v2\deepdetect2025\ddata\train\real\25661.jpg,0,dd2025_real,id,0.000000
R:\_Projects\Eurus_Workspace\HolmHz\data\raw_v2\deepdetect2025\ddata\train\fake\fake_031928.jpg,1,dd2025_fake,id,0.000000
R:\_Projects\Eurus_Workspace\HolmHz\data\raw_v2\rvf10k\rvf10k\valid\fake\CF7KIN55MR.jpg,1,rvf10k_valid_fake,id,0.000000
R:\_Projects\Eurus_Workspace\HolmHz\data\raw_v2\deepdetect2025\ddata\train\real\48811.jpg,0,dd2025_real,id,0.000000
R:\_Projects\Eurus_Workspace\HolmHz\data\raw_v2\diffusion_fakes\Real\REAL_3648.jpg,0,deepfake_collection_real,id,0.000000
R:\_Projects\Eurus_Workspace\HolmHz\data\raw_v2\ciplab_faces\real_and_fake_face_detection\real_and_fake_face\training_real\real_00479.jpg,0,ciplab_training_real,id,0.000000
R:\_Projects\Eurus_Workspace\HolmHz\data\raw_v2\diffusion_fakes\Stable Diffusion\Stable_Diffusion_1315.jpg,1,sd_fake,id,0.000000
R:\_Projects\Eurus_Workspace\HolmHz\data\raw_v2\deepdetect2025\ddata\train\real\67887.jpg,0,dd2025_real,id,0.000000
R:\_Projects\Eurus_Workspace\HolmHz\data\raw_v2\deepdetect2025\ddata\train\real\27260.jpg,0,dd2025_real,id,0.000000
R:\_Projects\Eurus_Workspace\HolmHz\data\raw_v2\deepdetect2025\ddata\train\real\45567.jpg,0,dd2025_real,id,0.000000
R:\_Projects\Eurus_Workspace\HolmHz\data\raw_v2\ciplab_faces\real_and_fake_face\training_fake\mid_474_1110.jpg,1,ciplab_training_fake,id,0.000000
R:\_Projects\Eurus_Workspace\HolmHz\data\raw_v2\deepdetect2025\ddata\train\fake\fake_036493.jpg,1,dd2025_fake,id,0.000010
R:\_Projects\Eurus_Workspace\HolmHz\data\raw_v2\rvf10k\rvf10k\valid\real\64943.jpg,0,rvf10k_valid_real,id,0.000000
R:\_Projects\Eurus_Workspace\HolmHz\data\raw_v2\rvf10k\rvf10k\valid\fake\Q0Q2O7MIS6.jpg,1,rvf10k_valid_fake,id,0.000000
R:\_Projects\Eurus_Workspace\HolmHz\data\raw_v2\deepdetect2025\ddata\train\real\16193.jpg,0,dd2025_real,id,0.000000
R:\_Projects\Eurus_Workspace\HolmHz\data\raw_v2\rvf10k\rvf10k\valid\fake\EJW0120QNN.jpg,1,rvf10k_valid_fake,id,0.000000
R:\_Projects\Eurus_Workspace\HolmHz\data\raw_v2\ciplab_faces\real_and_fake_face\training_fake\easy_7_1100.jpg,1,ciplab_training_fake,id,0.000000
R:\_Projects\Eurus_Workspace\HolmHz\data\raw_v2\deepdetect2025\ddata\train\real\24546.jpg,0,dd2025_real,id,0.000000
R:\_Projects\Eurus_Workspace\HolmHz\data\raw_v2\diffusion_fakes\DALL-E\DALL-E_0464.jpg,1,dalle_fake,id,0.000000
R:\_Projects\Eurus_Workspace\HolmHz\data\raw_v2\rvf10k\rvf10k\train\real\02724.jpg,0,rvf10k_train_real,id,0.000000
R:\_Projects\Eurus_Workspace\HolmHz\data\raw_v2\deepdetect2025\ddata\train\fake\fake_031575.png,1,dd2025_fake,id,0.000000
R:\_Projects\Eurus_Workspace\HolmHz\data\raw_v2\deepdetect2025\ddata\train\fake\fake_028875.jpg,1,dd2025_fake,id,0.000000
R:\_Projects\Eurus_Workspace\HolmHz\data\raw_v2\rvf10k\rvf10k\train\real\36973.jpg,0,rvf10k_train_real,id,0.000000
R:\_Projects\Eurus_Workspace\HolmHz\data\raw_v2\deepdetect2025\ddata\train\fake\fake_022244.jpg,1,dd2025_fake,id,0.000000
R:\_Projects\Eurus_Workspace\HolmHz\data\raw_v2\diffusion_fakes\Real\REAL_1831.jpg,0,deepfake_collection_real,id,0.000010
R:\_Projects\Eurus_Workspace\HolmHz\data\raw_v2\deepdetect2025\ddata\train\fake\fake_010298.jpg,1,dd2025_fake,id,0.000006
R:\_Projects\Eurus_Workspace\HolmHz\data\raw_v2\diffusion_fakes\Real\REAL_4725.jpg,0,deepfake_collection_real,id,0.000000
R:\_Projects\Eurus_Workspace\HolmHz\data\raw_v2\rvf10k\rvf10k\train\fake\42DMJMLSL4.jpg,1,rvf10k_train_fake,id,0.000001
R:\_Projects\Eurus_Workspace\HolmHz\data\raw_v2\ciplab_faces\real_and_fake_face\training_real\real_00765.jpg,0,ciplab_training_real,id,0.000000
R:\_Projects\Eurus_Workspace\HolmHz\data\raw_v2\diffusion_fakes\DALL-E\DALL-E_0541.jpg,1,dalle_fake,id,0.000000
R:\_Projects\Eurus_Workspace\HolmHz\data\raw_v2\ciplab_faces\real_and_fake_face\training_fake\hard_237_0010.jpg,1,ciplab_training_fake,id,0.000000
R:\_Projects\Eurus_Workspace\HolmHz\data\raw_v2\deepdetect2025\ddata\train\real\23177.jpg,0,dd2025_real,id,0.000000
R:\_Projects\Eurus_Workspace\HolmHz\data\raw_v2\ciplab_faces\real_and_fake_face\training_fake\mid_250_1111.jpg,1,ciplab_training_fake,id,0.000000
R:\_Projects\Eurus_Workspace\HolmHz\data\raw_v2\deepdetect2025\ddata\train\real\31934.jpg,0,dd2025_real,id,0.000000
R:\_Projects\Eurus_Workspace\HolmHz\data\raw_v2\diffusion_fakes\Real\REAL_4881.jpg,0,deepfake_collection_real,id,0.000000
R:\_Projects\Eurus_Workspace\HolmHz\data\raw_v2\deepdetect2025\ddata\train\real\28321.jpg,0,dd2025_real,id,0.000000
R:\_Projects\Eurus_Workspace\HolmHz\data\raw_v2\rvf10k\rvf10k\valid\fake\MY5WZ6K77W.jpg,1,rvf10k_valid_fake,id,0.000000
R:\_Projects\Eurus_Workspace\HolmHz\data\raw_v2\rvf10k\rvf10k\train\fake\XHPOHSO858.jpg,1,rvf10k_train_fake,id,0.000000
R:\_Projects\Eurus_Workspace\HolmHz\data\raw_v2\deepdetect2025\ddata\train\fake\fake_016600.jpg,1,dd2025_fake,id,0.000000
R:\_Projects\Eurus_Workspace\HolmHz\data\raw_v2\ciplab_faces\real_and_fake_face\training_real\real_00726.jpg,0,ciplab_training_real,id,0.000000
R:\_Projects\Eurus_Workspace\HolmHz\data\raw_v2\rvf10k\rvf10k\train\real\34815.jpg,0,rvf10k_train_real,id,0.000000
R:\_Projects\Eurus_Workspace\HolmHz\data\raw_v2\rvf10k\rvf10k\train\fake\87NDJFF0IH.jpg,1,rvf10k_train_fake,id,0.000001
R:\_Projects\Eurus_Workspace\HolmHz\data\raw_v2\rvf10k\rvf10k\train\real\60428.jpg,0,rvf10k_train_real,id,0.000000
R:\_Projects\Eurus_Workspace\HolmHz\data\raw_v2\rvf10k\rvf10k\train\real\45750.jpg,0,rvf10k_train_real,id,0.000000
R:\_Projects\Eurus_Workspace\HolmHz\data\raw_v2\deepdetect2025\ddata\train\real\12288.jpg,0,dd2025_real,id,0.000000
R:\_Projects\Eurus_Workspace\HolmHz\data\raw_v2\deepdetect2025\ddata\train\fake\fake_002041.jpg,1,dd2025_fake,id,0.005208
R:\_Projects\Eurus_Workspace\HolmHz\data\raw_v2\deepdetect2025\ddata\train\fake\fake_001062.jpg,1,dd2025_fake,id,0.000000
R:\_Projects\Eurus_Workspace\HolmHz\data\raw_v2\diffusion_fakes\Real\REAL_0722.jpg,0,deepfake_collection_real,id,0.000000
R:\_Projects\Eurus_Workspace\HolmHz\data\raw_v2\camera_vs_ai\ai vs real photos\Camera_images\112.jpg,0,camera_train_real,id,0.000009
R:\_Projects\Eurus_Workspace\HolmHz\data\raw_v2\diffusion_fakes\Real\REAL_5497.jpg,0,deepfake_collection_real,id,0.000000
R:\_Projects\Eurus_Workspace\HolmHz\data\raw_v2\ciplab_faces\real_and_fake_face\training_real\real_00984.jpg,0,ciplab_training_real,id,0.000000
R:\_Projects\Eurus_Workspace\HolmHz\data\raw_v2\diffusion_fakes\Real\REAL_4130.jpg,0,deepfake_collection_real,id,0.021925
R:\_Projects\Eurus_Workspace\HolmHz\data\raw_v2\rvf10k\rvf10k\train\fake\IT7SARL3BL.jpg,1,rvf10k_train_fake,id,0.000022
R:\_Projects\Eurus_Workspace\HolmHz\data\raw_v2\ciplab_faces\real_and_fake_face_detection\real_and_fake_face\training_real\real_00584.jpg,0,ciplab_training_real,id,0.000000
R:\_Projects\Eurus_Workspace\HolmHz\data\raw_v2\deepdetect2025\ddata\train\real\11791.jpg,0,dd2025_real,id,0.000000
R:\_Projects\Eurus_Workspace\HolmHz\data\raw_v2\diffusion_fakes\Real\REAL_2609.jpg,0,deepfake_collection_real,id,0.000000
R:\_Projects\Eurus_Workspace\HolmHz\data\raw_v2\rvf10k\rvf10k\train\real\55685.jpg,0,rvf10k_train_real,id,0.000000
R:\_Projects\Eurus_Workspace\HolmHz\data\raw_v2\diffusion_fakes\Real\REAL_5011.jpg,0,deepfake_collection_real,id,0.000000
R:\_Projects\Eurus_Workspace\HolmHz\data\raw_v2\rvf10k\rvf10k\train\real\39365.jpg,0,rvf10k_train_real,id,0.000000
R:\_Projects\Eurus_Workspace\HolmHz\data\raw_v2\diffusion_fakes\DALL-E\DALL-E_0214.jpg,1,dalle_fake,id,0.000000
R:\_Projects\Eurus_Workspace\HolmHz\data\raw_v2\diffusion_fakes\Real\REAL_3109.jpg,0,deepfake_collection_real,id,0.000000
R:\_Projects\Eurus_Workspace\HolmHz\data\raw_v2\diffusion_fakes\DALL-E\DALL-E_0193.jpg,1,dalle_fake,id,0.000000
R:\_Projects\Eurus_Workspace\HolmHz\data\raw_v2\rvf10k\rvf10k\train\real\43353.jpg,0,rvf10k_train_real,id,0.000000
R:\_Projects\Eurus_Workspace\HolmHz\data\raw_v2\rvf10k\rvf10k\train\real\18431.jpg,0,rvf10k_train_real,id,0.000000
R:\_Projects\Eurus_Workspace\HolmHz\data\raw_v2\deepdetect2025\ddata\train\real\28339.jpg,0,dd2025_real,id,0.000000
R:\_Projects\Eurus_Workspace\HolmHz\data\raw_v2\deepdetect2025\ddata\train\fake\fake_016006.jpg,1,dd2025_fake,id,0.000090
R:\_Projects\Eurus_Workspace\HolmHz\data\raw_v2\deepdetect2025\ddata\train\fake\fake_019369.jpg,1,dd2025_fake,id,0.000047
R:\_Projects\Eurus_Workspace\HolmHz\data\raw_v2\deepdetect2025\ddata\train\real\12892.jpg,0,dd2025_real,id,0.000000
R:\_Projects\Eurus_Workspace\HolmHz\data\raw_v2\camera_vs_ai\ai vs real photos\Ai_Images\182.jpg,1,camera_train_ai,id,0.000000
R:\_Projects\Eurus_Workspace\HolmHz\data\raw_v2\rvf10k\rvf10k\valid\fake\PD0CRHNAN3.jpg,1,rvf10k_valid_fake,id,0.000000
R:\_Projects\Eurus_Workspace\HolmHz\data\raw_v2\diffusion_fakes\Stable Diffusion\Stable_Diffusion_38.jpg,1,sd_fake,id,0.000000
R:\_Projects\Eurus_Workspace\HolmHz\data\raw_v2\diffusion_fakes\DALL-E\DALL-E_0182.jpg,1,dalle_fake,id,0.000000
R:\_Projects\Eurus_Workspace\HolmHz\data\raw_v2\rvf10k\rvf10k\valid\fake\XB8FCR2VSR.jpg,1,rvf10k_valid_fake,id,0.023687
R:\_Projects\Eurus_Workspace\HolmHz\data\raw_v2\diffusion_fakes\Real\REAL_3861.jpg,0,deepfake_collection_real,id,0.000000
R:\_Projects\Eurus_Workspace\HolmHz\data\raw_v2\rvf10k\rvf10k\train\real\53921.jpg,0,rvf10k_train_real,id,0.000000
R:\_Projects\Eurus_Workspace\HolmHz\data\raw_v2\diffusion_fakes\DALL-E\DALL-E_1461.jpg,1,dalle_fake,id,0.000000
R:\_Projects\Eurus_Workspace\HolmHz\data\raw_v2\deepdetect2025\ddata\train\fake\fake_015233.jpg,1,dd2025_fake,id,0.000000
R:\_Projects\Eurus_Workspace\HolmHz\data\raw_v2\deepdetect2025\ddata\train\fake\fake_012084.jpg,1,dd2025_fake,id,0.000025
R:\_Projects\Eurus_Workspace\HolmHz\data\raw_v2\diffusion_fakes\Real\REAL_0832.jpg,0,deepfake_collection_real,id,0.000005
R:\_Projects\Eurus_Workspace\HolmHz\data\raw_v2\rvf10k\rvf10k\valid\fake\TUJX90NDNZ.jpg,1,rvf10k_valid_fake,id,0.000000
R:\_Projects\Eurus_Workspace\HolmHz\data\raw_v2\deepdetect2025\ddata\train\fake\fake_033146.jpg,1,dd2025_fake,id,0.000001
R:\_Projects\Eurus_Workspace\HolmHz\data\raw_v2\deepdetect2025\ddata\train\fake\fake_013005.jpg,1,dd2025_fake,id,0.000080
R:\_Projects\Eurus_Workspace\HolmHz\data\raw_v2\rvf10k\rvf10k\train\fake\CQ023XDZH3.jpg,1,rvf10k_train_fake,id,0.001497
R:\_Projects\Eurus_Workspace\HolmHz\data\raw_v2\rvf10k\rvf10k\valid\fake\SA4C6HZDG2.jpg,1,rvf10k_valid_fake,id,0.000000
R:\_Projects\Eurus_Workspace\HolmHz\data\raw_v2\diffusion_fakes\Real\REAL_5028.jpg,0,deepfake_collection_real,id,0.000000
R:\_Projects\Eurus_Workspace\HolmHz\data\raw_v2\rvf10k\rvf10k\train\fake\G8KC3QSGW7.jpg,1,rvf10k_train_fake,id,0.000011
R:\_Projects\Eurus_Workspace\HolmHz\data\raw_v2\deepdetect2025\ddata\train\real\25995.jpg,0,dd2025_real,id,0.000000
R:\_Projects\Eurus_Workspace\HolmHz\data\raw_v2\diffusion_fakes\Real\REAL_5542.jpg,0,deepfake_collection_real,id,0.000000
R:\_Projects\Eurus_Workspace\HolmHz\data\raw_v2\diffusion_fakes\Real\REAL_3803.jpg,0,deepfake_collection_real,id,0.000000
R:\_Projects\Eurus_Workspace\HolmHz\data\raw_v2\diffusion_fakes\Stable Diffusion\Stable_Diffusion_50.jpg,1,sd_fake,id,0.000002
R:\_Projects\Eurus_Workspace\HolmHz\data\raw_v2\rvf10k\rvf10k\train\real\65470.jpg,0,rvf10k_train_real,id,0.000000
R:\_Projects\Eurus_Workspace\HolmHz\data\raw_v2\deepdetect2025\ddata\train\real\35475.jpg,0,dd2025_real,id,0.000000
R:\_Projects\Eurus_Workspace\HolmHz\data\raw_v2\deepdetect2025\ddata\train\real\16504.jpg,0,dd2025_real,id,0.000000
R:\_Projects\Eurus_Workspace\HolmHz\data\raw_v2\deepdetect2025\ddata\train\real\64475.jpg,0,dd2025_real,id,0.000000
R:\_Projects\Eurus_Workspace\HolmHz\data\raw_v2\deepdetect2025\ddata\train\real\66759.jpg,0,dd2025_real,id,0.000000
R:\_Projects\Eurus_Workspace\HolmHz\data\raw_v2\ciplab_faces\real_and_fake_face\training_real\real_00936.jpg,0,ciplab_training_real,id,0.000000
R:\_Projects\Eurus_Workspace\HolmHz\data\raw_v2\diffusion_fakes\Real\REAL_1993.jpg,0,deepfake_collection_real,id,0.000000
R:\_Projects\Eurus_Workspace\HolmHz\data\raw_v2\diffusion_fakes\Stable Diffusion\Stable_Diffusion_1290.jpg,1,sd_fake,id,0.000049
R:\_Projects\Eurus_Workspace\HolmHz\data\raw_v2\diffusion_fakes\DALL-E\DALL-E_0906.jpg,1,dalle_fake,id,0.000000
R:\_Projects\Eurus_Workspace\HolmHz\data\raw_v2\rvf10k\rvf10k\train\fake\RLCVF0OS2J.jpg,1,rvf10k_train_fake,id,0.000031
R:\_Projects\Eurus_Workspace\HolmHz\data\raw_v2\deepdetect2025\ddata\train\fake\fake_030174.jpg,1,dd2025_fake,id,0.000165
R:\_Projects\Eurus_Workspace\HolmHz\data\raw_v2\diffusion_fakes\Real\REAL_3998.jpg,0,deepfake_collection_real,id,0.000000
R:\_Projects\Eurus_Workspace\HolmHz\data\raw_v2\deepdetect2025\ddata\train\real\47064.jpg,0,dd2025_real,id,0.000000
R:\_Projects\Eurus_Workspace\HolmHz\data\raw_v2\diffusion_fakes\Real\REAL_3957.jpg,0,deepfake_collection_real,id,0.000004
R:\_Projects\Eurus_Workspace\HolmHz\data\raw_v2\deepdetect2025\ddata\train\real\28377.jpg,0,dd2025_real,id,0.000000
R:\_Projects\Eurus_Workspace\HolmHz\data\raw_v2\rvf10k\rvf10k\train\real\44534.jpg,0,rvf10k_train_real,id,0.000000
R:\_Projects\Eurus_Workspace\HolmHz\data\raw_v2\deepdetect2025\ddata\train\real\19745.jpg,0,dd2025_real,id,0.000000
R:\_Projects\Eurus_Workspace\HolmHz\data\raw_v2\diffusion_fakes\Real\REAL_2798.jpg,0,deepfake_collection_real,id,0.000000
R:\_Projects\Eurus_Workspace\HolmHz\data\raw_v2\rvf10k\rvf10k\valid\fake\6AAUG469PL.jpg,1,rvf10k_valid_fake,id,0.013873
R:\_Projects\Eurus_Workspace\HolmHz\data\raw_v2\deepdetect2025\ddata\train\real\42346.jpg,0,dd2025_real,id,0.000000
R:\_Projects\Eurus_Workspace\HolmHz\data\raw_v2\diffusion_fakes\Stable Diffusion\Stable_Diffusion_854.jpg,1,sd_fake,id,0.000000
R:\_Projects\Eurus_Workspace\HolmHz\data\raw_v2\deepdetect2025\ddata\train\real\01298.jpg,0,dd2025_real,id,0.000000
R:\_Projects\Eurus_Workspace\HolmHz\data\raw_v2\diffusion_fakes\Real\REAL_4708.jpg,0,deepfake_collection_real,id,0.000000
R:\_Projects\Eurus_Workspace\HolmHz\data\raw_v2\deepdetect2025\ddata\train\fake\fake_008715.jpg,1,dd2025_fake,id,0.000000
R:\_Projects\Eurus_Workspace\HolmHz\data\raw_v2\deepdetect2025\ddata\train\real\46445.jpg,0,dd2025_real,id,0.000000
R:\_Projects\Eurus_Workspace\HolmHz\data\raw_v2\deepdetect2025\ddata\train\real\66614.jpg,0,dd2025_real,id,0.000000
R:\_Projects\Eurus_Workspace\HolmHz\data\raw_v2\diffusion_fakes\DALL-E\DALL-E_0128.jpg,1,dalle_fake,id,0.000000
R:\_Projects\Eurus_Workspace\HolmHz\data\raw_v2\ciplab_faces\real_and_fake_face_detection\real_and_fake_face\training_real\real_00068.jpg,0,ciplab_training_real,id,0.000000
R:\_Projects\Eurus_Workspace\HolmHz\data\raw_v2\diffusion_fakes\Real\REAL_2013.jpg,0,deepfake_collection_real,id,0.000000
R:\_Projects\Eurus_Workspace\HolmHz\data\raw_v2\diffusion_fakes\DALL-E\DALL-E_1397.jpg,1,dalle_fake,id,0.000000
R:\_Projects\Eurus_Workspace\HolmHz\data\raw_v2\deepdetect2025\ddata\train\real\40302.jpg,0,dd2025_real,id,0.000000
R:\_Projects\Eurus_Workspace\HolmHz\data\raw_v2\diffusion_fakes\Real\REAL_1812.jpg,0,deepfake_collection_real,id,0.000003
R:\_Projects\Eurus_Workspace\HolmHz\data\raw_v2\ciplab_faces\real_and_fake_face\training_real\real_00338.jpg,0,ciplab_training_real,id,0.000000
R:\_Projects\Eurus_Workspace\HolmHz\data\raw_v2\deepdetect2025\ddata\train\fake\fake_021121.jpg,1,dd2025_fake,id,0.000000
R:\_Projects\Eurus_Workspace\HolmHz\data\raw_v2\deepdetect2025\ddata\train\fake\fake_022382.jpg,1,dd2025_fake,id,0.009954
R:\_Projects\Eurus_Workspace\HolmHz\data\raw_v2\rvf10k\rvf10k\train\fake\AQKMNG0YZ5.jpg,1,rvf10k_train_fake,id,0.000000
R:\_Projects\Eurus_Workspace\HolmHz\data\raw_v2\deepdetect2025\ddata\train\fake\fake_020370.jpg,1,dd2025_fake,id,0.000000
R:\_Projects\Eurus_Workspace\HolmHz\data\raw_v2\diffusion_fakes\Real\REAL_4050.jpg,0,deepfake_collection_real,id,0.000000
R:\_Projects\Eurus_Workspace\HolmHz\data\raw_v2\diffusion_fakes\Real\REAL_3915.jpg,0,deepfake_collection_real,id,0.000000
R:\_Projects\Eurus_Workspace\HolmHz\data\raw_v2\deepdetect2025\ddata\train\real\57292.jpg,0,dd2025_real,id,0.000000
R:\_Projects\Eurus_Workspace\HolmHz\data\raw_v2\diffusion_fakes\Real\REAL_3132.jpg,0,deepfake_collection_real,id,0.000000
R:\_Projects\Eurus_Workspace\HolmHz\data\raw_v2\rvf10k\rvf10k\train\fake\VHFZAPXEA7.jpg,1,rvf10k_train_fake,id,0.000000
R:\_Projects\Eurus_Workspace\HolmHz\data\raw_v2\rvf10k\rvf10k\train\fake\TIFMLVY2KN.jpg,1,rvf10k_train_fake,id,0.000011
R:\_Projects\Eurus_Workspace\HolmHz\data\raw_v2\deepdetect2025\ddata\train\fake\fake_017218.jpg,1,dd2025_fake,id,0.238591
R:\_Projects\Eurus_Workspace\HolmHz\data\raw_v2\rvf10k\rvf10k\valid\fake\CVVIVY9PJ7.jpg,1,rvf10k_valid_fake,id,0.000000
R:\_Projects\Eurus_Workspace\HolmHz\data\raw_v2\rvf10k\rvf10k\train\real\36292.jpg,0,rvf10k_train_real,id,0.000000
R:\_Projects\Eurus_Workspace\HolmHz\data\raw_v2\diffusion_fakes\Real\REAL_4999.jpg,0,deepfake_collection_real,id,0.000000
R:\_Projects\Eurus_Workspace\HolmHz\data\raw_v2\rvf10k\rvf10k\train\real\27930.jpg,0,rvf10k_train_real,id,0.000000
R:\_Projects\Eurus_Workspace\HolmHz\data\raw_v2\rvf10k\rvf10k\valid\real\40430.jpg,0,rvf10k_valid_real,id,0.000000
R:\_Projects\Eurus_Workspace\HolmHz\data\raw_v2\deepdetect2025\ddata\train\fake\fake_011452.jpg,1,dd2025_fake,id,0.000000
R:\_Projects\Eurus_Workspace\HolmHz\data\raw_v2\diffusion_fakes\Real\REAL_1161.jpg,0,deepfake_collection_real,id,0.000000
R:\_Projects\Eurus_Workspace\HolmHz\data\raw_v2\rvf10k\rvf10k\valid\fake\3RZEIIJW9A.jpg,1,rvf10k_valid_fake,id,0.000000
R:\_Projects\Eurus_Workspace\HolmHz\data\raw_v2\ciplab_faces\real_and_fake_face\training_real\real_00118.jpg,0,ciplab_training_real,id,0.000000
R:\_Projects\Eurus_Workspace\HolmHz\data\raw_v2\deepdetect2025\ddata\train\real\17845.jpg,0,dd2025_real,id,0.000000
R:\_Projects\Eurus_Workspace\HolmHz\data\raw_v2\diffusion_fakes\Real\REAL_3249.jpg,0,deepfake_collection_real,id,0.000000
R:\_Projects\Eurus_Workspace\HolmHz\data\raw_v2\rvf10k\rvf10k\train\real\51235.jpg,0,rvf10k_train_real,id,0.000000
R:\_Projects\Eurus_Workspace\HolmHz\data\raw_v2\diffusion_fakes\DALL-E\DALL-E_0426.jpg,1,dalle_fake,id,0.000000
R:\_Projects\Eurus_Workspace\HolmHz\data\raw_v2\deepdetect2025\ddata\train\real\35660.jpg,0,dd2025_real,id,0.000000
R:\_Projects\Eurus_Workspace\HolmHz\data\raw_v2\deepdetect2025\ddata\train\fake\fake_006058.jpg,1,dd2025_fake,id,0.315212
R:\_Projects\Eurus_Workspace\HolmHz\data\raw_v2\deepdetect2025\ddata\train\fake\fake_005308.jpg,1,dd2025_fake,id,0.000399
R:\_Projects\Eurus_Workspace\HolmHz\data\raw_v2\diffusion_fakes\Real\REAL_4677.jpg,0,deepfake_collection_real,id,0.000000
R:\_Projects\Eurus_Workspace\HolmHz\data\raw_v2\ciplab_faces\real_and_fake_face_detection\real_and_fake_face\training_real\real_00998.jpg,0,ciplab_training_real,id,0.000001
R:\_Projects\Eurus_Workspace\HolmHz\data\raw_v2\rvf10k\rvf10k\train\real\61439.jpg,0,rvf10k_train_real,id,0.000000
R:\_Projects\Eurus_Workspace\HolmHz\data\raw_v2\deepdetect2025\ddata\train\fake\fake_011842.jpg,1,dd2025_fake,id,0.027223
R:\_Projects\Eurus_Workspace\HolmHz\data\raw_v2\deepdetect2025\ddata\train\real\12024.jpg,0,dd2025_real,id,0.000001
R:\_Projects\Eurus_Workspace\HolmHz\data\raw_v2\diffusion_fakes\DALL-E\DALL-E_1363.jpg,1,dalle_fake,id,0.000000
R:\_Projects\Eurus_Workspace\HolmHz\data\raw_v2\rvf10k\rvf10k\train\fake\D5JBBE4Y6S.jpg,1,rvf10k_train_fake,id,0.000286
R:\_Projects\Eurus_Workspace\HolmHz\data\raw_v2\diffusion_fakes\Real\REAL_4528.jpg,0,deepfake_collection_real,id,0.000000
R:\_Projects\Eurus_Workspace\HolmHz\data\raw_v2\ciplab_faces\real_and_fake_face_detection\real_and_fake_face\training_fake\mid_163_1001.jpg,1,ciplab_training_fake,id,0.000003
R:\_Projects\Eurus_Workspace\HolmHz\data\raw_v2\rvf10k\rvf10k\train\real\15185.jpg,0,rvf10k_train_real,id,0.000000
R:\_Projects\Eurus_Workspace\HolmHz\data\raw_v2\rvf10k\rvf10k\train\real\25430.jpg,0,rvf10k_train_real,id,0.000000
R:\_Projects\Eurus_Workspace\HolmHz\data\raw_v2\diffusion_fakes\Real\REAL_2789.jpg,0,deepfake_collection_real,id,0.000000
R:\_Projects\Eurus_Workspace\HolmHz\data\raw_v2\deepdetect2025\ddata\train\fake\fake_036547.jpg,1,dd2025_fake,id,0.000002
R:\_Projects\Eurus_Workspace\HolmHz\data\raw_v2\deepdetect2025\ddata\train\fake\fake_006083.jpg,1,dd2025_fake,id,0.000000
R:\_Projects\Eurus_Workspace\HolmHz\data\raw_v2\ciplab_faces\real_and_fake_face\training_fake\easy_140_1111.jpg,1,ciplab_training_fake,id,0.000000
R:\_Projects\Eurus_Workspace\HolmHz\data\raw_v2\diffusion_fakes\Stable Diffusion\Stable_Diffusion_439.jpg,1,sd_fake,id,0.000000
R:\_Projects\Eurus_Workspace\HolmHz\data\raw_v2\rvf10k\rvf10k\train\real\38241.jpg,0,rvf10k_train_real,id,0.000000
R:\_Projects\Eurus_Workspace\HolmHz\data\raw_v2\diffusion_fakes\Real\REAL_3924.jpg,0,deepfake_collection_real,id,0.000000
R:\_Projects\Eurus_Workspace\HolmHz\data\raw_v2\ciplab_faces\real_and_fake_face_detection\real_and_fake_face\training_fake\mid_378_1110.jpg,1,ciplab_training_fake,id,0.000000
R:\_Projects\Eurus_Workspace\HolmHz\data\raw_v2\rvf10k\rvf10k\valid\fake\LQSSCA0GNJ.jpg,1,rvf10k_valid_fake,id,0.001218
R:\_Projects\Eurus_Workspace\HolmHz\data\raw_v2\rvf10k\rvf10k\valid\fake\RO0FHJQA3J.jpg,1,rvf10k_valid_fake,id,0.000000
R:\_Projects\Eurus_Workspace\HolmHz\data\raw_v2\ciplab_faces\real_and_fake_face\training_fake\hard_30_1101.jpg,1,ciplab_training_fake,id,0.000000
R:\_Projects\Eurus_Workspace\HolmHz\data\raw_v2\diffusion_fakes\DALL-E\DALL-E_0300.jpg,1,dalle_fake,id,0.000000
R:\_Projects\Eurus_Workspace\HolmHz\data\raw_v2\deepdetect2025\ddata\train\fake\fake_005193.jpg,1,dd2025_fake,id,0.000301
R:\_Projects\Eurus_Workspace\HolmHz\data\raw_v2\deepdetect2025\ddata\train\fake\fake_032578.jpg,1,dd2025_fake,id,0.000023
R:\_Projects\Eurus_Workspace\HolmHz\data\raw_v2\rvf10k\rvf10k\train\fake\GL58K6AKTV.jpg,1,rvf10k_train_fake,id,0.372820
R:\_Projects\Eurus_Workspace\HolmHz\data\raw_v2\rvf10k\rvf10k\train\real\01698.jpg,0,rvf10k_train_real,id,0.000000
R:\_Projects\Eurus_Workspace\HolmHz\data\raw_v2\deepdetect2025\ddata\train\real\36619.jpg,0,dd2025_real,id,0.000000
R:\_Projects\Eurus_Workspace\HolmHz\data\raw_v2\rvf10k\rvf10k\valid\fake\Z4Q7EWL3BO.jpg,1,rvf10k_valid_fake,id,0.000658
R:\_Projects\Eurus_Workspace\HolmHz\data\raw_v2\rvf10k\rvf10k\train\real\68058.jpg,0,rvf10k_train_real,id,0.000000
R:\_Projects\Eurus_Workspace\HolmHz\data\raw_v2\diffusion_fakes\Stable Diffusion\Stable_Diffusion_976.jpg,1,sd_fake,id,0.000000
R:\_Projects\Eurus_Workspace\HolmHz\data\raw_v2\deepdetect2025\ddata\train\real\52351.jpg,0,dd2025_real,id,0.000000
R:\_Projects\Eurus_Workspace\HolmHz\data\raw_v2\ciplab_faces\real_and_fake_face\training_fake\hard_57_0110.jpg,1,ciplab_training_fake,id,0.000000
R:\_Projects\Eurus_Workspace\HolmHz\data\raw_v2\deepdetect2025\ddata\train\fake\fake_001665.jpg,1,dd2025_fake,id,0.000526
R:\_Projects\Eurus_Workspace\HolmHz\data\raw_v2\rvf10k\rvf10k\train\real\55230.jpg,0,rvf10k_train_real,id,0.980856
R:\_Projects\Eurus_Workspace\HolmHz\data\raw_v2\deepdetect2025\ddata\train\real\60651.jpg,0,dd2025_real,id,0.000000
R:\_Projects\Eurus_Workspace\HolmHz\data\raw_v2\rvf10k\rvf10k\train\real\44901.jpg,0,rvf10k_train_real,id,0.000000
R:\_Projects\Eurus_Workspace\HolmHz\data\raw_v2\deepdetect2025\ddata\train\fake\fake_004091.jpg,1,dd2025_fake,id,0.000027
R:\_Projects\Eurus_Workspace\HolmHz\data\raw_v2\diffusion_fakes\Stable Diffusion\Stable_Diffusion_1723.jpg,1,sd_fake,id,0.000000
R:\_Projects\Eurus_Workspace\HolmHz\data\raw_v2\deepdetect2025\ddata\train\real\62784.jpg,0,dd2025_real,id,0.000000
R:\_Projects\Eurus_Workspace\HolmHz\data\raw_v2\diffusion_fakes\DALL-E\DALL-E_1918.jpg,1,dalle_fake,id,0.000000
R:\_Projects\Eurus_Workspace\HolmHz\data\raw_v2\rvf10k\rvf10k\train\fake\T3CRWVPSHH.jpg,1,rvf10k_train_fake,id,0.000002
R:\_Projects\Eurus_Workspace\HolmHz\data\raw_v2\rvf10k\rvf10k\valid\fake\2DG8I6HS6R.jpg,1,rvf10k_valid_fake,id,0.000000
R:\_Projects\Eurus_Workspace\HolmHz\data\raw_v2\rvf10k\rvf10k\train\fake\Z2F693LXNH.jpg,1,rvf10k_train_fake,id,0.000000
R:\_Projects\Eurus_Workspace\HolmHz\data\raw_v2\ciplab_faces\real_and_fake_face\training_real\real_00077.jpg,0,ciplab_training_real,id,0.000000
R:\_Projects\Eurus_Workspace\HolmHz\data\raw_v2\rvf10k\rvf10k\train\fake\79RX0B6VZM.jpg,1,rvf10k_train_fake,id,0.000000
R:\_Projects\Eurus_Workspace\HolmHz\data\raw_v2\rvf10k\rvf10k\train\fake\NCLCN6N75A.jpg,1,rvf10k_train_fake,id,0.000000
R:\_Projects\Eurus_Workspace\HolmHz\data\raw_v2\diffusion_fakes\Real\REAL_2468.jpg,0,deepfake_collection_real,id,0.000000
R:\_Projects\Eurus_Workspace\HolmHz\data\raw_v2\deepdetect2025\ddata\train\fake\fake_010051.jpg,1,dd2025_fake,id,0.000067
R:\_Projects\Eurus_Workspace\HolmHz\data\raw_v2\deepdetect2025\ddata\train\real\65972.jpg,0,dd2025_real,id,0.000000
R:\_Projects\Eurus_Workspace\HolmHz\data\raw_v2\rvf10k\rvf10k\train\fake\IVT6MVIR6Y.jpg,1,rvf10k_train_fake,id,0.000000
R:\_Projects\Eurus_Workspace\HolmHz\data\raw_v2\diffusion_fakes\Real\REAL_3572.jpg,0,deepfake_collection_real,id,0.000000
R:\_Projects\Eurus_Workspace\HolmHz\data\raw_v2\deepdetect2025\ddata\train\real\54764.jpg,0,dd2025_real,id,0.000000
R:\_Projects\Eurus_Workspace\HolmHz\data\raw_v2\diffusion_fakes\Real\REAL_5603.jpg,0,deepfake_collection_real,id,0.000000
R:\_Projects\Eurus_Workspace\HolmHz\data\raw_v2\diffusion_fakes\Midjourney\Midjourney_0063.png,1,midjourney_fake,id,0.000000
R:\_Projects\Eurus_Workspace\HolmHz\data\raw_v2\diffusion_fakes\Midjourney\Midjourney_0503.png,1,midjourney_fake,id,0.000000
R:\_Projects\Eurus_Workspace\HolmHz\data\raw_v2\diffusion_fakes\Stable Diffusion\Stable_Diffusion_364.jpg,1,sd_fake,id,0.000000
R:\_Projects\Eurus_Workspace\HolmHz\data\raw_v2\deepdetect2025\ddata\train\real\29806.jpg,0,dd2025_real,id,0.000000
R:\_Projects\Eurus_Workspace\HolmHz\data\raw_v2\diffusion_fakes\Real\REAL_2335.jpg,0,deepfake_collection_real,id,0.000000
R:\_Projects\Eurus_Workspace\HolmHz\data\raw_v2\deepdetect2025\ddata\train\fake\fake_021902.jpg,1,dd2025_fake,id,0.001395
R:\_Projects\Eurus_Workspace\HolmHz\data\raw_v2\rvf10k\rvf10k\valid\fake\2RQ5167O09.jpg,1,rvf10k_valid_fake,id,0.000000
R:\_Projects\Eurus_Workspace\HolmHz\data\raw_v2\ciplab_faces\real_and_fake_face_detection\real_and_fake_face\training_fake\hard_139_1011.jpg,1,ciplab_training_fake,id,0.000000
R:\_Projects\Eurus_Workspace\HolmHz\data\raw_v2\rvf10k\rvf10k\train\fake\IMX17F2UL8.jpg,1,rvf10k_train_fake,id,0.312589
R:\_Projects\Eurus_Workspace\HolmHz\data\raw_v2\deepdetect2025\ddata\train\fake\fake_025602.jpg,1,dd2025_fake,id,0.000002
R:\_Projects\Eurus_Workspace\HolmHz\data\raw_v2\ciplab_faces\real_and_fake_face\training_fake\mid_296_1111.jpg,1,ciplab_training_fake,id,0.000000
R:\_Projects\Eurus_Workspace\HolmHz\data\raw_v2\rvf10k\rvf10k\valid\fake\8CHYFIL4SA.jpg,1,rvf10k_valid_fake,id,0.984338
R:\_Projects\Eurus_Workspace\HolmHz\data\raw_v2\deepdetect2025\ddata\train\real\33065.jpg,0,dd2025_real,id,0.000000
R:\_Projects\Eurus_Workspace\HolmHz\data\raw_v2\rvf10k\rvf10k\train\real\42119.jpg,0,rvf10k_train_real,id,0.000000
R:\_Projects\Eurus_Workspace\HolmHz\data\raw_v2\rvf10k\rvf10k\valid\fake\8G35LB2G1A.jpg,1,rvf10k_valid_fake,id,0.000019
R:\_Projects\Eurus_Workspace\HolmHz\data\raw_v2\deepdetect2025\ddata\train\real\46102.jpg,0,dd2025_real,id,0.000000
R:\_Projects\Eurus_Workspace\HolmHz\data\raw_v2\deepdetect2025\ddata\train\fake\fake_031078.jpg,1,dd2025_fake,id,0.000000
R:\_Projects\Eurus_Workspace\HolmHz\data\raw_v2\deepdetect2025\ddata\train\fake\fake_004447.jpg,1,dd2025_fake,id,0.000000
R:\_Projects\Eurus_Workspace\HolmHz\data\raw_v2\diffusion_fakes\Real\REAL_1751.jpg,0,deepfake_collection_real,id,0.000000
R:\_Projects\Eurus_Workspace\HolmHz\data\raw_v2\diffusion_fakes\Real\REAL_4598.jpg,0,deepfake_collection_real,id,0.000000
R:\_Projects\Eurus_Workspace\HolmHz\data\raw_v2\deepdetect2025\ddata\train\real\10185.jpg,0,dd2025_real,id,0.000000
R:\_Projects\Eurus_Workspace\HolmHz\data\raw_v2\deepdetect2025\ddata\train\real\53809.jpg,0,dd2025_real,id,0.008304
R:\_Projects\Eurus_Workspace\HolmHz\data\raw_v2\deepdetect2025\ddata\train\fake\fake_032136.jpg,1,dd2025_fake,id,0.000001
R:\_Projects\Eurus_Workspace\HolmHz\data\raw_v2\ciplab_faces\real_and_fake_face_detection\real_and_fake_face\training_fake\mid_294_1110.jpg,1,ciplab_training_fake,id,0.000092
R:\_Projects\Eurus_Workspace\HolmHz\data\raw_v2\deepdetect2025\ddata\train\fake\fake_037478.jpg,1,dd2025_fake,id,0.000010
R:\_Projects\Eurus_Workspace\HolmHz\data\raw_v2\deepdetect2025\ddata\train\fake\fake_006036.jpg,1,dd2025_fake,id,0.000000
R:\_Projects\Eurus_Workspace\HolmHz\data\raw_v2\deepdetect2025\ddata\train\fake\fake_012807.jpg,1,dd2025_fake,id,0.011022
R:\_Projects\Eurus_Workspace\HolmHz\data\raw_v2\deepdetect2025\ddata\train\real\45118.jpg,0,dd2025_real,id,0.000000
R:\_Projects\Eurus_Workspace\HolmHz\data\raw_v2\rvf10k\rvf10k\train\fake\W24663MD9O.jpg,1,rvf10k_train_fake,id,0.000000
R:\_Projects\Eurus_Workspace\HolmHz\data\raw_v2\deepdetect2025\ddata\train\fake\fake_014930.jpg,1,dd2025_fake,id,0.000000
R:\_Projects\Eurus_Workspace\HolmHz\data\raw_v2\diffusion_fakes\DALL-E\DALL-E_1290.jpg,1,dalle_fake,id,0.000000
R:\_Projects\Eurus_Workspace\HolmHz\data\raw_v2\rvf10k\rvf10k\train\fake\6JYJ9Z9F3B.jpg,1,rvf10k_train_fake,id,0.000000
R:\_Projects\Eurus_Workspace\HolmHz\data\raw_v2\diffusion_fakes\DALL-E\DALL-E_0616.jpg,1,dalle_fake,id,0.000000
R:\_Projects\Eurus_Workspace\HolmHz\data\raw_v2\deepdetect2025\ddata\train\fake\fake_023093.jpg,1,dd2025_fake,id,0.000044
R:\_Projects\Eurus_Workspace\HolmHz\data\raw_v2\diffusion_fakes\Stable Diffusion\Stable_Diffusion_572.jpg,1,sd_fake,id,0.000099
R:\_Projects\Eurus_Workspace\HolmHz\data\raw_v2\ciplab_faces\real_and_fake_face\training_real\real_00830.jpg,0,ciplab_training_real,id,0.000000
R:\_Projects\Eurus_Workspace\HolmHz\data\raw_v2\deepdetect2025\ddata\train\real\56452.jpg,0,dd2025_real,id,0.000000
R:\_Projects\Eurus_Workspace\HolmHz\data\raw_v2\deepdetect2025\ddata\train\real\21421.jpg,0,dd2025_real,id,0.000000
R:\_Projects\Eurus_Workspace\HolmHz\data\raw_v2\diffusion_fakes\Real\REAL_5766.jpg,0,deepfake_collection_real,id,0.000305
R:\_Projects\Eurus_Workspace\HolmHz\data\raw_v2\deepdetect2025\ddata\train\fake\fake_020448.jpg,1,dd2025_fake,id,0.928780
R:\_Projects\Eurus_Workspace\HolmHz\data\raw_v2\rvf10k\rvf10k\train\fake\JGEOWNZNEJ.jpg,1,rvf10k_train_fake,id,0.000143
R:\_Projects\Eurus_Workspace\HolmHz\data\raw_v2\deepdetect2025\ddata\train\real\25477.jpg,0,dd2025_real,id,0.000000
R:\_Projects\Eurus_Workspace\HolmHz\data\raw_v2\diffusion_fakes\Stable Diffusion\Stable_Diffusion_1352.jpg,1,sd_fake,id,0.000002
R:\_Projects\Eurus_Workspace\HolmHz\data\raw_v2\rvf10k\rvf10k\train\real\49057.jpg,0,rvf10k_train_real,id,0.000000
R:\_Projects\Eurus_Workspace\HolmHz\data\raw_v2\diffusion_fakes\Real\REAL_4460.jpg,0,deepfake_collection_real,id,0.000000
R:\_Projects\Eurus_Workspace\HolmHz\data\raw_v2\rvf10k\rvf10k\train\fake\4QI8F8I90B.jpg,1,rvf10k_train_fake,id,0.000000
R:\_Projects\Eurus_Workspace\HolmHz\data\raw_v2\diffusion_fakes\Real\REAL_0321.jpg,0,deepfake_collection_real,id,0.000000
R:\_Projects\Eurus_Workspace\HolmHz\data\raw_v2\camera_vs_ai\ai vs real photos\Camera_images\206.jpg,0,camera_train_real,id,0.000052
R:\_Projects\Eurus_Workspace\HolmHz\data\raw_v2\deepdetect2025\ddata\train\fake\fake_033795.jpg,1,dd2025_fake,id,0.000000
R:\_Projects\Eurus_Workspace\HolmHz\data\raw_v2\rvf10k\rvf10k\train\real\23399.jpg,0,rvf10k_train_real,id,0.000000
R:\_Projects\Eurus_Workspace\HolmHz\data\raw_v2\diffusion_fakes\Stable Diffusion\Stable_Diffusion_1559.jpg,1,sd_fake,id,0.000000
R:\_Projects\Eurus_Workspace\HolmHz\data\raw_v2\rvf10k\rvf10k\train\real\09186.jpg,0,rvf10k_train_real,id,0.000000
R:\_Projects\Eurus_Workspace\HolmHz\data\raw_v2\diffusion_fakes\Midjourney\Midjourney_0069.png,1,midjourney_fake,id,0.000000
R:\_Projects\Eurus_Workspace\HolmHz\data\raw_v2\deepdetect2025\ddata\train\fake\fake_024029.jpg,1,dd2025_fake,id,0.002507
R:\_Projects\Eurus_Workspace\HolmHz\data\raw_v2\diffusion_fakes\Stable Diffusion\Stable_Diffusion_1636.jpg,1,sd_fake,id,0.000000
R:\_Projects\Eurus_Workspace\HolmHz\data\raw_v2\deepdetect2025\ddata\train\real\14825.jpg,0,dd2025_real,id,0.000000
R:\_Projects\Eurus_Workspace\HolmHz\data\raw_v2\diffusion_fakes\Real\REAL_3686.jpg,0,deepfake_collection_real,id,0.000000
R:\_Projects\Eurus_Workspace\HolmHz\data\raw_v2\ciplab_faces\real_and_fake_face_detection\real_and_fake_face\training_fake\mid_375_1110.jpg,1,ciplab_training_fake,id,0.000000
R:\_Projects\Eurus_Workspace\HolmHz\data\raw_v2\ciplab_faces\real_and_fake_face_detection\real_and_fake_face\training_fake\hard_108_1111.jpg,1,ciplab_training_fake,id,0.000000
R:\_Projects\Eurus_Workspace\HolmHz\data\raw_v2\rvf10k\rvf10k\train\fake\VVG1TZ7AXZ.jpg,1,rvf10k_train_fake,id,0.000000
R:\_Projects\Eurus_Workspace\HolmHz\data\raw_v2\rvf10k\rvf10k\valid\real\33938.jpg,0,rvf10k_valid_real,id,0.000000
R:\_Projects\Eurus_Workspace\HolmHz\data\raw_v2\deepdetect2025\ddata\train\fake\fake_040130.jpg,1,dd2025_fake,id,0.000002
R:\_Projects\Eurus_Workspace\HolmHz\data\raw_v2\diffusion_fakes\Real\REAL_4308.jpg,0,deepfake_collection_real,id,0.000000
R:\_Projects\Eurus_Workspace\HolmHz\data\raw_v2\rvf10k\rvf10k\train\fake\H1JLRZ3J8U.jpg,1,rvf10k_train_fake,id,0.000001
R:\_Projects\Eurus_Workspace\HolmHz\data\raw_v2\deepdetect2025\ddata\train\real\56465.jpg,0,dd2025_real,id,0.000000
R:\_Projects\Eurus_Workspace\HolmHz\data\raw_v2\camera_vs_ai\ai vs real photos\Camera_images\164.jpg,0,camera_train_real,id,0.000083
R:\_Projects\Eurus_Workspace\HolmHz\data\raw_v2\diffusion_fakes\Real\REAL_0160.jpg,0,deepfake_collection_real,id,0.000000
R:\_Projects\Eurus_Workspace\HolmHz\data\raw_v2\diffusion_fakes\Real\REAL_2052.jpg,0,deepfake_collection_real,id,0.000000
R:\_Projects\Eurus_Workspace\HolmHz\data\raw_v2\diffusion_fakes\DALL-E\DALL-E_0698.jpg,1,dalle_fake,id,0.000000
R:\_Projects\Eurus_Workspace\HolmHz\data\raw_v2\diffusion_fakes\Real\REAL_4785.jpg,0,deepfake_collection_real,id,0.000012
R:\_Projects\Eurus_Workspace\HolmHz\data\raw_v2\diffusion_fakes\Real\REAL_2889.jpg,0,deepfake_collection_real,id,0.000000
R:\_Projects\Eurus_Workspace\HolmHz\data\raw_v2\ciplab_faces\real_and_fake_face\training_fake\easy_224_1100.jpg,1,ciplab_training_fake,id,0.000000
R:\_Projects\Eurus_Workspace\HolmHz\data\raw_v2\rvf10k\rvf10k\train\real\39227.jpg,0,rvf10k_train_real,id,0.000000
R:\_Projects\Eurus_Workspace\HolmHz\data\raw_v2\diffusion_fakes\Real\REAL_5812.jpg,0,deepfake_collection_real,id,0.000000
R:\_Projects\Eurus_Workspace\HolmHz\data\raw_v2\deepdetect2025\ddata\train\real\07405.jpg,0,dd2025_real,id,0.000000
R:\_Projects\Eurus_Workspace\HolmHz\data\raw_v2\deepdetect2025\ddata\train\real\55125.jpg,0,dd2025_real,id,0.000000
R:\_Projects\Eurus_Workspace\HolmHz\data\raw_v2\rvf10k\rvf10k\train\fake\2HRDQI629H.jpg,1,rvf10k_train_fake,id,0.000001
R:\_Projects\Eurus_Workspace\HolmHz\data\raw_v2\rvf10k\rvf10k\valid\real\02883.jpg,0,rvf10k_valid_real,id,0.000000
R:\_Projects\Eurus_Workspace\HolmHz\data\raw_v2\rvf10k\rvf10k\valid\fake\QLPQP937TK.jpg,1,rvf10k_valid_fake,id,0.000000
R:\_Projects\Eurus_Workspace\HolmHz\data\raw_v2\diffusion_fakes\Real\REAL_4977.jpg,0,deepfake_collection_real,id,0.000000
R:\_Projects\Eurus_Workspace\HolmHz\data\raw_v2\diffusion_fakes\Midjourney\Midjourney_0095.png,1,midjourney_fake,id,0.000000
R:\_Projects\Eurus_Workspace\HolmHz\data\raw_v2\rvf10k\rvf10k\train\fake\Q0CQY9L7D7.jpg,1,rvf10k_train_fake,id,0.004346
R:\_Projects\Eurus_Workspace\HolmHz\data\raw_v2\deepdetect2025\ddata\train\fake\fake_007830.jpg,1,dd2025_fake,id,0.000021
R:\_Projects\Eurus_Workspace\HolmHz\data\raw_v2\deepdetect2025\ddata\train\fake\fake_035714.jpg,1,dd2025_fake,id,0.000000
R:\_Projects\Eurus_Workspace\HolmHz\data\raw_v2\diffusion_fakes\Real\REAL_5009.jpg,0,deepfake_collection_real,id,0.000000
R:\_Projects\Eurus_Workspace\HolmHz\data\raw_v2\camera_vs_ai\ai vs real photos\Ai_Images\30.jpg,1,camera_train_ai,id,0.000008
R:\_Projects\Eurus_Workspace\HolmHz\data\raw_v2\ciplab_faces\real_and_fake_face_detection\real_and_fake_face\training_fake\hard_71_1100.jpg,1,ciplab_training_fake,id,0.000000
R:\_Projects\Eurus_Workspace\HolmHz\data\raw_v2\diffusion_fakes\Stable Diffusion\Stable_Diffusion_1196.jpg,1,sd_fake,id,0.000000
R:\_Projects\Eurus_Workspace\HolmHz\data\raw_v2\deepdetect2025\ddata\train\real\39355.jpg,0,dd2025_real,id,0.000000
R:\_Projects\Eurus_Workspace\HolmHz\data\raw_v2\diffusion_fakes\Real\REAL_4868.jpg,0,deepfake_collection_real,id,0.000000
R:\_Projects\Eurus_Workspace\HolmHz\data\raw_v2\diffusion_fakes\Real\REAL_1658.jpg,0,deepfake_collection_real,id,0.000000
R:\_Projects\Eurus_Workspace\HolmHz\data\raw_v2\rvf10k\rvf10k\train\real\14013.jpg,0,rvf10k_train_real,id,0.000000
R:\_Projects\Eurus_Workspace\HolmHz\data\raw_v2\deepdetect2025\ddata\train\real\57026.jpg,0,dd2025_real,id,0.000000
R:\_Projects\Eurus_Workspace\HolmHz\data\raw_v2\diffusion_fakes\DALL-E\DALL-E_1462.jpg,1,dalle_fake,id,0.000000
R:\_Projects\Eurus_Workspace\HolmHz\data\raw_v2\ciplab_faces\real_and_fake_face_detection\real_and_fake_face\training_real\real_00932.jpg,0,ciplab_training_real,id,0.000193
R:\_Projects\Eurus_Workspace\HolmHz\data\raw_v2\deepdetect2025\ddata\train\real\64835.jpg,0,dd2025_real,id,0.000000
R:\_Projects\Eurus_Workspace\HolmHz\data\raw_v2\diffusion_fakes\Midjourney\Midjourney_0059.png,1,midjourney_fake,id,0.000000
R:\_Projects\Eurus_Workspace\HolmHz\data\raw_v2\rvf10k\rvf10k\train\fake\GX7HA52C7M.jpg,1,rvf10k_train_fake,id,0.000013
R:\_Projects\Eurus_Workspace\HolmHz\data\raw_v2\diffusion_fakes\Real\REAL_0589.jpg,0,deepfake_collection_real,id,0.000000
R:\_Projects\Eurus_Workspace\HolmHz\data\raw_v2\ciplab_faces\real_and_fake_face_detection\real_and_fake_face\training_real\real_00333.jpg,0,ciplab_training_real,id,0.000000
R:\_Projects\Eurus_Workspace\HolmHz\data\raw_v2\rvf10k\rvf10k\train\fake\94MNQ89S6S.jpg,1,rvf10k_train_fake,id,0.000000
R:\_Projects\Eurus_Workspace\HolmHz\data\raw_v2\ciplab_faces\real_and_fake_face\training_fake\hard_240_1101.jpg,1,ciplab_training_fake,id,0.000000
R:\_Projects\Eurus_Workspace\HolmHz\data\raw_v2\diffusion_fakes\Stable Diffusion\Stable_Diffusion_1650.jpg,1,sd_fake,id,0.000005
R:\_Projects\Eurus_Workspace\HolmHz\data\raw_v2\rvf10k\rvf10k\train\real\00057.jpg,0,rvf10k_train_real,id,0.000000
R:\_Projects\Eurus_Workspace\HolmHz\data\raw_v2\ciplab_faces\real_and_fake_face_detection\real_and_fake_face\training_fake\mid_256_1100.jpg,1,ciplab_training_fake,id,0.000000
R:\_Projects\Eurus_Workspace\HolmHz\data\raw_v2\deepdetect2025\ddata\train\fake\fake_032347.jpg,1,dd2025_fake,id,0.001492
R:\_Projects\Eurus_Workspace\HolmHz\data\raw_v2\rvf10k\rvf10k\train\real\10855.jpg,0,rvf10k_train_real,id,0.000000
R:\_Projects\Eurus_Workspace\HolmHz\data\raw_v2\diffusion_fakes\Real\REAL_2516.jpg,0,deepfake_collection_real,id,0.000000
R:\_Projects\Eurus_Workspace\HolmHz\data\raw_v2\diffusion_fakes\Real\REAL_2168.jpg,0,deepfake_collection_real,id,0.000000
R:\_Projects\Eurus_Workspace\HolmHz\data\raw_v2\diffusion_fakes\Real\REAL_4434.jpg,0,deepfake_collection_real,id,0.000000
R:\_Projects\Eurus_Workspace\HolmHz\data\raw_v2\diffusion_fakes\Stable Diffusion\Stable_Diffusion_1887.jpg,1,sd_fake,id,0.005589
R:\_Projects\Eurus_Workspace\HolmHz\data\raw_v2\ciplab_faces\real_and_fake_face_detection\real_and_fake_face\training_fake\mid_57_1111.jpg,1,ciplab_training_fake,id,0.000001
R:\_Projects\Eurus_Workspace\HolmHz\data\raw_v2\rvf10k\rvf10k\train\real\00398.jpg,0,rvf10k_train_real,id,0.000000
R:\_Projects\Eurus_Workspace\HolmHz\data\raw_v2\diffusion_fakes\Real\REAL_3498.jpg,0,deepfake_collection_real,id,0.000000
R:\_Projects\Eurus_Workspace\HolmHz\data\raw_v2\diffusion_fakes\Real\REAL_1140.jpg,0,deepfake_collection_real,id,0.000000
R:\_Projects\Eurus_Workspace\HolmHz\data\raw_v2\deepdetect2025\ddata\train\real\10902.jpg,0,dd2025_real,id,0.000000
R:\_Projects\Eurus_Workspace\HolmHz\data\raw_v2\deepdetect2025\ddata\train\fake\fake_032184.jpg,1,dd2025_fake,id,0.000000
R:\_Projects\Eurus_Workspace\HolmHz\data\raw_v2\rvf10k\rvf10k\valid\fake\6OBLS6TEGH.jpg,1,rvf10k_valid_fake,id,0.004744
R:\_Projects\Eurus_Workspace\HolmHz\data\raw_v2\deepdetect2025\ddata\train\fake\fake_015904.jpg,1,dd2025_fake,id,0.003850
R:\_Projects\Eurus_Workspace\HolmHz\data\raw_v2\diffusion_fakes\Real\REAL_0394.jpg,0,deepfake_collection_real,id,0.000000
R:\_Projects\Eurus_Workspace\HolmHz\data\raw_v2\rvf10k\rvf10k\valid\fake\EQUT014Z28.jpg,1,rvf10k_valid_fake,id,0.000037
R:\_Projects\Eurus_Workspace\HolmHz\data\raw_v2\diffusion_fakes\Real\REAL_2388.jpg,0,deepfake_collection_real,id,0.000113
R:\_Projects\Eurus_Workspace\HolmHz\data\raw_v2\deepdetect2025\ddata\train\fake\fake_028731.jpg,1,dd2025_fake,id,0.000343
R:\_Projects\Eurus_Workspace\HolmHz\data\raw_v2\deepdetect2025\ddata\train\real\21064.jpg,0,dd2025_real,id,0.000000
R:\_Projects\Eurus_Workspace\HolmHz\data\raw_v2\diffusion_fakes\DALL-E\DALL-E_0498.jpg,1,dalle_fake,id,0.000000
R:\_Projects\Eurus_Workspace\HolmHz\data\raw_v2\diffusion_fakes\Real\REAL_0844.jpg,0,deepfake_collection_real,id,0.000000
R:\_Projects\Eurus_Workspace\HolmHz\data\raw_v2\rvf10k\rvf10k\train\fake\P05HE02980.jpg,1,rvf10k_train_fake,id,0.000037
R:\_Projects\Eurus_Workspace\HolmHz\data\raw_v2\ciplab_faces\real_and_fake_face_detection\real_and_fake_face\training_real\real_00125.jpg,0,ciplab_training_real,id,0.000000
R:\_Projects\Eurus_Workspace\HolmHz\data\raw_v2\deepdetect2025\ddata\train\fake\fake_039115.png,1,dd2025_fake,id,0.000002
R:\_Projects\Eurus_Workspace\HolmHz\data\raw_v2\diffusion_fakes\Real\REAL_2009.jpg,0,deepfake_collection_real,id,0.000000
R:\_Projects\Eurus_Workspace\HolmHz\data\raw_v2\deepdetect2025\ddata\train\fake\fake_008562.jpg,1,dd2025_fake,id,0.000006
R:\_Projects\Eurus_Workspace\HolmHz\data\raw_v2\diffusion_fakes\Real\REAL_3589.jpg,0,deepfake_collection_real,id,0.000000
R:\_Projects\Eurus_Workspace\HolmHz\data\raw_v2\diffusion_fakes\Real\REAL_1990.jpg,0,deepfake_collection_real,id,0.000000
R:\_Projects\Eurus_Workspace\HolmHz\data\raw_v2\diffusion_fakes\DALL-E\DALL-E_0539.jpg,1,dalle_fake,id,0.000001
R:\_Projects\Eurus_Workspace\HolmHz\data\raw_v2\ciplab_faces\real_and_fake_face\training_fake\hard_220_1111.jpg,1,ciplab_training_fake,id,0.000015
R:\_Projects\Eurus_Workspace\HolmHz\data\raw_v2\deepdetect2025\ddata\train\real\02964.jpg,0,dd2025_real,id,0.000000
R:\_Projects\Eurus_Workspace\HolmHz\data\raw_v2\diffusion_fakes\Stable Diffusion\Stable_Diffusion_1993.jpg,1,sd_fake,id,0.000002
R:\_Projects\Eurus_Workspace\HolmHz\data\raw_v2\ciplab_faces\real_and_fake_face_detection\real_and_fake_face\training_real\real_00321.jpg,0,ciplab_training_real,id,0.000000
R:\_Projects\Eurus_Workspace\HolmHz\data\raw_v2\ciplab_faces\real_and_fake_face\training_real\real_00358.jpg,0,ciplab_training_real,id,0.000000
R:\_Projects\Eurus_Workspace\HolmHz\data\raw_v2\ciplab_faces\real_and_fake_face_detection\real_and_fake_face\training_real\real_00655.jpg,0,ciplab_training_real,id,0.000000
R:\_Projects\Eurus_Workspace\HolmHz\data\raw_v2\deepdetect2025\ddata\train\fake\fake_021414.jpg,1,dd2025_fake,id,0.000004
R:\_Projects\Eurus_Workspace\HolmHz\data\raw_v2\rvf10k\rvf10k\valid\fake\9I91AOMHUN.jpg,1,rvf10k_valid_fake,id,0.002300
R:\_Projects\Eurus_Workspace\HolmHz\data\raw_v2\deepdetect2025\ddata\train\real\22456.jpg,0,dd2025_real,id,0.000000
R:\_Projects\Eurus_Workspace\HolmHz\data\raw_v2\deepdetect2025\ddata\train\fake\fake_023475.jpg,1,dd2025_fake,id,0.000903
R:\_Projects\Eurus_Workspace\HolmHz\data\raw_v2\ciplab_faces\real_and_fake_face\training_real\real_00542.jpg,0,ciplab_training_real,id,0.000309
R:\_Projects\Eurus_Workspace\HolmHz\data\raw_v2\rvf10k\rvf10k\valid\real\62801.jpg,0,rvf10k_valid_real,id,0.000000
R:\_Projects\Eurus_Workspace\HolmHz\data\raw_v2\deepdetect2025\ddata\train\real\31777.jpg,0,dd2025_real,id,0.000000
R:\_Projects\Eurus_Workspace\HolmHz\data\raw_v2\diffusion_fakes\Stable Diffusion\Stable_Diffusion_1237.jpg,1,sd_fake,id,0.000000
R:\_Projects\Eurus_Workspace\HolmHz\data\raw_v2\diffusion_fakes\Midjourney\Midjourney_0296.png,1,midjourney_fake,id,0.000000
R:\_Projects\Eurus_Workspace\HolmHz\data\raw_v2\rvf10k\rvf10k\train\fake\LLV98B5NMK.jpg,1,rvf10k_train_fake,id,0.000000
R:\_Projects\Eurus_Workspace\HolmHz\data\raw_v2\diffusion_fakes\Real\REAL_4417.jpg,0,deepfake_collection_real,id,0.000000
R:\_Projects\Eurus_Workspace\HolmHz\data\raw_v2\diffusion_fakes\Real\REAL_3556.jpg,0,deepfake_collection_real,id,0.000000
R:\_Projects\Eurus_Workspace\HolmHz\data\raw_v2\rvf10k\rvf10k\valid\fake\K8HFH7BLID.jpg,1,rvf10k_valid_fake,id,0.000000
R:\_Projects\Eurus_Workspace\HolmHz\data\raw_v2\deepdetect2025\ddata\train\fake\fake_001664.jpg,1,dd2025_fake,id,0.000000
R:\_Projects\Eurus_Workspace\HolmHz\data\raw_v2\diffusion_fakes\DALL-E\DALL-E_1733.jpg,1,dalle_fake,id,0.000000
R:\_Projects\Eurus_Workspace\HolmHz\data\raw_v2\ciplab_faces\real_and_fake_face\training_real\real_00766.jpg,0,ciplab_training_real,id,0.000002
R:\_Projects\Eurus_Workspace\HolmHz\data\raw_v2\rvf10k\rvf10k\train\fake\2QJ4XQBX13.jpg,1,rvf10k_train_fake,id,0.000006
R:\_Projects\Eurus_Workspace\HolmHz\data\raw_v2\diffusion_fakes\Real\REAL_0360.jpg,0,deepfake_collection_real,id,0.000000
R:\_Projects\Eurus_Workspace\HolmHz\data\raw_v2\rvf10k\rvf10k\train\fake\5AOJRDN3ZF.jpg,1,rvf10k_train_fake,id,0.000009
R:\_Projects\Eurus_Workspace\HolmHz\data\raw_v2\diffusion_fakes\Real\REAL_2964.jpg,0,deepfake_collection_real,id,0.000001
R:\_Projects\Eurus_Workspace\HolmHz\data\raw_v2\deepdetect2025\ddata\train\fake\fake_026673.jpg,1,dd2025_fake,id,0.000000
R:\_Projects\Eurus_Workspace\HolmHz\data\raw_v2\deepdetect2025\ddata\train\real\34266.jpg,0,dd2025_real,id,0.000000
R:\_Projects\Eurus_Workspace\HolmHz\data\raw_v2\rvf10k\rvf10k\train\fake\PTF2X2G4NF.jpg,1,rvf10k_train_fake,id,0.000051
R:\_Projects\Eurus_Workspace\HolmHz\data\raw_v2\diffusion_fakes\Real\REAL_1761.jpg,0,deepfake_collection_real,id,0.000000
R:\_Projects\Eurus_Workspace\HolmHz\data\raw_v2\deepdetect2025\ddata\train\real\27144.jpg,0,dd2025_real,id,0.000833
R:\_Projects\Eurus_Workspace\HolmHz\data\raw_v2\diffusion_fakes\Real\REAL_3593.jpg,0,deepfake_collection_real,id,0.000000
R:\_Projects\Eurus_Workspace\HolmHz\data\raw_v2\rvf10k\rvf10k\valid\fake\YVJM54KTP5.jpg,1,rvf10k_valid_fake,id,0.012896
R:\_Projects\Eurus_Workspace\HolmHz\data\raw_v2\rvf10k\rvf10k\train\real\34221.jpg,0,rvf10k_train_real,id,0.000000
R:\_Projects\Eurus_Workspace\HolmHz\data\raw_v2\diffusion_fakes\DALL-E\DALL-E_0661.jpg,1,dalle_fake,id,0.000000
R:\_Projects\Eurus_Workspace\HolmHz\data\raw_v2\deepdetect2025\ddata\train\fake\fake_003329.jpg,1,dd2025_fake,id,0.000001
R:\_Projects\Eurus_Workspace\HolmHz\data\raw_v2\deepdetect2025\ddata\train\fake\fake_019649.jpg,1,dd2025_fake,id,0.000000
R:\_Projects\Eurus_Workspace\HolmHz\data\raw_v2\camera_vs_ai\ai vs real photos\Camera_images\47.jpg,0,camera_train_real,id,0.000000
R:\_Projects\Eurus_Workspace\HolmHz\data\raw_v2\diffusion_fakes\DALL-E\DALL-E_1612.jpg,1,dalle_fake,id,0.000000
R:\_Projects\Eurus_Workspace\HolmHz\data\raw_v2\deepdetect2025\ddata\train\real\08556.jpg,0,dd2025_real,id,0.000000
R:\_Projects\Eurus_Workspace\HolmHz\data\raw_v2\deepdetect2025\ddata\train\fake\fake_016628.jpg,1,dd2025_fake,id,0.000000
R:\_Projects\Eurus_Workspace\HolmHz\data\raw_v2\diffusion_fakes\Real\REAL_2134.jpg,0,deepfake_collection_real,id,0.000000
R:\_Projects\Eurus_Workspace\HolmHz\data\raw_v2\diffusion_fakes\Stable Diffusion\Stable_Diffusion_162.jpg,1,sd_fake,id,0.000000
R:\_Projects\Eurus_Workspace\HolmHz\data\raw_v2\diffusion_fakes\DALL-E\DALL-E_1072.jpg,1,dalle_fake,id,0.000033
R:\_Projects\Eurus_Workspace\HolmHz\data\raw_v2\deepdetect2025\ddata\train\fake\fake_025650.jpg,1,dd2025_fake,id,0.000017
R:\_Projects\Eurus_Workspace\HolmHz\data\raw_v2\deepdetect2025\ddata\train\real\53970.jpg,0,dd2025_real,id,0.000000
R:\_Projects\Eurus_Workspace\HolmHz\data\raw_v2\ciplab_faces\real_and_fake_face\training_real\real_00958.jpg,0,ciplab_training_real,id,0.000000
R:\_Projects\Eurus_Workspace\HolmHz\data\raw_v2\rvf10k\rvf10k\train\fake\OH2SSM5YC9.jpg,1,rvf10k_train_fake,id,0.000000
R:\_Projects\Eurus_Workspace\HolmHz\data\raw_v2\diffusion_fakes\Stable Diffusion\Stable_Diffusion_619.jpg,1,sd_fake,id,0.000159
R:\_Projects\Eurus_Workspace\HolmHz\data\raw_v2\ciplab_faces\real_and_fake_face_detection\real_and_fake_face\training_real\real_00661.jpg,0,ciplab_training_real,id,0.000000
R:\_Projects\Eurus_Workspace\HolmHz\data\raw_v2\rvf10k\rvf10k\valid\real\27246.jpg,0,rvf10k_valid_real,id,0.000000
R:\_Projects\Eurus_Workspace\HolmHz\data\raw_v2\rvf10k\rvf10k\valid\real\58487.jpg,0,rvf10k_valid_real,id,0.000000
R:\_Projects\Eurus_Workspace\HolmHz\data\raw_v2\diffusion_fakes\Real\REAL_4391.jpg,0,deepfake_collection_real,id,0.000000
R:\_Projects\Eurus_Workspace\HolmHz\data\raw_v2\deepdetect2025\ddata\train\fake\fake_006309.jpg,1,dd2025_fake,id,0.000002
R:\_Projects\Eurus_Workspace\HolmHz\data\raw_v2\deepdetect2025\ddata\train\fake\fake_027230.jpg,1,dd2025_fake,id,0.001095
R:\_Projects\Eurus_Workspace\HolmHz\data\raw_v2\rvf10k\rvf10k\train\fake\OPW6IS3DDC.jpg,1,rvf10k_train_fake,id,0.000451
R:\_Projects\Eurus_Workspace\HolmHz\data\raw_v2\ciplab_faces\real_and_fake_face_detection\real_and_fake_face\training_real\real_00214.jpg,0,ciplab_training_real,id,0.000000
R:\_Projects\Eurus_Workspace\HolmHz\data\raw_v2\deepdetect2025\ddata\train\real\67483.jpg,0,dd2025_real,id,0.000000
R:\_Projects\Eurus_Workspace\HolmHz\data\raw_v2\deepdetect2025\ddata\train\fake\fake_017829.jpg,1,dd2025_fake,id,0.000016
R:\_Projects\Eurus_Workspace\HolmHz\data\raw_v2\ciplab_faces\real_and_fake_face\training_fake\easy_18_0011.jpg,1,ciplab_training_fake,id,0.000000
R:\_Projects\Eurus_Workspace\HolmHz\data\raw_v2\rvf10k\rvf10k\train\real\58969.jpg,0,rvf10k_train_real,id,0.000000
R:\_Projects\Eurus_Workspace\HolmHz\data\raw_v2\deepdetect2025\ddata\train\fake\fake_005533.jpg,1,dd2025_fake,id,0.000251
R:\_Projects\Eurus_Workspace\HolmHz\data\raw_v2\rvf10k\rvf10k\train\fake\BKWIBGRA2P.jpg,1,rvf10k_train_fake,id,0.000108
R:\_Projects\Eurus_Workspace\HolmHz\data\raw_v2\ciplab_faces\real_and_fake_face\training_fake\easy_99_0101.jpg,1,ciplab_training_fake,id,0.000001
R:\_Projects\Eurus_Workspace\HolmHz\data\raw_v2\diffusion_fakes\Real\REAL_4981.jpg,0,deepfake_collection_real,id,0.000000
R:\_Projects\Eurus_Workspace\HolmHz\data\raw_v2\diffusion_fakes\Midjourney\Midjourney_0904.png,1,midjourney_fake,id,0.000000
R:\_Projects\Eurus_Workspace\HolmHz\data\raw_v2\diffusion_fakes\Real\REAL_0385.jpg,0,deepfake_collection_real,id,0.000000
R:\_Projects\Eurus_Workspace\HolmHz\data\raw_v2\deepdetect2025\ddata\train\real\52856.jpg,0,dd2025_real,id,0.000000
R:\_Projects\Eurus_Workspace\HolmHz\data\raw_v2\deepdetect2025\ddata\train\real\43444.jpg,0,dd2025_real,id,0.000003
R:\_Projects\Eurus_Workspace\HolmHz\data\raw_v2\diffusion_fakes\Stable Diffusion\Stable_Diffusion_1606.jpg,1,sd_fake,id,0.000006
R:\_Projects\Eurus_Workspace\HolmHz\data\raw_v2\diffusion_fakes\Real\REAL_5066.jpg,0,deepfake_collection_real,id,0.000000
R:\_Projects\Eurus_Workspace\HolmHz\data\raw_v2\deepdetect2025\ddata\train\fake\fake_033699.jpg,1,dd2025_fake,id,0.363303
R:\_Projects\Eurus_Workspace\HolmHz\data\raw_v2\ciplab_faces\real_and_fake_face\training_fake\hard_129_1111.jpg,1,ciplab_training_fake,id,0.000000
R:\_Projects\Eurus_Workspace\HolmHz\data\raw_v2\ciplab_faces\real_and_fake_face_detection\real_and_fake_face\training_real\real_00147.jpg,0,ciplab_training_real,id,0.000000
R:\_Projects\Eurus_Workspace\HolmHz\data\raw_v2\rvf10k\rvf10k\train\fake\26XVKGQ670.jpg,1,rvf10k_train_fake,id,0.000002
R:\_Projects\Eurus_Workspace\HolmHz\data\raw_v2\rvf10k\rvf10k\train\fake\XLK4NSU15F.jpg,1,rvf10k_train_fake,id,0.000000
R:\_Projects\Eurus_Workspace\HolmHz\data\raw_v2\deepdetect2025\ddata\train\fake\fake_010819.jpg,1,dd2025_fake,id,0.889253
R:\_Projects\Eurus_Workspace\HolmHz\data\raw_v2\rvf10k\rvf10k\train\fake\VEKS0B3H7C.jpg,1,rvf10k_train_fake,id,0.015117
R:\_Projects\Eurus_Workspace\HolmHz\data\raw_v2\deepdetect2025\ddata\train\real\63846.jpg,0,dd2025_real,id,0.000000
R:\_Projects\Eurus_Workspace\HolmHz\data\raw_v2\diffusion_fakes\Real\REAL_0424.jpg,0,deepfake_collection_real,id,0.000000
R:\_Projects\Eurus_Workspace\HolmHz\data\raw_v2\rvf10k\rvf10k\train\real\51396.jpg,0,rvf10k_train_real,id,0.000000
R:\_Projects\Eurus_Workspace\HolmHz\data\raw_v2\deepdetect2025\ddata\train\real\16743.jpg,0,dd2025_real,id,0.000000
R:\_Projects\Eurus_Workspace\HolmHz\data\raw_v2\rvf10k\rvf10k\train\fake\UV00IMTUFI.jpg,1,rvf10k_train_fake,id,0.001206
R:\_Projects\Eurus_Workspace\HolmHz\data\raw_v2\diffusion_fakes\Real\REAL_3796.jpg,0,deepfake_collection_real,id,0.000000
R:\_Projects\Eurus_Workspace\HolmHz\data\raw_v2\rvf10k\rvf10k\train\fake\G5RH4TOUD1.jpg,1,rvf10k_train_fake,id,0.000036
R:\_Projects\Eurus_Workspace\HolmHz\data\raw_v2\ciplab_faces\real_and_fake_face\training_real\real_00335.jpg,0,ciplab_training_real,id,0.000000
R:\_Projects\Eurus_Workspace\HolmHz\data\raw_v2\rvf10k\rvf10k\train\real\60705.jpg,0,rvf10k_train_real,id,0.000000
R:\_Projects\Eurus_Workspace\HolmHz\data\raw_v2\deepdetect2025\ddata\train\fake\fake_020455.jpg,1,dd2025_fake,id,0.000012
R:\_Projects\Eurus_Workspace\HolmHz\data\raw_v2\deepdetect2025\ddata\train\real\66013.jpg,0,dd2025_real,id,0.000000
R:\_Projects\Eurus_Workspace\HolmHz\data\raw_v2\diffusion_fakes\Real\REAL_0952.jpg,0,deepfake_collection_real,id,0.000024
R:\_Projects\Eurus_Workspace\HolmHz\data\raw_v2\rvf10k\rvf10k\valid\real\37221.jpg,0,rvf10k_valid_real,id,0.000000
R:\_Projects\Eurus_Workspace\HolmHz\data\raw_v2\diffusion_fakes\Stable Diffusion\Stable_Diffusion_472.jpg,1,sd_fake,id,0.001188
R:\_Projects\Eurus_Workspace\HolmHz\data\raw_v2\rvf10k\rvf10k\valid\fake\OWUSV230WB.jpg,1,rvf10k_valid_fake,id,0.000000
R:\_Projects\Eurus_Workspace\HolmHz\data\raw_v2\rvf10k\rvf10k\train\fake\UH7N1V9CZY.jpg,1,rvf10k_train_fake,id,0.009303
R:\_Projects\Eurus_Workspace\HolmHz\data\raw_v2\diffusion_fakes\Real\REAL_0984.jpg,0,deepfake_collection_real,id,0.000000
R:\_Projects\Eurus_Workspace\HolmHz\data\raw_v2\diffusion_fakes\Stable Diffusion\Stable_Diffusion_163.jpg,1,sd_fake,id,0.000000
R:\_Projects\Eurus_Workspace\HolmHz\data\raw_v2\ciplab_faces\real_and_fake_face\training_fake\easy_239_1110.jpg,1,ciplab_training_fake,id,0.000000
R:\_Projects\Eurus_Workspace\HolmHz\data\raw_v2\diffusion_fakes\Real\REAL_3238.jpg,0,deepfake_collection_real,id,0.000000
R:\_Projects\Eurus_Workspace\HolmHz\data\raw_v2\ciplab_faces\real_and_fake_face\training_real\real_00480.jpg,0,ciplab_training_real,id,0.000000
R:\_Projects\Eurus_Workspace\HolmHz\data\raw_v2\deepdetect2025\ddata\train\fake\fake_005452.jpg,1,dd2025_fake,id,0.000000
R:\_Projects\Eurus_Workspace\HolmHz\data\raw_v2\diffusion_fakes\Real\REAL_4096.jpg,0,deepfake_collection_real,id,0.000000
R:\_Projects\Eurus_Workspace\HolmHz\data\raw_v2\camera_vs_ai\ai vs real photos\Ai_Images\190.jpg,1,camera_train_ai,id,0.000000
R:\_Projects\Eurus_Workspace\HolmHz\data\raw_v2\rvf10k\rvf10k\train\real\59411.jpg,0,rvf10k_train_real,id,0.000003
R:\_Projects\Eurus_Workspace\HolmHz\data\raw_v2\diffusion_fakes\Stable Diffusion\Stable_Diffusion_1585.jpg,1,sd_fake,id,0.000000
R:\_Projects\Eurus_Workspace\HolmHz\data\raw_v2\ciplab_faces\real_and_fake_face\training_fake\mid_278_1101.jpg,1,ciplab_training_fake,id,0.000000
R:\_Projects\Eurus_Workspace\HolmHz\data\raw_v2\deepdetect2025\ddata\train\real\36551.jpg,0,dd2025_real,id,0.000000
R:\_Projects\Eurus_Workspace\HolmHz\data\raw_v2\diffusion_fakes\Stable Diffusion\Stable_Diffusion_1859.jpg,1,sd_fake,id,0.000629
R:\_Projects\Eurus_Workspace\HolmHz\data\raw_v2\rvf10k\rvf10k\train\real\06528.jpg,0,rvf10k_train_real,id,0.000000
R:\_Projects\Eurus_Workspace\HolmHz\data\raw_v2\rvf10k\rvf10k\train\real\60497.jpg,0,rvf10k_train_real,id,0.000000
R:\_Projects\Eurus_Workspace\HolmHz\data\raw_v2\deepdetect2025\ddata\train\real\54907.jpg,0,dd2025_real,id,0.000000
R:\_Projects\Eurus_Workspace\HolmHz\data\raw_v2\rvf10k\rvf10k\train\real\39571.jpg,0,rvf10k_train_real,id,0.000000
R:\_Projects\Eurus_Workspace\HolmHz\data\raw_v2\deepdetect2025\ddata\train\fake\fake_011854.jpg,1,dd2025_fake,id,0.004972
R:\_Projects\Eurus_Workspace\HolmHz\data\raw_v2\diffusion_fakes\Real\REAL_0935.jpg,0,deepfake_collection_real,id,0.000000
R:\_Projects\Eurus_Workspace\HolmHz\data\raw_v2\rvf10k\rvf10k\train\real\29237.jpg,0,rvf10k_train_real,id,0.000000
R:\_Projects\Eurus_Workspace\HolmHz\data\raw_v2\diffusion_fakes\Real\REAL_3608.jpg,0,deepfake_collection_real,id,0.000000
R:\_Projects\Eurus_Workspace\HolmHz\data\raw_v2\rvf10k\rvf10k\train\fake\TN7IHDLNR5.jpg,1,rvf10k_train_fake,id,0.000006
R:\_Projects\Eurus_Workspace\HolmHz\data\raw_v2\rvf10k\rvf10k\valid\fake\3X12GUTFZJ.jpg,1,rvf10k_valid_fake,id,0.001845
R:\_Projects\Eurus_Workspace\HolmHz\data\raw_v2\rvf10k\rvf10k\train\real\67221.jpg,0,rvf10k_train_real,id,0.000486
R:\_Projects\Eurus_Workspace\HolmHz\data\raw_v2\rvf10k\rvf10k\train\real\15076.jpg,0,rvf10k_train_real,id,0.000000
R:\_Projects\Eurus_Workspace\HolmHz\data\raw_v2\diffusion_fakes\Real\REAL_5368.jpg,0,deepfake_collection_real,id,0.000004
R:\_Projects\Eurus_Workspace\HolmHz\data\raw_v2\rvf10k\rvf10k\valid\real\57961.jpg,0,rvf10k_valid_real,id,0.000000
R:\_Projects\Eurus_Workspace\HolmHz\data\raw_v2\deepdetect2025\ddata\train\real\48792.jpg,0,dd2025_real,id,0.000000
R:\_Projects\Eurus_Workspace\HolmHz\data\raw_v2\deepdetect2025\ddata\train\real\01463.jpg,0,dd2025_real,id,0.000000
R:\_Projects\Eurus_Workspace\HolmHz\data\raw_v2\diffusion_fakes\Real\REAL_0910.jpg,0,deepfake_collection_real,id,0.000000
R:\_Projects\Eurus_Workspace\HolmHz\data\raw_v2\rvf10k\rvf10k\train\fake\EEHX569YFQ.jpg,1,rvf10k_train_fake,id,0.000074
R:\_Projects\Eurus_Workspace\HolmHz\data\raw_v2\deepdetect2025\ddata\train\fake\fake_011248.jpg,1,dd2025_fake,id,0.000001
R:\_Projects\Eurus_Workspace\HolmHz\data\raw_v2\deepdetect2025\ddata\train\real\58265.jpg,0,dd2025_real,id,0.000000
R:\_Projects\Eurus_Workspace\HolmHz\data\raw_v2\diffusion_fakes\Real\REAL_3724.jpg,0,deepfake_collection_real,id,0.000000
R:\_Projects\Eurus_Workspace\HolmHz\data\raw_v2\diffusion_fakes\Real\REAL_1718.jpg,0,deepfake_collection_real,id,0.000000
R:\_Projects\Eurus_Workspace\HolmHz\data\raw_v2\rvf10k\rvf10k\valid\fake\XOTL7W75PS.jpg,1,rvf10k_valid_fake,id,0.000000
R:\_Projects\Eurus_Workspace\HolmHz\data\raw_v2\diffusion_fakes\Midjourney\Midjourney_0201.png,1,midjourney_fake,id,0.000000
R:\_Projects\Eurus_Workspace\HolmHz\data\raw_v2\deepdetect2025\ddata\train\fake\fake_011358.jpg,1,dd2025_fake,id,0.000026
R:\_Projects\Eurus_Workspace\HolmHz\data\raw_v2\rvf10k\rvf10k\train\fake\UZXNZKPGE7.jpg,1,rvf10k_train_fake,id,0.000757
R:\_Projects\Eurus_Workspace\HolmHz\data\raw_v2\ciplab_faces\real_and_fake_face_detection\real_and_fake_face\training_real\real_00451.jpg,0,ciplab_training_real,id,0.000618
R:\_Projects\Eurus_Workspace\HolmHz\data\raw_v2\diffusion_fakes\Real\REAL_0249.jpg,0,deepfake_collection_real,id,0.000000
R:\_Projects\Eurus_Workspace\HolmHz\data\raw_v2\ciplab_faces\real_and_fake_face\training_fake\mid_89_1111.jpg,1,ciplab_training_fake,id,0.000000
R:\_Projects\Eurus_Workspace\HolmHz\data\raw_v2\deepdetect2025\ddata\train\fake\fake_034494.jpg,1,dd2025_fake,id,0.000278
R:\_Projects\Eurus_Workspace\HolmHz\data\raw_v2\diffusion_fakes\Real\REAL_5550.jpg,0,deepfake_collection_real,id,0.000000
R:\_Projects\Eurus_Workspace\HolmHz\data\raw_v2\rvf10k\rvf10k\valid\real\23924.jpg,0,rvf10k_valid_real,id,0.000000
R:\_Projects\Eurus_Workspace\HolmHz\data\raw_v2\diffusion_fakes\Real\REAL_1610.jpg,0,deepfake_collection_real,id,0.000000
R:\_Projects\Eurus_Workspace\HolmHz\data\raw_v2\diffusion_fakes\DALL-E\DALL-E_0576.jpg,1,dalle_fake,id,0.000000
R:\_Projects\Eurus_Workspace\HolmHz\data\raw_v2\rvf10k\rvf10k\train\fake\U2RSNH7AW8.jpg,1,rvf10k_train_fake,id,0.145653
R:\_Projects\Eurus_Workspace\HolmHz\data\raw_v2\diffusion_fakes\Midjourney\Midjourney_0319.png,1,midjourney_fake,id,0.000002
R:\_Projects\Eurus_Workspace\HolmHz\data\raw_v2\diffusion_fakes\Midjourney\Midjourney_0337.png,1,midjourney_fake,id,0.000022
R:\_Projects\Eurus_Workspace\HolmHz\data\raw_v2\deepdetect2025\ddata\train\real\66798.jpg,0,dd2025_real,id,0.000000
R:\_Projects\Eurus_Workspace\HolmHz\data\raw_v2\ciplab_faces\real_and_fake_face\training_real\real_01050.jpg,0,ciplab_training_real,id,0.000000
R:\_Projects\Eurus_Workspace\HolmHz\data\raw_v2\ciplab_faces\real_and_fake_face\training_real\real_00352.jpg,0,ciplab_training_real,id,0.000000
R:\_Projects\Eurus_Workspace\HolmHz\data\raw_v2\rvf10k\rvf10k\train\fake\W4ITGDRU3A.jpg,1,rvf10k_train_fake,id,0.002571
R:\_Projects\Eurus_Workspace\HolmHz\data\raw_v2\diffusion_fakes\Real\REAL_4403.jpg,0,deepfake_collection_real,id,0.000000
R:\_Projects\Eurus_Workspace\HolmHz\data\raw_v2\rvf10k\rvf10k\valid\fake\Q7IXWFPFT4.jpg,1,rvf10k_valid_fake,id,0.000000
R:\_Projects\Eurus_Workspace\HolmHz\data\raw_v2\camera_vs_ai\ai vs real photos\Ai_Images\95.jpg,1,camera_train_ai,id,0.000006
R:\_Projects\Eurus_Workspace\HolmHz\data\raw_v2\ciplab_faces\real_and_fake_face\training_real\real_01054.jpg,0,ciplab_training_real,id,0.000000
R:\_Projects\Eurus_Workspace\HolmHz\data\raw_v2\diffusion_fakes\Real\REAL_3791.jpg,0,deepfake_collection_real,id,0.000000
R:\_Projects\Eurus_Workspace\HolmHz\data\raw_v2\rvf10k\rvf10k\train\real\41179.jpg,0,rvf10k_train_real,id,0.000000
R:\_Projects\Eurus_Workspace\HolmHz\data\raw_v2\deepdetect2025\ddata\train\real\10907.jpg,0,dd2025_real,id,0.000000
R:\_Projects\Eurus_Workspace\HolmHz\data\raw_v2\diffusion_fakes\Stable Diffusion\Stable_Diffusion_1676.jpg,1,sd_fake,id,0.000000
R:\_Projects\Eurus_Workspace\HolmHz\data\raw_v2\rvf10k\rvf10k\train\fake\9SVF5QY2GN.jpg,1,rvf10k_train_fake,id,0.000000
R:\_Projects\Eurus_Workspace\HolmHz\data\raw_v2\diffusion_fakes\Real\REAL_1596.jpg,0,deepfake_collection_real,id,0.000000
R:\_Projects\Eurus_Workspace\HolmHz\data\raw_v2\rvf10k\rvf10k\train\fake\YRVS3GLUTP.jpg,1,rvf10k_train_fake,id,0.000069
R:\_Projects\Eurus_Workspace\HolmHz\data\raw_v2\diffusion_fakes\DALL-E\DALL-E_1417.jpg,1,dalle_fake,id,0.000000
R:\_Projects\Eurus_Workspace\HolmHz\data\raw_v2\deepdetect2025\ddata\train\fake\fake_010283.jpg,1,dd2025_fake,id,0.000000
R:\_Projects\Eurus_Workspace\HolmHz\data\raw_v2\deepdetect2025\ddata\train\fake\fake_016495.jpg,1,dd2025_fake,id,0.661107
R:\_Projects\Eurus_Workspace\HolmHz\data\raw_v2\deepdetect2025\ddata\train\real\60217.jpg,0,dd2025_real,id,0.000000
R:\_Projects\Eurus_Workspace\HolmHz\data\raw_v2\deepdetect2025\ddata\train\fake\fake_018580.jpg,1,dd2025_fake,id,0.000035
R:\_Projects\Eurus_Workspace\HolmHz\data\raw_v2\diffusion_fakes\Real\REAL_1448.jpg,0,deepfake_collection_real,id,0.000000
R:\_Projects\Eurus_Workspace\HolmHz\data\raw_v2\rvf10k\rvf10k\valid\real\31697.jpg,0,rvf10k_valid_real,id,0.000000
R:\_Projects\Eurus_Workspace\HolmHz\data\raw_v2\deepdetect2025\ddata\train\real\33194.jpg,0,dd2025_real,id,0.000000
R:\_Projects\Eurus_Workspace\HolmHz\data\raw_v2\rvf10k\rvf10k\train\fake\YJYIH6P6NS.jpg,1,rvf10k_train_fake,id,0.000000
R:\_Projects\Eurus_Workspace\HolmHz\data\raw_v2\deepdetect2025\ddata\train\real\34029.jpg,0,dd2025_real,id,0.000000
R:\_Projects\Eurus_Workspace\HolmHz\data\raw_v2\rvf10k\rvf10k\train\real\16883.jpg,0,rvf10k_train_real,id,0.000000
R:\_Projects\Eurus_Workspace\HolmHz\data\raw_v2\rvf10k\rvf10k\train\real\09294.jpg,0,rvf10k_train_real,id,0.000000
R:\_Projects\Eurus_Workspace\HolmHz\data\raw_v2\rvf10k\rvf10k\valid\fake\8M6X94NJNC.jpg,1,rvf10k_valid_fake,id,0.000091
R:\_Projects\Eurus_Workspace\HolmHz\data\raw_v2\deepdetect2025\ddata\train\fake\fake_040417.jpg,1,dd2025_fake,id,0.000000
R:\_Projects\Eurus_Workspace\HolmHz\data\raw_v2\deepdetect2025\ddata\train\real\06539.jpg,0,dd2025_real,id,0.000000
R:\_Projects\Eurus_Workspace\HolmHz\data\raw_v2\diffusion_fakes\Real\REAL_0017.jpg,0,deepfake_collection_real,id,0.000008
R:\_Projects\Eurus_Workspace\HolmHz\data\raw_v2\rvf10k\rvf10k\valid\fake\JF4XOG9W7C.jpg,1,rvf10k_valid_fake,id,0.000006
R:\_Projects\Eurus_Workspace\HolmHz\data\raw_v2\diffusion_fakes\Stable Diffusion\Stable_Diffusion_973.jpg,1,sd_fake,id,0.000000
R:\_Projects\Eurus_Workspace\HolmHz\data\raw_v2\rvf10k\rvf10k\train\fake\B6WMHJWT46.jpg,1,rvf10k_train_fake,id,0.000025
R:\_Projects\Eurus_Workspace\HolmHz\data\raw_v2\diffusion_fakes\DALL-E\DALL-E_1435.jpg,1,dalle_fake,id,0.000000
R:\_Projects\Eurus_Workspace\HolmHz\data\raw_v2\rvf10k\rvf10k\valid\real\20500.jpg,0,rvf10k_valid_real,id,0.000000
R:\_Projects\Eurus_Workspace\HolmHz\data\raw_v2\diffusion_fakes\Real\REAL_0318.jpg,0,deepfake_collection_real,id,0.000000
R:\_Projects\Eurus_Workspace\HolmHz\data\raw_v2\deepdetect2025\ddata\train\real\21109.jpg,0,dd2025_real,id,0.000000
R:\_Projects\Eurus_Workspace\HolmHz\data\raw_v2\diffusion_fakes\DALL-E\DALL-E_1803.jpg,1,dalle_fake,id,0.000000
R:\_Projects\Eurus_Workspace\HolmHz\data\raw_v2\ciplab_faces\real_and_fake_face_detection\real_and_fake_face\training_fake\hard_158_0011.jpg,1,ciplab_training_fake,id,0.000000
R:\_Projects\Eurus_Workspace\HolmHz\data\raw_v2\rvf10k\rvf10k\train\real\16182.jpg,0,rvf10k_train_real,id,0.000000
R:\_Projects\Eurus_Workspace\HolmHz\data\raw_v2\deepdetect2025\ddata\train\real\66751.jpg,0,dd2025_real,id,0.000000
R:\_Projects\Eurus_Workspace\HolmHz\data\raw_v2\deepdetect2025\ddata\train\fake\fake_024540.jpg,1,dd2025_fake,id,0.000000
R:\_Projects\Eurus_Workspace\HolmHz\data\raw_v2\ciplab_faces\real_and_fake_face\training_fake\mid_279_1111.jpg,1,ciplab_training_fake,id,0.000000
R:\_Projects\Eurus_Workspace\HolmHz\data\raw_v2\deepdetect2025\ddata\train\fake\fake_023989.jpg,1,dd2025_fake,id,0.000013
R:\_Projects\Eurus_Workspace\HolmHz\data\raw_v2\diffusion_fakes\Real\REAL_2365.jpg,0,deepfake_collection_real,id,0.000000
R:\_Projects\Eurus_Workspace\HolmHz\data\raw_v2\diffusion_fakes\Midjourney\Midjourney_0470.png,1,midjourney_fake,id,0.000000
R:\_Projects\Eurus_Workspace\HolmHz\data\raw_v2\rvf10k\rvf10k\train\fake\V65ST37ITP.jpg,1,rvf10k_train_fake,id,0.000016
R:\_Projects\Eurus_Workspace\HolmHz\data\raw_v2\diffusion_fakes\Real\REAL_0813.jpg,0,deepfake_collection_real,id,0.000035
R:\_Projects\Eurus_Workspace\HolmHz\data\raw_v2\rvf10k\rvf10k\train\real\00642.jpg,0,rvf10k_train_real,id,0.000000
R:\_Projects\Eurus_Workspace\HolmHz\data\raw_v2\deepdetect2025\ddata\train\real\47412.jpg,0,dd2025_real,id,0.000000
R:\_Projects\Eurus_Workspace\HolmHz\data\raw_v2\rvf10k\rvf10k\train\fake\XE0OTWR1RP.jpg,1,rvf10k_train_fake,id,0.000000
R:\_Projects\Eurus_Workspace\HolmHz\data\raw_v2\deepdetect2025\ddata\train\real\57937.jpg,0,dd2025_real,id,0.000000
R:\_Projects\Eurus_Workspace\HolmHz\data\raw_v2\diffusion_fakes\Real\REAL_1703.jpg,0,deepfake_collection_real,id,0.000000
R:\_Projects\Eurus_Workspace\HolmHz\data\raw_v2\rvf10k\rvf10k\train\fake\R0KB0WA1VA.jpg,1,rvf10k_train_fake,id,0.000018
R:\_Projects\Eurus_Workspace\HolmHz\data\raw_v2\diffusion_fakes\Stable Diffusion\Stable_Diffusion_987.jpg,1,sd_fake,id,0.000000
R:\_Projects\Eurus_Workspace\HolmHz\data\raw_v2\diffusion_fakes\DALL-E\DALL-E_0807.jpg,1,dalle_fake,id,0.000000
R:\_Projects\Eurus_Workspace\HolmHz\data\raw_v2\diffusion_fakes\Midjourney\Midjourney_0221.png,1,midjourney_fake,id,0.000000
R:\_Projects\Eurus_Workspace\HolmHz\data\raw_v2\deepdetect2025\ddata\train\fake\fake_004996.jpg,1,dd2025_fake,id,0.000007
R:\_Projects\Eurus_Workspace\HolmHz\data\raw_v2\diffusion_fakes\Real\REAL_0128.jpg,0,deepfake_collection_real,id,0.000000
R:\_Projects\Eurus_Workspace\HolmHz\data\raw_v2\ciplab_faces\real_and_fake_face_detection\real_and_fake_face\training_real\real_00317.jpg,0,ciplab_training_real,id,0.000000
R:\_Projects\Eurus_Workspace\HolmHz\data\raw_v2\deepdetect2025\ddata\train\fake\fake_027691.jpg,1,dd2025_fake,id,0.000008
R:\_Projects\Eurus_Workspace\HolmHz\data\raw_v2\deepdetect2025\ddata\train\real\56133.jpg,0,dd2025_real,id,0.000000
R:\_Projects\Eurus_Workspace\HolmHz\data\raw_v2\ciplab_faces\real_and_fake_face_detection\real_and_fake_face\training_real\real_00672.jpg,0,ciplab_training_real,id,0.000000
R:\_Projects\Eurus_Workspace\HolmHz\data\raw_v2\ciplab_faces\real_and_fake_face_detection\real_and_fake_face\training_real\real_00290.jpg,0,ciplab_training_real,id,0.000000
R:\_Projects\Eurus_Workspace\HolmHz\data\raw_v2\ciplab_faces\real_and_fake_face_detection\real_and_fake_face\training_real\real_00735.jpg,0,ciplab_training_real,id,0.000000
R:\_Projects\Eurus_Workspace\HolmHz\data\raw_v2\diffusion_fakes\Real\REAL_0085.jpg,0,deepfake_collection_real,id,0.000000
R:\_Projects\Eurus_Workspace\HolmHz\data\raw_v2\diffusion_fakes\Real\REAL_3349.jpg,0,deepfake_collection_real,id,0.000000
R:\_Projects\Eurus_Workspace\HolmHz\data\raw_v2\ciplab_faces\real_and_fake_face\training_real\real_00223.jpg,0,ciplab_training_real,id,0.000317
R:\_Projects\Eurus_Workspace\HolmHz\data\raw_v2\diffusion_fakes\Real\REAL_2881.jpg,0,deepfake_collection_real,id,0.000000
R:\_Projects\Eurus_Workspace\HolmHz\data\raw_v2\diffusion_fakes\Real\REAL_1485.jpg,0,deepfake_collection_real,id,0.000000
R:\_Projects\Eurus_Workspace\HolmHz\data\raw_v2\rvf10k\rvf10k\train\real\52136.jpg,0,rvf10k_train_real,id,0.000000
R:\_Projects\Eurus_Workspace\HolmHz\data\raw_v2\deepdetect2025\ddata\train\real\36216.jpg,0,dd2025_real,id,0.000000
R:\_Projects\Eurus_Workspace\HolmHz\data\raw_v2\diffusion_fakes\DALL-E\DALL-E_1878.jpg,1,dalle_fake,id,0.000000
R:\_Projects\Eurus_Workspace\HolmHz\data\raw_v2\rvf10k\rvf10k\valid\fake\SRU5PSZHEO.jpg,1,rvf10k_valid_fake,id,0.000001
R:\_Projects\Eurus_Workspace\HolmHz\data\raw_v2\ciplab_faces\real_and_fake_face\training_fake\mid_158_1010.jpg,1,ciplab_training_fake,id,0.000000
R:\_Projects\Eurus_Workspace\HolmHz\data\raw_v2\diffusion_fakes\DALL-E\DALL-E_1848.jpg,1,dalle_fake,id,0.000000
R:\_Projects\Eurus_Workspace\HolmHz\data\raw_v2\rvf10k\rvf10k\train\fake\HSMR53OFF0.jpg,1,rvf10k_train_fake,id,0.000000
R:\_Projects\Eurus_Workspace\HolmHz\data\raw_v2\deepdetect2025\ddata\train\real\20228.jpg,0,dd2025_real,id,0.000000
R:\_Projects\Eurus_Workspace\HolmHz\data\raw_v2\rvf10k\rvf10k\train\fake\7THJOT6AL4.jpg,1,rvf10k_train_fake,id,0.003161
R:\_Projects\Eurus_Workspace\HolmHz\data\raw_v2\rvf10k\rvf10k\train\fake\57BVVKBUYT.jpg,1,rvf10k_train_fake,id,0.000003
R:\_Projects\Eurus_Workspace\HolmHz\data\raw_v2\deepdetect2025\ddata\train\real\68331.jpg,0,dd2025_real,id,0.000000
R:\_Projects\Eurus_Workspace\HolmHz\data\raw_v2\deepdetect2025\ddata\train\real\64182.jpg,0,dd2025_real,id,0.000151
R:\_Projects\Eurus_Workspace\HolmHz\data\raw_v2\rvf10k\rvf10k\train\fake\Y5G3BWBMON.jpg,1,rvf10k_train_fake,id,0.001164
R:\_Projects\Eurus_Workspace\HolmHz\data\raw_v2\ciplab_faces\real_and_fake_face\training_real\real_00269.jpg,0,ciplab_training_real,id,0.000000
R:\_Projects\Eurus_Workspace\HolmHz\data\raw_v2\diffusion_fakes\Real\REAL_1173.jpg,0,deepfake_collection_real,id,0.000001
R:\_Projects\Eurus_Workspace\HolmHz\data\raw_v2\rvf10k\rvf10k\train\real\58210.jpg,0,rvf10k_train_real,id,0.000000
R:\_Projects\Eurus_Workspace\HolmHz\data\raw_v2\ciplab_faces\real_and_fake_face\training_real\real_00759.jpg,0,ciplab_training_real,id,0.000001
R:\_Projects\Eurus_Workspace\HolmHz\data\raw_v2\rvf10k\rvf10k\train\real\25870.jpg,0,rvf10k_train_real,id,0.000000
R:\_Projects\Eurus_Workspace\HolmHz\data\raw_v2\ciplab_faces\real_and_fake_face\training_real\real_00625.jpg,0,ciplab_training_real,id,0.000000
R:\_Projects\Eurus_Workspace\HolmHz\data\raw_v2\rvf10k\rvf10k\valid\fake\4XCF087IWS.jpg,1,rvf10k_valid_fake,id,0.000396
R:\_Projects\Eurus_Workspace\HolmHz\data\raw_v2\deepdetect2025\ddata\train\real\01033.jpg,0,dd2025_real,id,0.000000
R:\_Projects\Eurus_Workspace\HolmHz\data\raw_v2\rvf10k\rvf10k\train\real\12499.jpg,0,rvf10k_train_real,id,0.000000
R:\_Projects\Eurus_Workspace\HolmHz\data\raw_v2\rvf10k\rvf10k\valid\real\21782.jpg,0,rvf10k_valid_real,id,0.000000
R:\_Projects\Eurus_Workspace\HolmHz\data\raw_v2\rvf10k\rvf10k\train\real\67329.jpg,0,rvf10k_train_real,id,0.000000
R:\_Projects\Eurus_Workspace\HolmHz\data\raw_v2\deepdetect2025\ddata\train\real\63434.jpg,0,dd2025_real,id,0.000000
R:\_Projects\Eurus_Workspace\HolmHz\data\raw_v2\deepdetect2025\ddata\train\fake\fake_036322.jpg,1,dd2025_fake,id,0.000000
R:\_Projects\Eurus_Workspace\HolmHz\data\raw_v2\ciplab_faces\real_and_fake_face\training_real\real_00572.jpg,0,ciplab_training_real,id,0.000000
R:\_Projects\Eurus_Workspace\HolmHz\data\raw_v2\diffusion_fakes\DALL-E\DALL-E_0130.jpg,1,dalle_fake,id,0.000000
R:\_Projects\Eurus_Workspace\HolmHz\data\raw_v2\deepdetect2025\ddata\train\fake\fake_001756.jpg,1,dd2025_fake,id,0.000001
R:\_Projects\Eurus_Workspace\HolmHz\data\raw_v2\rvf10k\rvf10k\train\real\53579.jpg,0,rvf10k_train_real,id,0.000000
R:\_Projects\Eurus_Workspace\HolmHz\data\raw_v2\rvf10k\rvf10k\valid\fake\PZYVIZCSR4.jpg,1,rvf10k_valid_fake,id,0.001093
R:\_Projects\Eurus_Workspace\HolmHz\data\raw_v2\deepdetect2025\ddata\train\fake\fake_002441.jpg,1,dd2025_fake,id,0.000000
R:\_Projects\Eurus_Workspace\HolmHz\data\raw_v2\rvf10k\rvf10k\valid\real\17600.jpg,0,rvf10k_valid_real,id,0.000000
R:\_Projects\Eurus_Workspace\HolmHz\data\raw_v2\rvf10k\rvf10k\train\real\38928.jpg,0,rvf10k_train_real,id,0.000000
R:\_Projects\Eurus_Workspace\HolmHz\data\raw_v2\diffusion_fakes\Real\REAL_4841.jpg,0,deepfake_collection_real,id,0.000000
R:\_Projects\Eurus_Workspace\HolmHz\data\raw_v2\diffusion_fakes\Real\REAL_0261.jpg,0,deepfake_collection_real,id,0.000000
R:\_Projects\Eurus_Workspace\HolmHz\data\raw_v2\diffusion_fakes\Midjourney\Midjourney_0590.png,1,midjourney_fake,id,0.000000
R:\_Projects\Eurus_Workspace\HolmHz\data\raw_v2\deepdetect2025\ddata\train\real\06883.jpg,0,dd2025_real,id,0.000000
R:\_Projects\Eurus_Workspace\HolmHz\data\raw_v2\deepdetect2025\ddata\train\fake\fake_011252.jpg,1,dd2025_fake,id,0.000000
R:\_Projects\Eurus_Workspace\HolmHz\data\raw_v2\diffusion_fakes\Real\REAL_4000.jpg,0,deepfake_collection_real,id,0.000000
R:\_Projects\Eurus_Workspace\HolmHz\data\raw_v2\diffusion_fakes\Midjourney\Midjourney_0805.png,1,midjourney_fake,id,0.000000
R:\_Projects\Eurus_Workspace\HolmHz\data\raw_v2\rvf10k\rvf10k\train\fake\7F6O9UGQOR.jpg,1,rvf10k_train_fake,id,0.030765
R:\_Projects\Eurus_Workspace\HolmHz\data\raw_v2\diffusion_fakes\Real\REAL_4074.jpg,0,deepfake_collection_real,id,0.000000
R:\_Projects\Eurus_Workspace\HolmHz\data\raw_v2\rvf10k\rvf10k\train\fake\J68XN4YK8X.jpg,1,rvf10k_train_fake,id,0.000000
R:\_Projects\Eurus_Workspace\HolmHz\data\raw_v2\diffusion_fakes\Stable Diffusion\Stable_Diffusion_210.jpg,1,sd_fake,id,0.000000
R:\_Projects\Eurus_Workspace\HolmHz\data\raw_v2\diffusion_fakes\DALL-E\DALL-E_1091.jpg,1,dalle_fake,id,0.000000
R:\_Projects\Eurus_Workspace\HolmHz\data\raw_v2\diffusion_fakes\Real\REAL_2195.jpg,0,deepfake_collection_real,id,0.000000
R:\_Projects\Eurus_Workspace\HolmHz\data\raw_v2\diffusion_fakes\Real\REAL_5067.jpg,0,deepfake_collection_real,id,0.000000
R:\_Projects\Eurus_Workspace\HolmHz\data\raw_v2\rvf10k\rvf10k\train\real\10246.jpg,0,rvf10k_train_real,id,0.000000
R:\_Projects\Eurus_Workspace\HolmHz\data\raw_v2\diffusion_fakes\Real\REAL_2043.jpg,0,deepfake_collection_real,id,0.000000
R:\_Projects\Eurus_Workspace\HolmHz\data\raw_v2\diffusion_fakes\Stable Diffusion\Stable_Diffusion_1729.jpg,1,sd_fake,id,0.000000
R:\_Projects\Eurus_Workspace\HolmHz\data\raw_v2\deepdetect2025\ddata\train\fake\fake_007343.jpg,1,dd2025_fake,id,0.000000
R:\_Projects\Eurus_Workspace\HolmHz\data\raw_v2\rvf10k\rvf10k\train\fake\RBPS3CVUVR.jpg,1,rvf10k_train_fake,id,0.000003
R:\_Projects\Eurus_Workspace\HolmHz\data\raw_v2\ciplab_faces\real_and_fake_face_detection\real_and_fake_face\training_real\real_00488.jpg,0,ciplab_training_real,id,0.000267
R:\_Projects\Eurus_Workspace\HolmHz\data\raw_v2\deepdetect2025\ddata\train\fake\fake_011205.jpg,1,dd2025_fake,id,0.000008
R:\_Projects\Eurus_Workspace\HolmHz\data\raw_v2\rvf10k\rvf10k\train\fake\8J6NKBOJR3.jpg,1,rvf10k_train_fake,id,0.000170
R:\_Projects\Eurus_Workspace\HolmHz\data\raw_v2\deepdetect2025\ddata\train\fake\fake_016338.jpg,1,dd2025_fake,id,0.057684
R:\_Projects\Eurus_Workspace\HolmHz\data\raw_v2\deepdetect2025\ddata\train\real\40153.jpg,0,dd2025_real,id,0.000000
R:\_Projects\Eurus_Workspace\HolmHz\data\raw_v2\deepdetect2025\ddata\train\real\33297.jpg,0,dd2025_real,id,0.000000
R:\_Projects\Eurus_Workspace\HolmHz\data\raw_v2\ciplab_faces\real_and_fake_face\training_fake\hard_24_1100.jpg,1,ciplab_training_fake,id,0.000000
R:\_Projects\Eurus_Workspace\HolmHz\data\raw_v2\deepdetect2025\ddata\train\real\65397.jpg,0,dd2025_real,id,0.000000
R:\_Projects\Eurus_Workspace\HolmHz\data\raw_v2\ciplab_faces\real_and_fake_face\training_fake\mid_193_1111.jpg,1,ciplab_training_fake,id,0.000000
R:\_Projects\Eurus_Workspace\HolmHz\data\raw_v2\rvf10k\rvf10k\train\fake\FZDXYVW8U6.jpg,1,rvf10k_train_fake,id,0.000000
R:\_Projects\Eurus_Workspace\HolmHz\data\raw_v2\diffusion_fakes\Real\REAL_4348.jpg,0,deepfake_collection_real,id,0.000000
R:\_Projects\Eurus_Workspace\HolmHz\data\raw_v2\rvf10k\rvf10k\train\real\54790.jpg,0,rvf10k_train_real,id,0.000000
R:\_Projects\Eurus_Workspace\HolmHz\data\raw_v2\rvf10k\rvf10k\train\real\31253.jpg,0,rvf10k_train_real,id,0.000000
R:\_Projects\Eurus_Workspace\HolmHz\data\raw_v2\deepdetect2025\ddata\train\real\30862.jpg,0,dd2025_real,id,0.000000
R:\_Projects\Eurus_Workspace\HolmHz\data\raw_v2\rvf10k\rvf10k\train\real\07877.jpg,0,rvf10k_train_real,id,0.000000
R:\_Projects\Eurus_Workspace\HolmHz\data\raw_v2\rvf10k\rvf10k\train\fake\QCHCTHNFK8.jpg,1,rvf10k_train_fake,id,0.000767
R:\_Projects\Eurus_Workspace\HolmHz\data\raw_v2\ciplab_faces\real_and_fake_face\training_real\real_00470.jpg,0,ciplab_training_real,id,0.000000
R:\_Projects\Eurus_Workspace\HolmHz\data\raw_v2\deepdetect2025\ddata\train\real\44941.jpg,0,dd2025_real,id,0.000001
R:\_Projects\Eurus_Workspace\HolmHz\data\raw_v2\diffusion_fakes\Stable Diffusion\Stable_Diffusion_808.jpg,1,sd_fake,id,0.000000
R:\_Projects\Eurus_Workspace\HolmHz\data\raw_v2\rvf10k\rvf10k\train\fake\KKIDTPZS43.jpg,1,rvf10k_train_fake,id,0.000189
R:\_Projects\Eurus_Workspace\HolmHz\data\raw_v2\diffusion_fakes\Real\REAL_2640.jpg,0,deepfake_collection_real,id,0.000000
R:\_Projects\Eurus_Workspace\HolmHz\data\raw_v2\rvf10k\rvf10k\valid\real\23157.jpg,0,rvf10k_valid_real,id,0.000000
R:\_Projects\Eurus_Workspace\HolmHz\data\raw_v2\ciplab_faces\real_and_fake_face\training_fake\mid_425_1111.jpg,1,ciplab_training_fake,id,0.000000
R:\_Projects\Eurus_Workspace\HolmHz\data\raw_v2\rvf10k\rvf10k\train\real\02522.jpg,0,rvf10k_train_real,id,0.000000
R:\_Projects\Eurus_Workspace\HolmHz\data\raw_v2\ciplab_faces\real_and_fake_face\training_real\real_00758.jpg,0,ciplab_training_real,id,0.000000
R:\_Projects\Eurus_Workspace\HolmHz\data\raw_v2\diffusion_fakes\Real\REAL_0145.jpg,0,deepfake_collection_real,id,0.000000
R:\_Projects\Eurus_Workspace\HolmHz\data\raw_v2\rvf10k\rvf10k\train\real\15794.jpg,0,rvf10k_train_real,id,0.000000
R:\_Projects\Eurus_Workspace\HolmHz\data\raw_v2\ciplab_faces\real_and_fake_face_detection\real_and_fake_face\training_real\real_00437.jpg,0,ciplab_training_real,id,0.000002
R:\_Projects\Eurus_Workspace\HolmHz\data\raw_v2\rvf10k\rvf10k\train\real\56137.jpg,0,rvf10k_train_real,id,0.000000
R:\_Projects\Eurus_Workspace\HolmHz\data\raw_v2\ciplab_faces\real_and_fake_face\training_real\real_01017.jpg,0,ciplab_training_real,id,0.000000
R:\_Projects\Eurus_Workspace\HolmHz\data\raw_v2\rvf10k\rvf10k\train\real\21268.jpg,0,rvf10k_train_real,id,0.000000
R:\_Projects\Eurus_Workspace\HolmHz\data\raw_v2\rvf10k\rvf10k\train\fake\VU2GVZF40R.jpg,1,rvf10k_train_fake,id,0.000000
R:\_Projects\Eurus_Workspace\HolmHz\data\raw_v2\deepdetect2025\ddata\train\fake\fake_020326.jpg,1,dd2025_fake,id,0.000164
R:\_Projects\Eurus_Workspace\HolmHz\data\raw_v2\deepdetect2025\ddata\train\fake\fake_029207.jpg,1,dd2025_fake,id,0.001011
R:\_Projects\Eurus_Workspace\HolmHz\data\raw_v2\ciplab_faces\real_and_fake_face_detection\real_and_fake_face\training_real\real_00427.jpg,0,ciplab_training_real,id,0.000000
R:\_Projects\Eurus_Workspace\HolmHz\data\raw_v2\deepdetect2025\ddata\train\real\57570.jpg,0,dd2025_real,id,0.000452
R:\_Projects\Eurus_Workspace\HolmHz\data\raw_v2\deepdetect2025\ddata\train\real\34906.jpg,0,dd2025_real,id,0.000000
R:\_Projects\Eurus_Workspace\HolmHz\data\raw_v2\deepdetect2025\ddata\train\real\63237.jpg,0,dd2025_real,id,0.000000
R:\_Projects\Eurus_Workspace\HolmHz\data\raw_v2\deepdetect2025\ddata\train\real\66818.jpg,0,dd2025_real,id,0.000000
R:\_Projects\Eurus_Workspace\HolmHz\data\raw_v2\diffusion_fakes\Real\REAL_0155.jpg,0,deepfake_collection_real,id,0.000000
R:\_Projects\Eurus_Workspace\HolmHz\data\raw_v2\diffusion_fakes\Real\REAL_0699.jpg,0,deepfake_collection_real,id,0.000000
R:\_Projects\Eurus_Workspace\HolmHz\data\raw_v2\diffusion_fakes\DALL-E\DALL-E_1917.jpg,1,dalle_fake,id,0.000000
R:\_Projects\Eurus_Workspace\HolmHz\data\raw_v2\rvf10k\rvf10k\train\fake\5M8QX4PWIB.jpg,1,rvf10k_train_fake,id,0.001003
R:\_Projects\Eurus_Workspace\HolmHz\data\raw_v2\ciplab_faces\real_and_fake_face_detection\real_and_fake_face\training_fake\easy_26_1100.jpg,1,ciplab_training_fake,id,0.000000
R:\_Projects\Eurus_Workspace\HolmHz\data\raw_v2\rvf10k\rvf10k\valid\real\43780.jpg,0,rvf10k_valid_real,id,0.000000
R:\_Projects\Eurus_Workspace\HolmHz\data\raw_v2\rvf10k\rvf10k\train\fake\G46FDE692Y.jpg,1,rvf10k_train_fake,id,0.032107
R:\_Projects\Eurus_Workspace\HolmHz\data\raw_v2\diffusion_fakes\DALL-E\DALL-E_1372.jpg,1,dalle_fake,id,0.000000
R:\_Projects\Eurus_Workspace\HolmHz\data\raw_v2\rvf10k\rvf10k\valid\real\34297.jpg,0,rvf10k_valid_real,id,0.000000
R:\_Projects\Eurus_Workspace\HolmHz\data\raw_v2\ciplab_faces\real_and_fake_face\training_fake\mid_435_1111.jpg,1,ciplab_training_fake,id,0.000001
R:\_Projects\Eurus_Workspace\HolmHz\data\raw_v2\deepdetect2025\ddata\train\fake\fake_013116.jpg,1,dd2025_fake,id,0.165237
R:\_Projects\Eurus_Workspace\HolmHz\data\raw_v2\diffusion_fakes\Midjourney\Midjourney_0846.png,1,midjourney_fake,id,0.000000
R:\_Projects\Eurus_Workspace\HolmHz\data\raw_v2\deepdetect2025\ddata\train\real\06515.jpg,0,dd2025_real,id,0.000000
R:\_Projects\Eurus_Workspace\HolmHz\data\raw_v2\rvf10k\rvf10k\train\real\02926.jpg,0,rvf10k_train_real,id,0.000000
R:\_Projects\Eurus_Workspace\HolmHz\data\raw_v2\diffusion_fakes\Real\REAL_0651.jpg,0,deepfake_collection_real,id,0.000000
R:\_Projects\Eurus_Workspace\HolmHz\data\raw_v2\rvf10k\rvf10k\valid\real\69471.jpg,0,rvf10k_valid_real,id,0.000000
R:\_Projects\Eurus_Workspace\HolmHz\data\raw_v2\deepdetect2025\ddata\train\fake\fake_014238.jpg,1,dd2025_fake,id,0.000020
R:\_Projects\Eurus_Workspace\HolmHz\data\raw_v2\diffusion_fakes\Stable Diffusion\Stable_Diffusion_815.jpg,1,sd_fake,id,0.000000
R:\_Projects\Eurus_Workspace\HolmHz\data\raw_v2\deepdetect2025\ddata\train\fake\fake_012594.jpg,1,dd2025_fake,id,0.000003
R:\_Projects\Eurus_Workspace\HolmHz\data\raw_v2\rvf10k\rvf10k\train\real\11240.jpg,0,rvf10k_train_real,id,0.000000
R:\_Projects\Eurus_Workspace\HolmHz\data\raw_v2\diffusion_fakes\Real\REAL_1053.jpg,0,deepfake_collection_real,id,0.000000
R:\_Projects\Eurus_Workspace\HolmHz\data\raw_v2\diffusion_fakes\Midjourney\Midjourney_0461.png,1,midjourney_fake,id,0.000000
R:\_Projects\Eurus_Workspace\HolmHz\data\raw_v2\ciplab_faces\real_and_fake_face\training_fake\easy_41_0001.jpg,1,ciplab_training_fake,id,0.000000
R:\_Projects\Eurus_Workspace\HolmHz\data\raw_v2\deepdetect2025\ddata\train\real\09869.jpg,0,dd2025_real,id,0.000000
R:\_Projects\Eurus_Workspace\HolmHz\data\raw_v2\ciplab_faces\real_and_fake_face\training_real\real_00339.jpg,0,ciplab_training_real,id,0.000000
R:\_Projects\Eurus_Workspace\HolmHz\data\raw_v2\rvf10k\rvf10k\train\real\67640.jpg,0,rvf10k_train_real,id,0.000000
R:\_Projects\Eurus_Workspace\HolmHz\data\raw_v2\deepdetect2025\ddata\train\real\37435.jpg,0,dd2025_real,id,0.000000
R:\_Projects\Eurus_Workspace\HolmHz\data\raw_v2\diffusion_fakes\Real\REAL_0555.jpg,0,deepfake_collection_real,id,0.000000
R:\_Projects\Eurus_Workspace\HolmHz\data\raw_v2\deepdetect2025\ddata\train\fake\fake_016555.jpg,1,dd2025_fake,id,0.000000
R:\_Projects\Eurus_Workspace\HolmHz\data\raw_v2\diffusion_fakes\Real\REAL_3627.jpg,0,deepfake_collection_real,id,0.000000
R:\_Projects\Eurus_Workspace\HolmHz\data\raw_v2\diffusion_fakes\Real\REAL_1491.jpg,0,deepfake_collection_real,id,0.000000
R:\_Projects\Eurus_Workspace\HolmHz\data\raw_v2\diffusion_fakes\Real\REAL_0864.jpg,0,deepfake_collection_real,id,0.000001
R:\_Projects\Eurus_Workspace\HolmHz\data\raw_v2\rvf10k\rvf10k\valid\real\11797.jpg,0,rvf10k_valid_real,id,0.000000
R:\_Projects\Eurus_Workspace\HolmHz\data\raw_v2\deepdetect2025\ddata\train\real\25253.jpg,0,dd2025_real,id,0.000014
R:\_Projects\Eurus_Workspace\HolmHz\data\raw_v2\diffusion_fakes\Real\REAL_3030.jpg,0,deepfake_collection_real,id,0.000000
R:\_Projects\Eurus_Workspace\HolmHz\data\raw_v2\deepdetect2025\ddata\train\fake\fake_027981.jpg,1,dd2025_fake,id,0.000000
R:\_Projects\Eurus_Workspace\HolmHz\data\raw_v2\ciplab_faces\real_and_fake_face_detection\real_and_fake_face\training_fake\easy_171_1100.jpg,1,ciplab_training_fake,id,0.000000
R:\_Projects\Eurus_Workspace\HolmHz\data\raw_v2\deepdetect2025\ddata\train\real\40144.jpg,0,dd2025_real,id,0.000000
R:\_Projects\Eurus_Workspace\HolmHz\data\raw_v2\deepdetect2025\ddata\train\fake\fake_019246.jpg,1,dd2025_fake,id,0.000000
R:\_Projects\Eurus_Workspace\HolmHz\data\raw_v2\deepdetect2025\ddata\train\fake\fake_033066.jpg,1,dd2025_fake,id,0.000000
R:\_Projects\Eurus_Workspace\HolmHz\data\raw_v2\deepdetect2025\ddata\train\fake\fake_005317.jpg,1,dd2025_fake,id,0.000023
R:\_Projects\Eurus_Workspace\HolmHz\data\raw_v2\diffusion_fakes\Real\REAL_3325.jpg,0,deepfake_collection_real,id,0.000000
R:\_Projects\Eurus_Workspace\HolmHz\data\raw_v2\deepdetect2025\ddata\train\real\58962.jpg,0,dd2025_real,id,0.000000
R:\_Projects\Eurus_Workspace\HolmHz\data\raw_v2\deepdetect2025\ddata\train\real\39453.jpg,0,dd2025_real,id,0.000000
R:\_Projects\Eurus_Workspace\HolmHz\data\raw_v2\diffusion_fakes\Stable Diffusion\Stable_Diffusion_1395.jpg,1,sd_fake,id,0.000000
R:\_Projects\Eurus_Workspace\HolmHz\data\raw_v2\deepdetect2025\ddata\train\fake\fake_020569.jpg,1,dd2025_fake,id,0.000204
R:\_Projects\Eurus_Workspace\HolmHz\data\raw_v2\deepdetect2025\ddata\train\real\05750.jpg,0,dd2025_real,id,0.000001
R:\_Projects\Eurus_Workspace\HolmHz\data\raw_v2\deepdetect2025\ddata\train\real\07431.jpg,0,dd2025_real,id,0.000000
R:\_Projects\Eurus_Workspace\HolmHz\data\raw_v2\rvf10k\rvf10k\train\fake\FT7DP6NT8G.jpg,1,rvf10k_train_fake,id,0.000058
R:\_Projects\Eurus_Workspace\HolmHz\data\raw_v2\deepdetect2025\ddata\train\real\41837.jpg,0,dd2025_real,id,0.000000
R:\_Projects\Eurus_Workspace\HolmHz\data\raw_v2\diffusion_fakes\DALL-E\DALL-E_0244.jpg,1,dalle_fake,id,0.000000
R:\_Projects\Eurus_Workspace\HolmHz\data\raw_v2\deepdetect2025\ddata\train\fake\fake_010362.jpg,1,dd2025_fake,id,0.000009
R:\_Projects\Eurus_Workspace\HolmHz\data\raw_v2\rvf10k\rvf10k\train\real\02585.jpg,0,rvf10k_train_real,id,0.000000
R:\_Projects\Eurus_Workspace\HolmHz\data\raw_v2\rvf10k\rvf10k\train\real\20803.jpg,0,rvf10k_train_real,id,0.000000
R:\_Projects\Eurus_Workspace\HolmHz\data\raw_v2\diffusion_fakes\Real\REAL_2159.jpg,0,deepfake_collection_real,id,0.000000
R:\_Projects\Eurus_Workspace\HolmHz\data\raw_v2\diffusion_fakes\DALL-E\DALL-E_0517.jpg,1,dalle_fake,id,0.000402
R:\_Projects\Eurus_Workspace\HolmHz\data\raw_v2\rvf10k\rvf10k\valid\real\48524.jpg,0,rvf10k_valid_real,id,0.000000
R:\_Projects\Eurus_Workspace\HolmHz\data\raw_v2\deepdetect2025\ddata\train\real\45732.jpg,0,dd2025_real,id,0.000000
R:\_Projects\Eurus_Workspace\HolmHz\data\raw_v2\deepdetect2025\ddata\train\fake\fake_038366.jpg,1,dd2025_fake,id,0.000000
R:\_Projects\Eurus_Workspace\HolmHz\data\raw_v2\diffusion_fakes\DALL-E\DALL-E_1031.jpg,1,dalle_fake,id,0.000000
R:\_Projects\Eurus_Workspace\HolmHz\data\raw_v2\diffusion_fakes\Real\REAL_5771.jpg,0,deepfake_collection_real,id,0.000000
R:\_Projects\Eurus_Workspace\HolmHz\data\raw_v2\deepdetect2025\ddata\train\fake\fake_024635.png,1,dd2025_fake,id,0.017208
R:\_Projects\Eurus_Workspace\HolmHz\data\raw_v2\rvf10k\rvf10k\train\fake\6VL8P1BCOB.jpg,1,rvf10k_train_fake,id,0.000003
R:\_Projects\Eurus_Workspace\HolmHz\data\raw_v2\deepdetect2025\ddata\train\real\55110.jpg,0,dd2025_real,id,0.000000
R:\_Projects\Eurus_Workspace\HolmHz\data\raw_v2\rvf10k\rvf10k\valid\fake\9F9QERBAII.jpg,1,rvf10k_valid_fake,id,0.000000
R:\_Projects\Eurus_Workspace\HolmHz\data\raw_v2\rvf10k\rvf10k\valid\real\04049.jpg,0,rvf10k_valid_real,id,0.000000
R:\_Projects\Eurus_Workspace\HolmHz\data\raw_v2\deepdetect2025\ddata\train\fake\fake_022878.jpg,1,dd2025_fake,id,0.000699
R:\_Projects\Eurus_Workspace\HolmHz\data\raw_v2\diffusion_fakes\Midjourney\Midjourney_0421.png,1,midjourney_fake,id,0.000000
R:\_Projects\Eurus_Workspace\HolmHz\data\raw_v2\deepdetect2025\ddata\train\real\51746.jpg,0,dd2025_real,id,0.000002
R:\_Projects\Eurus_Workspace\HolmHz\data\raw_v2\deepdetect2025\ddata\train\fake\fake_001979.jpg,1,dd2025_fake,id,0.000001
R:\_Projects\Eurus_Workspace\HolmHz\data\raw_v2\deepdetect2025\ddata\train\fake\fake_026045.jpg,1,dd2025_fake,id,0.000002
R:\_Projects\Eurus_Workspace\HolmHz\data\raw_v2\diffusion_fakes\Stable Diffusion\Stable_Diffusion_1326.jpg,1,sd_fake,id,0.000000
R:\_Projects\Eurus_Workspace\HolmHz\data\raw_v2\rvf10k\rvf10k\train\fake\3085VMMWNJ.jpg,1,rvf10k_train_fake,id,0.000000
R:\_Projects\Eurus_Workspace\HolmHz\data\raw_v2\ciplab_faces\real_and_fake_face_detection\real_and_fake_face\training_real\real_00873.jpg,0,ciplab_training_real,id,0.000001
R:\_Projects\Eurus_Workspace\HolmHz\data\raw_v2\rvf10k\rvf10k\valid\fake\EN47NZI8BU.jpg,1,rvf10k_valid_fake,id,0.000000
R:\_Projects\Eurus_Workspace\HolmHz\data\raw_v2\rvf10k\rvf10k\valid\fake\EZOPHA495I.jpg,1,rvf10k_valid_fake,id,0.000000
R:\_Projects\Eurus_Workspace\HolmHz\data\raw_v2\ciplab_faces\real_and_fake_face\training_real\real_00111.jpg,0,ciplab_training_real,id,0.000000
R:\_Projects\Eurus_Workspace\HolmHz\data\raw_v2\rvf10k\rvf10k\train\fake\CZHXLI92ZF.jpg,1,rvf10k_train_fake,id,0.000001
R:\_Projects\Eurus_Workspace\HolmHz\data\raw_v2\diffusion_fakes\Real\REAL_3044.jpg,0,deepfake_collection_real,id,0.000000
R:\_Projects\Eurus_Workspace\HolmHz\data\raw_v2\rvf10k\rvf10k\train\real\36538.jpg,0,rvf10k_train_real,id,0.000000
R:\_Projects\Eurus_Workspace\HolmHz\data\raw_v2\deepdetect2025\ddata\train\fake\fake_022664.jpg,1,dd2025_fake,id,0.000000
R:\_Projects\Eurus_Workspace\HolmHz\data\raw_v2\deepdetect2025\ddata\train\real\36401.jpg,0,dd2025_real,id,0.000000
R:\_Projects\Eurus_Workspace\HolmHz\data\raw_v2\rvf10k\rvf10k\train\real\57573.jpg,0,rvf10k_train_real,id,0.000000
R:\_Projects\Eurus_Workspace\HolmHz\data\raw_v2\deepdetect2025\ddata\train\real\60199.jpg,0,dd2025_real,id,0.000000
R:\_Projects\Eurus_Workspace\HolmHz\data\raw_v2\rvf10k\rvf10k\valid\fake\1XC0MTLX3I.jpg,1,rvf10k_valid_fake,id,0.000011
R:\_Projects\Eurus_Workspace\HolmHz\data\raw_v2\deepdetect2025\ddata\train\real\25277.jpg,0,dd2025_real,id,0.000000
R:\_Projects\Eurus_Workspace\HolmHz\data\raw_v2\rvf10k\rvf10k\train\real\47138.jpg,0,rvf10k_train_real,id,0.000000
R:\_Projects\Eurus_Workspace\HolmHz\data\raw_v2\diffusion_fakes\Stable Diffusion\Stable_Diffusion_1062.jpg,1,sd_fake,id,0.000006
R:\_Projects\Eurus_Workspace\HolmHz\data\raw_v2\rvf10k\rvf10k\train\fake\OKZD57ARVV.jpg,1,rvf10k_train_fake,id,0.000014
R:\_Projects\Eurus_Workspace\HolmHz\data\raw_v2\deepdetect2025\ddata\train\fake\fake_008633.jpg,1,dd2025_fake,id,0.000000
R:\_Projects\Eurus_Workspace\HolmHz\data\raw_v2\diffusion_fakes\Real\REAL_3973.jpg,0,deepfake_collection_real,id,0.000000
R:\_Projects\Eurus_Workspace\HolmHz\data\raw_v2\diffusion_fakes\Real\REAL_1125.jpg,0,deepfake_collection_real,id,0.000022
R:\_Projects\Eurus_Workspace\HolmHz\data\raw_v2\rvf10k\rvf10k\train\real\17974.jpg,0,rvf10k_train_real,id,0.000000
R:\_Projects\Eurus_Workspace\HolmHz\data\raw_v2\deepdetect2025\ddata\train\fake\fake_013154.jpg,1,dd2025_fake,id,0.041628
R:\_Projects\Eurus_Workspace\HolmHz\data\raw_v2\rvf10k\rvf10k\valid\fake\HX3IVXLTFV.jpg,1,rvf10k_valid_fake,id,0.000000
R:\_Projects\Eurus_Workspace\HolmHz\data\raw_v2\diffusion_fakes\Real\REAL_3733.jpg,0,deepfake_collection_real,id,0.000000
R:\_Projects\Eurus_Workspace\HolmHz\data\raw_v2\ciplab_faces\real_and_fake_face_detection\real_and_fake_face\training_real\real_00630.jpg,0,ciplab_training_real,id,0.000000
R:\_Projects\Eurus_Workspace\HolmHz\data\raw_v2\ciplab_faces\real_and_fake_face_detection\real_and_fake_face\training_fake\mid_149_0011.jpg,1,ciplab_training_fake,id,0.000000
R:\_Projects\Eurus_Workspace\HolmHz\data\raw_v2\diffusion_fakes\Real\REAL_1827.jpg,0,deepfake_collection_real,id,0.000000
R:\_Projects\Eurus_Workspace\HolmHz\data\raw_v2\ciplab_faces\real_and_fake_face_detection\real_and_fake_face\training_real\real_00441.jpg,0,ciplab_training_real,id,0.000000
R:\_Projects\Eurus_Workspace\HolmHz\data\raw_v2\deepdetect2025\ddata\train\real\24903.jpg,0,dd2025_real,id,0.000000
R:\_Projects\Eurus_Workspace\HolmHz\data\raw_v2\deepdetect2025\ddata\train\real\60663.jpg,0,dd2025_real,id,0.000000
R:\_Projects\Eurus_Workspace\HolmHz\data\raw_v2\ciplab_faces\real_and_fake_face\training_real\real_00211.jpg,0,ciplab_training_real,id,0.000005
R:\_Projects\Eurus_Workspace\HolmHz\data\raw_v2\rvf10k\rvf10k\train\real\09064.jpg,0,rvf10k_train_real,id,0.000000
R:\_Projects\Eurus_Workspace\HolmHz\data\raw_v2\deepdetect2025\ddata\train\fake\fake_001033.jpg,1,dd2025_fake,id,0.000000
R:\_Projects\Eurus_Workspace\HolmHz\data\raw_v2\diffusion_fakes\Real\REAL_3773.jpg,0,deepfake_collection_real,id,0.000000
R:\_Projects\Eurus_Workspace\HolmHz\data\raw_v2\rvf10k\rvf10k\valid\fake\7FSE5EIIOL.jpg,1,rvf10k_valid_fake,id,0.000041
R:\_Projects\Eurus_Workspace\HolmHz\data\raw_v2\rvf10k\rvf10k\valid\fake\9MM8PIGC2Z.jpg,1,rvf10k_valid_fake,id,0.000000
R:\_Projects\Eurus_Workspace\HolmHz\data\raw_v2\deepdetect2025\ddata\train\real\06391.jpg,0,dd2025_real,id,0.000000
R:\_Projects\Eurus_Workspace\HolmHz\data\raw_v2\deepdetect2025\ddata\train\real\20630.jpg,0,dd2025_real,id,0.000000
R:\_Projects\Eurus_Workspace\HolmHz\data\raw_v2\ciplab_faces\real_and_fake_face\training_fake\mid_345_1111.jpg,1,ciplab_training_fake,id,0.000000
R:\_Projects\Eurus_Workspace\HolmHz\data\raw_v2\rvf10k\rvf10k\valid\real\28623.jpg,0,rvf10k_valid_real,id,0.000000
R:\_Projects\Eurus_Workspace\HolmHz\data\raw_v2\deepdetect2025\ddata\train\fake\fake_021097.jpg,1,dd2025_fake,id,0.000378
R:\_Projects\Eurus_Workspace\HolmHz\data\raw_v2\deepdetect2025\ddata\train\fake\fake_031930.jpg,1,dd2025_fake,id,0.000210
R:\_Projects\Eurus_Workspace\HolmHz\data\raw_v2\deepdetect2025\ddata\train\fake\fake_029492.jpg,1,dd2025_fake,id,0.000000
R:\_Projects\Eurus_Workspace\HolmHz\data\raw_v2\deepdetect2025\ddata\train\fake\fake_027245.jpg,1,dd2025_fake,id,0.063108
R:\_Projects\Eurus_Workspace\HolmHz\data\raw_v2\ciplab_faces\real_and_fake_face_detection\real_and_fake_face\training_fake\easy_71_1100.jpg,1,ciplab_training_fake,id,0.000000
R:\_Projects\Eurus_Workspace\HolmHz\data\raw_v2\diffusion_fakes\Real\REAL_3808.jpg,0,deepfake_collection_real,id,0.000000
R:\_Projects\Eurus_Workspace\HolmHz\data\raw_v2\deepdetect2025\ddata\train\fake\fake_009243.jpg,1,dd2025_fake,id,0.000216
R:\_Projects\Eurus_Workspace\HolmHz\data\raw_v2\rvf10k\rvf10k\valid\real\29602.jpg,0,rvf10k_valid_real,id,0.000000
R:\_Projects\Eurus_Workspace\HolmHz\data\raw_v2\ciplab_faces\real_and_fake_face_detection\real_and_fake_face\training_fake\hard_200_1111.jpg,1,ciplab_training_fake,id,0.000009
R:\_Projects\Eurus_Workspace\HolmHz\data\raw_v2\rvf10k\rvf10k\valid\fake\FAD7R2G6KC.jpg,1,rvf10k_valid_fake,id,0.000362
R:\_Projects\Eurus_Workspace\HolmHz\data\raw_v2\diffusion_fakes\Real\REAL_2238.jpg,0,deepfake_collection_real,id,0.000000
R:\_Projects\Eurus_Workspace\HolmHz\data\raw_v2\rvf10k\rvf10k\train\real\31554.jpg,0,rvf10k_train_real,id,0.000000
R:\_Projects\Eurus_Workspace\HolmHz\data\raw_v2\rvf10k\rvf10k\train\real\45314.jpg,0,rvf10k_train_real,id,0.000000
R:\_Projects\Eurus_Workspace\HolmHz\data\raw_v2\diffusion_fakes\Real\REAL_4399.jpg,0,deepfake_collection_real,id,0.000000
R:\_Projects\Eurus_Workspace\HolmHz\data\raw_v2\deepdetect2025\ddata\train\fake\fake_037573.jpg,1,dd2025_fake,id,0.000000
R:\_Projects\Eurus_Workspace\HolmHz\data\raw_v2\deepdetect2025\ddata\train\fake\fake_011147.jpg,1,dd2025_fake,id,0.230984
R:\_Projects\Eurus_Workspace\HolmHz\data\raw_v2\rvf10k\rvf10k\train\fake\V5V8IQPHVJ.jpg,1,rvf10k_train_fake,id,0.008302
R:\_Projects\Eurus_Workspace\HolmHz\data\raw_v2\deepdetect2025\ddata\train\fake\fake_006621.jpg,1,dd2025_fake,id,0.000110
R:\_Projects\Eurus_Workspace\HolmHz\data\raw_v2\diffusion_fakes\Real\REAL_2326.jpg,0,deepfake_collection_real,id,0.000002
R:\_Projects\Eurus_Workspace\HolmHz\data\raw_v2\rvf10k\rvf10k\train\real\08630.jpg,0,rvf10k_train_real,id,0.000000
R:\_Projects\Eurus_Workspace\HolmHz\data\raw_v2\diffusion_fakes\Real\REAL_2659.jpg,0,deepfake_collection_real,id,0.000000
R:\_Projects\Eurus_Workspace\HolmHz\data\raw_v2\rvf10k\rvf10k\train\real\23290.jpg,0,rvf10k_train_real,id,0.000000
R:\_Projects\Eurus_Workspace\HolmHz\data\raw_v2\rvf10k\rvf10k\train\real\25909.jpg,0,rvf10k_train_real,id,0.000000
R:\_Projects\Eurus_Workspace\HolmHz\data\raw_v2\ciplab_faces\real_and_fake_face_detection\real_and_fake_face\training_real\real_00035.jpg,0,ciplab_training_real,id,0.000001
R:\_Projects\Eurus_Workspace\HolmHz\data\raw_v2\deepdetect2025\ddata\train\real\12115.jpg,0,dd2025_real,id,0.000000
R:\_Projects\Eurus_Workspace\HolmHz\data\raw_v2\deepdetect2025\ddata\train\fake\fake_022252.jpg,1,dd2025_fake,id,0.000000
R:\_Projects\Eurus_Workspace\HolmHz\data\raw_v2\rvf10k\rvf10k\train\real\00943.jpg,0,rvf10k_train_real,id,0.000013
R:\_Projects\Eurus_Workspace\HolmHz\data\raw_v2\camera_vs_ai\ai vs real photos\Ai_Images\105.jpg,1,camera_train_ai,id,0.000000
R:\_Projects\Eurus_Workspace\HolmHz\data\raw_v2\rvf10k\rvf10k\train\fake\PSWM4A63ZT.jpg,1,rvf10k_train_fake,id,0.008738
R:\_Projects\Eurus_Workspace\HolmHz\data\raw_v2\diffusion_fakes\Stable Diffusion\Stable_Diffusion_1013.jpg,1,sd_fake,id,0.000000
R:\_Projects\Eurus_Workspace\HolmHz\data\raw_v2\diffusion_fakes\Stable Diffusion\Stable_Diffusion_408.jpg,1,sd_fake,id,0.000000
R:\_Projects\Eurus_Workspace\HolmHz\data\raw_v2\deepdetect2025\ddata\train\real\00563.jpg,0,dd2025_real,id,0.000000
R:\_Projects\Eurus_Workspace\HolmHz\data\raw_v2\diffusion_fakes\DALL-E\DALL-E_0341.jpg,1,dalle_fake,id,0.000000
R:\_Projects\Eurus_Workspace\HolmHz\data\raw_v2\deepdetect2025\ddata\train\real\03138.jpg,0,dd2025_real,id,0.000236
R:\_Projects\Eurus_Workspace\HolmHz\data\raw_v2\diffusion_fakes\Real\REAL_5078.jpg,0,deepfake_collection_real,id,0.000000
R:\_Projects\Eurus_Workspace\HolmHz\data\raw_v2\deepdetect2025\ddata\train\fake\fake_017241.jpg,1,dd2025_fake,id,0.000095
R:\_Projects\Eurus_Workspace\HolmHz\data\raw_v2\diffusion_fakes\Stable Diffusion\Stable_Diffusion_1782.jpg,1,sd_fake,id,0.000000
R:\_Projects\Eurus_Workspace\HolmHz\data\raw_v2\diffusion_fakes\Stable Diffusion\Stable_Diffusion_2005.jpg,1,sd_fake,id,0.000000
R:\_Projects\Eurus_Workspace\HolmHz\data\raw_v2\rvf10k\rvf10k\valid\real\29641.jpg,0,rvf10k_valid_real,id,0.000000
R:\_Projects\Eurus_Workspace\HolmHz\data\raw_v2\deepdetect2025\ddata\train\real\56269.jpg,0,dd2025_real,id,0.000000
R:\_Projects\Eurus_Workspace\HolmHz\data\raw_v2\diffusion_fakes\Real\REAL_2711.jpg,0,deepfake_collection_real,id,0.000000
R:\_Projects\Eurus_Workspace\HolmHz\data\raw_v2\ciplab_faces\real_and_fake_face\training_fake\mid_5_0011.jpg,1,ciplab_training_fake,id,0.000000
R:\_Projects\Eurus_Workspace\HolmHz\data\raw_v2\diffusion_fakes\Real\REAL_3317.jpg,0,deepfake_collection_real,id,0.000000
R:\_Projects\Eurus_Workspace\HolmHz\data\raw_v2\rvf10k\rvf10k\valid\real\58107.jpg,0,rvf10k_valid_real,id,0.000000
R:\_Projects\Eurus_Workspace\HolmHz\data\raw_v2\deepdetect2025\ddata\train\fake\fake_013718.jpg,1,dd2025_fake,id,0.000753
R:\_Projects\Eurus_Workspace\HolmHz\data\raw_v2\ciplab_faces\real_and_fake_face_detection\real_and_fake_face\training_real\real_00901.jpg,0,ciplab_training_real,id,0.000092
R:\_Projects\Eurus_Workspace\HolmHz\data\raw_v2\deepdetect2025\ddata\train\real\11533.jpg,0,dd2025_real,id,0.000000
R:\_Projects\Eurus_Workspace\HolmHz\data\raw_v2\diffusion_fakes\Real\REAL_4537.jpg,0,deepfake_collection_real,id,0.000000
R:\_Projects\Eurus_Workspace\HolmHz\data\raw_v2\diffusion_fakes\Real\REAL_5347.jpg,0,deepfake_collection_real,id,0.000000
R:\_Projects\Eurus_Workspace\HolmHz\data\raw_v2\diffusion_fakes\Stable Diffusion\Stable_Diffusion_278.jpg,1,sd_fake,id,0.000000
R:\_Projects\Eurus_Workspace\HolmHz\data\raw_v2\diffusion_fakes\DALL-E\DALL-E_1004.jpg,1,dalle_fake,id,0.000000
R:\_Projects\Eurus_Workspace\HolmHz\data\raw_v2\rvf10k\rvf10k\train\fake\FMIMW4VVHH.jpg,1,rvf10k_train_fake,id,0.000000
R:\_Projects\Eurus_Workspace\HolmHz\data\raw_v2\diffusion_fakes\Real\REAL_5015.jpg,0,deepfake_collection_real,id,0.000000
R:\_Projects\Eurus_Workspace\HolmHz\data\raw_v2\rvf10k\rvf10k\train\fake\HJEOCP3QEA.jpg,1,rvf10k_train_fake,id,0.000084
R:\_Projects\Eurus_Workspace\HolmHz\data\raw_v2\diffusion_fakes\Real\REAL_0369.jpg,0,deepfake_collection_real,id,0.000000
R:\_Projects\Eurus_Workspace\HolmHz\data\raw_v2\diffusion_fakes\Real\REAL_1025.jpg,0,deepfake_collection_real,id,0.000001
R:\_Projects\Eurus_Workspace\HolmHz\data\raw_v2\deepdetect2025\ddata\train\real\14328.jpg,0,dd2025_real,id,0.000000
R:\_Projects\Eurus_Workspace\HolmHz\data\raw_v2\deepdetect2025\ddata\train\fake\fake_000414.jpg,1,dd2025_fake,id,0.000004
R:\_Projects\Eurus_Workspace\HolmHz\data\raw_v2\diffusion_fakes\DALL-E\DALL-E_1199.jpg,1,dalle_fake,id,0.000000
R:\_Projects\Eurus_Workspace\HolmHz\data\raw_v2\diffusion_fakes\Real\REAL_3644.jpg,0,deepfake_collection_real,id,0.000000
R:\_Projects\Eurus_Workspace\HolmHz\data\raw_v2\deepdetect2025\ddata\train\fake\fake_011122.jpg,1,dd2025_fake,id,0.000130
R:\_Projects\Eurus_Workspace\HolmHz\data\raw_v2\deepdetect2025\ddata\train\real\50098.jpg,0,dd2025_real,id,0.000000
R:\_Projects\Eurus_Workspace\HolmHz\data\raw_v2\deepdetect2025\ddata\train\real\12594.jpg,0,dd2025_real,id,0.000000
R:\_Projects\Eurus_Workspace\HolmHz\data\raw_v2\diffusion_fakes\Real\REAL_1094.jpg,0,deepfake_collection_real,id,0.000000
R:\_Projects\Eurus_Workspace\HolmHz\data\raw_v2\diffusion_fakes\DALL-E\DALL-E_0375.jpg,1,dalle_fake,id,0.000000
R:\_Projects\Eurus_Workspace\HolmHz\data\raw_v2\diffusion_fakes\Real\REAL_3956.jpg,0,deepfake_collection_real,id,0.000027
R:\_Projects\Eurus_Workspace\HolmHz\data\raw_v2\diffusion_fakes\DALL-E\DALL-E_1809.jpg,1,dalle_fake,id,0.000001
R:\_Projects\Eurus_Workspace\HolmHz\data\raw_v2\diffusion_fakes\Real\REAL_1458.jpg,0,deepfake_collection_real,id,0.000000
R:\_Projects\Eurus_Workspace\HolmHz\data\raw_v2\diffusion_fakes\Real\REAL_4230.jpg,0,deepfake_collection_real,id,0.000000
R:\_Projects\Eurus_Workspace\HolmHz\data\raw_v2\rvf10k\rvf10k\valid\real\02499.jpg,0,rvf10k_valid_real,id,0.000000
R:\_Projects\Eurus_Workspace\HolmHz\data\raw_v2\rvf10k\rvf10k\train\fake\UPFB886Y13.jpg,1,rvf10k_train_fake,id,0.008825
R:\_Projects\Eurus_Workspace\HolmHz\data\raw_v2\diffusion_fakes\Real\REAL_1799.jpg,0,deepfake_collection_real,id,0.000000
R:\_Projects\Eurus_Workspace\HolmHz\data\raw_v2\diffusion_fakes\Real\REAL_0078.jpg,0,deepfake_collection_real,id,0.000000
R:\_Projects\Eurus_Workspace\HolmHz\data\raw_v2\rvf10k\rvf10k\train\real\42604.jpg,0,rvf10k_train_real,id,0.000000
R:\_Projects\Eurus_Workspace\HolmHz\data\raw_v2\diffusion_fakes\Real\REAL_4831.jpg,0,deepfake_collection_real,id,0.000000
R:\_Projects\Eurus_Workspace\HolmHz\data\raw_v2\diffusion_fakes\Real\REAL_2020.jpg,0,deepfake_collection_real,id,0.000000
R:\_Projects\Eurus_Workspace\HolmHz\data\raw_v2\diffusion_fakes\Real\REAL_0400.jpg,0,deepfake_collection_real,id,0.000000
R:\_Projects\Eurus_Workspace\HolmHz\data\raw_v2\diffusion_fakes\Midjourney\Midjourney_0232.png,1,midjourney_fake,id,0.000001
R:\_Projects\Eurus_Workspace\HolmHz\data\raw_v2\deepdetect2025\ddata\train\real\25117.jpg,0,dd2025_real,id,0.000000
R:\_Projects\Eurus_Workspace\HolmHz\data\raw_v2\deepdetect2025\ddata\train\real\26418.jpg,0,dd2025_real,id,0.040779
R:\_Projects\Eurus_Workspace\HolmHz\data\raw_v2\rvf10k\rvf10k\valid\real\67651.jpg,0,rvf10k_valid_real,id,0.000000
R:\_Projects\Eurus_Workspace\HolmHz\data\raw_v2\rvf10k\rvf10k\valid\fake\O9VGL88LI2.jpg,1,rvf10k_valid_fake,id,0.000000
R:\_Projects\Eurus_Workspace\HolmHz\data\raw_v2\diffusion_fakes\Stable Diffusion\Stable_Diffusion_589.jpg,1,sd_fake,id,0.000003
R:\_Projects\Eurus_Workspace\HolmHz\data\raw_v2\rvf10k\rvf10k\valid\fake\6XLVLXE0IK.jpg,1,rvf10k_valid_fake,id,0.000000
R:\_Projects\Eurus_Workspace\HolmHz\data\raw_v2\deepdetect2025\ddata\train\real\20011.jpg,0,dd2025_real,id,0.000000
R:\_Projects\Eurus_Workspace\HolmHz\data\raw_v2\rvf10k\rvf10k\train\real\66008.jpg,0,rvf10k_train_real,id,0.000000
R:\_Projects\Eurus_Workspace\HolmHz\data\raw_v2\rvf10k\rvf10k\train\real\07510.jpg,0,rvf10k_train_real,id,0.000000
R:\_Projects\Eurus_Workspace\HolmHz\data\raw_v2\deepdetect2025\ddata\train\fake\fake_028007.jpg,1,dd2025_fake,id,0.000580
R:\_Projects\Eurus_Workspace\HolmHz\data\raw_v2\ciplab_faces\real_and_fake_face_detection\real_and_fake_face\training_real\real_00785.jpg,0,ciplab_training_real,id,0.000001
R:\_Projects\Eurus_Workspace\HolmHz\data\raw_v2\rvf10k\rvf10k\train\real\51627.jpg,0,rvf10k_train_real,id,0.000000
R:\_Projects\Eurus_Workspace\HolmHz\data\raw_v2\rvf10k\rvf10k\valid\fake\RAPBVGM8K9.jpg,1,rvf10k_valid_fake,id,0.000003
R:\_Projects\Eurus_Workspace\HolmHz\data\raw_v2\diffusion_fakes\Real\REAL_2304.jpg,0,deepfake_collection_real,id,0.000000
R:\_Projects\Eurus_Workspace\HolmHz\data\raw_v2\diffusion_fakes\Stable Diffusion\Stable_Diffusion_941.jpg,1,sd_fake,id,0.000000
R:\_Projects\Eurus_Workspace\HolmHz\data\raw_v2\deepdetect2025\ddata\train\fake\fake_029759.jpg,1,dd2025_fake,id,0.002597
R:\_Projects\Eurus_Workspace\HolmHz\data\raw_v2\diffusion_fakes\DALL-E\DALL-E_1063.jpg,1,dalle_fake,id,0.000000
R:\_Projects\Eurus_Workspace\HolmHz\data\raw_v2\deepdetect2025\ddata\train\fake\fake_014375.jpg,1,dd2025_fake,id,0.000000
R:\_Projects\Eurus_Workspace\HolmHz\data\raw_v2\deepdetect2025\ddata\train\fake\fake_002077.jpg,1,dd2025_fake,id,0.000234
R:\_Projects\Eurus_Workspace\HolmHz\data\raw_v2\deepdetect2025\ddata\train\real\24143.jpg,0,dd2025_real,id,0.000001
R:\_Projects\Eurus_Workspace\HolmHz\data\raw_v2\diffusion_fakes\Real\REAL_5224.jpg,0,deepfake_collection_real,id,0.000000
R:\_Projects\Eurus_Workspace\HolmHz\data\raw_v2\ciplab_faces\real_and_fake_face_detection\real_and_fake_face\training_real\real_00533.jpg,0,ciplab_training_real,id,0.000000
R:\_Projects\Eurus_Workspace\HolmHz\data\raw_v2\rvf10k\rvf10k\train\fake\2N2Z0IN2X8.jpg,1,rvf10k_train_fake,id,0.000001
R:\_Projects\Eurus_Workspace\HolmHz\data\raw_v2\rvf10k\rvf10k\train\fake\D4Z47QYRDN.jpg,1,rvf10k_train_fake,id,0.114592
R:\_Projects\Eurus_Workspace\HolmHz\data\raw_v2\rvf10k\rvf10k\valid\real\60801.jpg,0,rvf10k_valid_real,id,0.000000
R:\_Projects\Eurus_Workspace\HolmHz\data\raw_v2\rvf10k\rvf10k\valid\fake\ODY603PO6R.jpg,1,rvf10k_valid_fake,id,0.000028
R:\_Projects\Eurus_Workspace\HolmHz\data\raw_v2\rvf10k\rvf10k\train\real\50013.jpg,0,rvf10k_train_real,id,0.000004
R:\_Projects\Eurus_Workspace\HolmHz\data\raw_v2\deepdetect2025\ddata\train\real\01636.jpg,0,dd2025_real,id,0.000000
R:\_Projects\Eurus_Workspace\HolmHz\data\raw_v2\ciplab_faces\real_and_fake_face\training_real\real_00245.jpg,0,ciplab_training_real,id,0.000021
R:\_Projects\Eurus_Workspace\HolmHz\data\raw_v2\rvf10k\rvf10k\train\fake\DTVCX3DL30.jpg,1,rvf10k_train_fake,id,0.000220
R:\_Projects\Eurus_Workspace\HolmHz\data\raw_v2\diffusion_fakes\DALL-E\DALL-E_0217.jpg,1,dalle_fake,id,0.000000
R:\_Projects\Eurus_Workspace\HolmHz\data\raw_v2\rvf10k\rvf10k\train\fake\ZQZRFIUUQG.jpg,1,rvf10k_train_fake,id,0.000000
R:\_Projects\Eurus_Workspace\HolmHz\data\raw_v2\diffusion_fakes\DALL-E\DALL-E_1133.jpg,1,dalle_fake,id,0.000000
R:\_Projects\Eurus_Workspace\HolmHz\data\raw_v2\diffusion_fakes\Real\REAL_5614.jpg,0,deepfake_collection_real,id,0.000000
R:\_Projects\Eurus_Workspace\HolmHz\data\raw_v2\diffusion_fakes\Real\REAL_3846.jpg,0,deepfake_collection_real,id,0.000048
R:\_Projects\Eurus_Workspace\HolmHz\data\raw_v2\diffusion_fakes\Stable Diffusion\Stable_Diffusion_446.jpg,1,sd_fake,id,0.000000
R:\_Projects\Eurus_Workspace\HolmHz\data\raw_v2\ciplab_faces\real_and_fake_face\training_fake\mid_118_1000.jpg,1,ciplab_training_fake,id,0.000000
R:\_Projects\Eurus_Workspace\HolmHz\data\raw_v2\rvf10k\rvf10k\train\real\01511.jpg,0,rvf10k_train_real,id,0.000000
R:\_Projects\Eurus_Workspace\HolmHz\data\raw_v2\deepdetect2025\ddata\train\real\66625.jpg,0,dd2025_real,id,0.000000
R:\_Projects\Eurus_Workspace\HolmHz\data\raw_v2\deepdetect2025\ddata\train\fake\fake_038460.jpg,1,dd2025_fake,id,0.007632
R:\_Projects\Eurus_Workspace\HolmHz\data\raw_v2\ciplab_faces\real_and_fake_face_detection\real_and_fake_face\training_real\real_00198.jpg,0,ciplab_training_real,id,0.000000
R:\_Projects\Eurus_Workspace\HolmHz\data\raw_v2\rvf10k\rvf10k\valid\real\63398.jpg,0,rvf10k_valid_real,id,0.000000
R:\_Projects\Eurus_Workspace\HolmHz\data\raw_v2\diffusion_fakes\Stable Diffusion\Stable_Diffusion_1889.jpg,1,sd_fake,id,0.000001
R:\_Projects\Eurus_Workspace\HolmHz\data\raw_v2\deepdetect2025\ddata\train\real\55335.jpg,0,dd2025_real,id,0.000000
R:\_Projects\Eurus_Workspace\HolmHz\data\raw_v2\diffusion_fakes\DALL-E\DALL-E_0868.jpg,1,dalle_fake,id,0.000000
R:\_Projects\Eurus_Workspace\HolmHz\data\raw_v2\diffusion_fakes\Real\REAL_2110.jpg,0,deepfake_collection_real,id,0.000000
R:\_Projects\Eurus_Workspace\HolmHz\data\raw_v2\rvf10k\rvf10k\train\fake\OCU1X1SFU5.jpg,1,rvf10k_train_fake,id,0.000000
R:\_Projects\Eurus_Workspace\HolmHz\data\raw_v2\rvf10k\rvf10k\train\real\29729.jpg,0,rvf10k_train_real,id,0.000000
R:\_Projects\Eurus_Workspace\HolmHz\data\raw_v2\deepdetect2025\ddata\train\fake\fake_012550.jpg,1,dd2025_fake,id,0.000000
R:\_Projects\Eurus_Workspace\HolmHz\data\raw_v2\diffusion_fakes\DALL-E\DALL-E_1626.jpg,1,dalle_fake,id,0.000000
R:\_Projects\Eurus_Workspace\HolmHz\data\raw_v2\deepdetect2025\ddata\train\real\52661.jpg,0,dd2025_real,id,0.000000
R:\_Projects\Eurus_Workspace\HolmHz\data\raw_v2\deepdetect2025\ddata\train\fake\fake_002313.jpg,1,dd2025_fake,id,0.000029
R:\_Projects\Eurus_Workspace\HolmHz\data\raw_v2\ciplab_faces\real_and_fake_face\training_real\real_00394.jpg,0,ciplab_training_real,id,0.000011
R:\_Projects\Eurus_Workspace\HolmHz\data\raw_v2\diffusion_fakes\DALL-E\DALL-E_1982.jpg,1,dalle_fake,id,0.000000
R:\_Projects\Eurus_Workspace\HolmHz\data\raw_v2\diffusion_fakes\Real\REAL_1837.jpg,0,deepfake_collection_real,id,0.000000
R:\_Projects\Eurus_Workspace\HolmHz\data\raw_v2\deepdetect2025\ddata\train\fake\fake_010013.jpg,1,dd2025_fake,id,0.000000
R:\_Projects\Eurus_Workspace\HolmHz\data\raw_v2\diffusion_fakes\Midjourney\Midjourney_0600.png,1,midjourney_fake,id,0.000000
R:\_Projects\Eurus_Workspace\HolmHz\data\raw_v2\deepdetect2025\ddata\train\fake\fake_029587.jpg,1,dd2025_fake,id,0.778233
R:\_Projects\Eurus_Workspace\HolmHz\data\raw_v2\deepdetect2025\ddata\train\real\50769.jpg,0,dd2025_real,id,0.000000
R:\_Projects\Eurus_Workspace\HolmHz\data\raw_v2\rvf10k\rvf10k\train\real\12879.jpg,0,rvf10k_train_real,id,0.000000
R:\_Projects\Eurus_Workspace\HolmHz\data\raw_v2\diffusion_fakes\Stable Diffusion\Stable_Diffusion_1577.jpg,1,sd_fake,id,0.000003
R:\_Projects\Eurus_Workspace\HolmHz\data\raw_v2\diffusion_fakes\Real\REAL_4334.jpg,0,deepfake_collection_real,id,0.000000
R:\_Projects\Eurus_Workspace\HolmHz\data\raw_v2\rvf10k\rvf10k\train\fake\QYIIBKRQEQ.jpg,1,rvf10k_train_fake,id,0.045404
R:\_Projects\Eurus_Workspace\HolmHz\data\raw_v2\rvf10k\rvf10k\train\real\61414.jpg,0,rvf10k_train_real,id,0.000000
R:\_Projects\Eurus_Workspace\HolmHz\data\raw_v2\rvf10k\rvf10k\train\fake\RXUCXMIA2N.jpg,1,rvf10k_train_fake,id,0.560830
R:\_Projects\Eurus_Workspace\HolmHz\data\raw_v2\rvf10k\rvf10k\train\fake\4VKPMUSDPG.jpg,1,rvf10k_train_fake,id,0.007761
R:\_Projects\Eurus_Workspace\HolmHz\data\raw_v2\deepdetect2025\ddata\train\real\56701.jpg,0,dd2025_real,id,0.000000
R:\_Projects\Eurus_Workspace\HolmHz\data\raw_v2\rvf10k\rvf10k\valid\fake\F9DI3WV7SS.jpg,1,rvf10k_valid_fake,id,0.000336
R:\_Projects\Eurus_Workspace\HolmHz\data\raw_v2\diffusion_fakes\Real\REAL_1845.jpg,0,deepfake_collection_real,id,0.000000
R:\_Projects\Eurus_Workspace\HolmHz\data\raw_v2\deepdetect2025\ddata\train\fake\fake_015643.jpg,1,dd2025_fake,id,0.156863
R:\_Projects\Eurus_Workspace\HolmHz\data\raw_v2\ciplab_faces\real_and_fake_face_detection\real_and_fake_face\training_fake\easy_135_0011.jpg,1,ciplab_training_fake,id,0.000000
R:\_Projects\Eurus_Workspace\HolmHz\data\raw_v2\diffusion_fakes\Midjourney\Midjourney_0833.png,1,midjourney_fake,id,0.000000
R:\_Projects\Eurus_Workspace\HolmHz\data\raw_v2\ciplab_faces\real_and_fake_face\training_fake\hard_61_0011.jpg,1,ciplab_training_fake,id,0.000000
R:\_Projects\Eurus_Workspace\HolmHz\data\raw_v2\deepdetect2025\ddata\train\fake\fake_023176.jpg,1,dd2025_fake,id,0.000000
R:\_Projects\Eurus_Workspace\HolmHz\data\raw_v2\deepdetect2025\ddata\train\fake\fake_004212.jpg,1,dd2025_fake,id,0.000182
R:\_Projects\Eurus_Workspace\HolmHz\data\raw_v2\diffusion_fakes\Real\REAL_3032.jpg,0,deepfake_collection_real,id,0.000000
R:\_Projects\Eurus_Workspace\HolmHz\data\raw_v2\deepdetect2025\ddata\train\fake\fake_011689.jpg,1,dd2025_fake,id,0.012627
R:\_Projects\Eurus_Workspace\HolmHz\data\raw_v2\deepdetect2025\ddata\train\fake\fake_027391.jpg,1,dd2025_fake,id,0.000005
R:\_Projects\Eurus_Workspace\HolmHz\data\raw_v2\deepdetect2025\ddata\train\fake\fake_019082.jpg,1,dd2025_fake,id,0.000001
R:\_Projects\Eurus_Workspace\HolmHz\data\raw_v2\diffusion_fakes\Real\REAL_1434.jpg,0,deepfake_collection_real,id,0.000029
R:\_Projects\Eurus_Workspace\HolmHz\data\raw_v2\rvf10k\rvf10k\valid\fake\UFW10OLJ9K.jpg,1,rvf10k_valid_fake,id,0.000001
R:\_Projects\Eurus_Workspace\HolmHz\data\raw_v2\deepdetect2025\ddata\train\fake\fake_036390.jpg,1,dd2025_fake,id,0.000006
R:\_Projects\Eurus_Workspace\HolmHz\data\raw_v2\deepdetect2025\ddata\train\real\27626.jpg,0,dd2025_real,id,0.000000
R:\_Projects\Eurus_Workspace\HolmHz\data\raw_v2\deepdetect2025\ddata\train\real\35282.jpg,0,dd2025_real,id,0.000000
R:\_Projects\Eurus_Workspace\HolmHz\data\raw_v2\deepdetect2025\ddata\train\fake\fake_035214.jpg,1,dd2025_fake,id,0.000692
R:\_Projects\Eurus_Workspace\HolmHz\data\raw_v2\diffusion_fakes\Real\REAL_4307.jpg,0,deepfake_collection_real,id,0.000000
R:\_Projects\Eurus_Workspace\HolmHz\data\raw_v2\deepdetect2025\ddata\train\fake\fake_036186.jpg,1,dd2025_fake,id,0.000348
R:\_Projects\Eurus_Workspace\HolmHz\data\raw_v2\diffusion_fakes\Real\REAL_4146.jpg,0,deepfake_collection_real,id,0.000000
R:\_Projects\Eurus_Workspace\HolmHz\data\raw_v2\deepdetect2025\ddata\train\fake\fake_010652.jpg,1,dd2025_fake,id,0.000403
R:\_Projects\Eurus_Workspace\HolmHz\data\raw_v2\diffusion_fakes\Real\REAL_5636.jpg,0,deepfake_collection_real,id,0.000120
R:\_Projects\Eurus_Workspace\HolmHz\data\raw_v2\rvf10k\rvf10k\train\fake\JINOG3EEFQ.jpg,1,rvf10k_train_fake,id,0.000002
R:\_Projects\Eurus_Workspace\HolmHz\data\raw_v2\rvf10k\rvf10k\valid\fake\7DSFTVG470.jpg,1,rvf10k_valid_fake,id,0.000003
R:\_Projects\Eurus_Workspace\HolmHz\data\raw_v2\diffusion_fakes\Real\REAL_5058.jpg,0,deepfake_collection_real,id,0.000000
R:\_Projects\Eurus_Workspace\HolmHz\data\raw_v2\diffusion_fakes\Midjourney\Midjourney_0335.png,1,midjourney_fake,id,0.000000
R:\_Projects\Eurus_Workspace\HolmHz\data\raw_v2\ciplab_faces\real_and_fake_face\training_real\real_00752.jpg,0,ciplab_training_real,id,0.000000
R:\_Projects\Eurus_Workspace\HolmHz\data\raw_v2\diffusion_fakes\Real\REAL_1471.jpg,0,deepfake_collection_real,id,0.000000
R:\_Projects\Eurus_Workspace\HolmHz\data\raw_v2\rvf10k\rvf10k\valid\fake\QRU9NNBJQY.jpg,1,rvf10k_valid_fake,id,0.000000
R:\_Projects\Eurus_Workspace\HolmHz\data\raw_v2\rvf10k\rvf10k\train\real\60595.jpg,0,rvf10k_train_real,id,0.000000
R:\_Projects\Eurus_Workspace\HolmHz\data\raw_v2\diffusion_fakes\DALL-E\DALL-E_0797.jpg,1,dalle_fake,id,0.000000
R:\_Projects\Eurus_Workspace\HolmHz\data\raw_v2\deepdetect2025\ddata\train\fake\fake_038307.jpg,1,dd2025_fake,id,0.000001
R:\_Projects\Eurus_Workspace\HolmHz\data\raw_v2\diffusion_fakes\Real\REAL_2807.jpg,0,deepfake_collection_real,id,0.000000
R:\_Projects\Eurus_Workspace\HolmHz\data\raw_v2\deepdetect2025\ddata\train\real\19556.jpg,0,dd2025_real,id,0.000000
R:\_Projects\Eurus_Workspace\HolmHz\data\raw_v2\diffusion_fakes\DALL-E\DALL-E_1946.jpg,1,dalle_fake,id,0.000000
R:\_Projects\Eurus_Workspace\HolmHz\data\raw_v2\rvf10k\rvf10k\valid\real\44077.jpg,0,rvf10k_valid_real,id,0.000017
R:\_Projects\Eurus_Workspace\HolmHz\data\raw_v2\rvf10k\rvf10k\valid\fake\WE0TQBP2EY.jpg,1,rvf10k_valid_fake,id,0.000010
R:\_Projects\Eurus_Workspace\HolmHz\data\raw_v2\rvf10k\rvf10k\train\real\29101.jpg,0,rvf10k_train_real,id,0.000004
R:\_Projects\Eurus_Workspace\HolmHz\data\raw_v2\rvf10k\rvf10k\train\fake\XOF0GRPHZI.jpg,1,rvf10k_train_fake,id,0.000000
R:\_Projects\Eurus_Workspace\HolmHz\data\raw_v2\diffusion_fakes\Real\REAL_4498.jpg,0,deepfake_collection_real,id,0.000000
R:\_Projects\Eurus_Workspace\HolmHz\data\raw_v2\deepdetect2025\ddata\train\real\40684.jpg,0,dd2025_real,id,0.000000
R:\_Projects\Eurus_Workspace\HolmHz\data\raw_v2\deepdetect2025\ddata\train\real\56472.jpg,0,dd2025_real,id,0.000000
R:\_Projects\Eurus_Workspace\HolmHz\data\raw_v2\rvf10k\rvf10k\train\real\61945.jpg,0,rvf10k_train_real,id,0.000000
R:\_Projects\Eurus_Workspace\HolmHz\data\raw_v2\diffusion_fakes\Real\REAL_4177.jpg,0,deepfake_collection_real,id,0.000004
R:\_Projects\Eurus_Workspace\HolmHz\data\raw_v2\rvf10k\rvf10k\train\fake\W6ZHWSE6KV.jpg,1,rvf10k_train_fake,id,0.000001
R:\_Projects\Eurus_Workspace\HolmHz\data\raw_v2\ciplab_faces\real_and_fake_face_detection\real_and_fake_face\training_fake\mid_460_1111.jpg,1,ciplab_training_fake,id,0.000000
R:\_Projects\Eurus_Workspace\HolmHz\data\raw_v2\deepdetect2025\ddata\train\real\44755.jpg,0,dd2025_real,id,0.000000
R:\_Projects\Eurus_Workspace\HolmHz\data\raw_v2\diffusion_fakes\Real\REAL_3936.jpg,0,deepfake_collection_real,id,0.000000
R:\_Projects\Eurus_Workspace\HolmHz\data\raw_v2\diffusion_fakes\DALL-E\DALL-E_1451.jpg,1,dalle_fake,id,0.000000
R:\_Projects\Eurus_Workspace\HolmHz\data\raw_v2\rvf10k\rvf10k\valid\real\11859.jpg,0,rvf10k_valid_real,id,0.000000
R:\_Projects\Eurus_Workspace\HolmHz\data\raw_v2\diffusion_fakes\Midjourney\Midjourney_0550.png,1,midjourney_fake,id,0.000000
R:\_Projects\Eurus_Workspace\HolmHz\data\raw_v2\diffusion_fakes\Real\REAL_1669.jpg,0,deepfake_collection_real,id,0.000000
R:\_Projects\Eurus_Workspace\HolmHz\data\raw_v2\diffusion_fakes\Real\REAL_1854.jpg,0,deepfake_collection_real,id,0.000000
R:\_Projects\Eurus_Workspace\HolmHz\data\raw_v2\rvf10k\rvf10k\train\real\07212.jpg,0,rvf10k_train_real,id,0.000000
R:\_Projects\Eurus_Workspace\HolmHz\data\raw_v2\rvf10k\rvf10k\train\real\54839.jpg,0,rvf10k_train_real,id,0.000000
R:\_Projects\Eurus_Workspace\HolmHz\data\raw_v2\rvf10k\rvf10k\train\real\00968.jpg,0,rvf10k_train_real,id,0.000001
R:\_Projects\Eurus_Workspace\HolmHz\data\raw_v2\rvf10k\rvf10k\train\real\28644.jpg,0,rvf10k_train_real,id,0.000000
R:\_Projects\Eurus_Workspace\HolmHz\data\raw_v2\diffusion_fakes\Real\REAL_2214.jpg,0,deepfake_collection_real,id,0.000000
R:\_Projects\Eurus_Workspace\HolmHz\data\raw_v2\rvf10k\rvf10k\train\real\67629.jpg,0,rvf10k_train_real,id,0.000000
R:\_Projects\Eurus_Workspace\HolmHz\data\raw_v2\rvf10k\rvf10k\train\real\10922.jpg,0,rvf10k_train_real,id,0.000000
R:\_Projects\Eurus_Workspace\HolmHz\data\raw_v2\diffusion_fakes\Real\REAL_1890.jpg,0,deepfake_collection_real,id,0.000000
R:\_Projects\Eurus_Workspace\HolmHz\data\raw_v2\deepdetect2025\ddata\train\real\02702.jpg,0,dd2025_real,id,0.000000
R:\_Projects\Eurus_Workspace\HolmHz\data\raw_v2\rvf10k\rvf10k\train\fake\QFRHP5Y9G9.jpg,1,rvf10k_train_fake,id,0.000000
R:\_Projects\Eurus_Workspace\HolmHz\data\raw_v2\diffusion_fakes\Midjourney\Midjourney_0268.png,1,midjourney_fake,id,0.000000
R:\_Projects\Eurus_Workspace\HolmHz\data\raw_v2\deepdetect2025\ddata\train\real\24779.jpg,0,dd2025_real,id,0.000001
R:\_Projects\Eurus_Workspace\HolmHz\data\raw_v2\deepdetect2025\ddata\train\fake\fake_009963.jpg,1,dd2025_fake,id,0.000016
R:\_Projects\Eurus_Workspace\HolmHz\data\raw_v2\rvf10k\rvf10k\train\fake\009X14ED19.jpg,1,rvf10k_train_fake,id,0.000002
R:\_Projects\Eurus_Workspace\HolmHz\data\raw_v2\deepdetect2025\ddata\train\real\12412.jpg,0,dd2025_real,id,0.000000
R:\_Projects\Eurus_Workspace\HolmHz\data\raw_v2\diffusion_fakes\Real\REAL_3276.jpg,0,deepfake_collection_real,id,0.000000
R:\_Projects\Eurus_Workspace\HolmHz\data\raw_v2\ciplab_faces\real_and_fake_face\training_real\real_00132.jpg,0,ciplab_training_real,id,0.000000
R:\_Projects\Eurus_Workspace\HolmHz\data\raw_v2\deepdetect2025\ddata\train\real\21508.jpg,0,dd2025_real,id,0.000000
R:\_Projects\Eurus_Workspace\HolmHz\data\raw_v2\deepdetect2025\ddata\train\fake\fake_012374.jpg,1,dd2025_fake,id,0.000000
R:\_Projects\Eurus_Workspace\HolmHz\data\raw_v2\diffusion_fakes\Real\REAL_2809.jpg,0,deepfake_collection_real,id,0.000000
R:\_Projects\Eurus_Workspace\HolmHz\data\raw_v2\ciplab_faces\real_and_fake_face_detection\real_and_fake_face\training_real\real_00152.jpg,0,ciplab_training_real,id,0.000000
R:\_Projects\Eurus_Workspace\HolmHz\data\raw_v2\diffusion_fakes\Real\REAL_3966.jpg,0,deepfake_collection_real,id,0.000000
R:\_Projects\Eurus_Workspace\HolmHz\data\raw_v2\deepdetect2025\ddata\train\real\32810.jpg,0,dd2025_real,id,0.000000
R:\_Projects\Eurus_Workspace\HolmHz\data\raw_v2\diffusion_fakes\Stable Diffusion\Stable_Diffusion_1906.jpg,1,sd_fake,id,0.000002
R:\_Projects\Eurus_Workspace\HolmHz\data\raw_v2\deepdetect2025\ddata\train\fake\fake_014922.jpg,1,dd2025_fake,id,0.000007
R:\_Projects\Eurus_Workspace\HolmHz\data\raw_v2\ciplab_faces\real_and_fake_face_detection\real_and_fake_face\training_fake\mid_247_1111.jpg,1,ciplab_training_fake,id,0.000000
R:\_Projects\Eurus_Workspace\HolmHz\data\raw_v2\deepdetect2025\ddata\train\real\00129.jpg,0,dd2025_real,id,0.000000
R:\_Projects\Eurus_Workspace\HolmHz\data\raw_v2\rvf10k\rvf10k\train\fake\KNE5WUSDLJ.jpg,1,rvf10k_train_fake,id,0.000000
R:\_Projects\Eurus_Workspace\HolmHz\data\raw_v2\diffusion_fakes\Real\REAL_5002.jpg,0,deepfake_collection_real,id,0.000000
R:\_Projects\Eurus_Workspace\HolmHz\data\raw_v2\rvf10k\rvf10k\train\real\30466.jpg,0,rvf10k_train_real,id,0.000000
R:\_Projects\Eurus_Workspace\HolmHz\data\raw_v2\deepdetect2025\ddata\train\real\00993.jpg,0,dd2025_real,id,0.000000
R:\_Projects\Eurus_Workspace\HolmHz\data\raw_v2\rvf10k\rvf10k\train\real\54674.jpg,0,rvf10k_train_real,id,0.000000
R:\_Projects\Eurus_Workspace\HolmHz\data\raw_v2\diffusion_fakes\Real\REAL_1918.jpg,0,deepfake_collection_real,id,0.000000
R:\_Projects\Eurus_Workspace\HolmHz\data\raw_v2\diffusion_fakes\Real\REAL_0719.jpg,0,deepfake_collection_real,id,0.000003
R:\_Projects\Eurus_Workspace\HolmHz\data\raw_v2\diffusion_fakes\Stable Diffusion\Stable_Diffusion_995.jpg,1,sd_fake,id,0.000000
R:\_Projects\Eurus_Workspace\HolmHz\data\raw_v2\diffusion_fakes\Real\REAL_4700.jpg,0,deepfake_collection_real,id,0.000000
R:\_Projects\Eurus_Workspace\HolmHz\data\raw_v2\ciplab_faces\real_and_fake_face\training_real\real_00238.jpg,0,ciplab_training_real,id,0.000000
R:\_Projects\Eurus_Workspace\HolmHz\data\raw_v2\deepdetect2025\ddata\train\real\11267.jpg,0,dd2025_real,id,0.000000
R:\_Projects\Eurus_Workspace\HolmHz\data\raw_v2\diffusion_fakes\Real\REAL_1492.jpg,0,deepfake_collection_real,id,0.000000
R:\_Projects\Eurus_Workspace\HolmHz\data\raw_v2\ciplab_faces\real_and_fake_face\training_real\real_00105.jpg,0,ciplab_training_real,id,0.000000
R:\_Projects\Eurus_Workspace\HolmHz\data\raw_v2\rvf10k\rvf10k\train\real\69939.jpg,0,rvf10k_train_real,id,0.000000
R:\_Projects\Eurus_Workspace\HolmHz\data\raw_v2\diffusion_fakes\Real\REAL_5547.jpg,0,deepfake_collection_real,id,0.000000
R:\_Projects\Eurus_Workspace\HolmHz\data\raw_v2\diffusion_fakes\Real\REAL_1428.jpg,0,deepfake_collection_real,id,0.000000
R:\_Projects\Eurus_Workspace\HolmHz\data\raw_v2\diffusion_fakes\DALL-E\DALL-E_0482.jpg,1,dalle_fake,id,0.000000
R:\_Projects\Eurus_Workspace\HolmHz\data\raw_v2\deepdetect2025\ddata\train\real\05871.jpg,0,dd2025_real,id,0.000000
R:\_Projects\Eurus_Workspace\HolmHz\data\raw_v2\rvf10k\rvf10k\train\fake\3KCFVBLVLM.jpg,1,rvf10k_train_fake,id,0.050956
R:\_Projects\Eurus_Workspace\HolmHz\data\raw_v2\diffusion_fakes\Stable Diffusion\Stable_Diffusion_1648.jpg,1,sd_fake,id,0.000199
R:\_Projects\Eurus_Workspace\HolmHz\data\raw_v2\diffusion_fakes\Real\REAL_2674.jpg,0,deepfake_collection_real,id,0.000000
R:\_Projects\Eurus_Workspace\HolmHz\data\raw_v2\rvf10k\rvf10k\train\real\22915.jpg,0,rvf10k_train_real,id,0.000000
R:\_Projects\Eurus_Workspace\HolmHz\data\raw_v2\diffusion_fakes\Real\REAL_1888.jpg,0,deepfake_collection_real,id,0.000000
R:\_Projects\Eurus_Workspace\HolmHz\data\raw_v2\rvf10k\rvf10k\valid\fake\8WPQ35ZISG.jpg,1,rvf10k_valid_fake,id,0.000000
R:\_Projects\Eurus_Workspace\HolmHz\data\raw_v2\rvf10k\rvf10k\train\real\56240.jpg,0,rvf10k_train_real,id,0.000000
R:\_Projects\Eurus_Workspace\HolmHz\data\raw_v2\ciplab_faces\real_and_fake_face_detection\real_and_fake_face\training_fake\easy_93_1010.jpg,1,ciplab_training_fake,id,0.000000
R:\_Projects\Eurus_Workspace\HolmHz\data\raw_v2\diffusion_fakes\Stable Diffusion\Stable_Diffusion_1785.jpg,1,sd_fake,id,0.000630
R:\_Projects\Eurus_Workspace\HolmHz\data\raw_v2\diffusion_fakes\Real\REAL_4536.jpg,0,deepfake_collection_real,id,0.000000
R:\_Projects\Eurus_Workspace\HolmHz\data\raw_v2\deepdetect2025\ddata\train\fake\fake_001825.jpg,1,dd2025_fake,id,0.000000
R:\_Projects\Eurus_Workspace\HolmHz\data\raw_v2\deepdetect2025\ddata\train\fake\fake_010880.jpg,1,dd2025_fake,id,0.000003
R:\_Projects\Eurus_Workspace\HolmHz\data\raw_v2\deepdetect2025\ddata\train\fake\fake_004494.jpg,1,dd2025_fake,id,0.000233
R:\_Projects\Eurus_Workspace\HolmHz\data\raw_v2\ciplab_faces\real_and_fake_face_detection\real_and_fake_face\training_fake\hard_14_1111.jpg,1,ciplab_training_fake,id,0.000000
R:\_Projects\Eurus_Workspace\HolmHz\data\raw_v2\deepdetect2025\ddata\train\fake\fake_022495.jpg,1,dd2025_fake,id,0.103416
R:\_Projects\Eurus_Workspace\HolmHz\data\raw_v2\deepdetect2025\ddata\train\real\34003.jpg,0,dd2025_real,id,0.000000
R:\_Projects\Eurus_Workspace\HolmHz\data\raw_v2\deepdetect2025\ddata\train\fake\fake_014561.jpg,1,dd2025_fake,id,0.000000
R:\_Projects\Eurus_Workspace\HolmHz\data\raw_v2\diffusion_fakes\DALL-E\DALL-E_0186.jpg,1,dalle_fake,id,0.000000
R:\_Projects\Eurus_Workspace\HolmHz\data\raw_v2\deepdetect2025\ddata\train\real\21314.jpg,0,dd2025_real,id,0.000000
R:\_Projects\Eurus_Workspace\HolmHz\data\raw_v2\deepdetect2025\ddata\train\fake\fake_040091.jpg,1,dd2025_fake,id,0.000000
R:\_Projects\Eurus_Workspace\HolmHz\data\raw_v2\ciplab_faces\real_and_fake_face_detection\real_and_fake_face\training_fake\mid_230_1110.jpg,1,ciplab_training_fake,id,0.000000
R:\_Projects\Eurus_Workspace\HolmHz\data\raw_v2\deepdetect2025\ddata\train\real\06397.jpg,0,dd2025_real,id,0.000000
R:\_Projects\Eurus_Workspace\HolmHz\data\raw_v2\ciplab_faces\real_and_fake_face_detection\real_and_fake_face\training_real\real_00532.jpg,0,ciplab_training_real,id,0.000968
R:\_Projects\Eurus_Workspace\HolmHz\data\raw_v2\diffusion_fakes\DALL-E\DALL-E_1629.jpg,1,dalle_fake,id,0.000000
R:\_Projects\Eurus_Workspace\HolmHz\data\raw_v2\diffusion_fakes\Stable Diffusion\Stable_Diffusion_22.jpg,1,sd_fake,id,0.000000
R:\_Projects\Eurus_Workspace\HolmHz\data\raw_v2\rvf10k\rvf10k\train\fake\GEJLBTVJA8.jpg,1,rvf10k_train_fake,id,0.000005
R:\_Projects\Eurus_Workspace\HolmHz\data\raw_v2\deepdetect2025\ddata\train\real\56605.jpg,0,dd2025_real,id,0.000000
R:\_Projects\Eurus_Workspace\HolmHz\data\raw_v2\diffusion_fakes\Real\REAL_0692.jpg,0,deepfake_collection_real,id,0.000000
R:\_Projects\Eurus_Workspace\HolmHz\data\raw_v2\rvf10k\rvf10k\train\fake\LU83XHTYJE.jpg,1,rvf10k_train_fake,id,0.000001
R:\_Projects\Eurus_Workspace\HolmHz\data\raw_v2\deepdetect2025\ddata\train\fake\fake_008793.jpg,1,dd2025_fake,id,0.006042
R:\_Projects\Eurus_Workspace\HolmHz\data\raw_v2\diffusion_fakes\Real\REAL_4541.jpg,0,deepfake_collection_real,id,0.000000
R:\_Projects\Eurus_Workspace\HolmHz\data\raw_v2\diffusion_fakes\Stable Diffusion\Stable_Diffusion_1613.jpg,1,sd_fake,id,0.000000
R:\_Projects\Eurus_Workspace\HolmHz\data\raw_v2\rvf10k\rvf10k\valid\fake\J43FS32FMP.jpg,1,rvf10k_valid_fake,id,0.000000
R:\_Projects\Eurus_Workspace\HolmHz\data\raw_v2\ciplab_faces\real_and_fake_face_detection\real_and_fake_face\training_fake\easy_181_1110.jpg,1,ciplab_training_fake,id,0.000000
R:\_Projects\Eurus_Workspace\HolmHz\data\raw_v2\deepdetect2025\ddata\train\real\46009.jpg,0,dd2025_real,id,0.000000
R:\_Projects\Eurus_Workspace\HolmHz\data\raw_v2\deepdetect2025\ddata\train\real\63504.jpg,0,dd2025_real,id,0.000000
R:\_Projects\Eurus_Workspace\HolmHz\data\raw_v2\deepdetect2025\ddata\train\fake\fake_031942.jpg,1,dd2025_fake,id,0.000000
R:\_Projects\Eurus_Workspace\HolmHz\data\raw_v2\diffusion_fakes\Real\REAL_5752.jpg,0,deepfake_collection_real,id,0.000000
R:\_Projects\Eurus_Workspace\HolmHz\data\raw_v2\rvf10k\rvf10k\train\fake\FWQJ5Z2OUA.jpg,1,rvf10k_train_fake,id,0.000078
R:\_Projects\Eurus_Workspace\HolmHz\data\raw_v2\deepdetect2025\ddata\train\real\42680.jpg,0,dd2025_real,id,0.000000
R:\_Projects\Eurus_Workspace\HolmHz\data\raw_v2\deepdetect2025\ddata\train\real\01760.jpg,0,dd2025_real,id,0.000000
R:\_Projects\Eurus_Workspace\HolmHz\data\raw_v2\rvf10k\rvf10k\train\fake\E9NKC1X893.jpg,1,rvf10k_train_fake,id,0.000000
R:\_Projects\Eurus_Workspace\HolmHz\data\raw_v2\rvf10k\rvf10k\train\fake\LDO8A66UZB.jpg,1,rvf10k_train_fake,id,0.000009
R:\_Projects\Eurus_Workspace\HolmHz\data\raw_v2\rvf10k\rvf10k\train\fake\KE85XOZ6IF.jpg,1,rvf10k_train_fake,id,0.000934
R:\_Projects\Eurus_Workspace\HolmHz\data\raw_v2\deepdetect2025\ddata\train\real\60322.jpg,0,dd2025_real,id,0.000000
R:\_Projects\Eurus_Workspace\HolmHz\data\raw_v2\ciplab_faces\real_and_fake_face_detection\real_and_fake_face\training_real\real_00679.jpg,0,ciplab_training_real,id,0.005953
R:\_Projects\Eurus_Workspace\HolmHz\data\raw_v2\rvf10k\rvf10k\valid\fake\TRG3GW8UIN.jpg,1,rvf10k_valid_fake,id,0.000027
R:\_Projects\Eurus_Workspace\HolmHz\data\raw_v2\diffusion_fakes\Real\REAL_4522.jpg,0,deepfake_collection_real,id,0.000000
R:\_Projects\Eurus_Workspace\HolmHz\data\raw_v2\ciplab_faces\real_and_fake_face\training_fake\easy_153_1110.jpg,1,ciplab_training_fake,id,0.000000
R:\_Projects\Eurus_Workspace\HolmHz\data\raw_v2\rvf10k\rvf10k\valid\real\55645.jpg,0,rvf10k_valid_real,id,0.000000
R:\_Projects\Eurus_Workspace\HolmHz\data\raw_v2\rvf10k\rvf10k\train\real\29129.jpg,0,rvf10k_train_real,id,0.000000
R:\_Projects\Eurus_Workspace\HolmHz\data\raw_v2\ciplab_faces\real_and_fake_face_detection\real_and_fake_face\training_fake\hard_28_1111.jpg,1,ciplab_training_fake,id,0.000000
R:\_Projects\Eurus_Workspace\HolmHz\data\raw_v2\deepdetect2025\ddata\train\real\38981.jpg,0,dd2025_real,id,0.000000
R:\_Projects\Eurus_Workspace\HolmHz\data\raw_v2\ciplab_faces\real_and_fake_face_detection\real_and_fake_face\training_fake\mid_316_1111.jpg,1,ciplab_training_fake,id,0.000000
R:\_Projects\Eurus_Workspace\HolmHz\data\raw_v2\rvf10k\rvf10k\train\fake\JH88JOYOLU.jpg,1,rvf10k_train_fake,id,0.000034
R:\_Projects\Eurus_Workspace\HolmHz\data\raw_v2\rvf10k\rvf10k\train\fake\M5FDVFAR5O.jpg,1,rvf10k_train_fake,id,0.000000
R:\_Projects\Eurus_Workspace\HolmHz\data\raw_v2\rvf10k\rvf10k\train\real\08308.jpg,0,rvf10k_train_real,id,0.000000
R:\_Projects\Eurus_Workspace\HolmHz\data\raw_v2\deepdetect2025\ddata\train\fake\fake_003440.jpg,1,dd2025_fake,id,0.011481
R:\_Projects\Eurus_Workspace\HolmHz\data\raw_v2\rvf10k\rvf10k\valid\real\10451.jpg,0,rvf10k_valid_real,id,0.000000
R:\_Projects\Eurus_Workspace\HolmHz\data\raw_v2\diffusion_fakes\DALL-E\DALL-E_1954.jpg,1,dalle_fake,id,0.000000
R:\_Projects\Eurus_Workspace\HolmHz\data\raw_v2\diffusion_fakes\Stable Diffusion\Stable_Diffusion_63.jpg,1,sd_fake,id,0.000000
R:\_Projects\Eurus_Workspace\HolmHz\data\raw_v2\rvf10k\rvf10k\train\fake\15M8LWAUW7.jpg,1,rvf10k_train_fake,id,0.000000
R:\_Projects\Eurus_Workspace\HolmHz\data\raw_v2\rvf10k\rvf10k\train\real\24847.jpg,0,rvf10k_train_real,id,0.000000
R:\_Projects\Eurus_Workspace\HolmHz\data\raw_v2\ciplab_faces\real_and_fake_face_detection\real_and_fake_face\training_real\real_00076.jpg,0,ciplab_training_real,id,0.000000
R:\_Projects\Eurus_Workspace\HolmHz\data\raw_v2\deepdetect2025\ddata\train\real\62997.jpg,0,dd2025_real,id,0.000000
R:\_Projects\Eurus_Workspace\HolmHz\data\raw_v2\diffusion_fakes\Real\REAL_3670.jpg,0,deepfake_collection_real,id,0.000000
R:\_Projects\Eurus_Workspace\HolmHz\data\raw_v2\rvf10k\rvf10k\train\fake\9IN1CD3TBF.jpg,1,rvf10k_train_fake,id,0.000896
R:\_Projects\Eurus_Workspace\HolmHz\data\raw_v2\deepdetect2025\ddata\train\fake\fake_010837.jpg,1,dd2025_fake,id,0.000000
R:\_Projects\Eurus_Workspace\HolmHz\data\raw_v2\deepdetect2025\ddata\train\fake\fake_022454.jpg,1,dd2025_fake,id,0.000000
R:\_Projects\Eurus_Workspace\HolmHz\data\raw_v2\deepdetect2025\ddata\train\real\28238.jpg,0,dd2025_real,id,0.000000
R:\_Projects\Eurus_Workspace\HolmHz\data\raw_v2\diffusion_fakes\Real\REAL_4139.jpg,0,deepfake_collection_real,id,0.000021
R:\_Projects\Eurus_Workspace\HolmHz\data\raw_v2\deepdetect2025\ddata\train\fake\fake_039744.jpg,1,dd2025_fake,id,0.000000
R:\_Projects\Eurus_Workspace\HolmHz\data\raw_v2\diffusion_fakes\Real\REAL_0491.jpg,0,deepfake_collection_real,id,0.000000
R:\_Projects\Eurus_Workspace\HolmHz\data\raw_v2\deepdetect2025\ddata\train\fake\fake_031521.jpg,1,dd2025_fake,id,0.709525
R:\_Projects\Eurus_Workspace\HolmHz\data\raw_v2\diffusion_fakes\DALL-E\DALL-E_1351.jpg,1,dalle_fake,id,0.000000
R:\_Projects\Eurus_Workspace\HolmHz\data\raw_v2\rvf10k\rvf10k\valid\fake\HHWRKBPIMR.jpg,1,rvf10k_valid_fake,id,0.000028
R:\_Projects\Eurus_Workspace\HolmHz\data\raw_v2\diffusion_fakes\DALL-E\DALL-E_1847.jpg,1,dalle_fake,id,0.000000
R:\_Projects\Eurus_Workspace\HolmHz\data\raw_v2\deepdetect2025\ddata\train\real\68379.jpg,0,dd2025_real,id,0.000000
R:\_Projects\Eurus_Workspace\HolmHz\data\raw_v2\diffusion_fakes\Real\REAL_5570.jpg,0,deepfake_collection_real,id,0.000000
R:\_Projects\Eurus_Workspace\HolmHz\data\raw_v2\deepdetect2025\ddata\train\real\20851.jpg,0,dd2025_real,id,0.000000
R:\_Projects\Eurus_Workspace\HolmHz\data\raw_v2\rvf10k\rvf10k\train\real\43725.jpg,0,rvf10k_train_real,id,0.000000
R:\_Projects\Eurus_Workspace\HolmHz\data\raw_v2\rvf10k\rvf10k\train\real\43539.jpg,0,rvf10k_train_real,id,0.000000
R:\_Projects\Eurus_Workspace\HolmHz\data\raw_v2\rvf10k\rvf10k\train\real\44825.jpg,0,rvf10k_train_real,id,0.000000
R:\_Projects\Eurus_Workspace\HolmHz\data\raw_v2\diffusion_fakes\Real\REAL_5520.jpg,0,deepfake_collection_real,id,0.000008
R:\_Projects\Eurus_Workspace\HolmHz\data\raw_v2\ciplab_faces\real_and_fake_face_detection\real_and_fake_face\training_real\real_00557.jpg,0,ciplab_training_real,id,0.000000
R:\_Projects\Eurus_Workspace\HolmHz\data\raw_v2\diffusion_fakes\Midjourney\Midjourney_0199.png,1,midjourney_fake,id,0.000000
R:\_Projects\Eurus_Workspace\HolmHz\data\raw_v2\rvf10k\rvf10k\train\real\30235.jpg,0,rvf10k_train_real,id,0.000000
R:\_Projects\Eurus_Workspace\HolmHz\data\raw_v2\deepdetect2025\ddata\train\real\63383.jpg,0,dd2025_real,id,0.000000
R:\_Projects\Eurus_Workspace\HolmHz\data\raw_v2\diffusion_fakes\Midjourney\Midjourney_0836.png,1,midjourney_fake,id,0.000000
R:\_Projects\Eurus_Workspace\HolmHz\data\raw_v2\diffusion_fakes\Stable Diffusion\Stable_Diffusion_208.jpg,1,sd_fake,id,0.000000
R:\_Projects\Eurus_Workspace\HolmHz\data\raw_v2\rvf10k\rvf10k\valid\real\06927.jpg,0,rvf10k_valid_real,id,0.000000
R:\_Projects\Eurus_Workspace\HolmHz\data\raw_v2\diffusion_fakes\Stable Diffusion\Stable_Diffusion_1939.jpg,1,sd_fake,id,0.000004
R:\_Projects\Eurus_Workspace\HolmHz\data\raw_v2\ciplab_faces\real_and_fake_face\training_real\real_01069.jpg,0,ciplab_training_real,id,0.000000
R:\_Projects\Eurus_Workspace\HolmHz\data\raw_v2\diffusion_fakes\Stable Diffusion\Stable_Diffusion_81.jpg,1,sd_fake,id,0.000000
R:\_Projects\Eurus_Workspace\HolmHz\data\raw_v2\diffusion_fakes\Real\REAL_2133.jpg,0,deepfake_collection_real,id,0.000000
R:\_Projects\Eurus_Workspace\HolmHz\data\raw_v2\deepdetect2025\ddata\train\fake\fake_020756.jpg,1,dd2025_fake,id,0.000003
R:\_Projects\Eurus_Workspace\HolmHz\data\raw_v2\deepdetect2025\ddata\train\fake\fake_039542.jpg,1,dd2025_fake,id,0.000000
R:\_Projects\Eurus_Workspace\HolmHz\data\raw_v2\deepdetect2025\ddata\train\real\14555.jpg,0,dd2025_real,id,0.000000
R:\_Projects\Eurus_Workspace\HolmHz\data\raw_v2\ciplab_faces\real_and_fake_face\training_fake\mid_260_1111.jpg,1,ciplab_training_fake,id,0.000001
R:\_Projects\Eurus_Workspace\HolmHz\data\raw_v2\deepdetect2025\ddata\train\fake\fake_011116.jpg,1,dd2025_fake,id,0.000000
R:\_Projects\Eurus_Workspace\HolmHz\data\raw_v2\ciplab_faces\real_and_fake_face_detection\real_and_fake_face\training_real\real_00248.jpg,0,ciplab_training_real,id,0.000000
R:\_Projects\Eurus_Workspace\HolmHz\data\raw_v2\rvf10k\rvf10k\train\real\31876.jpg,0,rvf10k_train_real,id,0.000000
R:\_Projects\Eurus_Workspace\HolmHz\data\raw_v2\diffusion_fakes\Midjourney\Midjourney_0777.png,1,midjourney_fake,id,0.000000
R:\_Projects\Eurus_Workspace\HolmHz\data\raw_v2\ciplab_faces\real_and_fake_face\training_fake\hard_109_1100.jpg,1,ciplab_training_fake,id,0.000000
R:\_Projects\Eurus_Workspace\HolmHz\data\raw_v2\diffusion_fakes\Real\REAL_5003.jpg,0,deepfake_collection_real,id,0.000000
R:\_Projects\Eurus_Workspace\HolmHz\data\raw_v2\deepdetect2025\ddata\train\real\29165.jpg,0,dd2025_real,id,0.000000
R:\_Projects\Eurus_Workspace\HolmHz\data\raw_v2\rvf10k\rvf10k\train\fake\569VNVR164.jpg,1,rvf10k_train_fake,id,0.000000
R:\_Projects\Eurus_Workspace\HolmHz\data\raw_v2\diffusion_fakes\Real\REAL_3931.jpg,0,deepfake_collection_real,id,0.000007
R:\_Projects\Eurus_Workspace\HolmHz\data\raw_v2\deepdetect2025\ddata\train\real\56325.jpg,0,dd2025_real,id,0.000000
R:\_Projects\Eurus_Workspace\HolmHz\data\raw_v2\ciplab_faces\real_and_fake_face_detection\real_and_fake_face\training_real\real_00179.jpg,0,ciplab_training_real,id,0.000000
R:\_Projects\Eurus_Workspace\HolmHz\data\raw_v2\diffusion_fakes\Midjourney\Midjourney_0288.png,1,midjourney_fake,id,0.000000
R:\_Projects\Eurus_Workspace\HolmHz\data\raw_v2\rvf10k\rvf10k\train\fake\CUSDU3B474.jpg,1,rvf10k_train_fake,id,0.000000
R:\_Projects\Eurus_Workspace\HolmHz\data\raw_v2\rvf10k\rvf10k\train\fake\48K6AU9U3V.jpg,1,rvf10k_train_fake,id,0.156915
R:\_Projects\Eurus_Workspace\HolmHz\data\raw_v2\rvf10k\rvf10k\train\real\54519.jpg,0,rvf10k_train_real,id,0.000000
R:\_Projects\Eurus_Workspace\HolmHz\data\raw_v2\rvf10k\rvf10k\train\real\49113.jpg,0,rvf10k_train_real,id,0.000170
R:\_Projects\Eurus_Workspace\HolmHz\data\raw_v2\deepdetect2025\ddata\train\fake\fake_032568.jpg,1,dd2025_fake,id,0.000000
R:\_Projects\Eurus_Workspace\HolmHz\data\raw_v2\rvf10k\rvf10k\train\fake\PG0PVA6JC0.jpg,1,rvf10k_train_fake,id,0.232622
R:\_Projects\Eurus_Workspace\HolmHz\data\raw_v2\diffusion_fakes\DALL-E\DALL-E_0072.jpg,1,dalle_fake,id,0.000000
R:\_Projects\Eurus_Workspace\HolmHz\data\raw_v2\rvf10k\rvf10k\train\fake\494J5CDLHV.jpg,1,rvf10k_train_fake,id,0.000001
R:\_Projects\Eurus_Workspace\HolmHz\data\raw_v2\rvf10k\rvf10k\train\real\66253.jpg,0,rvf10k_train_real,id,0.000000
R:\_Projects\Eurus_Workspace\HolmHz\data\raw_v2\diffusion_fakes\Real\REAL_1106.jpg,0,deepfake_collection_real,id,0.000001
R:\_Projects\Eurus_Workspace\HolmHz\data\raw_v2\rvf10k\rvf10k\train\real\09232.jpg,0,rvf10k_train_real,id,0.000000
R:\_Projects\Eurus_Workspace\HolmHz\data\raw_v2\rvf10k\rvf10k\valid\real\67656.jpg,0,rvf10k_valid_real,id,0.000000
R:\_Projects\Eurus_Workspace\HolmHz\data\raw_v2\diffusion_fakes\DALL-E\DALL-E_0647.jpg,1,dalle_fake,id,0.000000
R:\_Projects\Eurus_Workspace\HolmHz\data\raw_v2\rvf10k\rvf10k\train\real\57021.jpg,0,rvf10k_train_real,id,0.000000
R:\_Projects\Eurus_Workspace\HolmHz\data\raw_v2\diffusion_fakes\Real\REAL_5148.jpg,0,deepfake_collection_real,id,0.000000
R:\_Projects\Eurus_Workspace\HolmHz\data\raw_v2\diffusion_fakes\Midjourney\Midjourney_0875.png,1,midjourney_fake,id,0.000000
R:\_Projects\Eurus_Workspace\HolmHz\data\raw_v2\rvf10k\rvf10k\train\real\10139.jpg,0,rvf10k_train_real,id,0.000000
R:\_Projects\Eurus_Workspace\HolmHz\data\raw_v2\diffusion_fakes\Real\REAL_4624.jpg,0,deepfake_collection_real,id,0.000000
R:\_Projects\Eurus_Workspace\HolmHz\data\raw_v2\diffusion_fakes\Stable Diffusion\Stable_Diffusion_898.jpg,1,sd_fake,id,0.000000
R:\_Projects\Eurus_Workspace\HolmHz\data\raw_v2\rvf10k\rvf10k\valid\real\16927.jpg,0,rvf10k_valid_real,id,0.000001
R:\_Projects\Eurus_Workspace\HolmHz\data\raw_v2\deepdetect2025\ddata\train\fake\fake_033330.jpg,1,dd2025_fake,id,0.077129
R:\_Projects\Eurus_Workspace\HolmHz\data\raw_v2\ciplab_faces\real_and_fake_face_detection\real_and_fake_face\training_real\real_00612.jpg,0,ciplab_training_real,id,0.000000
R:\_Projects\Eurus_Workspace\HolmHz\data\raw_v2\deepdetect2025\ddata\train\real\02124.jpg,0,dd2025_real,id,0.000000
R:\_Projects\Eurus_Workspace\HolmHz\data\raw_v2\rvf10k\rvf10k\train\fake\58EGNTSBYD.jpg,1,rvf10k_train_fake,id,0.000000
R:\_Projects\Eurus_Workspace\HolmHz\data\raw_v2\deepdetect2025\ddata\train\real\39704.jpg,0,dd2025_real,id,0.000000
R:\_Projects\Eurus_Workspace\HolmHz\data\raw_v2\rvf10k\rvf10k\train\real\59555.jpg,0,rvf10k_train_real,id,0.000000
R:\_Projects\Eurus_Workspace\HolmHz\data\raw_v2\deepdetect2025\ddata\train\real\30783.jpg,0,dd2025_real,id,0.000000
R:\_Projects\Eurus_Workspace\HolmHz\data\raw_v2\deepdetect2025\ddata\train\real\47615.jpg,0,dd2025_real,id,0.000000
R:\_Projects\Eurus_Workspace\HolmHz\data\raw_v2\diffusion_fakes\Real\REAL_3271.jpg,0,deepfake_collection_real,id,0.000000
R:\_Projects\Eurus_Workspace\HolmHz\data\raw_v2\diffusion_fakes\Stable Diffusion\Stable_Diffusion_106.jpg,1,sd_fake,id,0.000131
R:\_Projects\Eurus_Workspace\HolmHz\data\raw_v2\rvf10k\rvf10k\train\fake\YCWJBYOS10.jpg,1,rvf10k_train_fake,id,0.000000
R:\_Projects\Eurus_Workspace\HolmHz\data\raw_v2\diffusion_fakes\Real\REAL_5665.jpg,0,deepfake_collection_real,id,0.000001
R:\_Projects\Eurus_Workspace\HolmHz\data\raw_v2\rvf10k\rvf10k\train\real\51207.jpg,0,rvf10k_train_real,id,0.000000
R:\_Projects\Eurus_Workspace\HolmHz\data\raw_v2\rvf10k\rvf10k\valid\real\01689.jpg,0,rvf10k_valid_real,id,0.000000
R:\_Projects\Eurus_Workspace\HolmHz\data\raw_v2\diffusion_fakes\Midjourney\Midjourney_0764.png,1,midjourney_fake,id,0.000000
R:\_Projects\Eurus_Workspace\HolmHz\data\raw_v2\deepdetect2025\ddata\train\fake\fake_004250.jpg,1,dd2025_fake,id,0.000012
R:\_Projects\Eurus_Workspace\HolmHz\data\raw_v2\deepdetect2025\ddata\train\fake\fake_037255.jpg,1,dd2025_fake,id,0.000000
R:\_Projects\Eurus_Workspace\HolmHz\data\raw_v2\diffusion_fakes\Stable Diffusion\Stable_Diffusion_1292.jpg,1,sd_fake,id,0.000002
R:\_Projects\Eurus_Workspace\HolmHz\data\raw_v2\rvf10k\rvf10k\train\real\31898.jpg,0,rvf10k_train_real,id,0.000000
R:\_Projects\Eurus_Workspace\HolmHz\data\raw_v2\ciplab_faces\real_and_fake_face\training_fake\hard_70_1100.jpg,1,ciplab_training_fake,id,0.000000
R:\_Projects\Eurus_Workspace\HolmHz\data\raw_v2\deepdetect2025\ddata\train\real\13358.jpg,0,dd2025_real,id,0.000000
R:\_Projects\Eurus_Workspace\HolmHz\data\raw_v2\rvf10k\rvf10k\valid\fake\FSMMYMPZKZ.jpg,1,rvf10k_valid_fake,id,0.000315
R:\_Projects\Eurus_Workspace\HolmHz\data\raw_v2\diffusion_fakes\Real\REAL_5831.jpg,0,deepfake_collection_real,id,0.000000
R:\_Projects\Eurus_Workspace\HolmHz\data\raw_v2\deepdetect2025\ddata\train\fake\fake_031786.jpg,1,dd2025_fake,id,0.000001
R:\_Projects\Eurus_Workspace\HolmHz\data\raw_v2\diffusion_fakes\Real\REAL_0993.jpg,0,deepfake_collection_real,id,0.000000
R:\_Projects\Eurus_Workspace\HolmHz\data\raw_v2\deepdetect2025\ddata\train\fake\fake_009285.jpg,1,dd2025_fake,id,0.000059
R:\_Projects\Eurus_Workspace\HolmHz\data\raw_v2\rvf10k\rvf10k\valid\real\15113.jpg,0,rvf10k_valid_real,id,0.000000
R:\_Projects\Eurus_Workspace\HolmHz\data\raw_v2\rvf10k\rvf10k\train\real\19159.jpg,0,rvf10k_train_real,id,0.000000
R:\_Projects\Eurus_Workspace\HolmHz\data\raw_v2\deepdetect2025\ddata\train\real\44118.jpg,0,dd2025_real,id,0.000000
R:\_Projects\Eurus_Workspace\HolmHz\data\raw_v2\rvf10k\rvf10k\valid\fake\4H8OASZBQX.jpg,1,rvf10k_valid_fake,id,0.000000
R:\_Projects\Eurus_Workspace\HolmHz\data\raw_v2\diffusion_fakes\DALL-E\DALL-E_0826.jpg,1,dalle_fake,id,0.000000
R:\_Projects\Eurus_Workspace\HolmHz\data\raw_v2\rvf10k\rvf10k\train\real\69015.jpg,0,rvf10k_train_real,id,0.000000
R:\_Projects\Eurus_Workspace\HolmHz\data\raw_v2\diffusion_fakes\Real\REAL_4106.jpg,0,deepfake_collection_real,id,0.000000
R:\_Projects\Eurus_Workspace\HolmHz\data\raw_v2\diffusion_fakes\Midjourney\Midjourney_0365.png,1,midjourney_fake,id,0.000000
R:\_Projects\Eurus_Workspace\HolmHz\data\raw_v2\ciplab_faces\real_and_fake_face\training_fake\hard_204_0011.jpg,1,ciplab_training_fake,id,0.000000
R:\_Projects\Eurus_Workspace\HolmHz\data\raw_v2\diffusion_fakes\Real\REAL_1801.jpg,0,deepfake_collection_real,id,0.000000
R:\_Projects\Eurus_Workspace\HolmHz\data\raw_v2\diffusion_fakes\Real\REAL_5494.jpg,0,deepfake_collection_real,id,0.000001
R:\_Projects\Eurus_Workspace\HolmHz\data\raw_v2\ciplab_faces\real_and_fake_face\training_real\real_00590.jpg,0,ciplab_training_real,id,0.000000
R:\_Projects\Eurus_Workspace\HolmHz\data\raw_v2\deepdetect2025\ddata\train\real\31427.jpg,0,dd2025_real,id,0.000000
R:\_Projects\Eurus_Workspace\HolmHz\data\raw_v2\ciplab_faces\real_and_fake_face_detection\real_and_fake_face\training_fake\mid_292_1000.jpg,1,ciplab_training_fake,id,0.000000
R:\_Projects\Eurus_Workspace\HolmHz\data\raw_v2\deepdetect2025\ddata\train\real\03371.jpg,0,dd2025_real,id,0.000000
R:\_Projects\Eurus_Workspace\HolmHz\data\raw_v2\diffusion_fakes\Stable Diffusion\Stable_Diffusion_1186.jpg,1,sd_fake,id,0.000000
R:\_Projects\Eurus_Workspace\HolmHz\data\raw_v2\diffusion_fakes\DALL-E\DALL-E_1325.jpg,1,dalle_fake,id,0.000000
R:\_Projects\Eurus_Workspace\HolmHz\data\raw_v2\ciplab_faces\real_and_fake_face\training_fake\hard_195_1000.jpg,1,ciplab_training_fake,id,0.000000
R:\_Projects\Eurus_Workspace\HolmHz\data\raw_v2\rvf10k\rvf10k\valid\real\11373.jpg,0,rvf10k_valid_real,id,0.000000
R:\_Projects\Eurus_Workspace\HolmHz\data\raw_v2\deepdetect2025\ddata\train\real\25626.jpg,0,dd2025_real,id,0.000000
R:\_Projects\Eurus_Workspace\HolmHz\data\raw_v2\diffusion_fakes\Stable Diffusion\Stable_Diffusion_876.jpg,1,sd_fake,id,0.000166
R:\_Projects\Eurus_Workspace\HolmHz\data\raw_v2\diffusion_fakes\DALL-E\DALL-E_1335.jpg,1,dalle_fake,id,0.000000
R:\_Projects\Eurus_Workspace\HolmHz\data\raw_v2\deepdetect2025\ddata\train\fake\fake_001459.jpg,1,dd2025_fake,id,0.065973
R:\_Projects\Eurus_Workspace\HolmHz\data\raw_v2\diffusion_fakes\Midjourney\Midjourney_0047.png,1,midjourney_fake,id,0.000000
R:\_Projects\Eurus_Workspace\HolmHz\data\raw_v2\ciplab_faces\real_and_fake_face_detection\real_and_fake_face\training_fake\easy_173_0111.jpg,1,ciplab_training_fake,id,0.000000
R:\_Projects\Eurus_Workspace\HolmHz\data\raw_v2\rvf10k\rvf10k\valid\real\20281.jpg,0,rvf10k_valid_real,id,0.000000
R:\_Projects\Eurus_Workspace\HolmHz\data\raw_v2\rvf10k\rvf10k\train\real\33796.jpg,0,rvf10k_train_real,id,0.000000
R:\_Projects\Eurus_Workspace\HolmHz\data\raw_v2\deepdetect2025\ddata\train\real\06566.jpg,0,dd2025_real,id,0.000000
R:\_Projects\Eurus_Workspace\HolmHz\data\raw_v2\rvf10k\rvf10k\train\real\12745.jpg,0,rvf10k_train_real,id,0.000000
R:\_Projects\Eurus_Workspace\HolmHz\data\raw_v2\diffusion_fakes\Real\REAL_1986.jpg,0,deepfake_collection_real,id,0.000000
R:\_Projects\Eurus_Workspace\HolmHz\data\raw_v2\ciplab_faces\real_and_fake_face_detection\real_and_fake_face\training_real\real_01069.jpg,0,ciplab_training_real,id,0.000000
R:\_Projects\Eurus_Workspace\HolmHz\data\raw_v2\deepdetect2025\ddata\train\fake\fake_017404.jpg,1,dd2025_fake,id,0.000000
R:\_Projects\Eurus_Workspace\HolmHz\data\raw_v2\ciplab_faces\real_and_fake_face\training_fake\mid_201_1111.jpg,1,ciplab_training_fake,id,0.000001
R:\_Projects\Eurus_Workspace\HolmHz\data\raw_v2\deepdetect2025\ddata\train\real\40519.jpg,0,dd2025_real,id,0.000000
R:\_Projects\Eurus_Workspace\HolmHz\data\raw_v2\rvf10k\rvf10k\valid\fake\RRUNQEDUFU.jpg,1,rvf10k_valid_fake,id,0.000001
R:\_Projects\Eurus_Workspace\HolmHz\data\raw_v2\rvf10k\rvf10k\train\real\30854.jpg,0,rvf10k_train_real,id,0.000000
R:\_Projects\Eurus_Workspace\HolmHz\data\raw_v2\diffusion_fakes\Real\REAL_4241.jpg,0,deepfake_collection_real,id,0.000000
R:\_Projects\Eurus_Workspace\HolmHz\data\raw_v2\rvf10k\rvf10k\train\real\19235.jpg,0,rvf10k_train_real,id,0.000000
R:\_Projects\Eurus_Workspace\HolmHz\data\raw_v2\deepdetect2025\ddata\train\real\61458.jpg,0,dd2025_real,id,0.000000
R:\_Projects\Eurus_Workspace\HolmHz\data\raw_v2\ciplab_faces\real_and_fake_face_detection\real_and_fake_face\training_fake\mid_386_1110.jpg,1,ciplab_training_fake,id,0.000000
R:\_Projects\Eurus_Workspace\HolmHz\data\raw_v2\diffusion_fakes\Real\REAL_1176.jpg,0,deepfake_collection_real,id,0.000000
R:\_Projects\Eurus_Workspace\HolmHz\data\raw_v2\deepdetect2025\ddata\train\fake\fake_015405.png,1,dd2025_fake,id,0.000039
R:\_Projects\Eurus_Workspace\HolmHz\data\raw_v2\ciplab_faces\real_and_fake_face_detection\real_and_fake_face\training_fake\hard_236_1001.jpg,1,ciplab_training_fake,id,0.000000
R:\_Projects\Eurus_Workspace\HolmHz\data\raw_v2\diffusion_fakes\Stable Diffusion\Stable_Diffusion_1973.jpg,1,sd_fake,id,0.000000
R:\_Projects\Eurus_Workspace\HolmHz\data\raw_v2\rvf10k\rvf10k\train\real\33568.jpg,0,rvf10k_train_real,id,0.000000
R:\_Projects\Eurus_Workspace\HolmHz\data\raw_v2\rvf10k\rvf10k\valid\fake\CYBS47GQAU.jpg,1,rvf10k_valid_fake,id,0.536372
R:\_Projects\Eurus_Workspace\HolmHz\data\raw_v2\ciplab_faces\real_and_fake_face\training_fake\mid_69_1111.jpg,1,ciplab_training_fake,id,0.000000
R:\_Projects\Eurus_Workspace\HolmHz\data\raw_v2\rvf10k\rvf10k\train\fake\GJIIEKLDBS.jpg,1,rvf10k_train_fake,id,0.000017
R:\_Projects\Eurus_Workspace\HolmHz\data\raw_v2\deepdetect2025\ddata\train\real\05376.jpg,0,dd2025_real,id,0.000000
R:\_Projects\Eurus_Workspace\HolmHz\data\raw_v2\deepdetect2025\ddata\train\fake\fake_011873.jpg,1,dd2025_fake,id,0.000085
R:\_Projects\Eurus_Workspace\HolmHz\data\raw_v2\diffusion_fakes\Real\REAL_0720.jpg,0,deepfake_collection_real,id,0.000000
R:\_Projects\Eurus_Workspace\HolmHz\data\raw_v2\deepdetect2025\ddata\train\fake\fake_022675.png,1,dd2025_fake,id,0.119118
R:\_Projects\Eurus_Workspace\HolmHz\data\raw_v2\diffusion_fakes\Real\REAL_4479.jpg,0,deepfake_collection_real,id,0.000000
R:\_Projects\Eurus_Workspace\HolmHz\data\raw_v2\ciplab_faces\real_and_fake_face_detection\real_and_fake_face\training_fake\mid_437_1101.jpg,1,ciplab_training_fake,id,0.000012
R:\_Projects\Eurus_Workspace\HolmHz\data\raw_v2\diffusion_fakes\Real\REAL_4798.jpg,0,deepfake_collection_real,id,0.000000
R:\_Projects\Eurus_Workspace\HolmHz\data\raw_v2\rvf10k\rvf10k\train\real\41462.jpg,0,rvf10k_train_real,id,0.000001
R:\_Projects\Eurus_Workspace\HolmHz\data\raw_v2\diffusion_fakes\DALL-E\DALL-E_1767.jpg,1,dalle_fake,id,0.000000
R:\_Projects\Eurus_Workspace\HolmHz\data\raw_v2\diffusion_fakes\DALL-E\DALL-E_0139.jpg,1,dalle_fake,id,0.000000
R:\_Projects\Eurus_Workspace\HolmHz\data\raw_v2\ciplab_faces\real_and_fake_face_detection\real_and_fake_face\training_real\real_00306.jpg,0,ciplab_training_real,id,0.000000
R:\_Projects\Eurus_Workspace\HolmHz\data\raw_v2\deepdetect2025\ddata\train\real\08344.jpg,0,dd2025_real,id,0.000000
R:\_Projects\Eurus_Workspace\HolmHz\data\raw_v2\rvf10k\rvf10k\valid\real\45014.jpg,0,rvf10k_valid_real,id,0.000000
R:\_Projects\Eurus_Workspace\HolmHz\data\raw_v2\ciplab_faces\real_and_fake_face\training_fake\mid_224_1111.jpg,1,ciplab_training_fake,id,0.000008
R:\_Projects\Eurus_Workspace\HolmHz\data\raw_v2\deepdetect2025\ddata\train\real\04431.jpg,0,dd2025_real,id,0.000000
R:\_Projects\Eurus_Workspace\HolmHz\data\raw_v2\deepdetect2025\ddata\train\fake\fake_021732.jpg,1,dd2025_fake,id,0.112736
R:\_Projects\Eurus_Workspace\HolmHz\data\raw_v2\ciplab_faces\real_and_fake_face\training_real\real_00027.jpg,0,ciplab_training_real,id,0.000004
R:\_Projects\Eurus_Workspace\HolmHz\data\raw_v2\rvf10k\rvf10k\train\real\34425.jpg,0,rvf10k_train_real,id,0.000000
R:\_Projects\Eurus_Workspace\HolmHz\data\raw_v2\ciplab_faces\real_and_fake_face_detection\real_and_fake_face\training_real\real_00222.jpg,0,ciplab_training_real,id,0.000002
R:\_Projects\Eurus_Workspace\HolmHz\data\raw_v2\diffusion_fakes\Real\REAL_5302.jpg,0,deepfake_collection_real,id,0.000000
R:\_Projects\Eurus_Workspace\HolmHz\data\raw_v2\diffusion_fakes\Real\REAL_2298.jpg,0,deepfake_collection_real,id,0.000052
R:\_Projects\Eurus_Workspace\HolmHz\data\raw_v2\rvf10k\rvf10k\train\real\27355.jpg,0,rvf10k_train_real,id,0.000000
R:\_Projects\Eurus_Workspace\HolmHz\data\raw_v2\diffusion_fakes\Real\REAL_1354.jpg,0,deepfake_collection_real,id,0.000000
R:\_Projects\Eurus_Workspace\HolmHz\data\raw_v2\diffusion_fakes\Real\REAL_4926.jpg,0,deepfake_collection_real,id,0.000000
R:\_Projects\Eurus_Workspace\HolmHz\data\raw_v2\rvf10k\rvf10k\valid\fake\MOF42RA0EY.jpg,1,rvf10k_valid_fake,id,0.000000
R:\_Projects\Eurus_Workspace\HolmHz\data\raw_v2\diffusion_fakes\Real\REAL_1467.jpg,0,deepfake_collection_real,id,0.000009
R:\_Projects\Eurus_Workspace\HolmHz\data\raw_v2\deepdetect2025\ddata\train\fake\fake_034980.jpg,1,dd2025_fake,id,0.000000
R:\_Projects\Eurus_Workspace\HolmHz\data\raw_v2\ciplab_faces\real_and_fake_face_detection\real_and_fake_face\training_real\real_00283.jpg,0,ciplab_training_real,id,0.000000
R:\_Projects\Eurus_Workspace\HolmHz\data\raw_v2\deepdetect2025\ddata\train\fake\fake_012255.jpg,1,dd2025_fake,id,0.000000
R:\_Projects\Eurus_Workspace\HolmHz\data\raw_v2\rvf10k\rvf10k\valid\fake\5O4UGVXPID.jpg,1,rvf10k_valid_fake,id,0.000001
R:\_Projects\Eurus_Workspace\HolmHz\data\raw_v2\deepdetect2025\ddata\train\fake\fake_030083.jpg,1,dd2025_fake,id,0.000117
R:\_Projects\Eurus_Workspace\HolmHz\data\raw_v2\ciplab_faces\real_and_fake_face\training_real\real_01009.jpg,0,ciplab_training_real,id,0.000032
R:\_Projects\Eurus_Workspace\HolmHz\data\raw_v2\ciplab_faces\real_and_fake_face\training_fake\easy_174_1110.jpg,1,ciplab_training_fake,id,0.000000
R:\_Projects\Eurus_Workspace\HolmHz\data\raw_v2\diffusion_fakes\Real\REAL_0623.jpg,0,deepfake_collection_real,id,0.000000
R:\_Projects\Eurus_Workspace\HolmHz\data\raw_v2\rvf10k\rvf10k\train\real\51346.jpg,0,rvf10k_train_real,id,0.000000
R:\_Projects\Eurus_Workspace\HolmHz\data\raw_v2\deepdetect2025\ddata\train\real\28892.jpg,0,dd2025_real,id,0.000001
R:\_Projects\Eurus_Workspace\HolmHz\data\raw_v2\rvf10k\rvf10k\valid\real\18815.jpg,0,rvf10k_valid_real,id,0.000000
R:\_Projects\Eurus_Workspace\HolmHz\data\raw_v2\rvf10k\rvf10k\valid\fake\92JGC1GNGS.jpg,1,rvf10k_valid_fake,id,0.000284
R:\_Projects\Eurus_Workspace\HolmHz\data\raw_v2\rvf10k\rvf10k\valid\fake\DH1N84K61B.jpg,1,rvf10k_valid_fake,id,0.000020
R:\_Projects\Eurus_Workspace\HolmHz\data\raw_v2\deepdetect2025\ddata\train\real\28653.jpg,0,dd2025_real,id,0.000000
R:\_Projects\Eurus_Workspace\HolmHz\data\raw_v2\rvf10k\rvf10k\train\fake\677KS8B0Z6.jpg,1,rvf10k_train_fake,id,0.000000
R:\_Projects\Eurus_Workspace\HolmHz\data\raw_v2\diffusion_fakes\Real\REAL_5292.jpg,0,deepfake_collection_real,id,0.000005
R:\_Projects\Eurus_Workspace\HolmHz\data\raw_v2\rvf10k\rvf10k\train\real\15819.jpg,0,rvf10k_train_real,id,0.000000
R:\_Projects\Eurus_Workspace\HolmHz\data\raw_v2\deepdetect2025\ddata\train\fake\fake_017717.jpg,1,dd2025_fake,id,0.000000
R:\_Projects\Eurus_Workspace\HolmHz\data\raw_v2\rvf10k\rvf10k\train\real\49219.jpg,0,rvf10k_train_real,id,0.000002
R:\_Projects\Eurus_Workspace\HolmHz\data\raw_v2\rvf10k\rvf10k\train\real\46008.jpg,0,rvf10k_train_real,id,0.000000
R:\_Projects\Eurus_Workspace\HolmHz\data\raw_v2\deepdetect2025\ddata\train\real\47469.jpg,0,dd2025_real,id,0.000000
R:\_Projects\Eurus_Workspace\HolmHz\data\raw_v2\deepdetect2025\ddata\train\real\48545.jpg,0,dd2025_real,id,0.000000
R:\_Projects\Eurus_Workspace\HolmHz\data\raw_v2\rvf10k\rvf10k\train\fake\0G83XR0D0A.jpg,1,rvf10k_train_fake,id,0.000000
R:\_Projects\Eurus_Workspace\HolmHz\data\raw_v2\diffusion_fakes\DALL-E\DALL-E_0713.jpg,1,dalle_fake,id,0.000000
R:\_Projects\Eurus_Workspace\HolmHz\data\raw_v2\diffusion_fakes\Stable Diffusion\Stable_Diffusion_642.jpg,1,sd_fake,id,0.000000
R:\_Projects\Eurus_Workspace\HolmHz\data\raw_v2\diffusion_fakes\Real\REAL_0524.jpg,0,deepfake_collection_real,id,0.003496
R:\_Projects\Eurus_Workspace\HolmHz\data\raw_v2\diffusion_fakes\Real\REAL_0961.jpg,0,deepfake_collection_real,id,0.000000
R:\_Projects\Eurus_Workspace\HolmHz\data\raw_v2\diffusion_fakes\Stable Diffusion\Stable_Diffusion_269.jpg,1,sd_fake,id,0.000000
R:\_Projects\Eurus_Workspace\HolmHz\data\raw_v2\diffusion_fakes\Real\REAL_0944.jpg,0,deepfake_collection_real,id,0.000000
R:\_Projects\Eurus_Workspace\HolmHz\data\raw_v2\deepdetect2025\ddata\train\fake\fake_033677.jpg,1,dd2025_fake,id,0.000002
R:\_Projects\Eurus_Workspace\HolmHz\data\raw_v2\deepdetect2025\ddata\train\real\61213.jpg,0,dd2025_real,id,0.000000
R:\_Projects\Eurus_Workspace\HolmHz\data\raw_v2\deepdetect2025\ddata\train\fake\fake_037054.jpg,1,dd2025_fake,id,0.000001
R:\_Projects\Eurus_Workspace\HolmHz\data\raw_v2\deepdetect2025\ddata\train\real\29785.jpg,0,dd2025_real,id,0.000000
R:\_Projects\Eurus_Workspace\HolmHz\data\raw_v2\rvf10k\rvf10k\train\real\02077.jpg,0,rvf10k_train_real,id,0.000001
R:\_Projects\Eurus_Workspace\HolmHz\data\raw_v2\rvf10k\rvf10k\train\real\09872.jpg,0,rvf10k_train_real,id,0.000000
R:\_Projects\Eurus_Workspace\HolmHz\data\raw_v2\deepdetect2025\ddata\train\fake\fake_025875.png,1,dd2025_fake,id,0.000082
R:\_Projects\Eurus_Workspace\HolmHz\data\raw_v2\deepdetect2025\ddata\train\real\29335.jpg,0,dd2025_real,id,0.000000
R:\_Projects\Eurus_Workspace\HolmHz\data\raw_v2\diffusion_fakes\Stable Diffusion\Stable_Diffusion_455.jpg,1,sd_fake,id,0.000000
R:\_Projects\Eurus_Workspace\HolmHz\data\raw_v2\rvf10k\rvf10k\valid\real\17104.jpg,0,rvf10k_valid_real,id,0.000000
R:\_Projects\Eurus_Workspace\HolmHz\data\raw_v2\deepdetect2025\ddata\train\real\19490.jpg,0,dd2025_real,id,0.000000
R:\_Projects\Eurus_Workspace\HolmHz\data\raw_v2\diffusion_fakes\Stable Diffusion\Stable_Diffusion_1884.jpg,1,sd_fake,id,0.000001
R:\_Projects\Eurus_Workspace\HolmHz\data\raw_v2\ciplab_faces\real_and_fake_face\training_fake\easy_143_0011.jpg,1,ciplab_training_fake,id,0.000000
R:\_Projects\Eurus_Workspace\HolmHz\data\raw_v2\rvf10k\rvf10k\valid\real\19408.jpg,0,rvf10k_valid_real,id,0.000000
R:\_Projects\Eurus_Workspace\HolmHz\data\raw_v2\diffusion_fakes\Real\REAL_5222.jpg,0,deepfake_collection_real,id,0.000000
R:\_Projects\Eurus_Workspace\HolmHz\data\raw_v2\deepdetect2025\ddata\train\fake\fake_021016.jpg,1,dd2025_fake,id,0.000008
R:\_Projects\Eurus_Workspace\HolmHz\data\raw_v2\diffusion_fakes\DALL-E\DALL-E_1110.jpg,1,dalle_fake,id,0.000000
R:\_Projects\Eurus_Workspace\HolmHz\data\raw_v2\deepdetect2025\ddata\train\fake\fake_030315.jpg,1,dd2025_fake,id,0.000560
R:\_Projects\Eurus_Workspace\HolmHz\data\raw_v2\ciplab_faces\real_and_fake_face\training_real\real_00641.jpg,0,ciplab_training_real,id,0.000453
R:\_Projects\Eurus_Workspace\HolmHz\data\raw_v2\diffusion_fakes\Stable Diffusion\Stable_Diffusion_1135.jpg,1,sd_fake,id,0.000626
R:\_Projects\Eurus_Workspace\HolmHz\data\raw_v2\rvf10k\rvf10k\train\fake\RYPKHI77YZ.jpg,1,rvf10k_train_fake,id,0.007145
R:\_Projects\Eurus_Workspace\HolmHz\data\raw_v2\rvf10k\rvf10k\train\real\02823.jpg,0,rvf10k_train_real,id,0.000000
R:\_Projects\Eurus_Workspace\HolmHz\data\raw_v2\deepdetect2025\ddata\train\fake\fake_024979.jpg,1,dd2025_fake,id,0.028420
R:\_Projects\Eurus_Workspace\HolmHz\data\raw_v2\rvf10k\rvf10k\train\real\23340.jpg,0,rvf10k_train_real,id,0.000000
R:\_Projects\Eurus_Workspace\HolmHz\data\raw_v2\deepdetect2025\ddata\train\fake\fake_026026.jpg,1,dd2025_fake,id,0.000106
R:\_Projects\Eurus_Workspace\HolmHz\data\raw_v2\rvf10k\rvf10k\train\real\63472.jpg,0,rvf10k_train_real,id,0.000000
R:\_Projects\Eurus_Workspace\HolmHz\data\raw_v2\deepdetect2025\ddata\train\real\19394.jpg,0,dd2025_real,id,0.000000
R:\_Projects\Eurus_Workspace\HolmHz\data\raw_v2\rvf10k\rvf10k\valid\real\39647.jpg,0,rvf10k_valid_real,id,0.000000
R:\_Projects\Eurus_Workspace\HolmHz\data\raw_v2\deepdetect2025\ddata\train\real\13256.jpg,0,dd2025_real,id,0.000000
R:\_Projects\Eurus_Workspace\HolmHz\data\raw_v2\deepdetect2025\ddata\train\real\55777.jpg,0,dd2025_real,id,0.000000
R:\_Projects\Eurus_Workspace\HolmHz\data\raw_v2\diffusion_fakes\Stable Diffusion\Stable_Diffusion_1014.jpg,1,sd_fake,id,0.000000
R:\_Projects\Eurus_Workspace\HolmHz\data\raw_v2\ciplab_faces\real_and_fake_face\training_real\real_00307.jpg,0,ciplab_training_real,id,0.000000
R:\_Projects\Eurus_Workspace\HolmHz\data\raw_v2\rvf10k\rvf10k\train\fake\A8731PSKNN.jpg,1,rvf10k_train_fake,id,0.000003
R:\_Projects\Eurus_Workspace\HolmHz\data\raw_v2\deepdetect2025\ddata\train\real\60064.jpg,0,dd2025_real,id,0.000000
R:\_Projects\Eurus_Workspace\HolmHz\data\raw_v2\rvf10k\rvf10k\valid\real\15739.jpg,0,rvf10k_valid_real,id,0.000000
R:\_Projects\Eurus_Workspace\HolmHz\data\raw_v2\deepdetect2025\ddata\train\real\08622.jpg,0,dd2025_real,id,0.000000
R:\_Projects\Eurus_Workspace\HolmHz\data\raw_v2\rvf10k\rvf10k\train\fake\0DR4G8RBXE.jpg,1,rvf10k_train_fake,id,0.000001
R:\_Projects\Eurus_Workspace\HolmHz\data\raw_v2\diffusion_fakes\Midjourney\Midjourney_0008.png,1,midjourney_fake,id,0.000000
R:\_Projects\Eurus_Workspace\HolmHz\data\raw_v2\rvf10k\rvf10k\valid\fake\M45U1N8VXZ.jpg,1,rvf10k_valid_fake,id,0.000000
R:\_Projects\Eurus_Workspace\HolmHz\data\raw_v2\rvf10k\rvf10k\train\real\22978.jpg,0,rvf10k_train_real,id,0.000000
R:\_Projects\Eurus_Workspace\HolmHz\data\raw_v2\rvf10k\rvf10k\train\fake\CPRM47ZIJV.jpg,1,rvf10k_train_fake,id,0.000028
R:\_Projects\Eurus_Workspace\HolmHz\data\raw_v2\diffusion_fakes\Stable Diffusion\Stable_Diffusion_57.jpg,1,sd_fake,id,0.000000
R:\_Projects\Eurus_Workspace\HolmHz\data\raw_v2\deepdetect2025\ddata\train\real\35694.jpg,0,dd2025_real,id,0.000000
R:\_Projects\Eurus_Workspace\HolmHz\data\raw_v2\ciplab_faces\real_and_fake_face\training_fake\hard_7_1111.jpg,1,ciplab_training_fake,id,0.000000
R:\_Projects\Eurus_Workspace\HolmHz\data\raw_v2\diffusion_fakes\Stable Diffusion\Stable_Diffusion_1392.jpg,1,sd_fake,id,0.000000
R:\_Projects\Eurus_Workspace\HolmHz\data\raw_v2\deepdetect2025\ddata\train\real\49136.jpg,0,dd2025_real,id,0.000000
R:\_Projects\Eurus_Workspace\HolmHz\data\raw_v2\rvf10k\rvf10k\train\real\35573.jpg,0,rvf10k_train_real,id,0.000000
R:\_Projects\Eurus_Workspace\HolmHz\data\raw_v2\ciplab_faces\real_and_fake_face_detection\real_and_fake_face\training_fake\hard_165_1000.jpg,1,ciplab_training_fake,id,0.000000
R:\_Projects\Eurus_Workspace\HolmHz\data\raw_v2\ciplab_faces\real_and_fake_face\training_fake\mid_75_1111.jpg,1,ciplab_training_fake,id,0.000000
R:\_Projects\Eurus_Workspace\HolmHz\data\raw_v2\diffusion_fakes\Real\REAL_2722.jpg,0,deepfake_collection_real,id,0.000000
R:\_Projects\Eurus_Workspace\HolmHz\data\raw_v2\rvf10k\rvf10k\train\real\38214.jpg,0,rvf10k_train_real,id,0.000000
R:\_Projects\Eurus_Workspace\HolmHz\data\raw_v2\diffusion_fakes\Stable Diffusion\Stable_Diffusion_1911.jpg,1,sd_fake,id,0.000000
R:\_Projects\Eurus_Workspace\HolmHz\data\raw_v2\diffusion_fakes\Midjourney\Midjourney_0706.png,1,midjourney_fake,id,0.000000
R:\_Projects\Eurus_Workspace\HolmHz\data\raw_v2\deepdetect2025\ddata\train\real\12515.jpg,0,dd2025_real,id,0.000000
R:\_Projects\Eurus_Workspace\HolmHz\data\raw_v2\rvf10k\rvf10k\valid\real\52349.jpg,0,rvf10k_valid_real,id,0.000000
R:\_Projects\Eurus_Workspace\HolmHz\data\raw_v2\deepdetect2025\ddata\train\real\33573.jpg,0,dd2025_real,id,0.000000
R:\_Projects\Eurus_Workspace\HolmHz\data\raw_v2\rvf10k\rvf10k\valid\fake\SCVOAYJ68P.jpg,1,rvf10k_valid_fake,id,0.000000
R:\_Projects\Eurus_Workspace\HolmHz\data\raw_v2\deepdetect2025\ddata\train\fake\fake_021931.jpg,1,dd2025_fake,id,0.000000
R:\_Projects\Eurus_Workspace\HolmHz\data\raw_v2\ciplab_faces\real_and_fake_face\training_real\real_00791.jpg,0,ciplab_training_real,id,0.000000
R:\_Projects\Eurus_Workspace\HolmHz\data\raw_v2\deepdetect2025\ddata\train\fake\fake_031530.jpg,1,dd2025_fake,id,0.000002
R:\_Projects\Eurus_Workspace\HolmHz\data\raw_v2\diffusion_fakes\Real\REAL_1973.jpg,0,deepfake_collection_real,id,0.000000
R:\_Projects\Eurus_Workspace\HolmHz\data\raw_v2\diffusion_fakes\DALL-E\DALL-E_1688.jpg,1,dalle_fake,id,0.000000
R:\_Projects\Eurus_Workspace\HolmHz\data\raw_v2\deepdetect2025\ddata\train\real\23803.jpg,0,dd2025_real,id,0.000015
R:\_Projects\Eurus_Workspace\HolmHz\data\raw_v2\deepdetect2025\ddata\train\fake\fake_026158.jpg,1,dd2025_fake,id,0.000073
R:\_Projects\Eurus_Workspace\HolmHz\data\raw_v2\deepdetect2025\ddata\train\real\05637.jpg,0,dd2025_real,id,0.000000
R:\_Projects\Eurus_Workspace\HolmHz\data\raw_v2\deepdetect2025\ddata\train\fake\fake_036880.jpg,1,dd2025_fake,id,0.998112
R:\_Projects\Eurus_Workspace\HolmHz\data\raw_v2\rvf10k\rvf10k\train\fake\8JN241D2KO.jpg,1,rvf10k_train_fake,id,0.000272
R:\_Projects\Eurus_Workspace\HolmHz\data\raw_v2\diffusion_fakes\Real\REAL_0544.jpg,0,deepfake_collection_real,id,0.000000
R:\_Projects\Eurus_Workspace\HolmHz\data\raw_v2\ciplab_faces\real_and_fake_face_detection\real_and_fake_face\training_real\real_01033.jpg,0,ciplab_training_real,id,0.000000
R:\_Projects\Eurus_Workspace\HolmHz\data\raw_v2\diffusion_fakes\Stable Diffusion\Stable_Diffusion_1568.jpg,1,sd_fake,id,0.000000
R:\_Projects\Eurus_Workspace\HolmHz\data\raw_v2\rvf10k\rvf10k\train\real\18298.jpg,0,rvf10k_train_real,id,0.000000
R:\_Projects\Eurus_Workspace\HolmHz\data\raw_v2\ciplab_faces\real_and_fake_face\training_fake\mid_124_1110.jpg,1,ciplab_training_fake,id,0.000294
R:\_Projects\Eurus_Workspace\HolmHz\data\raw_v2\diffusion_fakes\Midjourney\Midjourney_0403.png,1,midjourney_fake,id,0.000000
R:\_Projects\Eurus_Workspace\HolmHz\data\raw_v2\diffusion_fakes\Real\REAL_0581.jpg,0,deepfake_collection_real,id,0.000001
R:\_Projects\Eurus_Workspace\HolmHz\data\raw_v2\deepdetect2025\ddata\train\real\29628.jpg,0,dd2025_real,id,0.000000
R:\_Projects\Eurus_Workspace\HolmHz\data\raw_v2\diffusion_fakes\Stable Diffusion\Stable_Diffusion_688.jpg,1,sd_fake,id,0.000000
R:\_Projects\Eurus_Workspace\HolmHz\data\raw_v2\deepdetect2025\ddata\train\fake\fake_000185.jpg,1,dd2025_fake,id,0.684027
R:\_Projects\Eurus_Workspace\HolmHz\data\raw_v2\deepdetect2025\ddata\train\real\01502.jpg,0,dd2025_real,id,0.000000
R:\_Projects\Eurus_Workspace\HolmHz\data\raw_v2\deepdetect2025\ddata\train\fake\fake_012647.jpg,1,dd2025_fake,id,0.000857
R:\_Projects\Eurus_Workspace\HolmHz\data\raw_v2\ciplab_faces\real_and_fake_face_detection\real_and_fake_face\training_real\real_00294.jpg,0,ciplab_training_real,id,0.000000
R:\_Projects\Eurus_Workspace\HolmHz\data\raw_v2\rvf10k\rvf10k\valid\real\53464.jpg,0,rvf10k_valid_real,id,0.000000
R:\_Projects\Eurus_Workspace\HolmHz\data\raw_v2\ciplab_faces\real_and_fake_face\training_real\real_00852.jpg,0,ciplab_training_real,id,0.000000
R:\_Projects\Eurus_Workspace\HolmHz\data\raw_v2\ciplab_faces\real_and_fake_face_detection\real_and_fake_face\training_real\real_00745.jpg,0,ciplab_training_real,id,0.000000
R:\_Projects\Eurus_Workspace\HolmHz\data\raw_v2\rvf10k\rvf10k\train\real\34434.jpg,0,rvf10k_train_real,id,0.000000
R:\_Projects\Eurus_Workspace\HolmHz\data\raw_v2\rvf10k\rvf10k\valid\real\28499.jpg,0,rvf10k_valid_real,id,0.000000
R:\_Projects\Eurus_Workspace\HolmHz\data\raw_v2\deepdetect2025\ddata\train\real\04424.jpg,0,dd2025_real,id,0.000000
R:\_Projects\Eurus_Workspace\HolmHz\data\raw_v2\rvf10k\rvf10k\train\real\34045.jpg,0,rvf10k_train_real,id,0.000000
R:\_Projects\Eurus_Workspace\HolmHz\data\raw_v2\deepdetect2025\ddata\train\fake\fake_011030.jpg,1,dd2025_fake,id,0.000374
R:\_Projects\Eurus_Workspace\HolmHz\data\raw_v2\deepdetect2025\ddata\train\real\42018.jpg,0,dd2025_real,id,0.000000
R:\_Projects\Eurus_Workspace\HolmHz\data\raw_v2\ciplab_faces\real_and_fake_face\training_real\real_00539.jpg,0,ciplab_training_real,id,0.000000
R:\_Projects\Eurus_Workspace\HolmHz\data\raw_v2\rvf10k\rvf10k\train\fake\MWW87V9A75.jpg,1,rvf10k_train_fake,id,0.000005
R:\_Projects\Eurus_Workspace\HolmHz\data\raw_v2\deepdetect2025\ddata\train\real\08004.jpg,0,dd2025_real,id,0.000000
R:\_Projects\Eurus_Workspace\HolmHz\data\raw_v2\deepdetect2025\ddata\train\fake\fake_037823.jpg,1,dd2025_fake,id,0.085326
R:\_Projects\Eurus_Workspace\HolmHz\data\raw_v2\diffusion_fakes\Midjourney\Midjourney_0832.png,1,midjourney_fake,id,0.000000
R:\_Projects\Eurus_Workspace\HolmHz\data\raw_v2\rvf10k\rvf10k\train\real\41416.jpg,0,rvf10k_train_real,id,0.000000
R:\_Projects\Eurus_Workspace\HolmHz\data\raw_v2\ciplab_faces\real_and_fake_face\training_fake\easy_32_1100.jpg,1,ciplab_training_fake,id,0.000000
R:\_Projects\Eurus_Workspace\HolmHz\data\raw_v2\rvf10k\rvf10k\train\real\08279.jpg,0,rvf10k_train_real,id,0.000000
R:\_Projects\Eurus_Workspace\HolmHz\data\raw_v2\deepdetect2025\ddata\train\real\24119.jpg,0,dd2025_real,id,0.000000
R:\_Projects\Eurus_Workspace\HolmHz\data\raw_v2\rvf10k\rvf10k\train\fake\MWZEAEG5DJ.jpg,1,rvf10k_train_fake,id,0.001255
R:\_Projects\Eurus_Workspace\HolmHz\data\raw_v2\diffusion_fakes\Stable Diffusion\Stable_Diffusion_807.jpg,1,sd_fake,id,0.000004
R:\_Projects\Eurus_Workspace\HolmHz\data\raw_v2\diffusion_fakes\Real\REAL_2972.jpg,0,deepfake_collection_real,id,0.000000
R:\_Projects\Eurus_Workspace\HolmHz\data\raw_v2\diffusion_fakes\Real\REAL_5403.jpg,0,deepfake_collection_real,id,0.000000
R:\_Projects\Eurus_Workspace\HolmHz\data\raw_v2\rvf10k\rvf10k\train\real\04256.jpg,0,rvf10k_train_real,id,0.000000
R:\_Projects\Eurus_Workspace\HolmHz\data\raw_v2\ciplab_faces\real_and_fake_face\training_real\real_00426.jpg,0,ciplab_training_real,id,0.000000
R:\_Projects\Eurus_Workspace\HolmHz\data\raw_v2\diffusion_fakes\Real\REAL_4239.jpg,0,deepfake_collection_real,id,0.000000
R:\_Projects\Eurus_Workspace\HolmHz\data\raw_v2\rvf10k\rvf10k\valid\fake\TZMOF115F3.jpg,1,rvf10k_valid_fake,id,0.002859
R:\_Projects\Eurus_Workspace\HolmHz\data\raw_v2\deepdetect2025\ddata\train\fake\fake_000404.jpg,1,dd2025_fake,id,0.000015
R:\_Projects\Eurus_Workspace\HolmHz\data\raw_v2\diffusion_fakes\Stable Diffusion\Stable_Diffusion_626.jpg,1,sd_fake,id,0.000006
R:\_Projects\Eurus_Workspace\HolmHz\data\raw_v2\diffusion_fakes\Real\REAL_0027.jpg,0,deepfake_collection_real,id,0.000000
R:\_Projects\Eurus_Workspace\HolmHz\data\raw_v2\diffusion_fakes\DALL-E\DALL-E_0535.jpg,1,dalle_fake,id,0.000000
R:\_Projects\Eurus_Workspace\HolmHz\data\raw_v2\rvf10k\rvf10k\valid\real\01792.jpg,0,rvf10k_valid_real,id,0.000000
R:\_Projects\Eurus_Workspace\HolmHz\data\raw_v2\diffusion_fakes\Stable Diffusion\Stable_Diffusion_347.jpg,1,sd_fake,id,0.000000
R:\_Projects\Eurus_Workspace\HolmHz\data\raw_v2\diffusion_fakes\Real\REAL_1612.jpg,0,deepfake_collection_real,id,0.000000
R:\_Projects\Eurus_Workspace\HolmHz\data\raw_v2\diffusion_fakes\Real\REAL_3370.jpg,0,deepfake_collection_real,id,0.000019
R:\_Projects\Eurus_Workspace\HolmHz\data\raw_v2\rvf10k\rvf10k\train\real\22749.jpg,0,rvf10k_train_real,id,0.000000
R:\_Projects\Eurus_Workspace\HolmHz\data\raw_v2\diffusion_fakes\Stable Diffusion\Stable_Diffusion_1227.jpg,1,sd_fake,id,0.000000
R:\_Projects\Eurus_Workspace\HolmHz\data\raw_v2\deepdetect2025\ddata\train\real\41466.jpg,0,dd2025_real,id,0.000000
R:\_Projects\Eurus_Workspace\HolmHz\data\raw_v2\rvf10k\rvf10k\train\fake\K2LOVNTT8C.jpg,1,rvf10k_train_fake,id,0.001321
R:\_Projects\Eurus_Workspace\HolmHz\data\raw_v2\deepdetect2025\ddata\train\real\42872.jpg,0,dd2025_real,id,0.000000
R:\_Projects\Eurus_Workspace\HolmHz\data\raw_v2\diffusion_fakes\DALL-E\DALL-E_1657.jpg,1,dalle_fake,id,0.000000
R:\_Projects\Eurus_Workspace\HolmHz\data\raw_v2\diffusion_fakes\Stable Diffusion\Stable_Diffusion_1444.jpg,1,sd_fake,id,0.000002
R:\_Projects\Eurus_Workspace\HolmHz\data\raw_v2\deepdetect2025\ddata\train\real\42345.jpg,0,dd2025_real,id,0.000000
R:\_Projects\Eurus_Workspace\HolmHz\data\raw_v2\deepdetect2025\ddata\train\real\39126.jpg,0,dd2025_real,id,0.000000
R:\_Projects\Eurus_Workspace\HolmHz\data\raw_v2\diffusion_fakes\Real\REAL_4082.jpg,0,deepfake_collection_real,id,0.000000
R:\_Projects\Eurus_Workspace\HolmHz\data\raw_v2\ciplab_faces\real_and_fake_face_detection\real_and_fake_face\training_fake\mid_275_1100.jpg,1,ciplab_training_fake,id,0.000000
R:\_Projects\Eurus_Workspace\HolmHz\data\raw_v2\rvf10k\rvf10k\train\fake\V1J9OLDZCH.jpg,1,rvf10k_train_fake,id,0.000006
R:\_Projects\Eurus_Workspace\HolmHz\data\raw_v2\ciplab_faces\real_and_fake_face_detection\real_and_fake_face\training_real\real_00250.jpg,0,ciplab_training_real,id,0.000001
R:\_Projects\Eurus_Workspace\HolmHz\data\raw_v2\camera_vs_ai\ai vs real photos\Camera_images\49.jpg,0,camera_train_real,id,0.000000
R:\_Projects\Eurus_Workspace\HolmHz\data\raw_v2\deepdetect2025\ddata\train\real\11070.jpg,0,dd2025_real,id,0.001381
R:\_Projects\Eurus_Workspace\HolmHz\data\raw_v2\diffusion_fakes\Midjourney\Midjourney_0888.png,1,midjourney_fake,id,0.000000
R:\_Projects\Eurus_Workspace\HolmHz\data\raw_v2\ciplab_faces\real_and_fake_face\training_real\real_00526.jpg,0,ciplab_training_real,id,0.000000
R:\_Projects\Eurus_Workspace\HolmHz\data\raw_v2\deepdetect2025\ddata\train\fake\fake_034990.jpg,1,dd2025_fake,id,0.704069
R:\_Projects\Eurus_Workspace\HolmHz\data\raw_v2\deepdetect2025\ddata\train\fake\fake_011481.jpg,1,dd2025_fake,id,0.000000
R:\_Projects\Eurus_Workspace\HolmHz\data\raw_v2\camera_vs_ai\ai vs real photos\Camera_images\33.jpg,0,camera_train_real,id,0.000023
R:\_Projects\Eurus_Workspace\HolmHz\data\raw_v2\diffusion_fakes\Real\REAL_3839.jpg,0,deepfake_collection_real,id,0.000000
R:\_Projects\Eurus_Workspace\HolmHz\data\raw_v2\rvf10k\rvf10k\train\real\38976.jpg,0,rvf10k_train_real,id,0.000000
R:\_Projects\Eurus_Workspace\HolmHz\data\raw_v2\rvf10k\rvf10k\train\real\09466.jpg,0,rvf10k_train_real,id,0.000000
R:\_Projects\Eurus_Workspace\HolmHz\data\raw_v2\deepdetect2025\ddata\train\fake\fake_007251.jpg,1,dd2025_fake,id,0.000000
R:\_Projects\Eurus_Workspace\HolmHz\data\raw_v2\deepdetect2025\ddata\train\fake\fake_012001.jpg,1,dd2025_fake,id,0.000000
R:\_Projects\Eurus_Workspace\HolmHz\data\raw_v2\diffusion_fakes\Real\REAL_4643.jpg,0,deepfake_collection_real,id,0.000000
R:\_Projects\Eurus_Workspace\HolmHz\data\raw_v2\deepdetect2025\ddata\train\real\57905.jpg,0,dd2025_real,id,0.000000
R:\_Projects\Eurus_Workspace\HolmHz\data\raw_v2\diffusion_fakes\Real\REAL_1881.jpg,0,deepfake_collection_real,id,0.000000
R:\_Projects\Eurus_Workspace\HolmHz\data\raw_v2\deepdetect2025\ddata\train\real\33832.jpg,0,dd2025_real,id,0.000000
R:\_Projects\Eurus_Workspace\HolmHz\data\raw_v2\diffusion_fakes\Stable Diffusion\Stable_Diffusion_1768.jpg,1,sd_fake,id,0.000000
R:\_Projects\Eurus_Workspace\HolmHz\data\raw_v2\rvf10k\rvf10k\train\real\64573.jpg,0,rvf10k_train_real,id,0.000000
R:\_Projects\Eurus_Workspace\HolmHz\data\raw_v2\ciplab_faces\real_and_fake_face\training_real\real_00716.jpg,0,ciplab_training_real,id,0.000000
R:\_Projects\Eurus_Workspace\HolmHz\data\raw_v2\deepdetect2025\ddata\train\real\52073.jpg,0,dd2025_real,id,0.000000
R:\_Projects\Eurus_Workspace\HolmHz\data\raw_v2\diffusion_fakes\Real\REAL_5430.jpg,0,deepfake_collection_real,id,0.000000
R:\_Projects\Eurus_Workspace\HolmHz\data\raw_v2\rvf10k\rvf10k\train\fake\ZXNGBQ0XR5.jpg,1,rvf10k_train_fake,id,0.000010
R:\_Projects\Eurus_Workspace\HolmHz\data\raw_v2\deepdetect2025\ddata\train\real\44328.jpg,0,dd2025_real,id,0.000000
R:\_Projects\Eurus_Workspace\HolmHz\data\raw_v2\deepdetect2025\ddata\train\real\42605.jpg,0,dd2025_real,id,0.000000
R:\_Projects\Eurus_Workspace\HolmHz\data\raw_v2\rvf10k\rvf10k\train\fake\939UO5V13C.jpg,1,rvf10k_train_fake,id,0.000000
R:\_Projects\Eurus_Workspace\HolmHz\data\raw_v2\diffusion_fakes\Real\REAL_1244.jpg,0,deepfake_collection_real,id,0.000000
R:\_Projects\Eurus_Workspace\HolmHz\data\raw_v2\camera_vs_ai\ai vs real photos\Camera_images\185.jpg,0,camera_train_real,id,0.000011
R:\_Projects\Eurus_Workspace\HolmHz\data\raw_v2\diffusion_fakes\Stable Diffusion\Stable_Diffusion_1247.jpg,1,sd_fake,id,0.000000
R:\_Projects\Eurus_Workspace\HolmHz\data\raw_v2\rvf10k\rvf10k\train\real\36930.jpg,0,rvf10k_train_real,id,0.000000
R:\_Projects\Eurus_Workspace\HolmHz\data\raw_v2\deepdetect2025\ddata\train\real\03326.jpg,0,dd2025_real,id,0.000000
R:\_Projects\Eurus_Workspace\HolmHz\data\raw_v2\rvf10k\rvf10k\valid\fake\AJVN6IOIZW.jpg,1,rvf10k_valid_fake,id,0.000001
R:\_Projects\Eurus_Workspace\HolmHz\data\raw_v2\ciplab_faces\real_and_fake_face_detection\real_and_fake_face\training_fake\easy_130_1101.jpg,1,ciplab_training_fake,id,0.000001
R:\_Projects\Eurus_Workspace\HolmHz\data\raw_v2\diffusion_fakes\DALL-E\DALL-E_0808.jpg,1,dalle_fake,id,0.000000
R:\_Projects\Eurus_Workspace\HolmHz\data\raw_v2\rvf10k\rvf10k\train\real\44673.jpg,0,rvf10k_train_real,id,0.000000
R:\_Projects\Eurus_Workspace\HolmHz\data\raw_v2\deepdetect2025\ddata\train\fake\fake_020188.jpg,1,dd2025_fake,id,0.000000
R:\_Projects\Eurus_Workspace\HolmHz\data\raw_v2\diffusion_fakes\DALL-E\DALL-E_1509.jpg,1,dalle_fake,id,0.000000
R:\_Projects\Eurus_Workspace\HolmHz\data\raw_v2\deepdetect2025\ddata\train\fake\fake_028217.jpg,1,dd2025_fake,id,0.000000
R:\_Projects\Eurus_Workspace\HolmHz\data\raw_v2\diffusion_fakes\Real\REAL_1611.jpg,0,deepfake_collection_real,id,0.000000
R:\_Projects\Eurus_Workspace\HolmHz\data\raw_v2\diffusion_fakes\Stable Diffusion\Stable_Diffusion_486.jpg,1,sd_fake,id,0.000048
R:\_Projects\Eurus_Workspace\HolmHz\data\raw_v2\deepdetect2025\ddata\train\fake\fake_018331.jpg,1,dd2025_fake,id,0.000000
R:\_Projects\Eurus_Workspace\HolmHz\data\raw_v2\ciplab_faces\real_and_fake_face_detection\real_and_fake_face\training_fake\hard_112_1111.jpg,1,ciplab_training_fake,id,0.000000
R:\_Projects\Eurus_Workspace\HolmHz\data\raw_v2\ciplab_faces\real_and_fake_face_detection\real_and_fake_face\training_fake\mid_189_0011.jpg,1,ciplab_training_fake,id,0.000000
R:\_Projects\Eurus_Workspace\HolmHz\data\raw_v2\rvf10k\rvf10k\train\fake\UDC5QKLYQC.jpg,1,rvf10k_train_fake,id,0.000000
R:\_Projects\Eurus_Workspace\HolmHz\data\raw_v2\rvf10k\rvf10k\train\fake\62OYOLI1AS.jpg,1,rvf10k_train_fake,id,0.802268
R:\_Projects\Eurus_Workspace\HolmHz\data\raw_v2\deepdetect2025\ddata\train\real\54874.jpg,0,dd2025_real,id,0.000000
R:\_Projects\Eurus_Workspace\HolmHz\data\raw_v2\deepdetect2025\ddata\train\fake\fake_002569.jpg,1,dd2025_fake,id,0.000000
R:\_Projects\Eurus_Workspace\HolmHz\data\raw_v2\rvf10k\rvf10k\valid\fake\AMJZJ2ZFZ8.jpg,1,rvf10k_valid_fake,id,0.013276
R:\_Projects\Eurus_Workspace\HolmHz\data\raw_v2\diffusion_fakes\DALL-E\DALL-E_1993.jpg,1,dalle_fake,id,0.000000
R:\_Projects\Eurus_Workspace\HolmHz\data\raw_v2\deepdetect2025\ddata\train\fake\fake_030753.jpg,1,dd2025_fake,id,0.003410
R:\_Projects\Eurus_Workspace\HolmHz\data\raw_v2\diffusion_fakes\Real\REAL_3185.jpg,0,deepfake_collection_real,id,0.000000
R:\_Projects\Eurus_Workspace\HolmHz\data\raw_v2\deepdetect2025\ddata\train\fake\fake_025753.jpg,1,dd2025_fake,id,0.000028
R:\_Projects\Eurus_Workspace\HolmHz\data\raw_v2\diffusion_fakes\Real\REAL_2852.jpg,0,deepfake_collection_real,id,0.000000
R:\_Projects\Eurus_Workspace\HolmHz\data\raw_v2\diffusion_fakes\Real\REAL_2547.jpg,0,deepfake_collection_real,id,0.000000
R:\_Projects\Eurus_Workspace\HolmHz\data\raw_v2\deepdetect2025\ddata\train\fake\fake_009922.jpg,1,dd2025_fake,id,0.000074
R:\_Projects\Eurus_Workspace\HolmHz\data\raw_v2\rvf10k\rvf10k\train\real\25023.jpg,0,rvf10k_train_real,id,0.000000
R:\_Projects\Eurus_Workspace\HolmHz\data\raw_v2\rvf10k\rvf10k\train\real\38528.jpg,0,rvf10k_train_real,id,0.000000
R:\_Projects\Eurus_Workspace\HolmHz\data\raw_v2\deepdetect2025\ddata\train\fake\fake_000326.jpg,1,dd2025_fake,id,0.000000
R:\_Projects\Eurus_Workspace\HolmHz\data\raw_v2\rvf10k\rvf10k\train\real\64542.jpg,0,rvf10k_train_real,id,0.000000
R:\_Projects\Eurus_Workspace\HolmHz\data\raw_v2\diffusion_fakes\DALL-E\DALL-E_0358.jpg,1,dalle_fake,id,0.000000
R:\_Projects\Eurus_Workspace\HolmHz\data\raw_v2\deepdetect2025\ddata\train\fake\fake_011514.jpg,1,dd2025_fake,id,0.000009
R:\_Projects\Eurus_Workspace\HolmHz\data\raw_v2\rvf10k\rvf10k\train\real\63574.jpg,0,rvf10k_train_real,id,0.000000
R:\_Projects\Eurus_Workspace\HolmHz\data\raw_v2\rvf10k\rvf10k\train\fake\JONMCS7FBV.jpg,1,rvf10k_train_fake,id,0.000000
R:\_Projects\Eurus_Workspace\HolmHz\data\raw_v2\deepdetect2025\ddata\train\real\47529.jpg,0,dd2025_real,id,0.000000
R:\_Projects\Eurus_Workspace\HolmHz\data\raw_v2\diffusion_fakes\Real\REAL_1390.jpg,0,deepfake_collection_real,id,0.000000
R:\_Projects\Eurus_Workspace\HolmHz\data\raw_v2\diffusion_fakes\Real\REAL_4117.jpg,0,deepfake_collection_real,id,0.000000
R:\_Projects\Eurus_Workspace\HolmHz\data\raw_v2\ciplab_faces\real_and_fake_face_detection\real_and_fake_face\training_real\real_00899.jpg,0,ciplab_training_real,id,0.000000
R:\_Projects\Eurus_Workspace\HolmHz\data\raw_v2\diffusion_fakes\DALL-E\DALL-E_1360.jpg,1,dalle_fake,id,0.000000
R:\_Projects\Eurus_Workspace\HolmHz\data\raw_v2\camera_vs_ai\ai vs real photos\Camera_images\141.jpg,0,camera_real,ood,0.000305
R:\_Projects\Eurus_Workspace\HolmHz\data\raw_v2\camera_vs_ai\ai vs real photos\Camera_images\196.jpg,0,camera_real,ood,0.000009
R:\_Projects\Eurus_Workspace\HolmHz\data\raw_v2\camera_vs_ai\ai vs real photos\Camera_images\27.jpg,0,camera_real,ood,0.000000
R:\_Projects\Eurus_Workspace\HolmHz\data\raw_v2\camera_vs_ai\ai vs real photos\Camera_images\129.jpg,0,camera_real,ood,0.000396
R:\_Projects\Eurus_Workspace\HolmHz\data\raw_v2\camera_vs_ai\ai vs real photos\Ai_Images\132.jpg,1,camera_ai,ood,0.000000
R:\_Projects\Eurus_Workspace\HolmHz\data\raw_v2\camera_vs_ai\ai vs real photos\Ai_Images\98.jpg,1,camera_ai,ood,0.000000
R:\_Projects\Eurus_Workspace\HolmHz\data\raw_v2\camera_vs_ai\ai vs real photos\Camera_images\77.jpg,0,camera_real,ood,0.000007
R:\_Projects\Eurus_Workspace\HolmHz\data\raw_v2\camera_vs_ai\ai vs real photos\Ai_Images\110.jpg,1,camera_ai,ood,0.000000
R:\_Projects\Eurus_Workspace\HolmHz\data\raw_v2\camera_vs_ai\ai vs real photos\Camera_images\132.jpg,0,camera_real,ood,0.000146
R:\_Projects\Eurus_Workspace\HolmHz\data\raw_v2\camera_vs_ai\ai vs real photos\Ai_Images\165.jpg,1,camera_ai,ood,0.000000
R:\_Projects\Eurus_Workspace\HolmHz\data\raw_v2\camera_vs_ai\ai vs real photos\Camera_images\74.jpg,0,camera_real,ood,0.000239
R:\_Projects\Eurus_Workspace\HolmHz\data\raw_v2\camera_vs_ai\ai vs real photos\Camera_images\199.jpg,0,camera_real,ood,0.002364
R:\_Projects\Eurus_Workspace\HolmHz\data\raw_v2\camera_vs_ai\ai vs real photos\Camera_images\240.jpg,0,camera_real,ood,0.000003
R:\_Projects\Eurus_Workspace\HolmHz\data\raw_v2\camera_vs_ai\ai vs real photos\Camera_images\178.jpg,0,camera_real,ood,0.000000
R:\_Projects\Eurus_Workspace\HolmHz\data\raw_v2\camera_vs_ai\ai vs real photos\Ai_Images\123.jpg,1,camera_ai,ood,0.000038
R:\_Projects\Eurus_Workspace\HolmHz\data\raw_v2\camera_vs_ai\ai vs real photos\Ai_Images\130.jpg,1,camera_ai,ood,0.000000
R:\_Projects\Eurus_Workspace\HolmHz\data\raw_v2\camera_vs_ai\ai vs real photos\Camera_images\177.jpg,0,camera_real,ood,0.000006
R:\_Projects\Eurus_Workspace\HolmHz\data\raw_v2\camera_vs_ai\ai vs real photos\Ai_Images\41.jpg,1,camera_ai,ood,0.000000
R:\_Projects\Eurus_Workspace\HolmHz\data\raw_v2\camera_vs_ai\ai vs real photos\Camera_images\101.jpg,0,camera_real,ood,0.000001
R:\_Projects\Eurus_Workspace\HolmHz\data\raw_v2\camera_vs_ai\ai vs real photos\Camera_images\Image_16.jpg,0,camera_real,ood,0.001394
R:\_Projects\Eurus_Workspace\HolmHz\data\raw_v2\camera_vs_ai\ai vs real photos\Ai_Images\53.jpg,1,camera_ai,ood,0.000013
R:\_Projects\Eurus_Workspace\HolmHz\data\raw_v2\camera_vs_ai\ai vs real photos\Ai_Images\121.jpg,1,camera_ai,ood,0.029778
R:\_Projects\Eurus_Workspace\HolmHz\data\raw_v2\camera_vs_ai\ai vs real photos\Ai_Images\8.jpg,1,camera_ai,ood,0.000000
R:\_Projects\Eurus_Workspace\HolmHz\data\raw_v2\camera_vs_ai\ai vs real photos\Camera_images\218.jpg,0,camera_real,ood,0.000003
R:\_Projects\Eurus_Workspace\HolmHz\data\raw_v2\camera_vs_ai\ai vs real photos\Ai_Images\82.jpg,1,camera_ai,ood,0.000261
R:\_Projects\Eurus_Workspace\HolmHz\data\raw_v2\camera_vs_ai\ai vs real photos\Camera_images\Image_10.jpg,0,camera_real,ood,0.000001
R:\_Projects\Eurus_Workspace\HolmHz\data\raw_v2\camera_vs_ai\ai vs real photos\Camera_images\87.jpg,0,camera_real,ood,0.000000
R:\_Projects\Eurus_Workspace\HolmHz\data\raw_v2\camera_vs_ai\ai vs real photos\Camera_images\43.jpg,0,camera_real,ood,0.000202
R:\_Projects\Eurus_Workspace\HolmHz\data\raw_v2\camera_vs_ai\ai vs real photos\Ai_Images\99.jpg,1,camera_ai,ood,0.000000
R:\_Projects\Eurus_Workspace\HolmHz\data\raw_v2\camera_vs_ai\ai vs real photos\Ai_Images\32.jpg,1,camera_ai,ood,0.308334
R:\_Projects\Eurus_Workspace\HolmHz\data\raw_v2\camera_vs_ai\ai vs real photos\Camera_images\122.jpg,0,camera_real,ood,0.000000
R:\_Projects\Eurus_Workspace\HolmHz\data\raw_v2\camera_vs_ai\ai vs real photos\Camera_images\165.jpg,0,camera_real,ood,0.000000
R:\_Projects\Eurus_Workspace\HolmHz\data\raw_v2\camera_vs_ai\ai vs real photos\Camera_images\201.jpg,0,camera_real,ood,0.000000
R:\_Projects\Eurus_Workspace\HolmHz\data\raw_v2\camera_vs_ai\ai vs real photos\Ai_Images\161.jpg,1,camera_ai,ood,0.000000
R:\_Projects\Eurus_Workspace\HolmHz\data\raw_v2\camera_vs_ai\ai vs real photos\Camera_images\84.jpg,0,camera_real,ood,0.000019
R:\_Projects\Eurus_Workspace\HolmHz\data\raw_v2\camera_vs_ai\ai vs real photos\Ai_Images\57.jpg,1,camera_ai,ood,0.000000
R:\_Projects\Eurus_Workspace\HolmHz\data\raw_v2\camera_vs_ai\ai vs real photos\Camera_images\161.jpg,0,camera_real,ood,0.000001
R:\_Projects\Eurus_Workspace\HolmHz\data\raw_v2\camera_vs_ai\ai vs real photos\Camera_images\188.jpg,0,camera_real,ood,0.000664
R:\_Projects\Eurus_Workspace\HolmHz\data\raw_v2\camera_vs_ai\ai vs real photos\Camera_images\Image_4.jpg,0,camera_real,ood,0.000000
R:\_Projects\Eurus_Workspace\HolmHz\data\raw_v2\camera_vs_ai\ai vs real photos\Camera_images\39.jpg,0,camera_real,ood,0.000001
R:\_Projects\Eurus_Workspace\HolmHz\data\raw_v2\camera_vs_ai\ai vs real photos\Camera_images\Image_19.jpg,0,camera_real,ood,0.000000
R:\_Projects\Eurus_Workspace\HolmHz\data\raw_v2\camera_vs_ai\ai vs real photos\Camera_images\118.jpg,0,camera_real,ood,0.000015
R:\_Projects\Eurus_Workspace\HolmHz\data\raw_v2\camera_vs_ai\ai vs real photos\Ai_Images\54.jpg,1,camera_ai,ood,0.000000
R:\_Projects\Eurus_Workspace\HolmHz\data\raw_v2\camera_vs_ai\ai vs real photos\Ai_Images\48.jpg,1,camera_ai,ood,0.000000
R:\_Projects\Eurus_Workspace\HolmHz\data\raw_v2\camera_vs_ai\ai vs real photos\Ai_Images\Image_8.jpg,1,camera_ai,ood,0.000017
R:\_Projects\Eurus_Workspace\HolmHz\data\raw_v2\camera_vs_ai\ai vs real photos\Camera_images\79.jpg,0,camera_real,ood,0.004138
R:\_Projects\Eurus_Workspace\HolmHz\data\raw_v2\camera_vs_ai\ai vs real photos\Ai_Images\63.jpg,1,camera_ai,ood,0.000000
R:\_Projects\Eurus_Workspace\HolmHz\data\raw_v2\camera_vs_ai\ai vs real photos\Ai_Images\139.jpg,1,camera_ai,ood,0.000000
R:\_Projects\Eurus_Workspace\HolmHz\data\raw_v2\camera_vs_ai\ai vs real photos\Ai_Images\152.jpg,1,camera_ai,ood,0.000016
R:\_Projects\Eurus_Workspace\HolmHz\data\raw_v2\camera_vs_ai\ai vs real photos\Ai_Images\160.jpg,1,camera_ai,ood,0.000000
R:\_Projects\Eurus_Workspace\HolmHz\data\raw_v2\camera_vs_ai\ai vs real photos\Ai_Images\189.jpg,1,camera_ai,ood,0.000000
R:\_Projects\Eurus_Workspace\HolmHz\data\raw_v2\camera_vs_ai\ai vs real photos\Camera_images\152.jpg,0,camera_real,ood,0.000497
R:\_Projects\Eurus_Workspace\HolmHz\data\raw_v2\camera_vs_ai\ai vs real photos\Camera_images\125.jpeg,0,camera_real,ood,0.000096
R:\_Projects\Eurus_Workspace\HolmHz\data\raw_v2\camera_vs_ai\ai vs real photos\Ai_Images\94.jpg,1,camera_ai,ood,0.000000
R:\_Projects\Eurus_Workspace\HolmHz\data\raw_v2\camera_vs_ai\ai vs real photos\Camera_images\106.jpg,0,camera_real,ood,0.000003
R:\_Projects\Eurus_Workspace\HolmHz\data\raw_v2\camera_vs_ai\ai vs real photos\Ai_Images\111.jpg,1,camera_ai,ood,0.000000
R:\_Projects\Eurus_Workspace\HolmHz\data\raw_v2\camera_vs_ai\ai vs real photos\Camera_images\159.jpg,0,camera_real,ood,0.001391
R:\_Projects\Eurus_Workspace\HolmHz\data\raw_v2\camera_vs_ai\ai vs real photos\Camera_images\107.jpg,0,camera_real,ood,0.001617
R:\_Projects\Eurus_Workspace\HolmHz\data\raw_v2\camera_vs_ai\ai vs real photos\Camera_images\137.jpg,0,camera_real,ood,0.000025
R:\_Projects\Eurus_Workspace\HolmHz\data\raw_v2\camera_vs_ai\ai vs real photos\Camera_images\Image_1.jpg,0,camera_real,ood,0.000003
R:\_Projects\Eurus_Workspace\HolmHz\data\raw_v2\camera_vs_ai\ai vs real photos\Ai_Images\51.jpg,1,camera_ai,ood,0.000000
R:\_Projects\Eurus_Workspace\HolmHz\data\raw_v2\camera_vs_ai\ai vs real photos\Ai_Images\4.jpg,1,camera_ai,ood,0.000035
R:\_Projects\Eurus_Workspace\HolmHz\data\raw_v2\camera_vs_ai\ai vs real photos\Ai_Images\Image_24.png,1,camera_ai,ood,0.000004
R:\_Projects\Eurus_Workspace\HolmHz\data\raw_v2\camera_vs_ai\ai vs real photos\Camera_images\231.jpg,0,camera_real,ood,0.000002
R:\_Projects\Eurus_Workspace\HolmHz\data\raw_v2\camera_vs_ai\ai vs real photos\Ai_Images\28.jpg,1,camera_ai,ood,0.000087
R:\_Projects\Eurus_Workspace\HolmHz\data\raw_v2\camera_vs_ai\ai vs real photos\Ai_Images\24.jpg,1,camera_ai,ood,0.000066
R:\_Projects\Eurus_Workspace\HolmHz\data\raw_v2\camera_vs_ai\ai vs real photos\Ai_Images\25.jpg,1,camera_ai,ood,0.000007
R:\_Projects\Eurus_Workspace\HolmHz\data\raw_v2\camera_vs_ai\ai vs real photos\Camera_images\174.jpg,0,camera_real,ood,0.000001
R:\_Projects\Eurus_Workspace\HolmHz\data\raw_v2\camera_vs_ai\ai vs real photos\Camera_images\193.jpg,0,camera_real,ood,0.000587
R:\_Projects\Eurus_Workspace\HolmHz\data\raw_v2\camera_vs_ai\ai vs real photos\Ai_Images\Image_26.jpg,1,camera_ai,ood,0.000008
R:\_Projects\Eurus_Workspace\HolmHz\data\raw_v2\camera_vs_ai\ai vs real photos\Ai_Images\Image_16.jpg,1,camera_ai,ood,0.000010
R:\_Projects\Eurus_Workspace\HolmHz\data\raw_v2\camera_vs_ai\ai vs real photos\Camera_images\Image_13.jpg,0,camera_real,ood,0.016849
R:\_Projects\Eurus_Workspace\HolmHz\data\raw_v2\camera_vs_ai\ai vs real photos\Camera_images\28.jpg,0,camera_real,ood,0.001008
R:\_Projects\Eurus_Workspace\HolmHz\data\raw_v2\camera_vs_ai\ai vs real photos\Ai_Images\40.jpg,1,camera_ai,ood,0.000000
R:\_Projects\Eurus_Workspace\HolmHz\data\raw_v2\camera_vs_ai\ai vs real photos\Camera_images\120.jpg,0,camera_real,ood,0.000000
R:\_Projects\Eurus_Workspace\HolmHz\data\raw_v2\camera_vs_ai\ai vs real photos\Camera_images\60.jpg,0,camera_real,ood,0.000055
R:\_Projects\Eurus_Workspace\HolmHz\data\raw_v2\camera_vs_ai\ai vs real photos\Ai_Images\Image_13.png,1,camera_ai,ood,0.100075
R:\_Projects\Eurus_Workspace\HolmHz\data\raw_v2\camera_vs_ai\ai vs real photos\Camera_images\170.jpg,0,camera_real,ood,0.000000
R:\_Projects\Eurus_Workspace\HolmHz\data\raw_v2\camera_vs_ai\ai vs real photos\Camera_images\211.jpg,0,camera_real,ood,0.000026
R:\_Projects\Eurus_Workspace\HolmHz\data\raw_v2\camera_vs_ai\ai vs real photos\Camera_images\151.jpg,0,camera_real,ood,0.000271
R:\_Projects\Eurus_Workspace\HolmHz\data\raw_v2\camera_vs_ai\ai vs real photos\Ai_Images\102.jpg,1,camera_ai,ood,0.000000
R:\_Projects\Eurus_Workspace\HolmHz\data\raw_v2\camera_vs_ai\ai vs real photos\Ai_Images\75.jpg,1,camera_ai,ood,0.000000
R:\_Projects\Eurus_Workspace\HolmHz\data\raw_v2\camera_vs_ai\ai vs real photos\Ai_Images\62.jpg,1,camera_ai,ood,0.016531
R:\_Projects\Eurus_Workspace\HolmHz\data\raw_v2\camera_vs_ai\ai vs real photos\Ai_Images\170.jpg,1,camera_ai,ood,0.000000
R:\_Projects\Eurus_Workspace\HolmHz\data\raw_v2\camera_vs_ai\ai vs real photos\Camera_images\114.jpg,0,camera_real,ood,0.000001
R:\_Projects\Eurus_Workspace\HolmHz\data\raw_v2\camera_vs_ai\ai vs real photos\Camera_images\238.jpg,0,camera_real,ood,0.000001
R:\_Projects\Eurus_Workspace\HolmHz\data\raw_v2\camera_vs_ai\ai vs real photos\Camera_images\96.jpg,0,camera_real,ood,0.000000
R:\_Projects\Eurus_Workspace\HolmHz\data\raw_v2\camera_vs_ai\ai vs real photos\Ai_Images\14.jpg,1,camera_ai,ood,0.000000
R:\_Projects\Eurus_Workspace\HolmHz\data\raw_v2\camera_vs_ai\ai vs real photos\Ai_Images\159.jpg,1,camera_ai,ood,0.036879
R:\_Projects\Eurus_Workspace\HolmHz\data\raw_v2\camera_vs_ai\ai vs real photos\Ai_Images\148.jpg,1,camera_ai,ood,0.000000
R:\_Projects\Eurus_Workspace\HolmHz\data\raw_v2\camera_vs_ai\ai vs real photos\Camera_images\221.jpg,0,camera_real,ood,0.000000
R:\_Projects\Eurus_Workspace\HolmHz\data\raw_v2\camera_vs_ai\ai vs real photos\Ai_Images\58.jpg,1,camera_ai,ood,0.000000
R:\_Projects\Eurus_Workspace\HolmHz\data\raw_v2\camera_vs_ai\ai vs real photos\Camera_images\48.jpg,0,camera_real,ood,0.000000
R:\_Projects\Eurus_Workspace\HolmHz\data\raw_v2\camera_vs_ai\ai vs real photos\Ai_Images\38.jpg,1,camera_ai,ood,0.000053
R:\_Projects\Eurus_Workspace\HolmHz\data\raw_v2\camera_vs_ai\ai vs real photos\Camera_images\111.jpg,0,camera_real,ood,0.000199
R:\_Projects\Eurus_Workspace\HolmHz\data\raw_v2\camera_vs_ai\ai vs real photos\Camera_images\36.jpg,0,camera_real,ood,0.000000
R:\_Projects\Eurus_Workspace\HolmHz\data\raw_v2\camera_vs_ai\ai vs real photos\Camera_images\172.jpg,0,camera_real,ood,0.000000
R:\_Projects\Eurus_Workspace\HolmHz\data\raw_v2\camera_vs_ai\ai vs real photos\Ai_Images\169.jpg,1,camera_ai,ood,0.000000
R:\_Projects\Eurus_Workspace\HolmHz\data\raw_v2\camera_vs_ai\ai vs real photos\Camera_images\156.jpg,0,camera_real,ood,0.002258
R:\_Projects\Eurus_Workspace\HolmHz\data\raw_v2\camera_vs_ai\ai vs real photos\Ai_Images\196.jpg,1,camera_ai,ood,0.000000
R:\_Projects\Eurus_Workspace\HolmHz\data\raw_v2\camera_vs_ai\ai vs real photos\Camera_images\Image_7.jpg,0,camera_real,ood,0.000080
R:\_Projects\Eurus_Workspace\HolmHz\data\raw_v2\camera_vs_ai\ai vs real photos\Ai_Images\3.jpg,1,camera_ai,ood,0.000000
R:\_Projects\Eurus_Workspace\HolmHz\data\raw_v2\camera_vs_ai\ai vs real photos\Camera_images\162.jpg,0,camera_real,ood,0.000035
R:\_Projects\Eurus_Workspace\HolmHz\data\raw_v2\camera_vs_ai\ai vs real photos\Camera_images\Image_6.jpg,0,camera_real,ood,0.000642
R:\_Projects\Eurus_Workspace\HolmHz\data\raw_v2\camera_vs_ai\ai vs real photos\Camera_images\108.jpg,0,camera_real,ood,0.000001
R:\_Projects\Eurus_Workspace\HolmHz\data\raw_v2\camera_vs_ai\ai vs real photos\Ai_Images\46.png,1,camera_ai,ood,0.000000
R:\_Projects\Eurus_Workspace\HolmHz\data\raw_v2\camera_vs_ai\ai vs real photos\Ai_Images\10.jpg,1,camera_ai,ood,0.000000
R:\_Projects\Eurus_Workspace\HolmHz\data\raw_v2\camera_vs_ai\ai vs real photos\Ai_Images\141.jpg,1,camera_ai,ood,0.000003
R:\_Projects\Eurus_Workspace\HolmHz\data\raw_v2\camera_vs_ai\ai vs real photos\Ai_Images\Image_27.jpg,1,camera_ai,ood,0.006493
R:\_Projects\Eurus_Workspace\HolmHz\data\raw_v2\camera_vs_ai\ai vs real photos\Camera_images\145.jpg,0,camera_real,ood,0.002071
R:\_Projects\Eurus_Workspace\HolmHz\data\raw_v2\camera_vs_ai\ai vs real photos\Ai_Images\118.jpg,1,camera_ai,ood,0.270344
R:\_Projects\Eurus_Workspace\HolmHz\data\raw_v2\camera_vs_ai\ai vs real photos\Camera_images\32.jpg,0,camera_real,ood,0.000427
R:\_Projects\Eurus_Workspace\HolmHz\data\raw_v2\camera_vs_ai\ai vs real photos\Camera_images\35.jpg,0,camera_real,ood,0.000000
R:\_Projects\Eurus_Workspace\HolmHz\data\raw_v2\camera_vs_ai\ai vs real photos\Ai_Images\198.jpg,1,camera_ai,ood,0.000000
R:\_Projects\Eurus_Workspace\HolmHz\data\raw_v2\camera_vs_ai\ai vs real photos\Ai_Images\125.jpg,1,camera_ai,ood,0.000679
R:\_Projects\Eurus_Workspace\HolmHz\data\raw_v2\camera_vs_ai\ai vs real photos\Camera_images\197.jpg,0,camera_real,ood,0.000033
R:\_Projects\Eurus_Workspace\HolmHz\data\raw_v2\camera_vs_ai\ai vs real photos\Ai_Images\117.jpg,1,camera_ai,ood,0.000000
R:\_Projects\Eurus_Workspace\HolmHz\data\raw_v2\camera_vs_ai\ai vs real photos\Camera_images\195.jpg,0,camera_real,ood,0.000035
R:\_Projects\Eurus_Workspace\HolmHz\data\raw_v2\camera_vs_ai\ai vs real photos\Camera_images\143.jpg,0,camera_real,ood,0.000014
R:\_Projects\Eurus_Workspace\HolmHz\data\raw_v2\camera_vs_ai\ai vs real photos\Ai_Images\80.jpg,1,camera_ai,ood,0.000000
R:\_Projects\Eurus_Workspace\HolmHz\data\raw_v2\camera_vs_ai\ai vs real photos\Ai_Images\184.jpg,1,camera_ai,ood,0.000000
R:\_Projects\Eurus_Workspace\HolmHz\data\raw_v2\camera_vs_ai\ai vs real photos\Ai_Images\146.jpg,1,camera_ai,ood,0.000000
R:\_Projects\Eurus_Workspace\HolmHz\data\raw_v2\camera_vs_ai\ai vs real photos\Camera_images\22.jpg,0,camera_real,ood,0.000004
R:\_Projects\Eurus_Workspace\HolmHz\data\raw_v2\camera_vs_ai\ai vs real photos\Camera_images\63.jpg,0,camera_real,ood,0.000013
R:\_Projects\Eurus_Workspace\HolmHz\data\raw_v2\camera_vs_ai\ai vs real photos\Ai_Images\79.jpg,1,camera_ai,ood,0.000000
R:\_Projects\Eurus_Workspace\HolmHz\data\raw_v2\camera_vs_ai\ai vs real photos\Camera_images\58.jpg,0,camera_real,ood,0.000387
R:\_Projects\Eurus_Workspace\HolmHz\data\raw_v2\camera_vs_ai\ai vs real photos\Ai_Images\112.jpg,1,camera_ai,ood,0.000000
R:\_Projects\Eurus_Workspace\HolmHz\data\raw_v2\camera_vs_ai\ai vs real photos\Ai_Images\35.jpg,1,camera_ai,ood,0.000000
R:\_Projects\Eurus_Workspace\HolmHz\data\raw_v2\camera_vs_ai\ai vs real photos\Camera_images\191.jpg,0,camera_real,ood,0.000000
R:\_Projects\Eurus_Workspace\HolmHz\data\raw_v2\camera_vs_ai\ai vs real photos\Camera_images\124.jpg,0,camera_real,ood,0.000003
R:\_Projects\Eurus_Workspace\HolmHz\data\raw_v2\camera_vs_ai\ai vs real photos\Ai_Images\147.jpg,1,camera_ai,ood,0.000000
R:\_Projects\Eurus_Workspace\HolmHz\data\raw_v2\camera_vs_ai\ai vs real photos\Ai_Images\153.jpg,1,camera_ai,ood,0.000000
R:\_Projects\Eurus_Workspace\HolmHz\data\raw_v2\camera_vs_ai\ai vs real photos\Ai_Images\33.jpg,1,camera_ai,ood,0.001268
R:\_Projects\Eurus_Workspace\HolmHz\data\raw_v2\camera_vs_ai\ai vs real photos\Ai_Images\21.jpg,1,camera_ai,ood,0.000000
R:\_Projects\Eurus_Workspace\HolmHz\data\raw_v2\camera_vs_ai\ai vs real photos\Camera_images\126.jpg,0,camera_real,ood,0.000001
R:\_Projects\Eurus_Workspace\HolmHz\data\raw_v2\camera_vs_ai\ai vs real photos\Ai_Images\37.jpg,1,camera_ai,ood,0.002724
R:\_Projects\Eurus_Workspace\HolmHz\data\raw_v2\camera_vs_ai\ai vs real photos\Ai_Images\Image_25.jpg,1,camera_ai,ood,0.164625
R:\_Projects\Eurus_Workspace\HolmHz\data\raw_v2\camera_vs_ai\ai vs real photos\Camera_images\117.jpg,0,camera_real,ood,0.000009
R:\_Projects\Eurus_Workspace\HolmHz\data\raw_v2\camera_vs_ai\ai vs real photos\Camera_images\171.jpg,0,camera_real,ood,0.000000
R:\_Projects\Eurus_Workspace\HolmHz\data\raw_v2\camera_vs_ai\ai vs real photos\Camera_images\212.jpg,0,camera_real,ood,0.000000
R:\_Projects\Eurus_Workspace\HolmHz\data\raw_v2\camera_vs_ai\ai vs real photos\Ai_Images\Image_19.png,1,camera_ai,ood,0.000000
R:\_Projects\Eurus_Workspace\HolmHz\data\raw_v2\camera_vs_ai\ai vs real photos\Camera_images\142.jpg,0,camera_real,ood,0.000003
R:\_Projects\Eurus_Workspace\HolmHz\data\raw_v2\camera_vs_ai\ai vs real photos\Ai_Images\81.jpg,1,camera_ai,ood,0.000000
R:\_Projects\Eurus_Workspace\HolmHz\data\raw_v2\camera_vs_ai\ai vs real photos\Camera_images\64.jpg,0,camera_real,ood,0.001011
R:\_Projects\Eurus_Workspace\HolmHz\data\raw_v2\camera_vs_ai\ai vs real photos\Ai_Images\Image_6.png,1,camera_ai,ood,0.000000
R:\_Projects\Eurus_Workspace\HolmHz\data\raw_v2\camera_vs_ai\ai vs real photos\Camera_images\45.jpg,0,camera_real,ood,0.000000
R:\_Projects\Eurus_Workspace\HolmHz\data\raw_v2\camera_vs_ai\ai vs real photos\Ai_Images\179.jpg,1,camera_ai,ood,0.000000
R:\_Projects\Eurus_Workspace\HolmHz\data\raw_v2\camera_vs_ai\ai vs real photos\Ai_Images\Image_18.jpg,1,camera_ai,ood,0.000000
R:\_Projects\Eurus_Workspace\HolmHz\data\raw_v2\camera_vs_ai\ai vs real photos\Camera_images\99.jpg,0,camera_real,ood,0.000000
R:\_Projects\Eurus_Workspace\HolmHz\data\raw_v2\camera_vs_ai\ai vs real photos\Ai_Images\200.jpg,1,camera_ai,ood,0.000000
R:\_Projects\Eurus_Workspace\HolmHz\data\raw_v2\camera_vs_ai\ai vs real photos\Camera_images\158.jpg,0,camera_real,ood,0.000005
R:\_Projects\Eurus_Workspace\HolmHz\data\raw_v2\camera_vs_ai\ai vs real photos\Camera_images\202.jpg,0,camera_real,ood,0.000097
R:\_Projects\Eurus_Workspace\HolmHz\data\raw_v2\camera_vs_ai\ai vs real photos\Ai_Images\Image_4.jpg,1,camera_ai,ood,0.000000
R:\_Projects\Eurus_Workspace\HolmHz\data\raw_v2\camera_vs_ai\ai vs real photos\Camera_images\71.jpg,0,camera_real,ood,0.000270
R:\_Projects\Eurus_Workspace\HolmHz\data\raw_v2\camera_vs_ai\ai vs real photos\Ai_Images\120.jpg,1,camera_ai,ood,0.000224
R:\_Projects\Eurus_Workspace\HolmHz\data\raw_v2\camera_vs_ai\ai vs real photos\Ai_Images\Image_1 - Copy.jpg,1,camera_ai,ood,0.000000
R:\_Projects\Eurus_Workspace\HolmHz\data\raw_v2\camera_vs_ai\ai vs real photos\Camera_images\65.jpg,0,camera_real,ood,0.018009
R:\_Projects\Eurus_Workspace\HolmHz\data\raw_v2\camera_vs_ai\ai vs real photos\Camera_images\192.jpg,0,camera_real,ood,0.000043
R:\_Projects\Eurus_Workspace\HolmHz\data\raw_v2\camera_vs_ai\ai vs real photos\Camera_images\239.jpg,0,camera_real,ood,0.000000
R:\_Projects\Eurus_Workspace\HolmHz\data\raw_v2\camera_vs_ai\ai vs real photos\Camera_images\198.JPG,0,camera_real,ood,0.000790
R:\_Projects\Eurus_Workspace\HolmHz\data\raw_v2\camera_vs_ai\ai vs real photos\Ai_Images\Image_13.jpg,1,camera_ai,ood,0.000000
R:\_Projects\Eurus_Workspace\HolmHz\data\raw_v2\camera_vs_ai\ai vs real photos\Ai_Images\Image_2.png,1,camera_ai,ood,0.000030
R:\_Projects\Eurus_Workspace\HolmHz\data\raw_v2\camera_vs_ai\ai vs real photos\Camera_images\173.jpg,0,camera_real,ood,0.000000
R:\_Projects\Eurus_Workspace\HolmHz\data\raw_v2\camera_vs_ai\ai vs real photos\Camera_images\41.jpeg,0,camera_real,ood,0.000001
R:\_Projects\Eurus_Workspace\HolmHz\data\raw_v2\camera_vs_ai\ai vs real photos\Camera_images\160.jpg,0,camera_real,ood,0.000943
R:\_Projects\Eurus_Workspace\HolmHz\data\raw_v2\camera_vs_ai\ai vs real photos\Camera_images\73.jpg,0,camera_real,ood,0.000102
R:\_Projects\Eurus_Workspace\HolmHz\data\raw_v2\camera_vs_ai\ai vs real photos\Ai_Images\Image_9.jpg,1,camera_ai,ood,0.000071
R:\_Projects\Eurus_Workspace\HolmHz\data\raw_v2\camera_vs_ai\ai vs real photos\Ai_Images\43.jpg,1,camera_ai,ood,0.000000
R:\_Projects\Eurus_Workspace\HolmHz\data\raw_v2\camera_vs_ai\ai vs real photos\Camera_images\51.jpg,0,camera_real,ood,0.000001
R:\_Projects\Eurus_Workspace\HolmHz\data\raw_v2\camera_vs_ai\ai vs real photos\Ai_Images\84.jpg,1,camera_ai,ood,0.000000
R:\_Projects\Eurus_Workspace\HolmHz\data\raw_v2\camera_vs_ai\ai vs real photos\Camera_images\220.jpg,0,camera_real,ood,0.000006
R:\_Projects\Eurus_Workspace\HolmHz\data\raw_v2\camera_vs_ai\ai vs real photos\Ai_Images\145.jpg,1,camera_ai,ood,0.000000
R:\_Projects\Eurus_Workspace\HolmHz\data\raw_v2\camera_vs_ai\ai vs real photos\Camera_images\127.jpg,0,camera_real,ood,0.000287
R:\_Projects\Eurus_Workspace\HolmHz\data\raw_v2\camera_vs_ai\ai vs real photos\Ai_Images\85.jpg,1,camera_ai,ood,0.000000
R:\_Projects\Eurus_Workspace\HolmHz\data\raw_v2\camera_vs_ai\ai vs real photos\Ai_Images\86.jpg,1,camera_ai,ood,0.000000
R:\_Projects\Eurus_Workspace\HolmHz\data\raw_v2\camera_vs_ai\ai vs real photos\Ai_Images\56.jpg,1,camera_ai,ood,0.000000
R:\_Projects\Eurus_Workspace\HolmHz\data\raw_v2\camera_vs_ai\ai vs real photos\Camera_images\26.jpg,0,camera_real,ood,0.000135
R:\_Projects\Eurus_Workspace\HolmHz\data\raw_v2\camera_vs_ai\ai vs real photos\Ai_Images\172.jpg,1,camera_ai,ood,0.000034
R:\_Projects\Eurus_Workspace\HolmHz\data\raw_v2\camera_vs_ai\ai vs real photos\Camera_images\57.jpg,0,camera_real,ood,0.000000
R:\_Projects\Eurus_Workspace\HolmHz\data\raw_v2\camera_vs_ai\ai vs real photos\Ai_Images\113.jpg,1,camera_ai,ood,0.000000
R:\_Projects\Eurus_Workspace\HolmHz\data\raw_v2\camera_vs_ai\ai vs real photos\Ai_Images\61.jpg,1,camera_ai,ood,0.000000
R:\_Projects\Eurus_Workspace\HolmHz\data\raw_v2\camera_vs_ai\ai vs real photos\Camera_images\68.jpg,0,camera_real,ood,0.003764
