image_path,label,source,split,prob_fake
R:\_Projects\Eurus_Workspace\HolmHz\data\raw_v2\deepdetect2025\ddata\train\fake\fake_018528.jpg,1,dd2025_fake,id,0.447558
R:\_Projects\Eurus_Workspace\HolmHz\data\raw_v2\rvf10k\rvf10k\train\real\54005.jpg,0,rvf10k_train_real,id,0.852028
R:\_Projects\Eurus_Workspace\HolmHz\data\raw_v2\diffusion_fakes\Midjourney\Midjourney_0912.png,1,midjourney_fake,id,0.125062
R:\_Projects\Eurus_Workspace\HolmHz\data\raw_v2\diffusion_fakes\Real\REAL_1679.jpg,0,deepfake_collection_real,id,0.034220
R:\_Projects\Eurus_Workspace\HolmHz\data\raw_v2\ciplab_faces\real_and_fake_face_detection\real_and_fake_face\training_real\real_00073.jpg,0,ciplab_training_real,id,0.582270
R:\_Projects\Eurus_Workspace\HolmHz\data\raw_v2\diffusion_fakes\Real\REAL_4899.jpg,0,deepfake_collection_real,id,0.921099
R:\_Projects\Eurus_Workspace\HolmHz\data\raw_v2\deepdetect2025\ddata\train\real\47479.jpg,0,dd2025_real,id,0.927189
R:\_Projects\Eurus_Workspace\HolmHz\data\raw_v2\rvf10k\rvf10k\train\real\03281.jpg,0,rvf10k_train_real,id,0.008027
R:\_Projects\Eurus_Workspace\HolmHz\data\raw_v2\ciplab_faces\real_and_fake_face_detection\real_and_fake_face\training_fake\easy_27_1000.jpg,1,ciplab_training_fake,id,0.974009
R:\_Projects\Eurus_Workspace\HolmHz\data\raw_v2\rvf10k\rvf10k\train\real\57252.jpg,0,rvf10k_train_real,id,0.046323
R:\_Projects\Eurus_Workspace\HolmHz\data\raw_v2\ciplab_faces\real_and_fake_face_detection\real_and_fake_face\training_real\real_00221.jpg,0,ciplab_training_real,id,0.995497
R:\_Projects\Eurus_Workspace\HolmHz\data\raw_v2\deepdetect2025\ddata\train\real\37672.jpg,0,dd2025_real,id,0.002435
R:\_Projects\Eurus_Workspace\HolmHz\data\raw_v2\deepdetect2025\ddata\train\real\51955.jpg,0,dd2025_real,id,0.504713
R:\_Projects\Eurus_Workspace\HolmHz\data\raw_v2\ciplab_faces\real_and_fake_face_detection\real_and_fake_face\training_fake\hard_159_0100.jpg,1,ciplab_training_fake,id,0.465783
R:\_Projects\Eurus_Workspace\HolmHz\data\raw_v2\diffusion_fakes\Stable Diffusion\Stable_Diffusion_1210.jpg,1,sd_fake,id,0.937846
R:\_Projects\Eurus_Workspace\HolmHz\data\raw_v2\deepdetect2025\ddata\train\fake\fake_033586.jpg,1,dd2025_fake,id,0.194624
R:\_Projects\Eurus_Workspace\HolmHz\data\raw_v2\rvf10k\rvf10k\train\real\14062.jpg,0,rvf10k_train_real,id,0.306546
R:\_Projects\Eurus_Workspace\HolmHz\data\raw_v2\diffusion_fakes\Real\REAL_5237.jpg,0,deepfake_collection_real,id,0.180735
R:\_Projects\Eurus_Workspace\HolmHz\data\raw_v2\rvf10k\rvf10k\valid\real\53095.jpg,0,rvf10k_valid_real,id,0.231573
R:\_Projects\Eurus_Workspace\HolmHz\data\raw_v2\deepdetect2025\ddata\train\real\34484.jpg,0,dd2025_real,id,0.024815
R:\_Projects\Eurus_Workspace\HolmHz\data\raw_v2\diffusion_fakes\Real\REAL_2825.jpg,0,deepfake_collection_real,id,0.648259
R:\_Projects\Eurus_Workspace\HolmHz\data\raw_v2\rvf10k\rvf10k\train\real\01770.jpg,0,rvf10k_train_real,id,0.952813
R:\_Projects\Eurus_Workspace\HolmHz\data\raw_v2\rvf10k\rvf10k\train\real\52470.jpg,0,rvf10k_train_real,id,0.209735
R:\_Projects\Eurus_Workspace\HolmHz\data\raw_v2\deepdetect2025\ddata\train\fake\fake_022577.jpg,1,dd2025_fake,id,0.202611
R:\_Projects\Eurus_Workspace\HolmHz\data\raw_v2\diffusion_fakes\Midjourney\Midjourney_0919.png,1,midjourney_fake,id,0.951773
R:\_Projects\Eurus_Workspace\HolmHz\data\raw_v2\diffusion_fakes\Stable Diffusion\Stable_Diffusion_431.jpg,1,sd_fake,id,0.463894
R:\_Projects\Eurus_Workspace\HolmHz\data\raw_v2\diffusion_fakes\Real\REAL_3154.jpg,0,deepfake_collection_real,id,0.993801
R:\_Projects\Eurus_Workspace\HolmHz\data\raw_v2\deepdetect2025\ddata\train\fake\fake_008234.jpg,1,dd2025_fake,id,0.322094
R:\_Projects\Eurus_Workspace\HolmHz\data\raw_v2\deepdetect2025\ddata\train\real\04078.jpg,0,dd2025_real,id,0.977173
R:\_Projects\Eurus_Workspace\HolmHz\data\raw_v2\ciplab_faces\real_and_fake_face_detection\real_and_fake_face\training_fake\hard_78_1101.jpg,1,ciplab_training_fake,id,0.069394
R:\_Projects\Eurus_Workspace\HolmHz\data\raw_v2\rvf10k\rvf10k\train\real\43151.jpg,0,rvf10k_train_real,id,0.003941
R:\_Projects\Eurus_Workspace\HolmHz\data\raw_v2\ciplab_faces\real_and_fake_face_detection\real_and_fake_face\training_real\real_00995.jpg,0,ciplab_training_real,id,0.596492
R:\_Projects\Eurus_Workspace\HolmHz\data\raw_v2\deepdetect2025\ddata\train\fake\fake_011684.jpg,1,dd2025_fake,id,0.355709
R:\_Projects\Eurus_Workspace\HolmHz\data\raw_v2\rvf10k\rvf10k\train\fake\KAHH2F91IP.jpg,1,rvf10k_train_fake,id,0.023044
R:\_Projects\Eurus_Workspace\HolmHz\data\raw_v2\deepdetect2025\ddata\train\fake\fake_030301.jpg,1,dd2025_fake,id,0.522336
R:\_Projects\Eurus_Workspace\HolmHz\data\raw_v2\rvf10k\rvf10k\train\real\32562.jpg,0,rvf10k_train_real,id,0.088846
R:\_Projects\Eurus_Workspace\HolmHz\data\raw_v2\ciplab_faces\real_and_fake_face\training_real\real_00404.jpg,0,ciplab_training_real,id,0.897496
R:\_Projects\Eurus_Workspace\HolmHz\data\raw_v2\ciplab_faces\real_and_fake_face\training_fake\easy_82_0001.jpg,1,ciplab_training_fake,id,0.967668
R:\_Projects\Eurus_Workspace\HolmHz\data\raw_v2\deepdetect2025\ddata\train\fake\fake_003689.jpg,1,dd2025_fake,id,0.251256
R:\_Projects\Eurus_Workspace\HolmHz\data\raw_v2\diffusion_fakes\Real\REAL_0517.jpg,0,deepfake_collection_real,id,0.843154
R:\_Projects\Eurus_Workspace\HolmHz\data\raw_v2\deepdetect2025\ddata\train\fake\fake_003985.jpg,1,dd2025_fake,id,0.002122
R:\_Projects\Eurus_Workspace\HolmHz\data\raw_v2\rvf10k\rvf10k\train\fake\1T4IE8PSKZ.jpg,1,rvf10k_train_fake,id,0.799861
R:\_Projects\Eurus_Workspace\HolmHz\data\raw_v2\rvf10k\rvf10k\train\fake\3K3YIAJ8UL.jpg,1,rvf10k_train_fake,id,0.021508
R:\_Projects\Eurus_Workspace\HolmHz\data\raw_v2\ciplab_faces\real_and_fake_face\training_fake\mid_281_1111.jpg,1,ciplab_training_fake,id,0.982141
R:\_Projects\Eurus_Workspace\HolmHz\data\raw_v2\rvf10k\rvf10k\train\fake\JLQE7Z7B1D.jpg,1,rvf10k_train_fake,id,0.615163
R:\_Projects\Eurus_Workspace\HolmHz\data\raw_v2\rvf10k\rvf10k\valid\real\32587.jpg,0,rvf10k_valid_real,id,0.991678
R:\_Projects\Eurus_Workspace\HolmHz\data\raw_v2\diffusion_fakes\Real\REAL_4940.jpg,0,deepfake_collection_real,id,0.983673
R:\_Projects\Eurus_Workspace\HolmHz\data\raw_v2\diffusion_fakes\Real\REAL_5316.jpg,0,deepfake_collection_real,id,0.128866
R:\_Projects\Eurus_Workspace\HolmHz\data\raw_v2\rvf10k\rvf10k\train\real\31988.jpg,0,rvf10k_train_real,id,0.468462
R:\_Projects\Eurus_Workspace\HolmHz\data\raw_v2\diffusion_fakes\Real\REAL_2263.jpg,0,deepfake_collection_real,id,0.853931
R:\_Projects\Eurus_Workspace\HolmHz\data\raw_v2\diffusion_fakes\Midjourney\Midjourney_0447.png,1,midjourney_fake,id,0.038408
R:\_Projects\Eurus_Workspace\HolmHz\data\raw_v2\rvf10k\rvf10k\train\real\18914.jpg,0,rvf10k_train_real,id,0.050084
R:\_Projects\Eurus_Workspace\HolmHz\data\raw_v2\ciplab_faces\real_and_fake_face_detection\real_and_fake_face\training_fake\mid_376_0001.jpg,1,ciplab_training_fake,id,0.614536
R:\_Projects\Eurus_Workspace\HolmHz\data\raw_v2\rvf10k\rvf10k\valid\fake\OU32HJXW2G.jpg,1,rvf10k_valid_fake,id,0.019892
R:\_Projects\Eurus_Workspace\HolmHz\data\raw_v2\diffusion_fakes\Stable Diffusion\Stable_Diffusion_1297.jpg,1,sd_fake,id,0.123319
R:\_Projects\Eurus_Workspace\HolmHz\data\raw_v2\diffusion_fakes\Real\REAL_2297.jpg,0,deepfake_collection_real,id,0.958835
R:\_Projects\Eurus_Workspace\HolmHz\data\raw_v2\rvf10k\rvf10k\train\fake\YJI8HSE61Q.jpg,1,rvf10k_train_fake,id,0.849932
R:\_Projects\Eurus_Workspace\HolmHz\data\raw_v2\diffusion_fakes\Real\REAL_1695.jpg,0,deepfake_collection_real,id,0.948174
R:\_Projects\Eurus_Workspace\HolmHz\data\raw_v2\diffusion_fakes\Stable Diffusion\Stable_Diffusion_675.jpg,1,sd_fake,id,0.229297
R:\_Projects\Eurus_Workspace\HolmHz\data\raw_v2\rvf10k\rvf10k\train\fake\WUO5VY44K0.jpg,1,rvf10k_train_fake,id,0.523413
R:\_Projects\Eurus_Workspace\HolmHz\data\raw_v2\diffusion_fakes\Real\REAL_1707.jpg,0,deepfake_collection_real,id,0.959880
R:\_Projects\Eurus_Workspace\HolmHz\data\raw_v2\deepdetect2025\ddata\train\fake\fake_001437.jpg,1,dd2025_fake,id,0.946518
R:\_Projects\Eurus_Workspace\HolmHz\data\raw_v2\rvf10k\rvf10k\train\fake\0PSHXE99VY.jpg,1,rvf10k_train_fake,id,0.523521
R:\_Projects\Eurus_Workspace\HolmHz\data\raw_v2\rvf10k\rvf10k\train\fake\XYJTP53P1G.jpg,1,rvf10k_train_fake,id,0.030748
R:\_Projects\Eurus_Workspace\HolmHz\data\raw_v2\rvf10k\rvf10k\train\real\01913.jpg,0,rvf10k_train_real,id,0.987473
R:\_Projects\Eurus_Workspace\HolmHz\data\raw_v2\rvf10k\rvf10k\train\real\04789.jpg,0,rvf10k_train_real,id,0.315853
R:\_Projects\Eurus_Workspace\HolmHz\data\raw_v2\rvf10k\rvf10k\train\real\39443.jpg,0,rvf10k_train_real,id,0.034619
R:\_Projects\Eurus_Workspace\HolmHz\data\raw_v2\deepdetect2025\ddata\train\real\61635.jpg,0,dd2025_real,id,0.181212
R:\_Projects\Eurus_Workspace\HolmHz\data\raw_v2\diffusion_fakes\Midjourney\Midjourney_0478.png,1,midjourney_fake,id,0.162949
R:\_Projects\Eurus_Workspace\HolmHz\data\raw_v2\deepdetect2025\ddata\train\fake\fake_035983.jpg,1,dd2025_fake,id,0.195156
R:\_Projects\Eurus_Workspace\HolmHz\data\raw_v2\diffusion_fakes\DALL-E\DALL-E_0409.jpg,1,dalle_fake,id,0.376920
R:\_Projects\Eurus_Workspace\HolmHz\data\raw_v2\deepdetect2025\ddata\train\fake\fake_000341.jpg,1,dd2025_fake,id,0.468775
R:\_Projects\Eurus_Workspace\HolmHz\data\raw_v2\deepdetect2025\ddata\train\real\25041.jpg,0,dd2025_real,id,0.070675
R:\_Projects\Eurus_Workspace\HolmHz\data\raw_v2\deepdetect2025\ddata\train\fake\fake_002519.jpg,1,dd2025_fake,id,0.156629
R:\_Projects\Eurus_Workspace\HolmHz\data\raw_v2\rvf10k\rvf10k\train\real\47976.jpg,0,rvf10k_train_real,id,0.038200
R:\_Projects\Eurus_Workspace\HolmHz\data\raw_v2\ciplab_faces\real_and_fake_face_detection\real_and_fake_face\training_fake\hard_224_0111.jpg,1,ciplab_training_fake,id,0.981711
R:\_Projects\Eurus_Workspace\HolmHz\data\raw_v2\deepdetect2025\ddata\train\real\14833.jpg,0,dd2025_real,id,0.467785
R:\_Projects\Eurus_Workspace\HolmHz\data\raw_v2\deepdetect2025\ddata\train\fake\fake_022056.jpg,1,dd2025_fake,id,0.409157
R:\_Projects\Eurus_Workspace\HolmHz\data\raw_v2\deepdetect2025\ddata\train\real\08353.jpg,0,dd2025_real,id,0.079153
R:\_Projects\Eurus_Workspace\HolmHz\data\raw_v2\rvf10k\rvf10k\train\real\67510.jpg,0,rvf10k_train_real,id,0.694466
R:\_Projects\Eurus_Workspace\HolmHz\data\raw_v2\rvf10k\rvf10k\valid\real\18688.jpg,0,rvf10k_valid_real,id,0.277039
R:\_Projects\Eurus_Workspace\HolmHz\data\raw_v2\rvf10k\rvf10k\train\fake\OBK5LZN37N.jpg,1,rvf10k_train_fake,id,0.005201
R:\_Projects\Eurus_Workspace\HolmHz\data\raw_v2\diffusion_fakes\Real\REAL_2511.jpg,0,deepfake_collection_real,id,0.759352
R:\_Projects\Eurus_Workspace\HolmHz\data\raw_v2\diffusion_fakes\Real\REAL_1896.jpg,0,deepfake_collection_real,id,0.971366
R:\_Projects\Eurus_Workspace\HolmHz\data\raw_v2\diffusion_fakes\Real\REAL_2944.jpg,0,deepfake_collection_real,id,0.076600
R:\_Projects\Eurus_Workspace\HolmHz\data\raw_v2\deepdetect2025\ddata\train\real\15598.jpg,0,dd2025_real,id,0.224457
R:\_Projects\Eurus_Workspace\HolmHz\data\raw_v2\diffusion_fakes\Real\REAL_2752.jpg,0,deepfake_collection_real,id,0.440957
R:\_Projects\Eurus_Workspace\HolmHz\data\raw_v2\rvf10k\rvf10k\train\real\09850.jpg,0,rvf10k_train_real,id,0.096830
R:\_Projects\Eurus_Workspace\HolmHz\data\raw_v2\diffusion_fakes\Midjourney\Midjourney_0547.png,1,midjourney_fake,id,0.841803
R:\_Projects\Eurus_Workspace\HolmHz\data\raw_v2\deepdetect2025\ddata\train\real\64226.jpg,0,dd2025_real,id,0.061041
R:\_Projects\Eurus_Workspace\HolmHz\data\raw_v2\ciplab_faces\real_and_fake_face_detection\real_and_fake_face\training_real\real_00615.jpg,0,ciplab_training_real,id,0.373671
R:\_Projects\Eurus_Workspace\HolmHz\data\raw_v2\diffusion_fakes\Stable Diffusion\Stable_Diffusion_1807.jpg,1,sd_fake,id,0.200361
R:\_Projects\Eurus_Workspace\HolmHz\data\raw_v2\rvf10k\rvf10k\train\fake\KANW1RG5QZ.jpg,1,rvf10k_train_fake,id,0.002526
R:\_Projects\Eurus_Workspace\HolmHz\data\raw_v2\deepdetect2025\ddata\train\real\33969.jpg,0,dd2025_real,id,0.226434
R:\_Projects\Eurus_Workspace\HolmHz\data\raw_v2\diffusion_fakes\Real\REAL_2264.jpg,0,deepfake_collection_real,id,0.822781
R:\_Projects\Eurus_Workspace\HolmHz\data\raw_v2\deepdetect2025\ddata\train\fake\fake_024330.jpg,1,dd2025_fake,id,0.007889
R:\_Projects\Eurus_Workspace\HolmHz\data\raw_v2\rvf10k\rvf10k\train\fake\ZTJK8ZJ6VB.jpg,1,rvf10k_train_fake,id,0.224382
R:\_Projects\Eurus_Workspace\HolmHz\data\raw_v2\rvf10k\rvf10k\train\fake\4SM91CE8NS.jpg,1,rvf10k_train_fake,id,0.101577
R:\_Projects\Eurus_Workspace\HolmHz\data\raw_v2\deepdetect2025\ddata\train\fake\fake_010544.jpg,1,dd2025_fake,id,0.154265
R:\_Projects\Eurus_Workspace\HolmHz\data\raw_v2\diffusion_fakes\Real\REAL_0956.jpg,0,deepfake_collection_real,id,0.237498
R:\_Projects\Eurus_Workspace\HolmHz\data\raw_v2\rvf10k\rvf10k\train\fake\GMKQHMV8ZR.jpg,1,rvf10k_train_fake,id,0.170830
R:\_Projects\Eurus_Workspace\HolmHz\data\raw_v2\diffusion_fakes\Real\REAL_1204.jpg,0,deepfake_collection_real,id,0.216725
R:\_Projects\Eurus_Workspace\HolmHz\data\raw_v2\deepdetect2025\ddata\train\fake\fake_017688.jpg,1,dd2025_fake,id,0.997111
R:\_Projects\Eurus_Workspace\HolmHz\data\raw_v2\diffusion_fakes\Real\REAL_4085.jpg,0,deepfake_collection_real,id,0.282506
R:\_Projects\Eurus_Workspace\HolmHz\data\raw_v2\deepdetect2025\ddata\train\fake\fake_024732.jpg,1,dd2025_fake,id,0.282737
R:\_Projects\Eurus_Workspace\HolmHz\data\raw_v2\diffusion_fakes\Real\REAL_1804.jpg,0,deepfake_collection_real,id,0.195485
R:\_Projects\Eurus_Workspace\HolmHz\data\raw_v2\rvf10k\rvf10k\train\real\40152.jpg,0,rvf10k_train_real,id,0.199326
R:\_Projects\Eurus_Workspace\HolmHz\data\raw_v2\deepdetect2025\ddata\train\fake\fake_021216.jpg,1,dd2025_fake,id,0.484911
R:\_Projects\Eurus_Workspace\HolmHz\data\raw_v2\diffusion_fakes\DALL-E\DALL-E_0098.jpg,1,dalle_fake,id,0.100531
R:\_Projects\Eurus_Workspace\HolmHz\data\raw_v2\deepdetect2025\ddata\train\fake\fake_011766.jpg,1,dd2025_fake,id,0.006814
R:\_Projects\Eurus_Workspace\HolmHz\data\raw_v2\deepdetect2025\ddata\train\fake\fake_002582.jpg,1,dd2025_fake,id,0.023455
R:\_Projects\Eurus_Workspace\HolmHz\data\raw_v2\diffusion_fakes\Real\REAL_2205.jpg,0,deepfake_collection_real,id,0.031168
R:\_Projects\Eurus_Workspace\HolmHz\data\raw_v2\diffusion_fakes\Real\REAL_2699.jpg,0,deepfake_collection_real,id,0.935036
R:\_Projects\Eurus_Workspace\HolmHz\data\raw_v2\diffusion_fakes\DALL-E\DALL-E_0948.jpg,1,dalle_fake,id,0.057840
R:\_Projects\Eurus_Workspace\HolmHz\data\raw_v2\rvf10k\rvf10k\train\fake\V7723GUXMO.jpg,1,rvf10k_train_fake,id,0.745447
R:\_Projects\Eurus_Workspace\HolmHz\data\raw_v2\deepdetect2025\ddata\train\real\06126.jpg,0,dd2025_real,id,0.367663
R:\_Projects\Eurus_Workspace\HolmHz\data\raw_v2\diffusion_fakes\Real\REAL_5189.jpg,0,deepfake_collection_real,id,0.991693
R:\_Projects\Eurus_Workspace\HolmHz\data\raw_v2\diffusion_fakes\Real\REAL_4222.jpg,0,deepfake_collection_real,id,0.840283
R:\_Projects\Eurus_Workspace\HolmHz\data\raw_v2\diffusion_fakes\Stable Diffusion\Stable_Diffusion_1272.jpg,1,sd_fake,id,0.885545
R:\_Projects\Eurus_Workspace\HolmHz\data\raw_v2\deepdetect2025\ddata\train\real\39997.jpg,0,dd2025_real,id,0.181090
R:\_Projects\Eurus_Workspace\HolmHz\data\raw_v2\deepdetect2025\ddata\train\real\50870.jpg,0,dd2025_real,id,0.017554
R:\_Projects\Eurus_Workspace\HolmHz\data\raw_v2\deepdetect2025\ddata\train\real\47005.jpg,0,dd2025_real,id,0.004148
R:\_Projects\Eurus_Workspace\HolmHz\data\raw_v2\deepdetect2025\ddata\train\real\61160.jpg,0,dd2025_real,id,0.466427
R:\_Projects\Eurus_Workspace\HolmHz\data\raw_v2\ciplab_faces\real_and_fake_face_detection\real_and_fake_face\training_fake\mid_343_1111.jpg,1,ciplab_training_fake,id,0.031533
R:\_Projects\Eurus_Workspace\HolmHz\data\raw_v2\deepdetect2025\ddata\train\fake\fake_002466.png,1,dd2025_fake,id,0.111520
R:\_Projects\Eurus_Workspace\HolmHz\data\raw_v2\deepdetect2025\ddata\train\fake\fake_028212.jpg,1,dd2025_fake,id,0.854058
R:\_Projects\Eurus_Workspace\HolmHz\data\raw_v2\diffusion_fakes\Midjourney\Midjourney_0835.png,1,midjourney_fake,id,0.518232
R:\_Projects\Eurus_Workspace\HolmHz\data\raw_v2\rvf10k\rvf10k\train\fake\FE07JQ3HTA.jpg,1,rvf10k_train_fake,id,0.916147
R:\_Projects\Eurus_Workspace\HolmHz\data\raw_v2\rvf10k\rvf10k\valid\fake\92MLDUDWYG.jpg,1,rvf10k_valid_fake,id,0.780071
R:\_Projects\Eurus_Workspace\HolmHz\data\raw_v2\rvf10k\rvf10k\train\fake\VC9XUJ3UGL.jpg,1,rvf10k_train_fake,id,0.781076
R:\_Projects\Eurus_Workspace\HolmHz\data\raw_v2\rvf10k\rvf10k\valid\fake\A3X2SKA7N5.jpg,1,rvf10k_valid_fake,id,0.372830
R:\_Projects\Eurus_Workspace\HolmHz\data\raw_v2\deepdetect2025\ddata\train\real\27523.jpg,0,dd2025_real,id,0.995199
R:\_Projects\Eurus_Workspace\HolmHz\data\raw_v2\diffusion_fakes\Real\REAL_0376.jpg,0,deepfake_collection_real,id,0.377407
R:\_Projects\Eurus_Workspace\HolmHz\data\raw_v2\diffusion_fakes\Real\REAL_4145.jpg,0,deepfake_collection_real,id,0.914209
R:\_Projects\Eurus_Workspace\HolmHz\data\raw_v2\rvf10k\rvf10k\train\fake\KYMIS1G0TK.jpg,1,rvf10k_train_fake,id,0.811367
R:\_Projects\Eurus_Workspace\HolmHz\data\raw_v2\rvf10k\rvf10k\valid\fake\FGMSZPNYE1.jpg,1,rvf10k_valid_fake,id,0.010975
R:\_Projects\Eurus_Workspace\HolmHz\data\raw_v2\diffusion_fakes\Real\REAL_0990.jpg,0,deepfake_collection_real,id,0.696601
R:\_Projects\Eurus_Workspace\HolmHz\data\raw_v2\deepdetect2025\ddata\train\fake\fake_005911.jpg,1,dd2025_fake,id,0.135497
R:\_Projects\Eurus_Workspace\HolmHz\data\raw_v2\deepdetect2025\ddata\train\fake\fake_038188.jpg,1,dd2025_fake,id,0.067876
R:\_Projects\Eurus_Workspace\HolmHz\data\raw_v2\deepdetect2025\ddata\train\real\44468.jpg,0,dd2025_real,id,0.965694
R:\_Projects\Eurus_Workspace\HolmHz\data\raw_v2\deepdetect2025\ddata\train\real\09646.jpg,0,dd2025_real,id,0.970135
R:\_Projects\Eurus_Workspace\HolmHz\data\raw_v2\rvf10k\rvf10k\valid\real\51535.jpg,0,rvf10k_valid_real,id,0.846011
R:\_Projects\Eurus_Workspace\HolmHz\data\raw_v2\deepdetect2025\ddata\train\real\37054.jpg,0,dd2025_real,id,0.471397
R:\_Projects\Eurus_Workspace\HolmHz\data\raw_v2\ciplab_faces\real_and_fake_face_detection\real_and_fake_face\training_real\real_00707.jpg,0,ciplab_training_real,id,0.998082
R:\_Projects\Eurus_Workspace\HolmHz\data\raw_v2\diffusion_fakes\Stable Diffusion\Stable_Diffusion_332.jpg,1,sd_fake,id,0.379285
R:\_Projects\Eurus_Workspace\HolmHz\data\raw_v2\deepdetect2025\ddata\train\real\40733.jpg,0,dd2025_real,id,0.174597
R:\_Projects\Eurus_Workspace\HolmHz\data\raw_v2\deepdetect2025\ddata\train\fake\fake_008320.jpg,1,dd2025_fake,id,0.123680
R:\_Projects\Eurus_Workspace\HolmHz\data\raw_v2\rvf10k\rvf10k\train\real\57769.jpg,0,rvf10k_train_real,id,0.462205
R:\_Projects\Eurus_Workspace\HolmHz\data\raw_v2\rvf10k\rvf10k\train\fake\9MCCUPN8C7.jpg,1,rvf10k_train_fake,id,0.592789
R:\_Projects\Eurus_Workspace\HolmHz\data\raw_v2\deepdetect2025\ddata\train\real\31260.jpg,0,dd2025_real,id,0.994130
R:\_Projects\Eurus_Workspace\HolmHz\data\raw_v2\rvf10k\rvf10k\train\fake\0V4YJZF3AD.jpg,1,rvf10k_train_fake,id,0.148702
R:\_Projects\Eurus_Workspace\HolmHz\data\raw_v2\deepdetect2025\ddata\train\fake\fake_034480.jpg,1,dd2025_fake,id,0.871773
R:\_Projects\Eurus_Workspace\HolmHz\data\raw_v2\diffusion_fakes\Real\REAL_2045.jpg,0,deepfake_collection_real,id,0.655818
R:\_Projects\Eurus_Workspace\HolmHz\data\raw_v2\rvf10k\rvf10k\valid\fake\3D6G5W9E6Z.jpg,1,rvf10k_valid_fake,id,0.992088
R:\_Projects\Eurus_Workspace\HolmHz\data\raw_v2\deepdetect2025\ddata\train\fake\fake_024155.jpg,1,dd2025_fake,id,0.161689
R:\_Projects\Eurus_Workspace\HolmHz\data\raw_v2\deepdetect2025\ddata\train\fake\fake_031082.jpg,1,dd2025_fake,id,0.012815
R:\_Projects\Eurus_Workspace\HolmHz\data\raw_v2\ciplab_faces\real_and_fake_face\training_fake\mid_310_0111.jpg,1,ciplab_training_fake,id,0.041159
R:\_Projects\Eurus_Workspace\HolmHz\data\raw_v2\ciplab_faces\real_and_fake_face_detection\real_and_fake_face\training_fake\hard_69_0011.jpg,1,ciplab_training_fake,id,0.428923
R:\_Projects\Eurus_Workspace\HolmHz\data\raw_v2\rvf10k\rvf10k\valid\real\37955.jpg,0,rvf10k_valid_real,id,0.105089
R:\_Projects\Eurus_Workspace\HolmHz\data\raw_v2\deepdetect2025\ddata\train\real\17729.jpg,0,dd2025_real,id,0.042781
R:\_Projects\Eurus_Workspace\HolmHz\data\raw_v2\diffusion_fakes\Real\REAL_3651.jpg,0,deepfake_collection_real,id,0.985476
R:\_Projects\Eurus_Workspace\HolmHz\data\raw_v2\rvf10k\rvf10k\train\fake\9QAOZJNEHO.jpg,1,rvf10k_train_fake,id,0.865165
R:\_Projects\Eurus_Workspace\HolmHz\data\raw_v2\deepdetect2025\ddata\train\fake\fake_007975.jpg,1,dd2025_fake,id,0.023571
R:\_Projects\Eurus_Workspace\HolmHz\data\raw_v2\deepdetect2025\ddata\train\fake\fake_012592.jpg,1,dd2025_fake,id,0.009272
R:\_Projects\Eurus_Workspace\HolmHz\data\raw_v2\deepdetect2025\ddata\train\real\52736.jpg,0,dd2025_real,id,0.441455
R:\_Projects\Eurus_Workspace\HolmHz\data\raw_v2\deepdetect2025\ddata\train\real\12561.jpg,0,dd2025_real,id,0.587497
R:\_Projects\Eurus_Workspace\HolmHz\data\raw_v2\diffusion_fakes\Midjourney\Midjourney_0100.png,1,midjourney_fake,id,0.606410
R:\_Projects\Eurus_Workspace\HolmHz\data\raw_v2\ciplab_faces\real_and_fake_face_detection\real_and_fake_face\training_real\real_00053.jpg,0,ciplab_training_real,id,0.012286
R:\_Projects\Eurus_Workspace\HolmHz\data\raw_v2\deepdetect2025\ddata\train\real\32777.jpg,0,dd2025_real,id,0.129342
R:\_Projects\Eurus_Workspace\HolmHz\data\raw_v2\diffusion_fakes\DALL-E\DALL-E_0421.jpg,1,dalle_fake,id,0.974331
R:\_Projects\Eurus_Workspace\HolmHz\data\raw_v2\diffusion_fakes\Real\REAL_4804.jpg,0,deepfake_collection_real,id,0.491794
R:\_Projects\Eurus_Workspace\HolmHz\data\raw_v2\rvf10k\rvf10k\train\real\50259.jpg,0,rvf10k_train_real,id,0.658408
R:\_Projects\Eurus_Workspace\HolmHz\data\raw_v2\rvf10k\rvf10k\valid\real\14299.jpg,0,rvf10k_valid_real,id,0.435593
R:\_Projects\Eurus_Workspace\HolmHz\data\raw_v2\rvf10k\rvf10k\valid\real\18449.jpg,0,rvf10k_valid_real,id,0.132141
R:\_Projects\Eurus_Workspace\HolmHz\data\raw_v2\diffusion_fakes\Midjourney\Midjourney_0209.png,1,midjourney_fake,id,0.673874
R:\_Projects\Eurus_Workspace\HolmHz\data\raw_v2\diffusion_fakes\Real\REAL_2769.jpg,0,deepfake_collection_real,id,0.926761
R:\_Projects\Eurus_Workspace\HolmHz\data\raw_v2\deepdetect2025\ddata\train\fake\fake_014174.jpg,1,dd2025_fake,id,0.016771
R:\_Projects\Eurus_Workspace\HolmHz\data\raw_v2\rvf10k\rvf10k\valid\fake\3739Q7ZW1D.jpg,1,rvf10k_valid_fake,id,0.001700
R:\_Projects\Eurus_Workspace\HolmHz\data\raw_v2\deepdetect2025\ddata\train\real\00270.jpg,0,dd2025_real,id,0.027732
R:\_Projects\Eurus_Workspace\HolmHz\data\raw_v2\ciplab_faces\real_and_fake_face_detection\real_and_fake_face\training_fake\hard_169_0111.jpg,1,ciplab_training_fake,id,0.333763
R:\_Projects\Eurus_Workspace\HolmHz\data\raw_v2\diffusion_fakes\Midjourney\Midjourney_0543.png,1,midjourney_fake,id,0.166054
R:\_Projects\Eurus_Workspace\HolmHz\data\raw_v2\deepdetect2025\ddata\train\fake\fake_003624.jpg,1,dd2025_fake,id,0.068165
R:\_Projects\Eurus_Workspace\HolmHz\data\raw_v2\rvf10k\rvf10k\train\fake\OJ89BSGSR5.jpg,1,rvf10k_train_fake,id,0.469450
R:\_Projects\Eurus_Workspace\HolmHz\data\raw_v2\deepdetect2025\ddata\train\fake\fake_014772.jpg,1,dd2025_fake,id,0.106077
R:\_Projects\Eurus_Workspace\HolmHz\data\raw_v2\diffusion_fakes\Stable Diffusion\Stable_Diffusion_130.jpg,1,sd_fake,id,0.345977
R:\_Projects\Eurus_Workspace\HolmHz\data\raw_v2\diffusion_fakes\Real\REAL_3001.jpg,0,deepfake_collection_real,id,0.665401
R:\_Projects\Eurus_Workspace\HolmHz\data\raw_v2\rvf10k\rvf10k\valid\fake\J8AUECXAQX.jpg,1,rvf10k_valid_fake,id,0.237009
R:\_Projects\Eurus_Workspace\HolmHz\data\raw_v2\diffusion_fakes\Real\REAL_1211.jpg,0,deepfake_collection_real,id,0.401708
R:\_Projects\Eurus_Workspace\HolmHz\data\raw_v2\diffusion_fakes\DALL-E\DALL-E_0804.jpg,1,dalle_fake,id,0.033423
R:\_Projects\Eurus_Workspace\HolmHz\data\raw_v2\rvf10k\rvf10k\train\fake\OHBWIIFCDC.jpg,1,rvf10k_train_fake,id,0.110681
R:\_Projects\Eurus_Workspace\HolmHz\data\raw_v2\ciplab_faces\real_and_fake_face\training_real\real_00824.jpg,0,ciplab_training_real,id,0.574875
R:\_Projects\Eurus_Workspace\HolmHz\data\raw_v2\diffusion_fakes\Real\REAL_1693.jpg,0,deepfake_collection_real,id,0.809402
R:\_Projects\Eurus_Workspace\HolmHz\data\raw_v2\deepdetect2025\ddata\train\fake\fake_004658.jpg,1,dd2025_fake,id,0.940128
R:\_Projects\Eurus_Workspace\HolmHz\data\raw_v2\diffusion_fakes\Midjourney\Midjourney_0200.png,1,midjourney_fake,id,0.324858
R:\_Projects\Eurus_Workspace\HolmHz\data\raw_v2\ciplab_faces\real_and_fake_face_detection\real_and_fake_face\training_real\real_00394.jpg,0,ciplab_training_real,id,0.015638
R:\_Projects\Eurus_Workspace\HolmHz\data\raw_v2\rvf10k\rvf10k\train\real\33910.jpg,0,rvf10k_train_real,id,0.719267
R:\_Projects\Eurus_Workspace\HolmHz\data\raw_v2\deepdetect2025\ddata\train\fake\fake_025834.jpg,1,dd2025_fake,id,0.086461
R:\_Projects\Eurus_Workspace\HolmHz\data\raw_v2\diffusion_fakes\Real\REAL_1884.jpg,0,deepfake_collection_real,id,0.123201
R:\_Projects\Eurus_Workspace\HolmHz\data\raw_v2\rvf10k\rvf10k\train\fake\ZRD3D5EDY5.jpg,1,rvf10k_train_fake,id,0.070634
R:\_Projects\Eurus_Workspace\HolmHz\data\raw_v2\rvf10k\rvf10k\train\real\20403.jpg,0,rvf10k_train_real,id,0.812719
R:\_Projects\Eurus_Workspace\HolmHz\data\raw_v2\diffusion_fakes\Stable Diffusion\Stable_Diffusion_890.jpg,1,sd_fake,id,0.155211
R:\_Projects\Eurus_Workspace\HolmHz\data\raw_v2\deepdetect2025\ddata\train\real\39386.jpg,0,dd2025_real,id,0.534544
R:\_Projects\Eurus_Workspace\HolmHz\data\raw_v2\rvf10k\rvf10k\train\real\62986.jpg,0,rvf10k_train_real,id,0.045878
R:\_Projects\Eurus_Workspace\HolmHz\data\raw_v2\rvf10k\rvf10k\train\real\32663.jpg,0,rvf10k_train_real,id,0.844432
R:\_Projects\Eurus_Workspace\HolmHz\data\raw_v2\rvf10k\rvf10k\valid\fake\1XVS78YYM8.jpg,1,rvf10k_valid_fake,id,0.180753
R:\_Projects\Eurus_Workspace\HolmHz\data\raw_v2\rvf10k\rvf10k\train\real\20540.jpg,0,rvf10k_train_real,id,0.460155
R:\_Projects\Eurus_Workspace\HolmHz\data\raw_v2\ciplab_faces\real_and_fake_face_detection\real_and_fake_face\training_fake\easy_186_1001.jpg,1,ciplab_training_fake,id,0.824251
R:\_Projects\Eurus_Workspace\HolmHz\data\raw_v2\rvf10k\rvf10k\train\real\19250.jpg,0,rvf10k_train_real,id,0.702160
R:\_Projects\Eurus_Workspace\HolmHz\data\raw_v2\deepdetect2025\ddata\train\real\46013.jpg,0,dd2025_real,id,0.203959
R:\_Projects\Eurus_Workspace\HolmHz\data\raw_v2\diffusion_fakes\Real\REAL_3509.jpg,0,deepfake_collection_real,id,0.367987
R:\_Projects\Eurus_Workspace\HolmHz\data\raw_v2\ciplab_faces\real_and_fake_face_detection\real_and_fake_face\training_fake\hard_99_1111.jpg,1,ciplab_training_fake,id,0.998269
R:\_Projects\Eurus_Workspace\HolmHz\data\raw_v2\rvf10k\rvf10k\train\real\36772.jpg,0,rvf10k_train_real,id,0.333695
R:\_Projects\Eurus_Workspace\HolmHz\data\raw_v2\diffusion_fakes\Stable Diffusion\Stable_Diffusion_587.jpg,1,sd_fake,id,0.387693
R:\_Projects\Eurus_Workspace\HolmHz\data\raw_v2\rvf10k\rvf10k\train\real\03031.jpg,0,rvf10k_train_real,id,0.013267
R:\_Projects\Eurus_Workspace\HolmHz\data\raw_v2\rvf10k\rvf10k\train\fake\KMAJ8Z1I6N.jpg,1,rvf10k_train_fake,id,0.957534
R:\_Projects\Eurus_Workspace\HolmHz\data\raw_v2\deepdetect2025\ddata\train\real\59390.jpg,0,dd2025_real,id,0.286990
R:\_Projects\Eurus_Workspace\HolmHz\data\raw_v2\rvf10k\rvf10k\train\fake\XL3EWS5OIN.jpg,1,rvf10k_train_fake,id,0.579011
R:\_Projects\Eurus_Workspace\HolmHz\data\raw_v2\ciplab_faces\real_and_fake_face_detection\real_and_fake_face\training_fake\easy_169_1100.jpg,1,ciplab_training_fake,id,0.994146
R:\_Projects\Eurus_Workspace\HolmHz\data\raw_v2\ciplab_faces\real_and_fake_face\training_real\real_00325.jpg,0,ciplab_training_real,id,0.994039
R:\_Projects\Eurus_Workspace\HolmHz\data\raw_v2\diffusion_fakes\Stable Diffusion\Stable_Diffusion_1930.jpg,1,sd_fake,id,0.823133
R:\_Projects\Eurus_Workspace\HolmHz\data\raw_v2\deepdetect2025\ddata\train\real\55398.jpg,0,dd2025_real,id,0.239220
R:\_Projects\Eurus_Workspace\HolmHz\data\raw_v2\diffusion_fakes\Real\REAL_1365.jpg,0,deepfake_collection_real,id,0.807323
R:\_Projects\Eurus_Workspace\HolmHz\data\raw_v2\ciplab_faces\real_and_fake_face_detection\real_and_fake_face\training_real\real_00538.jpg,0,ciplab_training_real,id,0.036081
R:\_Projects\Eurus_Workspace\HolmHz\data\raw_v2\rvf10k\rvf10k\valid\fake\OK4L8ADW4V.jpg,1,rvf10k_valid_fake,id,0.998839
R:\_Projects\Eurus_Workspace\HolmHz\data\raw_v2\diffusion_fakes\Real\REAL_0848.jpg,0,deepfake_collection_real,id,0.818718
R:\_Projects\Eurus_Workspace\HolmHz\data\raw_v2\deepdetect2025\ddata\train\real\06180.jpg,0,dd2025_real,id,0.552110
R:\_Projects\Eurus_Workspace\HolmHz\data\raw_v2\diffusion_fakes\Real\REAL_4364.jpg,0,deepfake_collection_real,id,0.092083
R:\_Projects\Eurus_Workspace\HolmHz\data\raw_v2\ciplab_faces\real_and_fake_face_detection\real_and_fake_face\training_real\real_00361.jpg,0,ciplab_training_real,id,0.603297
R:\_Projects\Eurus_Workspace\HolmHz\data\raw_v2\ciplab_faces\real_and_fake_face_detection\real_and_fake_face\training_real\real_00113.jpg,0,ciplab_training_real,id,0.997367
R:\_Projects\Eurus_Workspace\HolmHz\data\raw_v2\diffusion_fakes\Real\REAL_3146.jpg,0,deepfake_collection_real,id,0.663427
R:\_Projects\Eurus_Workspace\HolmHz\data\raw_v2\rvf10k\rvf10k\train\fake\V5I5CF1L3J.jpg,1,rvf10k_train_fake,id,0.207124
R:\_Projects\Eurus_Workspace\HolmHz\data\raw_v2\ciplab_faces\real_and_fake_face_detection\real_and_fake_face\training_real\real_00543.jpg,0,ciplab_training_real,id,0.873207
R:\_Projects\Eurus_Workspace\HolmHz\data\raw_v2\diffusion_fakes\Real\REAL_1898.jpg,0,deepfake_collection_real,id,0.023999
R:\_Projects\Eurus_Workspace\HolmHz\data\raw_v2\deepdetect2025\ddata\train\real\61267.jpg,0,dd2025_real,id,0.999421
R:\_Projects\Eurus_Workspace\HolmHz\data\raw_v2\diffusion_fakes\DALL-E\DALL-E_1103.jpg,1,dalle_fake,id,0.779059
R:\_Projects\Eurus_Workspace\HolmHz\data\raw_v2\diffusion_fakes\Stable Diffusion\Stable_Diffusion_1924.jpg,1,sd_fake,id,0.462232
R:\_Projects\Eurus_Workspace\HolmHz\data\raw_v2\diffusion_fakes\DALL-E\DALL-E_1795.jpg,1,dalle_fake,id,0.491032
R:\_Projects\Eurus_Workspace\HolmHz\data\raw_v2\diffusion_fakes\Real\REAL_4055.jpg,0,deepfake_collection_real,id,0.932275
R:\_Projects\Eurus_Workspace\HolmHz\data\raw_v2\diffusion_fakes\Real\REAL_3666.jpg,0,deepfake_collection_real,id,0.342746
R:\_Projects\Eurus_Workspace\HolmHz\data\raw_v2\rvf10k\rvf10k\valid\fake\5DIJ0KLS9U.jpg,1,rvf10k_valid_fake,id,0.353648
R:\_Projects\Eurus_Workspace\HolmHz\data\raw_v2\diffusion_fakes\Real\REAL_5409.jpg,0,deepfake_collection_real,id,0.510697
R:\_Projects\Eurus_Workspace\HolmHz\data\raw_v2\diffusion_fakes\Real\REAL_1624.jpg,0,deepfake_collection_real,id,0.991434
R:\_Projects\Eurus_Workspace\HolmHz\data\raw_v2\ciplab_faces\real_and_fake_face\training_fake\hard_210_1100.jpg,1,ciplab_training_fake,id,0.284219
R:\_Projects\Eurus_Workspace\HolmHz\data\raw_v2\diffusion_fakes\Midjourney\Midjourney_0649.png,1,midjourney_fake,id,0.088285
R:\_Projects\Eurus_Workspace\HolmHz\data\raw_v2\deepdetect2025\ddata\train\fake\fake_039834.jpg,1,dd2025_fake,id,0.917502
R:\_Projects\Eurus_Workspace\HolmHz\data\raw_v2\rvf10k\rvf10k\train\real\17518.jpg,0,rvf10k_train_real,id,0.068654
R:\_Projects\Eurus_Workspace\HolmHz\data\raw_v2\diffusion_fakes\Real\REAL_1414.jpg,0,deepfake_collection_real,id,0.075864
R:\_Projects\Eurus_Workspace\HolmHz\data\raw_v2\diffusion_fakes\Midjourney\Midjourney_0801.png,1,midjourney_fake,id,0.254014
R:\_Projects\Eurus_Workspace\HolmHz\data\raw_v2\rvf10k\rvf10k\valid\fake\6PFVXCG4IX.jpg,1,rvf10k_valid_fake,id,0.199579
R:\_Projects\Eurus_Workspace\HolmHz\data\raw_v2\diffusion_fakes\Real\REAL_5540.jpg,0,deepfake_collection_real,id,0.727690
R:\_Projects\Eurus_Workspace\HolmHz\data\raw_v2\rvf10k\rvf10k\train\real\19403.jpg,0,rvf10k_train_real,id,0.047080
R:\_Projects\Eurus_Workspace\HolmHz\data\raw_v2\ciplab_faces\real_and_fake_face_detection\real_and_fake_face\training_fake\mid_286_1100.jpg,1,ciplab_training_fake,id,0.295843
R:\_Projects\Eurus_Workspace\HolmHz\data\raw_v2\ciplab_faces\real_and_fake_face\training_fake\easy_209_0001.jpg,1,ciplab_training_fake,id,0.997027
R:\_Projects\Eurus_Workspace\HolmHz\data\raw_v2\diffusion_fakes\DALL-E\DALL-E_1042.jpg,1,dalle_fake,id,0.974934
R:\_Projects\Eurus_Workspace\HolmHz\data\raw_v2\rvf10k\rvf10k\valid\real\33963.jpg,0,rvf10k_valid_real,id,0.282430
R:\_Projects\Eurus_Workspace\HolmHz\data\raw_v2\ciplab_faces\real_and_fake_face_detection\real_and_fake_face\training_real\real_00890.jpg,0,ciplab_training_real,id,0.930789
R:\_Projects\Eurus_Workspace\HolmHz\data\raw_v2\rvf10k\rvf10k\valid\fake\7VPCQNGJVX.jpg,1,rvf10k_valid_fake,id,0.035441
R:\_Projects\Eurus_Workspace\HolmHz\data\raw_v2\rvf10k\rvf10k\train\fake\0K82WX0M2Z.jpg,1,rvf10k_train_fake,id,0.999788
R:\_Projects\Eurus_Workspace\HolmHz\data\raw_v2\rvf10k\rvf10k\valid\real\27771.jpg,0,rvf10k_valid_real,id,0.737547
R:\_Projects\Eurus_Workspace\HolmHz\data\raw_v2\rvf10k\rvf10k\valid\real\67264.jpg,0,rvf10k_valid_real,id,0.000747
R:\_Projects\Eurus_Workspace\HolmHz\data\raw_v2\deepdetect2025\ddata\train\real\32821.jpg,0,dd2025_real,id,0.562959
R:\_Projects\Eurus_Workspace\HolmHz\data\raw_v2\rvf10k\rvf10k\train\real\61337.jpg,0,rvf10k_train_real,id,0.482502
R:\_Projects\Eurus_Workspace\HolmHz\data\raw_v2\rvf10k\rvf10k\train\fake\4UEPOBHJGN.jpg,1,rvf10k_train_fake,id,0.017334
R:\_Projects\Eurus_Workspace\HolmHz\data\raw_v2\deepdetect2025\ddata\train\fake\fake_030989.jpg,1,dd2025_fake,id,0.024500
R:\_Projects\Eurus_Workspace\HolmHz\data\raw_v2\rvf10k\rvf10k\train\fake\7X3407GSGS.jpg,1,rvf10k_train_fake,id,0.076587
R:\_Projects\Eurus_Workspace\HolmHz\data\raw_v2\rvf10k\rvf10k\train\fake\CD06QE5QXQ.jpg,1,rvf10k_train_fake,id,0.069038
R:\_Projects\Eurus_Workspace\HolmHz\data\raw_v2\deepdetect2025\ddata\train\fake\fake_037702.jpg,1,dd2025_fake,id,0.841967
R:\_Projects\Eurus_Workspace\HolmHz\data\raw_v2\rvf10k\rvf10k\train\fake\D0F939S157.jpg,1,rvf10k_train_fake,id,0.968125
R:\_Projects\Eurus_Workspace\HolmHz\data\raw_v2\rvf10k\rvf10k\valid\fake\9PXKPPA59E.jpg,1,rvf10k_valid_fake,id,0.143187
R:\_Projects\Eurus_Workspace\HolmHz\data\raw_v2\diffusion_fakes\DALL-E\DALL-E_0652.jpg,1,dalle_fake,id,0.448939
R:\_Projects\Eurus_Workspace\HolmHz\data\raw_v2\ciplab_faces\real_and_fake_face_detection\real_and_fake_face\training_fake\mid_284_1110.jpg,1,ciplab_training_fake,id,0.989727
R:\_Projects\Eurus_Workspace\HolmHz\data\raw_v2\deepdetect2025\ddata\train\fake\fake_001763.jpg,1,dd2025_fake,id,0.437582
R:\_Projects\Eurus_Workspace\HolmHz\data\raw_v2\rvf10k\rvf10k\valid\real\33027.jpg,0,rvf10k_valid_real,id,0.589143
R:\_Projects\Eurus_Workspace\HolmHz\data\raw_v2\deepdetect2025\ddata\train\fake\fake_010989.jpg,1,dd2025_fake,id,0.219026
R:\_Projects\Eurus_Workspace\HolmHz\data\raw_v2\rvf10k\rvf10k\train\fake\Y0YN36DVLT.jpg,1,rvf10k_train_fake,id,0.159779
R:\_Projects\Eurus_Workspace\HolmHz\data\raw_v2\rvf10k\rvf10k\train\real\11255.jpg,0,rvf10k_train_real,id,0.964617
R:\_Projects\Eurus_Workspace\HolmHz\data\raw_v2\deepdetect2025\ddata\train\real\48302.jpg,0,dd2025_real,id,0.050375
R:\_Projects\Eurus_Workspace\HolmHz\data\raw_v2\diffusion_fakes\Stable Diffusion\Stable_Diffusion_1802.jpg,1,sd_fake,id,0.027761
R:\_Projects\Eurus_Workspace\HolmHz\data\raw_v2\deepdetect2025\ddata\train\real\16436.jpg,0,dd2025_real,id,0.996251
R:\_Projects\Eurus_Workspace\HolmHz\data\raw_v2\deepdetect2025\ddata\train\real\51917.jpg,0,dd2025_real,id,0.060182
R:\_Projects\Eurus_Workspace\HolmHz\data\raw_v2\rvf10k\rvf10k\train\real\41491.jpg,0,rvf10k_train_real,id,0.630445
R:\_Projects\Eurus_Workspace\HolmHz\data\raw_v2\rvf10k\rvf10k\train\real\28024.jpg,0,rvf10k_train_real,id,0.117051
R:\_Projects\Eurus_Workspace\HolmHz\data\raw_v2\rvf10k\rvf10k\train\fake\5F1M717ERU.jpg,1,rvf10k_train_fake,id,0.083915
R:\_Projects\Eurus_Workspace\HolmHz\data\raw_v2\deepdetect2025\ddata\train\real\03502.jpg,0,dd2025_real,id,0.269317
R:\_Projects\Eurus_Workspace\HolmHz\data\raw_v2\rvf10k\rvf10k\valid\fake\EJTRZA0FJS.jpg,1,rvf10k_valid_fake,id,0.367585
R:\_Projects\Eurus_Workspace\HolmHz\data\raw_v2\rvf10k\rvf10k\train\real\14475.jpg,0,rvf10k_train_real,id,0.117585
R:\_Projects\Eurus_Workspace\HolmHz\data\raw_v2\ciplab_faces\real_and_fake_face_detection\real_and_fake_face\training_real\real_00855.jpg,0,ciplab_training_real,id,0.087129
R:\_Projects\Eurus_Workspace\HolmHz\data\raw_v2\diffusion_fakes\DALL-E\DALL-E_0199.jpg,1,dalle_fake,id,0.449499
R:\_Projects\Eurus_Workspace\HolmHz\data\raw_v2\rvf10k\rvf10k\valid\fake\8BU97UQ4S9.jpg,1,rvf10k_valid_fake,id,0.076657
R:\_Projects\Eurus_Workspace\HolmHz\data\raw_v2\ciplab_faces\real_and_fake_face_detection\real_and_fake_face\training_real\real_01012.jpg,0,ciplab_training_real,id,0.985159
R:\_Projects\Eurus_Workspace\HolmHz\data\raw_v2\deepdetect2025\ddata\train\fake\fake_039709.jpg,1,dd2025_fake,id,0.142706
R:\_Projects\Eurus_Workspace\HolmHz\data\raw_v2\rvf10k\rvf10k\train\fake\HT1IUA8Z0L.jpg,1,rvf10k_train_fake,id,0.644635
R:\_Projects\Eurus_Workspace\HolmHz\data\raw_v2\deepdetect2025\ddata\train\fake\fake_030824.jpg,1,dd2025_fake,id,0.111931
R:\_Projects\Eurus_Workspace\HolmHz\data\raw_v2\deepdetect2025\ddata\train\real\21173.jpg,0,dd2025_real,id,0.854856
R:\_Projects\Eurus_Workspace\HolmHz\data\raw_v2\ciplab_faces\real_and_fake_face\training_fake\mid_2_1101.jpg,1,ciplab_training_fake,id,0.933469
R:\_Projects\Eurus_Workspace\HolmHz\data\raw_v2\rvf10k\rvf10k\train\fake\1D1UDH83TM.jpg,1,rvf10k_train_fake,id,0.006655
R:\_Projects\Eurus_Workspace\HolmHz\data\raw_v2\rvf10k\rvf10k\train\real\01531.jpg,0,rvf10k_train_real,id,0.131033
R:\_Projects\Eurus_Workspace\HolmHz\data\raw_v2\rvf10k\rvf10k\train\real\61779.jpg,0,rvf10k_train_real,id,0.252632
R:\_Projects\Eurus_Workspace\HolmHz\data\raw_v2\deepdetect2025\ddata\train\fake\fake_024694.jpg,1,dd2025_fake,id,0.013394
R:\_Projects\Eurus_Workspace\HolmHz\data\raw_v2\diffusion_fakes\Real\REAL_0374.jpg,0,deepfake_collection_real,id,0.877825
R:\_Projects\Eurus_Workspace\HolmHz\data\raw_v2\diffusion_fakes\Real\REAL_0751.jpg,0,deepfake_collection_real,id,0.068013
R:\_Projects\Eurus_Workspace\HolmHz\data\raw_v2\diffusion_fakes\Midjourney\Midjourney_0519.png,1,midjourney_fake,id,0.034643
R:\_Projects\Eurus_Workspace\HolmHz\data\raw_v2\diffusion_fakes\Real\REAL_3426.jpg,0,deepfake_collection_real,id,0.909748
R:\_Projects\Eurus_Workspace\HolmHz\data\raw_v2\diffusion_fakes\DALL-E\DALL-E_1608.jpg,1,dalle_fake,id,0.413626
R:\_Projects\Eurus_Workspace\HolmHz\data\raw_v2\diffusion_fakes\DALL-E\DALL-E_0060.jpg,1,dalle_fake,id,0.075675
R:\_Projects\Eurus_Workspace\HolmHz\data\raw_v2\diffusion_fakes\Stable Diffusion\Stable_Diffusion_1590.jpg,1,sd_fake,id,0.950287
R:\_Projects\Eurus_Workspace\HolmHz\data\raw_v2\diffusion_fakes\DALL-E\DALL-E_1201.jpg,1,dalle_fake,id,0.981100
R:\_Projects\Eurus_Workspace\HolmHz\data\raw_v2\deepdetect2025\ddata\train\real\65787.jpg,0,dd2025_real,id,0.922611
R:\_Projects\Eurus_Workspace\HolmHz\data\raw_v2\ciplab_faces\real_and_fake_face\training_real\real_00095.jpg,0,ciplab_training_real,id,0.950524
R:\_Projects\Eurus_Workspace\HolmHz\data\raw_v2\deepdetect2025\ddata\train\real\15357.jpg,0,dd2025_real,id,0.420528
R:\_Projects\Eurus_Workspace\HolmHz\data\raw_v2\deepdetect2025\ddata\train\real\10570.jpg,0,dd2025_real,id,0.955808
R:\_Projects\Eurus_Workspace\HolmHz\data\raw_v2\deepdetect2025\ddata\train\real\30396.jpg,0,dd2025_real,id,0.459318
R:\_Projects\Eurus_Workspace\HolmHz\data\raw_v2\deepdetect2025\ddata\train\real\47396.jpg,0,dd2025_real,id,0.612230
R:\_Projects\Eurus_Workspace\HolmHz\data\raw_v2\diffusion_fakes\Stable Diffusion\Stable_Diffusion_1860.jpg,1,sd_fake,id,0.573749
R:\_Projects\Eurus_Workspace\HolmHz\data\raw_v2\diffusion_fakes\Stable Diffusion\Stable_Diffusion_1033.jpg,1,sd_fake,id,0.879952
R:\_Projects\Eurus_Workspace\HolmHz\data\raw_v2\rvf10k\rvf10k\train\fake\WUVVLAAN0D.jpg,1,rvf10k_train_fake,id,0.320317
R:\_Projects\Eurus_Workspace\HolmHz\data\raw_v2\diffusion_fakes\Real\REAL_1781.jpg,0,deepfake_collection_real,id,0.637773
R:\_Projects\Eurus_Workspace\HolmHz\data\raw_v2\deepdetect2025\ddata\train\fake\fake_008226.jpg,1,dd2025_fake,id,0.027521
R:\_Projects\Eurus_Workspace\HolmHz\data\raw_v2\diffusion_fakes\Stable Diffusion\Stable_Diffusion_721.jpg,1,sd_fake,id,0.382978
R:\_Projects\Eurus_Workspace\HolmHz\data\raw_v2\diffusion_fakes\Stable Diffusion\Stable_Diffusion_904.jpg,1,sd_fake,id,0.106706
R:\_Projects\Eurus_Workspace\HolmHz\data\raw_v2\deepdetect2025\ddata\train\fake\fake_029976.jpg,1,dd2025_fake,id,0.068218
R:\_Projects\Eurus_Workspace\HolmHz\data\raw_v2\deepdetect2025\ddata\train\real\25935.jpg,0,dd2025_real,id,0.071995
R:\_Projects\Eurus_Workspace\HolmHz\data\raw_v2\rvf10k\rvf10k\train\real\53764.jpg,0,rvf10k_train_real,id,0.241548
R:\_Projects\Eurus_Workspace\HolmHz\data\raw_v2\diffusion_fakes\DALL-E\DALL-E_0613.jpg,1,dalle_fake,id,0.865617
R:\_Projects\Eurus_Workspace\HolmHz\data\raw_v2\rvf10k\rvf10k\train\fake\D67TLF86KA.jpg,1,rvf10k_train_fake,id,0.100730
R:\_Projects\Eurus_Workspace\HolmHz\data\raw_v2\deepdetect2025\ddata\train\real\44874.jpg,0,dd2025_real,id,0.181354
R:\_Projects\Eurus_Workspace\HolmHz\data\raw_v2\diffusion_fakes\Stable Diffusion\Stable_Diffusion_1661.jpg,1,sd_fake,id,0.762800
R:\_Projects\Eurus_Workspace\HolmHz\data\raw_v2\rvf10k\rvf10k\train\real\66165.jpg,0,rvf10k_train_real,id,0.299903
R:\_Projects\Eurus_Workspace\HolmHz\data\raw_v2\ciplab_faces\real_and_fake_face_detection\real_and_fake_face\training_fake\mid_455_0101.jpg,1,ciplab_training_fake,id,0.969521
R:\_Projects\Eurus_Workspace\HolmHz\data\raw_v2\deepdetect2025\ddata\train\fake\fake_033808.jpg,1,dd2025_fake,id,0.265256
R:\_Projects\Eurus_Workspace\HolmHz\data\raw_v2\diffusion_fakes\Stable Diffusion\Stable_Diffusion_629.jpg,1,sd_fake,id,0.992788
R:\_Projects\Eurus_Workspace\HolmHz\data\raw_v2\deepdetect2025\ddata\train\fake\fake_039432.jpg,1,dd2025_fake,id,0.997493
R:\_Projects\Eurus_Workspace\HolmHz\data\raw_v2\deepdetect2025\ddata\train\real\09076.jpg,0,dd2025_real,id,0.948466
R:\_Projects\Eurus_Workspace\HolmHz\data\raw_v2\diffusion_fakes\Real\REAL_3943.jpg,0,deepfake_collection_real,id,0.002545
R:\_Projects\Eurus_Workspace\HolmHz\data\raw_v2\diffusion_fakes\Midjourney\Midjourney_0390.png,1,midjourney_fake,id,0.035315
R:\_Projects\Eurus_Workspace\HolmHz\data\raw_v2\deepdetect2025\ddata\train\fake\fake_003302.jpg,1,dd2025_fake,id,0.156532
R:\_Projects\Eurus_Workspace\HolmHz\data\raw_v2\deepdetect2025\ddata\train\real\66226.jpg,0,dd2025_real,id,0.992984
R:\_Projects\Eurus_Workspace\HolmHz\data\raw_v2\ciplab_faces\real_and_fake_face_detection\real_and_fake_face\training_real\real_00261.jpg,0,ciplab_training_real,id,0.913775
R:\_Projects\Eurus_Workspace\HolmHz\data\raw_v2\rvf10k\rvf10k\train\real\47311.jpg,0,rvf10k_train_real,id,0.239989
R:\_Projects\Eurus_Workspace\HolmHz\data\raw_v2\diffusion_fakes\DALL-E\DALL-E_1187.jpg,1,dalle_fake,id,0.761773
R:\_Projects\Eurus_Workspace\HolmHz\data\raw_v2\ciplab_faces\real_and_fake_face_detection\real_and_fake_face\training_real\real_00769.jpg,0,ciplab_training_real,id,0.340231
R:\_Projects\Eurus_Workspace\HolmHz\data\raw_v2\diffusion_fakes\DALL-E\DALL-E_1362.jpg,1,dalle_fake,id,0.474618
R:\_Projects\Eurus_Workspace\HolmHz\data\raw_v2\ciplab_faces\real_and_fake_face\training_fake\mid_378_1110.jpg,1,ciplab_training_fake,id,0.957715
R:\_Projects\Eurus_Workspace\HolmHz\data\raw_v2\diffusion_fakes\Real\REAL_3814.jpg,0,deepfake_collection_real,id,0.267253
R:\_Projects\Eurus_Workspace\HolmHz\data\raw_v2\ciplab_faces\real_and_fake_face_detection\real_and_fake_face\training_fake\hard_181_0001.jpg,1,ciplab_training_fake,id,0.832110
R:\_Projects\Eurus_Workspace\HolmHz\data\raw_v2\diffusion_fakes\Real\REAL_4265.jpg,0,deepfake_collection_real,id,0.936141
R:\_Projects\Eurus_Workspace\HolmHz\data\raw_v2\diffusion_fakes\Real\REAL_4667.jpg,0,deepfake_collection_real,id,0.692977
R:\_Projects\Eurus_Workspace\HolmHz\data\raw_v2\diffusion_fakes\Real\REAL_5424.jpg,0,deepfake_collection_real,id,0.582491
R:\_Projects\Eurus_Workspace\HolmHz\data\raw_v2\deepdetect2025\ddata\train\fake\fake_007392.jpg,1,dd2025_fake,id,0.766734
R:\_Projects\Eurus_Workspace\HolmHz\data\raw_v2\diffusion_fakes\DALL-E\DALL-E_1141.jpg,1,dalle_fake,id,0.916509
R:\_Projects\Eurus_Workspace\HolmHz\data\raw_v2\rvf10k\rvf10k\train\real\62406.jpg,0,rvf10k_train_real,id,0.009358
R:\_Projects\Eurus_Workspace\HolmHz\data\raw_v2\rvf10k\rvf10k\valid\real\15994.jpg,0,rvf10k_valid_real,id,0.833891
R:\_Projects\Eurus_Workspace\HolmHz\data\raw_v2\rvf10k\rvf10k\train\fake\2PW1OE0VYD.jpg,1,rvf10k_train_fake,id,0.019581
R:\_Projects\Eurus_Workspace\HolmHz\data\raw_v2\rvf10k\rvf10k\train\fake\0QBY45PC9T.jpg,1,rvf10k_train_fake,id,0.030526
R:\_Projects\Eurus_Workspace\HolmHz\data\raw_v2\deepdetect2025\ddata\train\real\48537.jpg,0,dd2025_real,id,0.045576
R:\_Projects\Eurus_Workspace\HolmHz\data\raw_v2\rvf10k\rvf10k\train\fake\WYVOGUJ7PH.jpg,1,rvf10k_train_fake,id,0.029932
R:\_Projects\Eurus_Workspace\HolmHz\data\raw_v2\deepdetect2025\ddata\train\real\58768.jpg,0,dd2025_real,id,0.680833
R:\_Projects\Eurus_Workspace\HolmHz\data\raw_v2\rvf10k\rvf10k\train\real\64834.jpg,0,rvf10k_train_real,id,0.016379
R:\_Projects\Eurus_Workspace\HolmHz\data\raw_v2\diffusion_fakes\Real\REAL_5499.jpg,0,deepfake_collection_real,id,0.805911
R:\_Projects\Eurus_Workspace\HolmHz\data\raw_v2\rvf10k\rvf10k\train\fake\9YBJPWC3D5.jpg,1,rvf10k_train_fake,id,0.036131
R:\_Projects\Eurus_Workspace\HolmHz\data\raw_v2\diffusion_fakes\Real\REAL_4353.jpg,0,deepfake_collection_real,id,0.985469
R:\_Projects\Eurus_Workspace\HolmHz\data\raw_v2\ciplab_faces\real_and_fake_face_detection\real_and_fake_face\training_real\real_00756.jpg,0,ciplab_training_real,id,0.254413
R:\_Projects\Eurus_Workspace\HolmHz\data\raw_v2\deepdetect2025\ddata\train\fake\fake_040911.jpg,1,dd2025_fake,id,0.049861
R:\_Projects\Eurus_Workspace\HolmHz\data\raw_v2\deepdetect2025\ddata\train\fake\fake_041573.jpg,1,dd2025_fake,id,0.210853
R:\_Projects\Eurus_Workspace\HolmHz\data\raw_v2\diffusion_fakes\Real\REAL_3072.jpg,0,deepfake_collection_real,id,0.053897
R:\_Projects\Eurus_Workspace\HolmHz\data\raw_v2\rvf10k\rvf10k\train\fake\T7C0F82STD.jpg,1,rvf10k_train_fake,id,0.572091
R:\_Projects\Eurus_Workspace\HolmHz\data\raw_v2\rvf10k\rvf10k\valid\fake\PDQRAMJKF8.jpg,1,rvf10k_valid_fake,id,0.331110
R:\_Projects\Eurus_Workspace\HolmHz\data\raw_v2\rvf10k\rvf10k\train\fake\O52RNFF5JU.jpg,1,rvf10k_train_fake,id,0.005917
R:\_Projects\Eurus_Workspace\HolmHz\data\raw_v2\rvf10k\rvf10k\valid\real\32930.jpg,0,rvf10k_valid_real,id,0.017642
R:\_Projects\Eurus_Workspace\HolmHz\data\raw_v2\rvf10k\rvf10k\train\real\12986.jpg,0,rvf10k_train_real,id,0.473981
R:\_Projects\Eurus_Workspace\HolmHz\data\raw_v2\rvf10k\rvf10k\valid\real\13712.jpg,0,rvf10k_valid_real,id,0.443881
R:\_Projects\Eurus_Workspace\HolmHz\data\raw_v2\ciplab_faces\real_and_fake_face_detection\real_and_fake_face\training_real\real_00244.jpg,0,ciplab_training_real,id,0.320418
R:\_Projects\Eurus_Workspace\HolmHz\data\raw_v2\diffusion_fakes\Real\REAL_5147.jpg,0,deepfake_collection_real,id,0.981697
R:\_Projects\Eurus_Workspace\HolmHz\data\raw_v2\diffusion_fakes\Real\REAL_1525.jpg,0,deepfake_collection_real,id,0.210170
R:\_Projects\Eurus_Workspace\HolmHz\data\raw_v2\rvf10k\rvf10k\train\real\15881.jpg,0,rvf10k_train_real,id,0.108596
R:\_Projects\Eurus_Workspace\HolmHz\data\raw_v2\rvf10k\rvf10k\train\fake\MCDQBUQOHF.jpg,1,rvf10k_train_fake,id,0.036760
R:\_Projects\Eurus_Workspace\HolmHz\data\raw_v2\rvf10k\rvf10k\valid\fake\JN0UOYAWMI.jpg,1,rvf10k_valid_fake,id,0.029962
R:\_Projects\Eurus_Workspace\HolmHz\data\raw_v2\camera_vs_ai\ai vs real photos\Ai_Images\Image_23.jpg,1,camera_train_ai,id,0.275011
R:\_Projects\Eurus_Workspace\HolmHz\data\raw_v2\diffusion_fakes\Midjourney\Midjourney_0716.png,1,midjourney_fake,id,0.108042
R:\_Projects\Eurus_Workspace\HolmHz\data\raw_v2\rvf10k\rvf10k\valid\real\28607.jpg,0,rvf10k_valid_real,id,0.238283
R:\_Projects\Eurus_Workspace\HolmHz\data\raw_v2\rvf10k\rvf10k\train\fake\4WKPG5XVV8.jpg,1,rvf10k_train_fake,id,0.763278
R:\_Projects\Eurus_Workspace\HolmHz\data\raw_v2\rvf10k\rvf10k\train\fake\YKPRI7FZSH.jpg,1,rvf10k_train_fake,id,0.296627
R:\_Projects\Eurus_Workspace\HolmHz\data\raw_v2\diffusion_fakes\Real\REAL_4468.jpg,0,deepfake_collection_real,id,0.050332
R:\_Projects\Eurus_Workspace\HolmHz\data\raw_v2\rvf10k\rvf10k\train\real\02366.jpg,0,rvf10k_train_real,id,0.003061
R:\_Projects\Eurus_Workspace\HolmHz\data\raw_v2\ciplab_faces\real_and_fake_face\training_real\real_00532.jpg,0,ciplab_training_real,id,0.605694
R:\_Projects\Eurus_Workspace\HolmHz\data\raw_v2\deepdetect2025\ddata\train\fake\fake_016852.jpg,1,dd2025_fake,id,0.126225
R:\_Projects\Eurus_Workspace\HolmHz\data\raw_v2\rvf10k\rvf10k\train\real\56248.jpg,0,rvf10k_train_real,id,0.951223
R:\_Projects\Eurus_Workspace\HolmHz\data\raw_v2\rvf10k\rvf10k\train\real\38662.jpg,0,rvf10k_train_real,id,0.955905
R:\_Projects\Eurus_Workspace\HolmHz\data\raw_v2\rvf10k\rvf10k\train\fake\0GNLB7JX5H.jpg,1,rvf10k_train_fake,id,0.220905
R:\_Projects\Eurus_Workspace\HolmHz\data\raw_v2\rvf10k\rvf10k\train\real\50779.jpg,0,rvf10k_train_real,id,0.053455
R:\_Projects\Eurus_Workspace\HolmHz\data\raw_v2\diffusion_fakes\Real\REAL_1925.jpg,0,deepfake_collection_real,id,0.331564
R:\_Projects\Eurus_Workspace\HolmHz\data\raw_v2\deepdetect2025\ddata\train\fake\fake_007744.jpg,1,dd2025_fake,id,0.876553
R:\_Projects\Eurus_Workspace\HolmHz\data\raw_v2\rvf10k\rvf10k\train\fake\A9LEMCVE6I.jpg,1,rvf10k_train_fake,id,0.021759
R:\_Projects\Eurus_Workspace\HolmHz\data\raw_v2\diffusion_fakes\Real\REAL_2132.jpg,0,deepfake_collection_real,id,0.993413
R:\_Projects\Eurus_Workspace\HolmHz\data\raw_v2\deepdetect2025\ddata\train\fake\fake_032380.jpg,1,dd2025_fake,id,0.259494
R:\_Projects\Eurus_Workspace\HolmHz\data\raw_v2\rvf10k\rvf10k\train\real\12234.jpg,0,rvf10k_train_real,id,0.056898
R:\_Projects\Eurus_Workspace\HolmHz\data\raw_v2\deepdetect2025\ddata\train\fake\fake_012160.jpg,1,dd2025_fake,id,0.269044
R:\_Projects\Eurus_Workspace\HolmHz\data\raw_v2\deepdetect2025\ddata\train\real\05887.jpg,0,dd2025_real,id,0.170941
R:\_Projects\Eurus_Workspace\HolmHz\data\raw_v2\deepdetect2025\ddata\train\fake\fake_019985.jpg,1,dd2025_fake,id,0.041712
R:\_Projects\Eurus_Workspace\HolmHz\data\raw_v2\diffusion_fakes\Real\REAL_2903.jpg,0,deepfake_collection_real,id,0.878614
R:\_Projects\Eurus_Workspace\HolmHz\data\raw_v2\diffusion_fakes\Real\REAL_3963.jpg,0,deepfake_collection_real,id,0.308750
R:\_Projects\Eurus_Workspace\HolmHz\data\raw_v2\rvf10k\rvf10k\train\fake\RR1XP4A7Q6.jpg,1,rvf10k_train_fake,id,0.012650
R:\_Projects\Eurus_Workspace\HolmHz\data\raw_v2\diffusion_fakes\Real\REAL_4628.jpg,0,deepfake_collection_real,id,0.446456
R:\_Projects\Eurus_Workspace\HolmHz\data\raw_v2\deepdetect2025\ddata\train\real\30318.jpg,0,dd2025_real,id,0.401689
R:\_Projects\Eurus_Workspace\HolmHz\data\raw_v2\ciplab_faces\real_and_fake_face_detection\real_and_fake_face\training_fake\hard_155_0010.jpg,1,ciplab_training_fake,id,0.859999
R:\_Projects\Eurus_Workspace\HolmHz\data\raw_v2\deepdetect2025\ddata\train\real\13245.jpg,0,dd2025_real,id,0.322477
R:\_Projects\Eurus_Workspace\HolmHz\data\raw_v2\rvf10k\rvf10k\valid\real\55050.jpg,0,rvf10k_valid_real,id,0.011932
R:\_Projects\Eurus_Workspace\HolmHz\data\raw_v2\rvf10k\rvf10k\train\real\60114.jpg,0,rvf10k_train_real,id,0.851268
R:\_Projects\Eurus_Workspace\HolmHz\data\raw_v2\diffusion_fakes\Real\REAL_4202.jpg,0,deepfake_collection_real,id,0.071205
R:\_Projects\Eurus_Workspace\HolmHz\data\raw_v2\ciplab_faces\real_and_fake_face_detection\real_and_fake_face\training_real\real_00758.jpg,0,ciplab_training_real,id,0.132054
R:\_Projects\Eurus_Workspace\HolmHz\data\raw_v2\diffusion_fakes\DALL-E\DALL-E_1300.jpg,1,dalle_fake,id,0.323607
R:\_Projects\Eurus_Workspace\HolmHz\data\raw_v2\rvf10k\rvf10k\train\real\61165.jpg,0,rvf10k_train_real,id,0.055743
R:\_Projects\Eurus_Workspace\HolmHz\data\raw_v2\diffusion_fakes\Stable Diffusion\Stable_Diffusion_1400.jpg,1,sd_fake,id,0.233147
R:\_Projects\Eurus_Workspace\HolmHz\data\raw_v2\diffusion_fakes\Real\REAL_2306.jpg,0,deepfake_collection_real,id,0.907771
R:\_Projects\Eurus_Workspace\HolmHz\data\raw_v2\diffusion_fakes\Real\REAL_3301.jpg,0,deepfake_collection_real,id,0.711109
R:\_Projects\Eurus_Workspace\HolmHz\data\raw_v2\deepdetect2025\ddata\train\fake\fake_017977.jpg,1,dd2025_fake,id,0.280733
R:\_Projects\Eurus_Workspace\HolmHz\data\raw_v2\deepdetect2025\ddata\train\fake\fake_016493.jpg,1,dd2025_fake,id,0.912350
R:\_Projects\Eurus_Workspace\HolmHz\data\raw_v2\deepdetect2025\ddata\train\real\05958.jpg,0,dd2025_real,id,0.272279
R:\_Projects\Eurus_Workspace\HolmHz\data\raw_v2\rvf10k\rvf10k\train\real\59010.jpg,0,rvf10k_train_real,id,0.783943
R:\_Projects\Eurus_Workspace\HolmHz\data\raw_v2\rvf10k\rvf10k\valid\real\69562.jpg,0,rvf10k_valid_real,id,0.884813
R:\_Projects\Eurus_Workspace\HolmHz\data\raw_v2\deepdetect2025\ddata\train\real\65559.jpg,0,dd2025_real,id,0.998290
R:\_Projects\Eurus_Workspace\HolmHz\data\raw_v2\rvf10k\rvf10k\valid\real\49363.jpg,0,rvf10k_valid_real,id,0.826729
R:\_Projects\Eurus_Workspace\HolmHz\data\raw_v2\rvf10k\rvf10k\train\fake\GH5ZJWNCPC.jpg,1,rvf10k_train_fake,id,0.594391
R:\_Projects\Eurus_Workspace\HolmHz\data\raw_v2\rvf10k\rvf10k\train\fake\992LBCFE27.jpg,1,rvf10k_train_fake,id,0.639575
R:\_Projects\Eurus_Workspace\HolmHz\data\raw_v2\rvf10k\rvf10k\train\real\23533.jpg,0,rvf10k_train_real,id,0.452539
R:\_Projects\Eurus_Workspace\HolmHz\data\raw_v2\deepdetect2025\ddata\train\fake\fake_028375.jpg,1,dd2025_fake,id,0.788751
R:\_Projects\Eurus_Workspace\HolmHz\data\raw_v2\deepdetect2025\ddata\train\real\37580.jpg,0,dd2025_real,id,0.935759
R:\_Projects\Eurus_Workspace\HolmHz\data\raw_v2\deepdetect2025\ddata\train\fake\fake_031169.jpg,1,dd2025_fake,id,0.197686
R:\_Projects\Eurus_Workspace\HolmHz\data\raw_v2\diffusion_fakes\Midjourney\Midjourney_0371.png,1,midjourney_fake,id,0.071106
R:\_Projects\Eurus_Workspace\HolmHz\data\raw_v2\diffusion_fakes\Real\REAL_5369.jpg,0,deepfake_collection_real,id,0.239774
R:\_Projects\Eurus_Workspace\HolmHz\data\raw_v2\diffusion_fakes\Real\REAL_2180.jpg,0,deepfake_collection_real,id,0.603391
R:\_Projects\Eurus_Workspace\HolmHz\data\raw_v2\rvf10k\rvf10k\train\fake\JZCQGDFHB6.jpg,1,rvf10k_train_fake,id,0.034106
R:\_Projects\Eurus_Workspace\HolmHz\data\raw_v2\ciplab_faces\real_and_fake_face\training_real\real_00457.jpg,0,ciplab_training_real,id,0.318485
R:\_Projects\Eurus_Workspace\HolmHz\data\raw_v2\diffusion_fakes\Real\REAL_2084.jpg,0,deepfake_collection_real,id,0.044778
R:\_Projects\Eurus_Workspace\HolmHz\data\raw_v2\rvf10k\rvf10k\train\real\64064.jpg,0,rvf10k_train_real,id,0.016817
R:\_Projects\Eurus_Workspace\HolmHz\data\raw_v2\diffusion_fakes\Stable Diffusion\Stable_Diffusion_840.jpg,1,sd_fake,id,0.663699
R:\_Projects\Eurus_Workspace\HolmHz\data\raw_v2\diffusion_fakes\Real\REAL_2544.jpg,0,deepfake_collection_real,id,0.307158
R:\_Projects\Eurus_Workspace\HolmHz\data\raw_v2\diffusion_fakes\Real\REAL_4711.jpg,0,deepfake_collection_real,id,0.845927
R:\_Projects\Eurus_Workspace\HolmHz\data\raw_v2\ciplab_faces\real_and_fake_face\training_fake\hard_73_0011.jpg,1,ciplab_training_fake,id,0.963625
R:\_Projects\Eurus_Workspace\HolmHz\data\raw_v2\diffusion_fakes\Real\REAL_1775.jpg,0,deepfake_collection_real,id,0.495038
R:\_Projects\Eurus_Workspace\HolmHz\data\raw_v2\ciplab_faces\real_and_fake_face_detection\real_and_fake_face\training_real\real_00942.jpg,0,ciplab_training_real,id,0.994448
R:\_Projects\Eurus_Workspace\HolmHz\data\raw_v2\diffusion_fakes\Stable Diffusion\Stable_Diffusion_94.jpg,1,sd_fake,id,0.144840
R:\_Projects\Eurus_Workspace\HolmHz\data\raw_v2\deepdetect2025\ddata\train\fake\fake_028170.jpg,1,dd2025_fake,id,0.199633
R:\_Projects\Eurus_Workspace\HolmHz\data\raw_v2\rvf10k\rvf10k\valid\real\16799.jpg,0,rvf10k_valid_real,id,0.218916
R:\_Projects\Eurus_Workspace\HolmHz\data\raw_v2\deepdetect2025\ddata\train\real\31787.jpg,0,dd2025_real,id,0.105902
R:\_Projects\Eurus_Workspace\HolmHz\data\raw_v2\deepdetect2025\ddata\train\real\54407.jpg,0,dd2025_real,id,0.232458
R:\_Projects\Eurus_Workspace\HolmHz\data\raw_v2\deepdetect2025\ddata\train\fake\fake_003008.jpg,1,dd2025_fake,id,0.183299
R:\_Projects\Eurus_Workspace\HolmHz\data\raw_v2\diffusion_fakes\Real\REAL_0457.jpg,0,deepfake_collection_real,id,0.839897
R:\_Projects\Eurus_Workspace\HolmHz\data\raw_v2\rvf10k\rvf10k\train\real\52660.jpg,0,rvf10k_train_real,id,0.268042
R:\_Projects\Eurus_Workspace\HolmHz\data\raw_v2\diffusion_fakes\Stable Diffusion\Stable_Diffusion_727.jpg,1,sd_fake,id,0.428914
R:\_Projects\Eurus_Workspace\HolmHz\data\raw_v2\rvf10k\rvf10k\valid\real\08492.jpg,0,rvf10k_valid_real,id,0.447094
R:\_Projects\Eurus_Workspace\HolmHz\data\raw_v2\diffusion_fakes\DALL-E\DALL-E_0129.jpg,1,dalle_fake,id,0.378364
R:\_Projects\Eurus_Workspace\HolmHz\data\raw_v2\diffusion_fakes\Midjourney\Midjourney_0283.png,1,midjourney_fake,id,0.699622
R:\_Projects\Eurus_Workspace\HolmHz\data\raw_v2\diffusion_fakes\Stable Diffusion\Stable_Diffusion_1947.jpg,1,sd_fake,id,0.571894
R:\_Projects\Eurus_Workspace\HolmHz\data\raw_v2\diffusion_fakes\DALL-E\DALL-E_0697.jpg,1,dalle_fake,id,0.549453
R:\_Projects\Eurus_Workspace\HolmHz\data\raw_v2\rvf10k\rvf10k\train\real\67681.jpg,0,rvf10k_train_real,id,0.951416
R:\_Projects\Eurus_Workspace\HolmHz\data\raw_v2\deepdetect2025\ddata\train\fake\fake_024568.jpg,1,dd2025_fake,id,0.129279
R:\_Projects\Eurus_Workspace\HolmHz\data\raw_v2\deepdetect2025\ddata\train\fake\fake_005966.jpg,1,dd2025_fake,id,0.050267
R:\_Projects\Eurus_Workspace\HolmHz\data\raw_v2\rvf10k\rvf10k\train\fake\STLXKGRXYL.jpg,1,rvf10k_train_fake,id,0.453495
R:\_Projects\Eurus_Workspace\HolmHz\data\raw_v2\rvf10k\rvf10k\valid\fake\W79MOV72XN.jpg,1,rvf10k_valid_fake,id,0.892879
R:\_Projects\Eurus_Workspace\HolmHz\data\raw_v2\diffusion_fakes\Real\REAL_3165.jpg,0,deepfake_collection_real,id,0.978416
R:\_Projects\Eurus_Workspace\HolmHz\data\raw_v2\deepdetect2025\ddata\train\fake\fake_016500.jpg,1,dd2025_fake,id,0.711165
R:\_Projects\Eurus_Workspace\HolmHz\data\raw_v2\deepdetect2025\ddata\train\fake\fake_035772.jpg,1,dd2025_fake,id,0.202282
R:\_Projects\Eurus_Workspace\HolmHz\data\raw_v2\rvf10k\rvf10k\train\fake\4Y0APTLRXC.jpg,1,rvf10k_train_fake,id,0.274999
R:\_Projects\Eurus_Workspace\HolmHz\data\raw_v2\deepdetect2025\ddata\train\fake\fake_024548.jpg,1,dd2025_fake,id,0.037767
R:\_Projects\Eurus_Workspace\HolmHz\data\raw_v2\ciplab_faces\real_and_fake_face\training_fake\mid_381_1101.jpg,1,ciplab_training_fake,id,0.986170
R:\_Projects\Eurus_Workspace\HolmHz\data\raw_v2\deepdetect2025\ddata\train\real\30306.jpg,0,dd2025_real,id,0.990078
R:\_Projects\Eurus_Workspace\HolmHz\data\raw_v2\ciplab_faces\real_and_fake_face\training_fake\easy_238_1111.jpg,1,ciplab_training_fake,id,0.081215
R:\_Projects\Eurus_Workspace\HolmHz\data\raw_v2\rvf10k\rvf10k\train\fake\2RM31GSYV6.jpg,1,rvf10k_train_fake,id,0.701401
R:\_Projects\Eurus_Workspace\HolmHz\data\raw_v2\deepdetect2025\ddata\train\fake\fake_022186.jpg,1,dd2025_fake,id,0.011299
R:\_Projects\Eurus_Workspace\HolmHz\data\raw_v2\diffusion_fakes\Stable Diffusion\Stable_Diffusion_1454.jpg,1,sd_fake,id,0.947603
R:\_Projects\Eurus_Workspace\HolmHz\data\raw_v2\diffusion_fakes\Midjourney\Midjourney_0683.png,1,midjourney_fake,id,0.038039
R:\_Projects\Eurus_Workspace\HolmHz\data\raw_v2\deepdetect2025\ddata\train\real\57125.jpg,0,dd2025_real,id,0.074213
R:\_Projects\Eurus_Workspace\HolmHz\data\raw_v2\deepdetect2025\ddata\train\real\68128.jpg,0,dd2025_real,id,0.457609
R:\_Projects\Eurus_Workspace\HolmHz\data\raw_v2\diffusion_fakes\DALL-E\DALL-E_1021.jpg,1,dalle_fake,id,0.724358
R:\_Projects\Eurus_Workspace\HolmHz\data\raw_v2\deepdetect2025\ddata\train\real\40538.jpg,0,dd2025_real,id,0.430625
R:\_Projects\Eurus_Workspace\HolmHz\data\raw_v2\deepdetect2025\ddata\train\fake\fake_018500.jpg,1,dd2025_fake,id,0.278373
R:\_Projects\Eurus_Workspace\HolmHz\data\raw_v2\diffusion_fakes\Real\REAL_0632.jpg,0,deepfake_collection_real,id,0.741188
R:\_Projects\Eurus_Workspace\HolmHz\data\raw_v2\rvf10k\rvf10k\train\real\19490.jpg,0,rvf10k_train_real,id,0.532915
R:\_Projects\Eurus_Workspace\HolmHz\data\raw_v2\rvf10k\rvf10k\valid\fake\056F3HHA5C.jpg,1,rvf10k_valid_fake,id,0.977781
R:\_Projects\Eurus_Workspace\HolmHz\data\raw_v2\camera_vs_ai\ai vs real photos\Camera_images\Image_11.jpg,0,camera_train_real,id,0.370264
R:\_Projects\Eurus_Workspace\HolmHz\data\raw_v2\ciplab_faces\real_and_fake_face_detection\real_and_fake_face\training_fake\mid_18_1111.jpg,1,ciplab_training_fake,id,0.089121
R:\_Projects\Eurus_Workspace\HolmHz\data\raw_v2\deepdetect2025\ddata\train\fake\fake_024664.jpg,1,dd2025_fake,id,0.995439
R:\_Projects\Eurus_Workspace\HolmHz\data\raw_v2\rvf10k\rvf10k\train\fake\C9VWUYR49S.jpg,1,rvf10k_train_fake,id,0.177129
R:\_Projects\Eurus_Workspace\HolmHz\data\raw_v2\rvf10k\rvf10k\valid\real\47797.jpg,0,rvf10k_valid_real,id,0.046088
R:\_Projects\Eurus_Workspace\HolmHz\data\raw_v2\deepdetect2025\ddata\train\real\15875.jpg,0,dd2025_real,id,0.896275
R:\_Projects\Eurus_Workspace\HolmHz\data\raw_v2\rvf10k\rvf10k\valid\fake\IL819W7GLM.jpg,1,rvf10k_valid_fake,id,0.870447
R:\_Projects\Eurus_Workspace\HolmHz\data\raw_v2\rvf10k\rvf10k\valid\fake\MAAN48Y5KR.jpg,1,rvf10k_valid_fake,id,0.771371
R:\_Projects\Eurus_Workspace\HolmHz\data\raw_v2\deepdetect2025\ddata\train\fake\fake_031123.jpg,1,dd2025_fake,id,0.020065
R:\_Projects\Eurus_Workspace\HolmHz\data\raw_v2\ciplab_faces\real_and_fake_face_detection\real_and_fake_face\training_real\real_00160.jpg,0,ciplab_training_real,id,0.948211
R:\_Projects\Eurus_Workspace\HolmHz\data\raw_v2\deepdetect2025\ddata\train\real\31944.jpg,0,dd2025_real,id,0.850247
R:\_Projects\Eurus_Workspace\HolmHz\data\raw_v2\rvf10k\rvf10k\valid\real\24913.jpg,0,rvf10k_valid_real,id,0.009478
R:\_Projects\Eurus_Workspace\HolmHz\data\raw_v2\deepdetect2025\ddata\train\real\56331.jpg,0,dd2025_real,id,0.389918
R:\_Projects\Eurus_Workspace\HolmHz\data\raw_v2\deepdetect2025\ddata\train\fake\fake_032228.jpg,1,dd2025_fake,id,0.965168
R:\_Projects\Eurus_Workspace\HolmHz\data\raw_v2\diffusion_fakes\Real\REAL_2127.jpg,0,deepfake_collection_real,id,0.987780
R:\_Projects\Eurus_Workspace\HolmHz\data\raw_v2\deepdetect2025\ddata\train\real\10077.jpg,0,dd2025_real,id,0.926749
R:\_Projects\Eurus_Workspace\HolmHz\data\raw_v2\diffusion_fakes\DALL-E\DALL-E_0742.jpg,1,dalle_fake,id,0.949762
R:\_Projects\Eurus_Workspace\HolmHz\data\raw_v2\deepdetect2025\ddata\train\fake\fake_019159.jpg,1,dd2025_fake,id,0.208755
R:\_Projects\Eurus_Workspace\HolmHz\data\raw_v2\diffusion_fakes\Real\REAL_3932.jpg,0,deepfake_collection_real,id,0.288339
R:\_Projects\Eurus_Workspace\HolmHz\data\raw_v2\deepdetect2025\ddata\train\real\46853.jpg,0,dd2025_real,id,0.922501
R:\_Projects\Eurus_Workspace\HolmHz\data\raw_v2\deepdetect2025\ddata\train\fake\fake_010403.jpg,1,dd2025_fake,id,0.071119
R:\_Projects\Eurus_Workspace\HolmHz\data\raw_v2\diffusion_fakes\Real\REAL_3423.jpg,0,deepfake_collection_real,id,0.598545
R:\_Projects\Eurus_Workspace\HolmHz\data\raw_v2\deepdetect2025\ddata\train\real\03917.jpg,0,dd2025_real,id,0.586010
R:\_Projects\Eurus_Workspace\HolmHz\data\raw_v2\rvf10k\rvf10k\valid\real\03576.jpg,0,rvf10k_valid_real,id,0.591279
R:\_Projects\Eurus_Workspace\HolmHz\data\raw_v2\deepdetect2025\ddata\train\real\00261.jpg,0,dd2025_real,id,0.008383
R:\_Projects\Eurus_Workspace\HolmHz\data\raw_v2\diffusion_fakes\Real\REAL_1719.jpg,0,deepfake_collection_real,id,0.982687
R:\_Projects\Eurus_Workspace\HolmHz\data\raw_v2\diffusion_fakes\DALL-E\DALL-E_0084.jpg,1,dalle_fake,id,0.844942
R:\_Projects\Eurus_Workspace\HolmHz\data\raw_v2\diffusion_fakes\Real\REAL_2500.jpg,0,deepfake_collection_real,id,0.972965
R:\_Projects\Eurus_Workspace\HolmHz\data\raw_v2\diffusion_fakes\Real\REAL_3231.jpg,0,deepfake_collection_real,id,0.985202
R:\_Projects\Eurus_Workspace\HolmHz\data\raw_v2\rvf10k\rvf10k\train\real\12045.jpg,0,rvf10k_train_real,id,0.037126
R:\_Projects\Eurus_Workspace\HolmHz\data\raw_v2\deepdetect2025\ddata\train\real\52859.jpg,0,dd2025_real,id,0.947713
R:\_Projects\Eurus_Workspace\HolmHz\data\raw_v2\rvf10k\rvf10k\train\real\66595.jpg,0,rvf10k_train_real,id,0.666536
R:\_Projects\Eurus_Workspace\HolmHz\data\raw_v2\ciplab_faces\real_and_fake_face_detection\real_and_fake_face\training_real\real_00647.jpg,0,ciplab_training_real,id,0.349923
R:\_Projects\Eurus_Workspace\HolmHz\data\raw_v2\diffusion_fakes\Real\REAL_5649.jpg,0,deepfake_collection_real,id,0.978347
R:\_Projects\Eurus_Workspace\HolmHz\data\raw_v2\deepdetect2025\ddata\train\real\16739.jpg,0,dd2025_real,id,0.744651
R:\_Projects\Eurus_Workspace\HolmHz\data\raw_v2\rvf10k\rvf10k\train\fake\B068NMSZOS.jpg,1,rvf10k_train_fake,id,0.496004
R:\_Projects\Eurus_Workspace\HolmHz\data\raw_v2\diffusion_fakes\Midjourney\Midjourney_0862.png,1,midjourney_fake,id,0.284045
R:\_Projects\Eurus_Workspace\HolmHz\data\raw_v2\deepdetect2025\ddata\train\fake\fake_025966.jpg,1,dd2025_fake,id,0.004055
R:\_Projects\Eurus_Workspace\HolmHz\data\raw_v2\deepdetect2025\ddata\train\fake\fake_017231.jpg,1,dd2025_fake,id,0.029114
R:\_Projects\Eurus_Workspace\HolmHz\data\raw_v2\rvf10k\rvf10k\train\fake\JKIPFRWTSH.jpg,1,rvf10k_train_fake,id,0.183354
R:\_Projects\Eurus_Workspace\HolmHz\data\raw_v2\rvf10k\rvf10k\valid\real\66528.jpg,0,rvf10k_valid_real,id,0.117065
R:\_Projects\Eurus_Workspace\HolmHz\data\raw_v2\diffusion_fakes\Real\REAL_4424.jpg,0,deepfake_collection_real,id,0.945365
R:\_Projects\Eurus_Workspace\HolmHz\data\raw_v2\rvf10k\rvf10k\valid\real\08539.jpg,0,rvf10k_valid_real,id,0.624224
R:\_Projects\Eurus_Workspace\HolmHz\data\raw_v2\diffusion_fakes\DALL-E\DALL-E_1915.jpg,1,dalle_fake,id,0.691527
R:\_Projects\Eurus_Workspace\HolmHz\data\raw_v2\diffusion_fakes\Real\REAL_3093.jpg,0,deepfake_collection_real,id,0.341582
R:\_Projects\Eurus_Workspace\HolmHz\data\raw_v2\deepdetect2025\ddata\train\real\60779.jpg,0,dd2025_real,id,0.307729
R:\_Projects\Eurus_Workspace\HolmHz\data\raw_v2\deepdetect2025\ddata\train\real\47761.jpg,0,dd2025_real,id,0.580625
R:\_Projects\Eurus_Workspace\HolmHz\data\raw_v2\deepdetect2025\ddata\train\real\50957.jpg,0,dd2025_real,id,0.009682
R:\_Projects\Eurus_Workspace\HolmHz\data\raw_v2\rvf10k\rvf10k\valid\real\49573.jpg,0,rvf10k_valid_real,id,0.955402
R:\_Projects\Eurus_Workspace\HolmHz\data\raw_v2\diffusion_fakes\Midjourney\Midjourney_0110.png,1,midjourney_fake,id,0.262595
R:\_Projects\Eurus_Workspace\HolmHz\data\raw_v2\diffusion_fakes\DALL-E\DALL-E_0589.jpg,1,dalle_fake,id,0.995616
R:\_Projects\Eurus_Workspace\HolmHz\data\raw_v2\rvf10k\rvf10k\train\fake\GUY2TLHNU7.jpg,1,rvf10k_train_fake,id,0.118352
R:\_Projects\Eurus_Workspace\HolmHz\data\raw_v2\deepdetect2025\ddata\train\real\36542.jpg,0,dd2025_real,id,0.034106
R:\_Projects\Eurus_Workspace\HolmHz\data\raw_v2\rvf10k\rvf10k\valid\real\52343.jpg,0,rvf10k_valid_real,id,0.989425
R:\_Projects\Eurus_Workspace\HolmHz\data\raw_v2\rvf10k\rvf10k\valid\real\47178.jpg,0,rvf10k_valid_real,id,0.851118
R:\_Projects\Eurus_Workspace\HolmHz\data\raw_v2\deepdetect2025\ddata\train\real\01242.jpg,0,dd2025_real,id,0.855406
R:\_Projects\Eurus_Workspace\HolmHz\data\raw_v2\rvf10k\rvf10k\valid\fake\HU41DHE0GA.jpg,1,rvf10k_valid_fake,id,0.012205
R:\_Projects\Eurus_Workspace\HolmHz\data\raw_v2\ciplab_faces\real_and_fake_face\training_fake\mid_55_1111.jpg,1,ciplab_training_fake,id,0.699460
R:\_Projects\Eurus_Workspace\HolmHz\data\raw_v2\ciplab_faces\real_and_fake_face\training_fake\mid_15_1111.jpg,1,ciplab_training_fake,id,0.385112
R:\_Projects\Eurus_Workspace\HolmHz\data\raw_v2\rvf10k\rvf10k\valid\real\18464.jpg,0,rvf10k_valid_real,id,0.366640
R:\_Projects\Eurus_Workspace\HolmHz\data\raw_v2\rvf10k\rvf10k\train\fake\D0QVJ9S096.jpg,1,rvf10k_train_fake,id,0.756752
R:\_Projects\Eurus_Workspace\HolmHz\data\raw_v2\deepdetect2025\ddata\train\real\59441.jpg,0,dd2025_real,id,0.003486
R:\_Projects\Eurus_Workspace\HolmHz\data\raw_v2\diffusion_fakes\Stable Diffusion\Stable_Diffusion_1243.jpg,1,sd_fake,id,0.662063
R:\_Projects\Eurus_Workspace\HolmHz\data\raw_v2\rvf10k\rvf10k\valid\real\10371.jpg,0,rvf10k_valid_real,id,0.026314
R:\_Projects\Eurus_Workspace\HolmHz\data\raw_v2\rvf10k\rvf10k\train\fake\8GY3ZCSODY.jpg,1,rvf10k_train_fake,id,0.098029
R:\_Projects\Eurus_Workspace\HolmHz\data\raw_v2\rvf10k\rvf10k\valid\fake\I6SZ4T8B0G.jpg,1,rvf10k_valid_fake,id,0.114042
R:\_Projects\Eurus_Workspace\HolmHz\data\raw_v2\diffusion_fakes\Real\REAL_5214.jpg,0,deepfake_collection_real,id,0.097607
R:\_Projects\Eurus_Workspace\HolmHz\data\raw_v2\rvf10k\rvf10k\train\fake\GBBZXUY2WE.jpg,1,rvf10k_train_fake,id,0.460676
R:\_Projects\Eurus_Workspace\HolmHz\data\raw_v2\diffusion_fakes\Midjourney\Midjourney_0140.png,1,midjourney_fake,id,0.517407
R:\_Projects\Eurus_Workspace\HolmHz\data\raw_v2\diffusion_fakes\Stable Diffusion\Stable_Diffusion_1611.jpg,1,sd_fake,id,0.999858
R:\_Projects\Eurus_Workspace\HolmHz\data\raw_v2\rvf10k\rvf10k\valid\fake\AMR0BX0LMY.jpg,1,rvf10k_valid_fake,id,0.037955
R:\_Projects\Eurus_Workspace\HolmHz\data\raw_v2\rvf10k\rvf10k\train\fake\DK8KJ1SYLG.jpg,1,rvf10k_train_fake,id,0.714445
R:\_Projects\Eurus_Workspace\HolmHz\data\raw_v2\diffusion_fakes\DALL-E\DALL-E_0691.jpg,1,dalle_fake,id,0.977561
R:\_Projects\Eurus_Workspace\HolmHz\data\raw_v2\deepdetect2025\ddata\train\fake\fake_022487.jpg,1,dd2025_fake,id,0.629844
R:\_Projects\Eurus_Workspace\HolmHz\data\raw_v2\rvf10k\rvf10k\train\real\66672.jpg,0,rvf10k_train_real,id,0.075578
R:\_Projects\Eurus_Workspace\HolmHz\data\raw_v2\rvf10k\rvf10k\valid\real\02243.jpg,0,rvf10k_valid_real,id,0.168040
R:\_Projects\Eurus_Workspace\HolmHz\data\raw_v2\rvf10k\rvf10k\valid\real\66164.jpg,0,rvf10k_valid_real,id,0.025532
R:\_Projects\Eurus_Workspace\HolmHz\data\raw_v2\rvf10k\rvf10k\train\real\34076.jpg,0,rvf10k_train_real,id,0.201763
R:\_Projects\Eurus_Workspace\HolmHz\data\raw_v2\ciplab_faces\real_and_fake_face_detection\real_and_fake_face\training_real\real_01079.jpg,0,ciplab_training_real,id,0.009912
R:\_Projects\Eurus_Workspace\HolmHz\data\raw_v2\diffusion_fakes\Midjourney\Midjourney_0545.png,1,midjourney_fake,id,0.252186
R:\_Projects\Eurus_Workspace\HolmHz\data\raw_v2\ciplab_faces\real_and_fake_face_detection\real_and_fake_face\training_fake\hard_67_0001.jpg,1,ciplab_training_fake,id,0.993321
R:\_Projects\Eurus_Workspace\HolmHz\data\raw_v2\ciplab_faces\real_and_fake_face_detection\real_and_fake_face\training_fake\hard_119_1100.jpg,1,ciplab_training_fake,id,0.884383
R:\_Projects\Eurus_Workspace\HolmHz\data\raw_v2\ciplab_faces\real_and_fake_face_detection\real_and_fake_face\training_real\real_00748.jpg,0,ciplab_training_real,id,0.534375
R:\_Projects\Eurus_Workspace\HolmHz\data\raw_v2\deepdetect2025\ddata\train\fake\fake_039837.jpg,1,dd2025_fake,id,0.229586
R:\_Projects\Eurus_Workspace\HolmHz\data\raw_v2\rvf10k\rvf10k\valid\fake\D61SLG0Q79.jpg,1,rvf10k_valid_fake,id,0.429014
R:\_Projects\Eurus_Workspace\HolmHz\data\raw_v2\rvf10k\rvf10k\valid\fake\HV62MULJQR.jpg,1,rvf10k_valid_fake,id,0.015905
R:\_Projects\Eurus_Workspace\HolmHz\data\raw_v2\ciplab_faces\real_and_fake_face_detection\real_and_fake_face\training_fake\mid_380_1111.jpg,1,ciplab_training_fake,id,0.986068
R:\_Projects\Eurus_Workspace\HolmHz\data\raw_v2\diffusion_fakes\Stable Diffusion\Stable_Diffusion_290.jpg,1,sd_fake,id,0.562384
R:\_Projects\Eurus_Workspace\HolmHz\data\raw_v2\ciplab_faces\real_and_fake_face\training_real\real_00134.jpg,0,ciplab_training_real,id,0.616533
R:\_Projects\Eurus_Workspace\HolmHz\data\raw_v2\diffusion_fakes\Stable Diffusion\Stable_Diffusion_889.jpg,1,sd_fake,id,0.075683
R:\_Projects\Eurus_Workspace\HolmHz\data\raw_v2\deepdetect2025\ddata\train\real\37207.jpg,0,dd2025_real,id,0.779120
R:\_Projects\Eurus_Workspace\HolmHz\data\raw_v2\ciplab_faces\real_and_fake_face_detection\real_and_fake_face\training_fake\mid_431_0001.jpg,1,ciplab_training_fake,id,0.474135
R:\_Projects\Eurus_Workspace\HolmHz\data\raw_v2\ciplab_faces\real_and_fake_face\training_fake\mid_376_0001.jpg,1,ciplab_training_fake,id,0.614536
R:\_Projects\Eurus_Workspace\HolmHz\data\raw_v2\deepdetect2025\ddata\train\fake\fake_027817.jpg,1,dd2025_fake,id,0.849767
R:\_Projects\Eurus_Workspace\HolmHz\data\raw_v2\diffusion_fakes\Real\REAL_0456.jpg,0,deepfake_collection_real,id,0.782259
R:\_Projects\Eurus_Workspace\HolmHz\data\raw_v2\rvf10k\rvf10k\valid\real\43884.jpg,0,rvf10k_valid_real,id,0.065293
R:\_Projects\Eurus_Workspace\HolmHz\data\raw_v2\rvf10k\rvf10k\train\real\14972.jpg,0,rvf10k_train_real,id,0.449335
R:\_Projects\Eurus_Workspace\HolmHz\data\raw_v2\ciplab_faces\real_and_fake_face_detection\real_and_fake_face\training_fake\mid_9_1110.jpg,1,ciplab_training_fake,id,0.981074
R:\_Projects\Eurus_Workspace\HolmHz\data\raw_v2\ciplab_faces\real_and_fake_face_detection\real_and_fake_face\training_real\real_01067.jpg,0,ciplab_training_real,id,0.118488
R:\_Projects\Eurus_Workspace\HolmHz\data\raw_v2\deepdetect2025\ddata\train\fake\fake_018729.jpg,1,dd2025_fake,id,0.298349
R:\_Projects\Eurus_Workspace\HolmHz\data\raw_v2\diffusion_fakes\Stable Diffusion\Stable_Diffusion_2019.jpg,1,sd_fake,id,0.503394
R:\_Projects\Eurus_Workspace\HolmHz\data\raw_v2\diffusion_fakes\Real\REAL_5602.jpg,0,deepfake_collection_real,id,0.812990
R:\_Projects\Eurus_Workspace\HolmHz\data\raw_v2\diffusion_fakes\Stable Diffusion\Stable_Diffusion_914.jpg,1,sd_fake,id,0.400883
R:\_Projects\Eurus_Workspace\HolmHz\data\raw_v2\deepdetect2025\ddata\train\real\12142.jpg,0,dd2025_real,id,0.071136
R:\_Projects\Eurus_Workspace\HolmHz\data\raw_v2\rvf10k\rvf10k\train\fake\HSC9AK73WE.jpg,1,rvf10k_train_fake,id,0.193343
R:\_Projects\Eurus_Workspace\HolmHz\data\raw_v2\diffusion_fakes\Real\REAL_0375.jpg,0,deepfake_collection_real,id,0.365545
R:\_Projects\Eurus_Workspace\HolmHz\data\raw_v2\diffusion_fakes\Real\REAL_5372.jpg,0,deepfake_collection_real,id,0.166624
R:\_Projects\Eurus_Workspace\HolmHz\data\raw_v2\ciplab_faces\real_and_fake_face_detection\real_and_fake_face\training_fake\mid_318_1111.jpg,1,ciplab_training_fake,id,0.691767
R:\_Projects\Eurus_Workspace\HolmHz\data\raw_v2\diffusion_fakes\DALL-E\DALL-E_1645.jpg,1,dalle_fake,id,0.693732
R:\_Projects\Eurus_Workspace\HolmHz\data\raw_v2\deepdetect2025\ddata\train\real\38998.jpg,0,dd2025_real,id,0.103538
R:\_Projects\Eurus_Workspace\HolmHz\data\raw_v2\rvf10k\rvf10k\valid\fake\VQ87ECJUS9.jpg,1,rvf10k_valid_fake,id,0.437566
R:\_Projects\Eurus_Workspace\HolmHz\data\raw_v2\deepdetect2025\ddata\train\fake\fake_041125.jpg,1,dd2025_fake,id,0.003409
R:\_Projects\Eurus_Workspace\HolmHz\data\raw_v2\diffusion_fakes\Real\REAL_2633.jpg,0,deepfake_collection_real,id,0.971257
R:\_Projects\Eurus_Workspace\HolmHz\data\raw_v2\rvf10k\rvf10k\train\real\69405.jpg,0,rvf10k_train_real,id,0.131111
R:\_Projects\Eurus_Workspace\HolmHz\data\raw_v2\ciplab_faces\real_and_fake_face_detection\real_and_fake_face\training_real\real_01061.jpg,0,ciplab_training_real,id,0.645995
R:\_Projects\Eurus_Workspace\HolmHz\data\raw_v2\deepdetect2025\ddata\train\real\23950.jpg,0,dd2025_real,id,0.995887
R:\_Projects\Eurus_Workspace\HolmHz\data\raw_v2\rvf10k\rvf10k\train\real\07916.jpg,0,rvf10k_train_real,id,0.994811
R:\_Projects\Eurus_Workspace\HolmHz\data\raw_v2\ciplab_faces\real_and_fake_face_detection\real_and_fake_face\training_real\real_00458.jpg,0,ciplab_training_real,id,0.537435
R:\_Projects\Eurus_Workspace\HolmHz\data\raw_v2\diffusion_fakes\Real\REAL_3420.jpg,0,deepfake_collection_real,id,0.986336
R:\_Projects\Eurus_Workspace\HolmHz\data\raw_v2\deepdetect2025\ddata\train\real\04350.jpg,0,dd2025_real,id,0.029715
R:\_Projects\Eurus_Workspace\HolmHz\data\raw_v2\rvf10k\rvf10k\train\fake\3SJWUFIGTU.jpg,1,rvf10k_train_fake,id,0.384706
R:\_Projects\Eurus_Workspace\HolmHz\data\raw_v2\diffusion_fakes\Real\REAL_5561.jpg,0,deepfake_collection_real,id,0.892452
R:\_Projects\Eurus_Workspace\HolmHz\data\raw_v2\rvf10k\rvf10k\train\real\66419.jpg,0,rvf10k_train_real,id,0.469077
R:\_Projects\Eurus_Workspace\HolmHz\data\raw_v2\deepdetect2025\ddata\train\fake\fake_036244.jpg,1,dd2025_fake,id,0.007982
R:\_Projects\Eurus_Workspace\HolmHz\data\raw_v2\rvf10k\rvf10k\valid\real\60949.jpg,0,rvf10k_valid_real,id,0.080260
R:\_Projects\Eurus_Workspace\HolmHz\data\raw_v2\diffusion_fakes\DALL-E\DALL-E_1784.jpg,1,dalle_fake,id,0.726507
R:\_Projects\Eurus_Workspace\HolmHz\data\raw_v2\ciplab_faces\real_and_fake_face_detection\real_and_fake_face\training_real\real_00575.jpg,0,ciplab_training_real,id,0.099977
R:\_Projects\Eurus_Workspace\HolmHz\data\raw_v2\rvf10k\rvf10k\train\real\47860.jpg,0,rvf10k_train_real,id,0.512158
R:\_Projects\Eurus_Workspace\HolmHz\data\raw_v2\rvf10k\rvf10k\train\fake\V2GK82YE3G.jpg,1,rvf10k_train_fake,id,0.102745
R:\_Projects\Eurus_Workspace\HolmHz\data\raw_v2\rvf10k\rvf10k\train\fake\A8OEUE3D78.jpg,1,rvf10k_train_fake,id,0.043470
R:\_Projects\Eurus_Workspace\HolmHz\data\raw_v2\deepdetect2025\ddata\train\real\46142.jpg,0,dd2025_real,id,0.134650
R:\_Projects\Eurus_Workspace\HolmHz\data\raw_v2\rvf10k\rvf10k\train\fake\V5YQC6LRHW.jpg,1,rvf10k_train_fake,id,0.964828
R:\_Projects\Eurus_Workspace\HolmHz\data\raw_v2\diffusion_fakes\Real\REAL_4651.jpg,0,deepfake_collection_real,id,0.285475
R:\_Projects\Eurus_Workspace\HolmHz\data\raw_v2\rvf10k\rvf10k\train\fake\XYT20DL0PA.jpg,1,rvf10k_train_fake,id,0.991305
R:\_Projects\Eurus_Workspace\HolmHz\data\raw_v2\deepdetect2025\ddata\train\fake\fake_026105.jpg,1,dd2025_fake,id,0.009190
R:\_Projects\Eurus_Workspace\HolmHz\data\raw_v2\rvf10k\rvf10k\train\real\23356.jpg,0,rvf10k_train_real,id,0.996055
R:\_Projects\Eurus_Workspace\HolmHz\data\raw_v2\diffusion_fakes\Real\REAL_2918.jpg,0,deepfake_collection_real,id,0.056609
R:\_Projects\Eurus_Workspace\HolmHz\data\raw_v2\deepdetect2025\ddata\train\real\20384.jpg,0,dd2025_real,id,0.838642
R:\_Projects\Eurus_Workspace\HolmHz\data\raw_v2\diffusion_fakes\Stable Diffusion\Stable_Diffusion_723.jpg,1,sd_fake,id,0.859301
R:\_Projects\Eurus_Workspace\HolmHz\data\raw_v2\rvf10k\rvf10k\valid\real\63594.jpg,0,rvf10k_valid_real,id,0.483053
R:\_Projects\Eurus_Workspace\HolmHz\data\raw_v2\rvf10k\rvf10k\train\real\07432.jpg,0,rvf10k_train_real,id,0.581592
R:\_Projects\Eurus_Workspace\HolmHz\data\raw_v2\rvf10k\rvf10k\valid\fake\MGY8X35TI0.jpg,1,rvf10k_valid_fake,id,0.004379
R:\_Projects\Eurus_Workspace\HolmHz\data\raw_v2\rvf10k\rvf10k\valid\real\17315.jpg,0,rvf10k_valid_real,id,0.886166
R:\_Projects\Eurus_Workspace\HolmHz\data\raw_v2\rvf10k\rvf10k\train\fake\UXW01WUKS9.jpg,1,rvf10k_train_fake,id,0.995251
R:\_Projects\Eurus_Workspace\HolmHz\data\raw_v2\ciplab_faces\real_and_fake_face_detection\real_and_fake_face\training_fake\mid_40_1111.jpg,1,ciplab_training_fake,id,0.594183
R:\_Projects\Eurus_Workspace\HolmHz\data\raw_v2\rvf10k\rvf10k\train\real\59328.jpg,0,rvf10k_train_real,id,0.140444
R:\_Projects\Eurus_Workspace\HolmHz\data\raw_v2\diffusion_fakes\DALL-E\DALL-E_1567.jpg,1,dalle_fake,id,0.962484
R:\_Projects\Eurus_Workspace\HolmHz\data\raw_v2\deepdetect2025\ddata\train\real\45564.jpg,0,dd2025_real,id,0.073131
R:\_Projects\Eurus_Workspace\HolmHz\data\raw_v2\deepdetect2025\ddata\train\real\37989.jpg,0,dd2025_real,id,0.010869
R:\_Projects\Eurus_Workspace\HolmHz\data\raw_v2\rvf10k\rvf10k\valid\real\32650.jpg,0,rvf10k_valid_real,id,0.008413
R:\_Projects\Eurus_Workspace\HolmHz\data\raw_v2\rvf10k\rvf10k\valid\real\29908.jpg,0,rvf10k_valid_real,id,0.920063
R:\_Projects\Eurus_Workspace\HolmHz\data\raw_v2\ciplab_faces\real_and_fake_face\training_real\real_00110.jpg,0,ciplab_training_real,id,0.130766
R:\_Projects\Eurus_Workspace\HolmHz\data\raw_v2\rvf10k\rvf10k\valid\real\22936.jpg,0,rvf10k_valid_real,id,0.994694
R:\_Projects\Eurus_Workspace\HolmHz\data\raw_v2\deepdetect2025\ddata\train\real\18222.jpg,0,dd2025_real,id,0.369558
R:\_Projects\Eurus_Workspace\HolmHz\data\raw_v2\diffusion_fakes\DALL-E\DALL-E_0851.jpg,1,dalle_fake,id,0.918283
R:\_Projects\Eurus_Workspace\HolmHz\data\raw_v2\rvf10k\rvf10k\train\fake\BX5AWD0QJ8.jpg,1,rvf10k_train_fake,id,0.994564
R:\_Projects\Eurus_Workspace\HolmHz\data\raw_v2\deepdetect2025\ddata\train\fake\fake_032621.jpg,1,dd2025_fake,id,0.939383
R:\_Projects\Eurus_Workspace\HolmHz\data\raw_v2\diffusion_fakes\DALL-E\DALL-E_1730.jpg,1,dalle_fake,id,0.076429
R:\_Projects\Eurus_Workspace\HolmHz\data\raw_v2\ciplab_faces\real_and_fake_face_detection\real_and_fake_face\training_real\real_00548.jpg,0,ciplab_training_real,id,0.614738
R:\_Projects\Eurus_Workspace\HolmHz\data\raw_v2\deepdetect2025\ddata\train\fake\fake_024305.jpg,1,dd2025_fake,id,0.029122
R:\_Projects\Eurus_Workspace\HolmHz\data\raw_v2\rvf10k\rvf10k\valid\real\50629.jpg,0,rvf10k_valid_real,id,0.984296
R:\_Projects\Eurus_Workspace\HolmHz\data\raw_v2\diffusion_fakes\Stable Diffusion\Stable_Diffusion_1878.jpg,1,sd_fake,id,0.367702
R:\_Projects\Eurus_Workspace\HolmHz\data\raw_v2\diffusion_fakes\Stable Diffusion\Stable_Diffusion_1256.jpg,1,sd_fake,id,0.129631
R:\_Projects\Eurus_Workspace\HolmHz\data\raw_v2\diffusion_fakes\Real\REAL_2484.jpg,0,deepfake_collection_real,id,0.994382
R:\_Projects\Eurus_Workspace\HolmHz\data\raw_v2\deepdetect2025\ddata\train\fake\fake_028543.jpg,1,dd2025_fake,id,0.007667
R:\_Projects\Eurus_Workspace\HolmHz\data\raw_v2\rvf10k\rvf10k\train\real\09523.jpg,0,rvf10k_train_real,id,0.925690
R:\_Projects\Eurus_Workspace\HolmHz\data\raw_v2\diffusion_fakes\Stable Diffusion\Stable_Diffusion_1959.jpg,1,sd_fake,id,0.627426
R:\_Projects\Eurus_Workspace\HolmHz\data\raw_v2\ciplab_faces\real_and_fake_face\training_fake\mid_32_1111.jpg,1,ciplab_training_fake,id,0.832723
R:\_Projects\Eurus_Workspace\HolmHz\data\raw_v2\deepdetect2025\ddata\train\real\40903.jpg,0,dd2025_real,id,0.347134
R:\_Projects\Eurus_Workspace\HolmHz\data\raw_v2\deepdetect2025\ddata\train\real\53305.jpg,0,dd2025_real,id,0.924031
R:\_Projects\Eurus_Workspace\HolmHz\data\raw_v2\deepdetect2025\ddata\train\fake\fake_030694.jpg,1,dd2025_fake,id,0.079717
R:\_Projects\Eurus_Workspace\HolmHz\data\raw_v2\rvf10k\rvf10k\train\fake\LKNXJP74GU.jpg,1,rvf10k_train_fake,id,0.656775
R:\_Projects\Eurus_Workspace\HolmHz\data\raw_v2\diffusion_fakes\Stable Diffusion\Stable_Diffusion_1299.jpg,1,sd_fake,id,0.962190
R:\_Projects\Eurus_Workspace\HolmHz\data\raw_v2\diffusion_fakes\Real\REAL_3742.jpg,0,deepfake_collection_real,id,0.008660
R:\_Projects\Eurus_Workspace\HolmHz\data\raw_v2\rvf10k\rvf10k\train\fake\O6XLWRSNKG.jpg,1,rvf10k_train_fake,id,0.503233
R:\_Projects\Eurus_Workspace\HolmHz\data\raw_v2\rvf10k\rvf10k\train\real\63210.jpg,0,rvf10k_train_real,id,0.002653
R:\_Projects\Eurus_Workspace\HolmHz\data\raw_v2\ciplab_faces\real_and_fake_face_detection\real_and_fake_face\training_real\real_00784.jpg,0,ciplab_training_real,id,0.550577
R:\_Projects\Eurus_Workspace\HolmHz\data\raw_v2\diffusion_fakes\Real\REAL_5760.jpg,0,deepfake_collection_real,id,0.005140
R:\_Projects\Eurus_Workspace\HolmHz\data\raw_v2\rvf10k\rvf10k\train\real\38467.jpg,0,rvf10k_train_real,id,0.924057
R:\_Projects\Eurus_Workspace\HolmHz\data\raw_v2\rvf10k\rvf10k\train\real\40164.jpg,0,rvf10k_train_real,id,0.038476
R:\_Projects\Eurus_Workspace\HolmHz\data\raw_v2\deepdetect2025\ddata\train\real\23569.jpg,0,dd2025_real,id,0.113657
R:\_Projects\Eurus_Workspace\HolmHz\data\raw_v2\diffusion_fakes\Midjourney\Midjourney_0512.png,1,midjourney_fake,id,0.349453
R:\_Projects\Eurus_Workspace\HolmHz\data\raw_v2\diffusion_fakes\Stable Diffusion\Stable_Diffusion_471.jpg,1,sd_fake,id,0.023450
R:\_Projects\Eurus_Workspace\HolmHz\data\raw_v2\deepdetect2025\ddata\train\fake\fake_009908.jpg,1,dd2025_fake,id,0.658322
R:\_Projects\Eurus_Workspace\HolmHz\data\raw_v2\diffusion_fakes\Real\REAL_3905.jpg,0,deepfake_collection_real,id,0.107569
R:\_Projects\Eurus_Workspace\HolmHz\data\raw_v2\rvf10k\rvf10k\valid\real\49373.jpg,0,rvf10k_valid_real,id,0.075103
R:\_Projects\Eurus_Workspace\HolmHz\data\raw_v2\deepdetect2025\ddata\train\fake\fake_014728.jpg,1,dd2025_fake,id,0.994166
R:\_Projects\Eurus_Workspace\HolmHz\data\raw_v2\rvf10k\rvf10k\train\real\12039.jpg,0,rvf10k_train_real,id,0.422023
R:\_Projects\Eurus_Workspace\HolmHz\data\raw_v2\deepdetect2025\ddata\train\real\14122.jpg,0,dd2025_real,id,0.925492
R:\_Projects\Eurus_Workspace\HolmHz\data\raw_v2\rvf10k\rvf10k\train\fake\E88QV3412C.jpg,1,rvf10k_train_fake,id,0.035280
R:\_Projects\Eurus_Workspace\HolmHz\data\raw_v2\diffusion_fakes\Real\REAL_0949.jpg,0,deepfake_collection_real,id,0.708766
R:\_Projects\Eurus_Workspace\HolmHz\data\raw_v2\deepdetect2025\ddata\train\fake\fake_037715.jpg,1,dd2025_fake,id,0.006914
R:\_Projects\Eurus_Workspace\HolmHz\data\raw_v2\rvf10k\rvf10k\train\fake\WR1KQZP9VK.jpg,1,rvf10k_train_fake,id,0.051541
R:\_Projects\Eurus_Workspace\HolmHz\data\raw_v2\deepdetect2025\ddata\train\fake\fake_037401.jpg,1,dd2025_fake,id,0.063716
R:\_Projects\Eurus_Workspace\HolmHz\data\raw_v2\rvf10k\rvf10k\train\fake\TXMCHF3ICP.jpg,1,rvf10k_train_fake,id,0.936197
R:\_Projects\Eurus_Workspace\HolmHz\data\raw_v2\deepdetect2025\ddata\train\fake\fake_022699.jpg,1,dd2025_fake,id,0.015997
R:\_Projects\Eurus_Workspace\HolmHz\data\raw_v2\deepdetect2025\ddata\train\real\62289.jpg,0,dd2025_real,id,0.659679
R:\_Projects\Eurus_Workspace\HolmHz\data\raw_v2\ciplab_faces\real_and_fake_face\training_real\real_01053.jpg,0,ciplab_training_real,id,0.271368
R:\_Projects\Eurus_Workspace\HolmHz\data\raw_v2\rvf10k\rvf10k\valid\real\15396.jpg,0,rvf10k_valid_real,id,0.111478
R:\_Projects\Eurus_Workspace\HolmHz\data\raw_v2\rvf10k\rvf10k\train\real\18611.jpg,0,rvf10k_train_real,id,0.897317
R:\_Projects\Eurus_Workspace\HolmHz\data\raw_v2\diffusion_fakes\Real\REAL_4902.jpg,0,deepfake_collection_real,id,0.887066
R:\_Projects\Eurus_Workspace\HolmHz\data\raw_v2\diffusion_fakes\Stable Diffusion\Stable_Diffusion_525.jpg,1,sd_fake,id,0.788870
R:\_Projects\Eurus_Workspace\HolmHz\data\raw_v2\deepdetect2025\ddata\train\fake\fake_003894.jpg,1,dd2025_fake,id,0.066378
R:\_Projects\Eurus_Workspace\HolmHz\data\raw_v2\deepdetect2025\ddata\train\real\06404.jpg,0,dd2025_real,id,0.346441
R:\_Projects\Eurus_Workspace\HolmHz\data\raw_v2\diffusion_fakes\Real\REAL_4496.jpg,0,deepfake_collection_real,id,0.395070
R:\_Projects\Eurus_Workspace\HolmHz\data\raw_v2\diffusion_fakes\Real\REAL_5663.jpg,0,deepfake_collection_real,id,0.981141
R:\_Projects\Eurus_Workspace\HolmHz\data\raw_v2\diffusion_fakes\DALL-E\DALL-E_0595.jpg,1,dalle_fake,id,0.995541
R:\_Projects\Eurus_Workspace\HolmHz\data\raw_v2\rvf10k\rvf10k\train\real\14962.jpg,0,rvf10k_train_real,id,0.672140
R:\_Projects\Eurus_Workspace\HolmHz\data\raw_v2\ciplab_faces\real_and_fake_face_detection\real_and_fake_face\training_real\real_00540.jpg,0,ciplab_training_real,id,0.861959
R:\_Projects\Eurus_Workspace\HolmHz\data\raw_v2\rvf10k\rvf10k\train\real\50872.jpg,0,rvf10k_train_real,id,0.805102
R:\_Projects\Eurus_Workspace\HolmHz\data\raw_v2\rvf10k\rvf10k\train\real\42095.jpg,0,rvf10k_train_real,id,0.991317
R:\_Projects\Eurus_Workspace\HolmHz\data\raw_v2\diffusion_fakes\Stable Diffusion\Stable_Diffusion_397.jpg,1,sd_fake,id,0.068186
R:\_Projects\Eurus_Workspace\HolmHz\data\raw_v2\rvf10k\rvf10k\valid\real\64461.jpg,0,rvf10k_valid_real,id,0.885541
R:\_Projects\Eurus_Workspace\HolmHz\data\raw_v2\deepdetect2025\ddata\train\fake\fake_025549.jpg,1,dd2025_fake,id,0.248452
R:\_Projects\Eurus_Workspace\HolmHz\data\raw_v2\deepdetect2025\ddata\train\real\50245.jpg,0,dd2025_real,id,0.103705
R:\_Projects\Eurus_Workspace\HolmHz\data\raw_v2\diffusion_fakes\Real\REAL_3393.jpg,0,deepfake_collection_real,id,0.632178
R:\_Projects\Eurus_Workspace\HolmHz\data\raw_v2\rvf10k\rvf10k\train\fake\FLRT9AHL98.jpg,1,rvf10k_train_fake,id,0.861120
R:\_Projects\Eurus_Workspace\HolmHz\data\raw_v2\deepdetect2025\ddata\train\fake\fake_003204.jpg,1,dd2025_fake,id,0.163241
R:\_Projects\Eurus_Workspace\HolmHz\data\raw_v2\deepdetect2025\ddata\train\fake\fake_037921.jpg,1,dd2025_fake,id,0.915577
R:\_Projects\Eurus_Workspace\HolmHz\data\raw_v2\rvf10k\rvf10k\train\real\42764.jpg,0,rvf10k_train_real,id,0.042109
R:\_Projects\Eurus_Workspace\HolmHz\data\raw_v2\deepdetect2025\ddata\train\fake\fake_031088.jpg,1,dd2025_fake,id,0.134597
R:\_Projects\Eurus_Workspace\HolmHz\data\raw_v2\rvf10k\rvf10k\valid\fake\LLRKAPU5K7.jpg,1,rvf10k_valid_fake,id,0.117875
R:\_Projects\Eurus_Workspace\HolmHz\data\raw_v2\ciplab_faces\real_and_fake_face\training_fake\mid_70_1111.jpg,1,ciplab_training_fake,id,0.869675
R:\_Projects\Eurus_Workspace\HolmHz\data\raw_v2\deepdetect2025\ddata\train\real\14078.jpg,0,dd2025_real,id,0.068821
R:\_Projects\Eurus_Workspace\HolmHz\data\raw_v2\rvf10k\rvf10k\train\fake\9KS61558UX.jpg,1,rvf10k_train_fake,id,0.495121
R:\_Projects\Eurus_Workspace\HolmHz\data\raw_v2\diffusion_fakes\DALL-E\DALL-E_1145.jpg,1,dalle_fake,id,0.964535
R:\_Projects\Eurus_Workspace\HolmHz\data\raw_v2\ciplab_faces\real_and_fake_face\training_real\real_00624.jpg,0,ciplab_training_real,id,0.205645
R:\_Projects\Eurus_Workspace\HolmHz\data\raw_v2\diffusion_fakes\Real\REAL_3844.jpg,0,deepfake_collection_real,id,0.035206
R:\_Projects\Eurus_Workspace\HolmHz\data\raw_v2\deepdetect2025\ddata\train\real\68213.jpg,0,dd2025_real,id,0.828122
R:\_Projects\Eurus_Workspace\HolmHz\data\raw_v2\diffusion_fakes\Real\REAL_2461.jpg,0,deepfake_collection_real,id,0.907239
R:\_Projects\Eurus_Workspace\HolmHz\data\raw_v2\diffusion_fakes\Real\REAL_3540.jpg,0,deepfake_collection_real,id,0.605408
R:\_Projects\Eurus_Workspace\HolmHz\data\raw_v2\diffusion_fakes\Real\REAL_2186.jpg,0,deepfake_collection_real,id,0.322424
R:\_Projects\Eurus_Workspace\HolmHz\data\raw_v2\rvf10k\rvf10k\valid\fake\4Q8BG7XFCS.jpg,1,rvf10k_valid_fake,id,0.423312
R:\_Projects\Eurus_Workspace\HolmHz\data\raw_v2\deepdetect2025\ddata\train\real\23646.jpg,0,dd2025_real,id,0.940353
R:\_Projects\Eurus_Workspace\HolmHz\data\raw_v2\diffusion_fakes\Stable Diffusion\Stable_Diffusion_1665.jpg,1,sd_fake,id,0.151639
R:\_Projects\Eurus_Workspace\HolmHz\data\raw_v2\deepdetect2025\ddata\train\fake\fake_016454.jpg,1,dd2025_fake,id,0.091553
R:\_Projects\Eurus_Workspace\HolmHz\data\raw_v2\rvf10k\rvf10k\train\real\04619.jpg,0,rvf10k_train_real,id,0.029587
R:\_Projects\Eurus_Workspace\HolmHz\data\raw_v2\deepdetect2025\ddata\train\real\16269.jpg,0,dd2025_real,id,0.973943
R:\_Projects\Eurus_Workspace\HolmHz\data\raw_v2\diffusion_fakes\Stable Diffusion\Stable_Diffusion_2021.jpg,1,sd_fake,id,0.108005
R:\_Projects\Eurus_Workspace\HolmHz\data\raw_v2\deepdetect2025\ddata\train\real\31245.jpg,0,dd2025_real,id,0.778550
R:\_Projects\Eurus_Workspace\HolmHz\data\raw_v2\rvf10k\rvf10k\train\real\66653.jpg,0,rvf10k_train_real,id,0.225858
R:\_Projects\Eurus_Workspace\HolmHz\data\raw_v2\diffusion_fakes\Real\REAL_5367.jpg,0,deepfake_collection_real,id,0.110597
R:\_Projects\Eurus_Workspace\HolmHz\data\raw_v2\diffusion_fakes\Midjourney\Midjourney_0562.png,1,midjourney_fake,id,0.858315
R:\_Projects\Eurus_Workspace\HolmHz\data\raw_v2\deepdetect2025\ddata\train\real\37903.jpg,0,dd2025_real,id,0.484675
R:\_Projects\Eurus_Workspace\HolmHz\data\raw_v2\deepdetect2025\ddata\train\real\34183.jpg,0,dd2025_real,id,0.412087
R:\_Projects\Eurus_Workspace\HolmHz\data\raw_v2\rvf10k\rvf10k\train\fake\QGNIO38NXV.jpg,1,rvf10k_train_fake,id,0.005798
R:\_Projects\Eurus_Workspace\HolmHz\data\raw_v2\diffusion_fakes\Real\REAL_0211.jpg,0,deepfake_collection_real,id,0.776239
R:\_Projects\Eurus_Workspace\HolmHz\data\raw_v2\rvf10k\rvf10k\train\fake\1HCZNZO90L.jpg,1,rvf10k_train_fake,id,0.188897
R:\_Projects\Eurus_Workspace\HolmHz\data\raw_v2\rvf10k\rvf10k\train\fake\1VRWQ8E6AB.jpg,1,rvf10k_train_fake,id,0.994736
R:\_Projects\Eurus_Workspace\HolmHz\data\raw_v2\rvf10k\rvf10k\train\fake\3UANZ6LA7G.jpg,1,rvf10k_train_fake,id,0.622554
R:\_Projects\Eurus_Workspace\HolmHz\data\raw_v2\deepdetect2025\ddata\train\fake\fake_018106.jpg,1,dd2025_fake,id,0.117649
R:\_Projects\Eurus_Workspace\HolmHz\data\raw_v2\deepdetect2025\ddata\train\fake\fake_035355.png,1,dd2025_fake,id,0.997879
R:\_Projects\Eurus_Workspace\HolmHz\data\raw_v2\deepdetect2025\ddata\train\real\27218.jpg,0,dd2025_real,id,0.012235
R:\_Projects\Eurus_Workspace\HolmHz\data\raw_v2\diffusion_fakes\Stable Diffusion\Stable_Diffusion_243.jpg,1,sd_fake,id,0.003322
R:\_Projects\Eurus_Workspace\HolmHz\data\raw_v2\rvf10k\rvf10k\train\fake\BF9HENNNBD.jpg,1,rvf10k_train_fake,id,0.713460
R:\_Projects\Eurus_Workspace\HolmHz\data\raw_v2\diffusion_fakes\Real\REAL_5349.jpg,0,deepfake_collection_real,id,0.937095
R:\_Projects\Eurus_Workspace\HolmHz\data\raw_v2\diffusion_fakes\DALL-E\DALL-E_0897.jpg,1,dalle_fake,id,0.988255
R:\_Projects\Eurus_Workspace\HolmHz\data\raw_v2\rvf10k\rvf10k\train\real\25149.jpg,0,rvf10k_train_real,id,0.087419
R:\_Projects\Eurus_Workspace\HolmHz\data\raw_v2\deepdetect2025\ddata\train\real\45689.jpg,0,dd2025_real,id,0.996346
R:\_Projects\Eurus_Workspace\HolmHz\data\raw_v2\diffusion_fakes\Real\REAL_1833.jpg,0,deepfake_collection_real,id,0.957067
R:\_Projects\Eurus_Workspace\HolmHz\data\raw_v2\diffusion_fakes\Real\REAL_1293.jpg,0,deepfake_collection_real,id,0.735419
R:\_Projects\Eurus_Workspace\HolmHz\data\raw_v2\deepdetect2025\ddata\train\real\44074.jpg,0,dd2025_real,id,0.570498
R:\_Projects\Eurus_Workspace\HolmHz\data\raw_v2\deepdetect2025\ddata\train\fake\fake_012193.jpg,1,dd2025_fake,id,0.206768
R:\_Projects\Eurus_Workspace\HolmHz\data\raw_v2\deepdetect2025\ddata\train\fake\fake_004750.jpg,1,dd2025_fake,id,0.952713
R:\_Projects\Eurus_Workspace\HolmHz\data\raw_v2\deepdetect2025\ddata\train\real\09418.jpg,0,dd2025_real,id,0.352692
R:\_Projects\Eurus_Workspace\HolmHz\data\raw_v2\diffusion_fakes\Real\REAL_4454.jpg,0,deepfake_collection_real,id,0.962619
R:\_Projects\Eurus_Workspace\HolmHz\data\raw_v2\rvf10k\rvf10k\train\fake\QU8352ZTB6.jpg,1,rvf10k_train_fake,id,0.008479
R:\_Projects\Eurus_Workspace\HolmHz\data\raw_v2\diffusion_fakes\DALL-E\DALL-E_0273.jpg,1,dalle_fake,id,0.173690
R:\_Projects\Eurus_Workspace\HolmHz\data\raw_v2\deepdetect2025\ddata\train\real\26645.jpg,0,dd2025_real,id,0.007785
R:\_Projects\Eurus_Workspace\HolmHz\data\raw_v2\rvf10k\rvf10k\train\fake\R0QFVOVJG4.jpg,1,rvf10k_train_fake,id,0.184561
R:\_Projects\Eurus_Workspace\HolmHz\data\raw_v2\rvf10k\rvf10k\valid\real\28084.jpg,0,rvf10k_valid_real,id,0.091213
R:\_Projects\Eurus_Workspace\HolmHz\data\raw_v2\deepdetect2025\ddata\train\fake\fake_027419.jpg,1,dd2025_fake,id,0.499024
R:\_Projects\Eurus_Workspace\HolmHz\data\raw_v2\deepdetect2025\ddata\train\real\60489.jpg,0,dd2025_real,id,0.339147
R:\_Projects\Eurus_Workspace\HolmHz\data\raw_v2\diffusion_fakes\Real\REAL_3194.jpg,0,deepfake_collection_real,id,0.359301
R:\_Projects\Eurus_Workspace\HolmHz\data\raw_v2\diffusion_fakes\DALL-E\DALL-E_1049.jpg,1,dalle_fake,id,0.128684
R:\_Projects\Eurus_Workspace\HolmHz\data\raw_v2\deepdetect2025\ddata\train\fake\fake_010122.jpg,1,dd2025_fake,id,0.116927
R:\_Projects\Eurus_Workspace\HolmHz\data\raw_v2\rvf10k\rvf10k\train\fake\ISP7603RYX.jpg,1,rvf10k_train_fake,id,0.013359
R:\_Projects\Eurus_Workspace\HolmHz\data\raw_v2\rvf10k\rvf10k\train\real\65051.jpg,0,rvf10k_train_real,id,0.928147
R:\_Projects\Eurus_Workspace\HolmHz\data\raw_v2\ciplab_faces\real_and_fake_face\training_real\real_00287.jpg,0,ciplab_training_real,id,0.929462
R:\_Projects\Eurus_Workspace\HolmHz\data\raw_v2\diffusion_fakes\Stable Diffusion\Stable_Diffusion_213.jpg,1,sd_fake,id,0.147286
R:\_Projects\Eurus_Workspace\HolmHz\data\raw_v2\deepdetect2025\ddata\train\real\24199.jpg,0,dd2025_real,id,0.237843
R:\_Projects\Eurus_Workspace\HolmHz\data\raw_v2\diffusion_fakes\DALL-E\DALL-E_1637.jpg,1,dalle_fake,id,0.105294
R:\_Projects\Eurus_Workspace\HolmHz\data\raw_v2\rvf10k\rvf10k\train\fake\05NJ1PVNC4.jpg,1,rvf10k_train_fake,id,0.293016
R:\_Projects\Eurus_Workspace\HolmHz\data\raw_v2\diffusion_fakes\Real\REAL_4597.jpg,0,deepfake_collection_real,id,0.625978
R:\_Projects\Eurus_Workspace\HolmHz\data\raw_v2\deepdetect2025\ddata\train\fake\fake_005411.jpg,1,dd2025_fake,id,0.257532
R:\_Projects\Eurus_Workspace\HolmHz\data\raw_v2\rvf10k\rvf10k\train\fake\2HBSCT2XFT.jpg,1,rvf10k_train_fake,id,0.001282
R:\_Projects\Eurus_Workspace\HolmHz\data\raw_v2\rvf10k\rvf10k\train\real\30515.jpg,0,rvf10k_train_real,id,0.968018
R:\_Projects\Eurus_Workspace\HolmHz\data\raw_v2\diffusion_fakes\Real\REAL_1613.jpg,0,deepfake_collection_real,id,0.744151
R:\_Projects\Eurus_Workspace\HolmHz\data\raw_v2\rvf10k\rvf10k\valid\real\05721.jpg,0,rvf10k_valid_real,id,0.013639
R:\_Projects\Eurus_Workspace\HolmHz\data\raw_v2\rvf10k\rvf10k\train\fake\8JIVKNUW9E.jpg,1,rvf10k_train_fake,id,0.353448
R:\_Projects\Eurus_Workspace\HolmHz\data\raw_v2\deepdetect2025\ddata\train\fake\fake_029619.jpg,1,dd2025_fake,id,0.029521
R:\_Projects\Eurus_Workspace\HolmHz\data\raw_v2\deepdetect2025\ddata\train\real\28133.jpg,0,dd2025_real,id,0.034912
R:\_Projects\Eurus_Workspace\HolmHz\data\raw_v2\deepdetect2025\ddata\train\fake\fake_012122.jpg,1,dd2025_fake,id,0.611439
R:\_Projects\Eurus_Workspace\HolmHz\data\raw_v2\diffusion_fakes\Real\REAL_3070.jpg,0,deepfake_collection_real,id,0.856364
R:\_Projects\Eurus_Workspace\HolmHz\data\raw_v2\deepdetect2025\ddata\train\fake\fake_026130.jpg,1,dd2025_fake,id,0.047226
R:\_Projects\Eurus_Workspace\HolmHz\data\raw_v2\deepdetect2025\ddata\train\real\36453.jpg,0,dd2025_real,id,0.088769
R:\_Projects\Eurus_Workspace\HolmHz\data\raw_v2\deepdetect2025\ddata\train\fake\fake_014543.jpg,1,dd2025_fake,id,0.977133
R:\_Projects\Eurus_Workspace\HolmHz\data\raw_v2\ciplab_faces\real_and_fake_face\training_fake\hard_219_1101.jpg,1,ciplab_training_fake,id,0.011169
R:\_Projects\Eurus_Workspace\HolmHz\data\raw_v2\ciplab_faces\real_and_fake_face_detection\real_and_fake_face\training_real\real_00885.jpg,0,ciplab_training_real,id,0.395359
R:\_Projects\Eurus_Workspace\HolmHz\data\raw_v2\diffusion_fakes\Real\REAL_0926.jpg,0,deepfake_collection_real,id,0.500562
R:\_Projects\Eurus_Workspace\HolmHz\data\raw_v2\diffusion_fakes\Stable Diffusion\Stable_Diffusion_1623.jpg,1,sd_fake,id,0.726330
R:\_Projects\Eurus_Workspace\HolmHz\data\raw_v2\deepdetect2025\ddata\train\real\25055.jpg,0,dd2025_real,id,0.998812
R:\_Projects\Eurus_Workspace\HolmHz\data\raw_v2\rvf10k\rvf10k\train\fake\7TYLMB00W0.jpg,1,rvf10k_train_fake,id,0.143542
R:\_Projects\Eurus_Workspace\HolmHz\data\raw_v2\diffusion_fakes\Stable Diffusion\Stable_Diffusion_1521.jpg,1,sd_fake,id,0.654867
R:\_Projects\Eurus_Workspace\HolmHz\data\raw_v2\diffusion_fakes\Real\REAL_3946.jpg,0,deepfake_collection_real,id,0.979007
R:\_Projects\Eurus_Workspace\HolmHz\data\raw_v2\diffusion_fakes\Midjourney\Midjourney_0891.png,1,midjourney_fake,id,0.105864
R:\_Projects\Eurus_Workspace\HolmHz\data\raw_v2\diffusion_fakes\Real\REAL_1049.jpg,0,deepfake_collection_real,id,0.469766
R:\_Projects\Eurus_Workspace\HolmHz\data\raw_v2\ciplab_faces\real_and_fake_face\training_fake\mid_437_1101.jpg,1,ciplab_training_fake,id,0.227376
R:\_Projects\Eurus_Workspace\HolmHz\data\raw_v2\ciplab_faces\real_and_fake_face\training_real\real_00149.jpg,0,ciplab_training_real,id,0.154792
R:\_Projects\Eurus_Workspace\HolmHz\data\raw_v2\deepdetect2025\ddata\train\real\45224.jpg,0,dd2025_real,id,0.726501
R:\_Projects\Eurus_Workspace\HolmHz\data\raw_v2\deepdetect2025\ddata\train\real\33040.jpg,0,dd2025_real,id,0.004343
R:\_Projects\Eurus_Workspace\HolmHz\data\raw_v2\diffusion_fakes\Midjourney\Midjourney_0359.png,1,midjourney_fake,id,0.063801
R:\_Projects\Eurus_Workspace\HolmHz\data\raw_v2\ciplab_faces\real_and_fake_face\training_real\real_00685.jpg,0,ciplab_training_real,id,0.633149
R:\_Projects\Eurus_Workspace\HolmHz\data\raw_v2\rvf10k\rvf10k\valid\fake\LFTY2ZKRV5.jpg,1,rvf10k_valid_fake,id,0.943757
R:\_Projects\Eurus_Workspace\HolmHz\data\raw_v2\deepdetect2025\ddata\train\real\31541.jpg,0,dd2025_real,id,0.768227
R:\_Projects\Eurus_Workspace\HolmHz\data\raw_v2\deepdetect2025\ddata\train\fake\fake_040779.jpg,1,dd2025_fake,id,0.003547
R:\_Projects\Eurus_Workspace\HolmHz\data\raw_v2\diffusion_fakes\Midjourney\Midjourney_0244.png,1,midjourney_fake,id,0.019154
R:\_Projects\Eurus_Workspace\HolmHz\data\raw_v2\diffusion_fakes\Real\REAL_1068.jpg,0,deepfake_collection_real,id,0.948049
R:\_Projects\Eurus_Workspace\HolmHz\data\raw_v2\deepdetect2025\ddata\train\real\67134.jpg,0,dd2025_real,id,0.969629
R:\_Projects\Eurus_Workspace\HolmHz\data\raw_v2\rvf10k\rvf10k\train\fake\4FJ770652W.jpg,1,rvf10k_train_fake,id,0.141638
R:\_Projects\Eurus_Workspace\HolmHz\data\raw_v2\deepdetect2025\ddata\train\fake\fake_012672.jpg,1,dd2025_fake,id,0.243588
R:\_Projects\Eurus_Workspace\HolmHz\data\raw_v2\diffusion_fakes\Stable Diffusion\Stable_Diffusion_497.jpg,1,sd_fake,id,0.947017
R:\_Projects\Eurus_Workspace\HolmHz\data\raw_v2\diffusion_fakes\Stable Diffusion\Stable_Diffusion_944.jpg,1,sd_fake,id,0.572702
R:\_Projects\Eurus_Workspace\HolmHz\data\raw_v2\diffusion_fakes\Real\REAL_3928.jpg,0,deepfake_collection_real,id,0.659870
R:\_Projects\Eurus_Workspace\HolmHz\data\raw_v2\deepdetect2025\ddata\train\fake\fake_024386.jpg,1,dd2025_fake,id,0.996687
R:\_Projects\Eurus_Workspace\HolmHz\data\raw_v2\deepdetect2025\ddata\train\fake\fake_010454.jpg,1,dd2025_fake,id,0.012011
R:\_Projects\Eurus_Workspace\HolmHz\data\raw_v2\diffusion_fakes\Real\REAL_3947.jpg,0,deepfake_collection_real,id,0.365731
R:\_Projects\Eurus_Workspace\HolmHz\data\raw_v2\deepdetect2025\ddata\train\fake\fake_028778.jpg,1,dd2025_fake,id,0.019922
R:\_Projects\Eurus_Workspace\HolmHz\data\raw_v2\rvf10k\rvf10k\valid\real\04616.jpg,0,rvf10k_valid_real,id,0.652758
R:\_Projects\Eurus_Workspace\HolmHz\data\raw_v2\ciplab_faces\real_and_fake_face_detection\real_and_fake_face\training_real\real_00136.jpg,0,ciplab_training_real,id,0.992891
R:\_Projects\Eurus_Workspace\HolmHz\data\raw_v2\diffusion_fakes\Stable Diffusion\Stable_Diffusion_490.jpg,1,sd_fake,id,0.886544
R:\_Projects\Eurus_Workspace\HolmHz\data\raw_v2\ciplab_faces\real_and_fake_face_detection\real_and_fake_face\training_fake\mid_422_0011.jpg,1,ciplab_training_fake,id,0.948999
R:\_Projects\Eurus_Workspace\HolmHz\data\raw_v2\deepdetect2025\ddata\train\real\46831.jpg,0,dd2025_real,id,0.154865
R:\_Projects\Eurus_Workspace\HolmHz\data\raw_v2\rvf10k\rvf10k\train\fake\F0U3IO4HEU.jpg,1,rvf10k_train_fake,id,0.876830
R:\_Projects\Eurus_Workspace\HolmHz\data\raw_v2\deepdetect2025\ddata\train\fake\fake_016312.jpg,1,dd2025_fake,id,0.727785
R:\_Projects\Eurus_Workspace\HolmHz\data\raw_v2\diffusion_fakes\Real\REAL_4797.jpg,0,deepfake_collection_real,id,0.188332
R:\_Projects\Eurus_Workspace\HolmHz\data\raw_v2\rvf10k\rvf10k\train\fake\XGOYZCA4LZ.jpg,1,rvf10k_train_fake,id,0.278984
R:\_Projects\Eurus_Workspace\HolmHz\data\raw_v2\rvf10k\rvf10k\valid\real\46588.jpg,0,rvf10k_valid_real,id,0.986639
R:\_Projects\Eurus_Workspace\HolmHz\data\raw_v2\rvf10k\rvf10k\valid\real\15252.jpg,0,rvf10k_valid_real,id,0.994713
R:\_Projects\Eurus_Workspace\HolmHz\data\raw_v2\diffusion_fakes\Real\REAL_5352.jpg,0,deepfake_collection_real,id,0.415726
R:\_Projects\Eurus_Workspace\HolmHz\data\raw_v2\rvf10k\rvf10k\train\real\08503.jpg,0,rvf10k_train_real,id,0.065617
R:\_Projects\Eurus_Workspace\HolmHz\data\raw_v2\rvf10k\rvf10k\train\fake\67D72T2JZD.jpg,1,rvf10k_train_fake,id,0.429069
R:\_Projects\Eurus_Workspace\HolmHz\data\raw_v2\ciplab_faces\real_and_fake_face_detection\real_and_fake_face\training_real\real_00010.jpg,0,ciplab_training_real,id,0.952003
R:\_Projects\Eurus_Workspace\HolmHz\data\raw_v2\rvf10k\rvf10k\train\fake\0EHGGMDEDA.jpg,1,rvf10k_train_fake,id,0.983000
R:\_Projects\Eurus_Workspace\HolmHz\data\raw_v2\rvf10k\rvf10k\valid\fake\R4J0RQWFZM.jpg,1,rvf10k_valid_fake,id,0.866709
R:\_Projects\Eurus_Workspace\HolmHz\data\raw_v2\deepdetect2025\ddata\train\fake\fake_017697.jpg,1,dd2025_fake,id,0.881260
R:\_Projects\Eurus_Workspace\HolmHz\data\raw_v2\deepdetect2025\ddata\train\fake\fake_025843.jpg,1,dd2025_fake,id,0.576681
R:\_Projects\Eurus_Workspace\HolmHz\data\raw_v2\deepdetect2025\ddata\train\real\62221.jpg,0,dd2025_real,id,0.032609
R:\_Projects\Eurus_Workspace\HolmHz\data\raw_v2\deepdetect2025\ddata\train\fake\fake_037071.jpg,1,dd2025_fake,id,0.742577
R:\_Projects\Eurus_Workspace\HolmHz\data\raw_v2\diffusion_fakes\Real\REAL_5838.jpg,0,deepfake_collection_real,id,0.963614
R:\_Projects\Eurus_Workspace\HolmHz\data\raw_v2\deepdetect2025\ddata\train\real\45854.jpg,0,dd2025_real,id,0.124204
R:\_Projects\Eurus_Workspace\HolmHz\data\raw_v2\deepdetect2025\ddata\train\fake\fake_013557.jpg,1,dd2025_fake,id,0.988770
R:\_Projects\Eurus_Workspace\HolmHz\data\raw_v2\diffusion_fakes\Real\REAL_2017.jpg,0,deepfake_collection_real,id,0.010254
R:\_Projects\Eurus_Workspace\HolmHz\data\raw_v2\rvf10k\rvf10k\train\real\23160.jpg,0,rvf10k_train_real,id,0.810817
R:\_Projects\Eurus_Workspace\HolmHz\data\raw_v2\rvf10k\rvf10k\train\real\06356.jpg,0,rvf10k_train_real,id,0.841490
R:\_Projects\Eurus_Workspace\HolmHz\data\raw_v2\diffusion_fakes\Real\REAL_0251.jpg,0,deepfake_collection_real,id,0.323689
R:\_Projects\Eurus_Workspace\HolmHz\data\raw_v2\diffusion_fakes\Real\REAL_0429.jpg,0,deepfake_collection_real,id,0.907600
R:\_Projects\Eurus_Workspace\HolmHz\data\raw_v2\diffusion_fakes\Midjourney\Midjourney_0393.png,1,midjourney_fake,id,0.109410
R:\_Projects\Eurus_Workspace\HolmHz\data\raw_v2\diffusion_fakes\Midjourney\Midjourney_0383.png,1,midjourney_fake,id,0.263910
R:\_Projects\Eurus_Workspace\HolmHz\data\raw_v2\ciplab_faces\real_and_fake_face\training_real\real_00212.jpg,0,ciplab_training_real,id,0.491457
R:\_Projects\Eurus_Workspace\HolmHz\data\raw_v2\rvf10k\rvf10k\valid\real\00738.jpg,0,rvf10k_valid_real,id,0.390525
R:\_Projects\Eurus_Workspace\HolmHz\data\raw_v2\diffusion_fakes\Stable Diffusion\Stable_Diffusion_1555.jpg,1,sd_fake,id,0.935128
R:\_Projects\Eurus_Workspace\HolmHz\data\raw_v2\rvf10k\rvf10k\valid\fake\YPPQW1OSDE.jpg,1,rvf10k_valid_fake,id,0.983101
R:\_Projects\Eurus_Workspace\HolmHz\data\raw_v2\rvf10k\rvf10k\train\fake\UISE5VR9LC.jpg,1,rvf10k_train_fake,id,0.419361
R:\_Projects\Eurus_Workspace\HolmHz\data\raw_v2\deepdetect2025\ddata\train\real\21645.jpg,0,dd2025_real,id,0.037666
R:\_Projects\Eurus_Workspace\HolmHz\data\raw_v2\ciplab_faces\real_and_fake_face\training_real\real_00880.jpg,0,ciplab_training_real,id,0.987910
R:\_Projects\Eurus_Workspace\HolmHz\data\raw_v2\diffusion_fakes\Real\REAL_3815.jpg,0,deepfake_collection_real,id,0.541867
R:\_Projects\Eurus_Workspace\HolmHz\data\raw_v2\rvf10k\rvf10k\train\real\31804.jpg,0,rvf10k_train_real,id,0.404526
R:\_Projects\Eurus_Workspace\HolmHz\data\raw_v2\rvf10k\rvf10k\train\real\13099.jpg,0,rvf10k_train_real,id,0.746660
R:\_Projects\Eurus_Workspace\HolmHz\data\raw_v2\rvf10k\rvf10k\train\real\14292.jpg,0,rvf10k_train_real,id,0.970169
R:\_Projects\Eurus_Workspace\HolmHz\data\raw_v2\deepdetect2025\ddata\train\real\30903.jpg,0,dd2025_real,id,0.984145
R:\_Projects\Eurus_Workspace\HolmHz\data\raw_v2\deepdetect2025\ddata\train\real\67608.jpg,0,dd2025_real,id,0.106391
R:\_Projects\Eurus_Workspace\HolmHz\data\raw_v2\ciplab_faces\real_and_fake_face\training_fake\hard_116_1101.jpg,1,ciplab_training_fake,id,0.744268
R:\_Projects\Eurus_Workspace\HolmHz\data\raw_v2\deepdetect2025\ddata\train\real\29273.jpg,0,dd2025_real,id,0.430824
R:\_Projects\Eurus_Workspace\HolmHz\data\raw_v2\diffusion_fakes\DALL-E\DALL-E_0338.jpg,1,dalle_fake,id,0.494816
R:\_Projects\Eurus_Workspace\HolmHz\data\raw_v2\rvf10k\rvf10k\valid\real\31761.jpg,0,rvf10k_valid_real,id,0.650875
R:\_Projects\Eurus_Workspace\HolmHz\data\raw_v2\diffusion_fakes\DALL-E\DALL-E_1627.jpg,1,dalle_fake,id,0.061794
R:\_Projects\Eurus_Workspace\HolmHz\data\raw_v2\deepdetect2025\ddata\train\fake\fake_026686.jpg,1,dd2025_fake,id,0.226819
R:\_Projects\Eurus_Workspace\HolmHz\data\raw_v2\ciplab_faces\real_and_fake_face_detection\real_and_fake_face\training_real\real_00411.jpg,0,ciplab_training_real,id,0.264655
R:\_Projects\Eurus_Workspace\HolmHz\data\raw_v2\ciplab_faces\real_and_fake_face\training_real\real_00206.jpg,0,ciplab_training_real,id,0.676249
R:\_Projects\Eurus_Workspace\HolmHz\data\raw_v2\deepdetect2025\ddata\train\fake\fake_008634.jpg,1,dd2025_fake,id,0.847590
R:\_Projects\Eurus_Workspace\HolmHz\data\raw_v2\diffusion_fakes\Real\REAL_4213.jpg,0,deepfake_collection_real,id,0.864590
R:\_Projects\Eurus_Workspace\HolmHz\data\raw_v2\deepdetect2025\ddata\train\real\31703.jpg,0,dd2025_real,id,0.943839
R:\_Projects\Eurus_Workspace\HolmHz\data\raw_v2\ciplab_faces\real_and_fake_face\training_fake\easy_103_1111.jpg,1,ciplab_training_fake,id,0.959911
R:\_Projects\Eurus_Workspace\HolmHz\data\raw_v2\diffusion_fakes\Real\REAL_5301.jpg,0,deepfake_collection_real,id,0.938940
R:\_Projects\Eurus_Workspace\HolmHz\data\raw_v2\rvf10k\rvf10k\valid\fake\FK0FKS7CNX.jpg,1,rvf10k_valid_fake,id,0.053866
R:\_Projects\Eurus_Workspace\HolmHz\data\raw_v2\deepdetect2025\ddata\train\real\60040.jpg,0,dd2025_real,id,0.609178
R:\_Projects\Eurus_Workspace\HolmHz\data\raw_v2\ciplab_faces\real_and_fake_face\training_real\real_00314.jpg,0,ciplab_training_real,id,0.936348
R:\_Projects\Eurus_Workspace\HolmHz\data\raw_v2\deepdetect2025\ddata\train\real\34633.jpg,0,dd2025_real,id,0.031619
R:\_Projects\Eurus_Workspace\HolmHz\data\raw_v2\rvf10k\rvf10k\train\fake\167B1W2HMS.jpg,1,rvf10k_train_fake,id,0.649700
R:\_Projects\Eurus_Workspace\HolmHz\data\raw_v2\ciplab_faces\real_and_fake_face_detection\real_and_fake_face\training_fake\hard_55_0011.jpg,1,ciplab_training_fake,id,0.875930
R:\_Projects\Eurus_Workspace\HolmHz\data\raw_v2\deepdetect2025\ddata\train\real\55435.jpg,0,dd2025_real,id,0.480979
R:\_Projects\Eurus_Workspace\HolmHz\data\raw_v2\deepdetect2025\ddata\train\fake\fake_016337.jpg,1,dd2025_fake,id,0.027811
R:\_Projects\Eurus_Workspace\HolmHz\data\raw_v2\rvf10k\rvf10k\valid\real\33871.jpg,0,rvf10k_valid_real,id,0.545523
R:\_Projects\Eurus_Workspace\HolmHz\data\raw_v2\deepdetect2025\ddata\train\fake\fake_001326.jpg,1,dd2025_fake,id,0.004050
R:\_Projects\Eurus_Workspace\HolmHz\data\raw_v2\rvf10k\rvf10k\valid\fake\HB2K7MU4RN.jpg,1,rvf10k_valid_fake,id,0.059448
R:\_Projects\Eurus_Workspace\HolmHz\data\raw_v2\rvf10k\rvf10k\train\real\02732.jpg,0,rvf10k_train_real,id,0.997331
R:\_Projects\Eurus_Workspace\HolmHz\data\raw_v2\diffusion_fakes\Real\REAL_0132.jpg,0,deepfake_collection_real,id,0.299036
R:\_Projects\Eurus_Workspace\HolmHz\data\raw_v2\diffusion_fakes\Real\REAL_5529.jpg,0,deepfake_collection_real,id,0.240498
R:\_Projects\Eurus_Workspace\HolmHz\data\raw_v2\rvf10k\rvf10k\train\fake\RXIVPQAJUS.jpg,1,rvf10k_train_fake,id,0.000809
R:\_Projects\Eurus_Workspace\HolmHz\data\raw_v2\ciplab_faces\real_and_fake_face_detection\real_and_fake_face\training_fake\easy_57_0010.jpg,1,ciplab_training_fake,id,0.651850
R:\_Projects\Eurus_Workspace\HolmHz\data\raw_v2\deepdetect2025\ddata\train\fake\fake_003839.jpg,1,dd2025_fake,id,0.010901
R:\_Projects\Eurus_Workspace\HolmHz\data\raw_v2\diffusion_fakes\DALL-E\DALL-E_1278.jpg,1,dalle_fake,id,0.033652
R:\_Projects\Eurus_Workspace\HolmHz\data\raw_v2\ciplab_faces\real_and_fake_face\training_fake\mid_179_1111.jpg,1,ciplab_training_fake,id,0.180667
R:\_Projects\Eurus_Workspace\HolmHz\data\raw_v2\deepdetect2025\ddata\train\fake\fake_029365.jpg,1,dd2025_fake,id,0.848799
R:\_Projects\Eurus_Workspace\HolmHz\data\raw_v2\rvf10k\rvf10k\valid\fake\DE111X6N4M.jpg,1,rvf10k_valid_fake,id,0.336354
R:\_Projects\Eurus_Workspace\HolmHz\data\raw_v2\deepdetect2025\ddata\train\real\16770.jpg,0,dd2025_real,id,0.017237
R:\_Projects\Eurus_Workspace\HolmHz\data\raw_v2\rvf10k\rvf10k\train\fake\BHMR0DEI7O.jpg,1,rvf10k_train_fake,id,0.934762
R:\_Projects\Eurus_Workspace\HolmHz\data\raw_v2\diffusion_fakes\DALL-E\DALL-E_1962.jpg,1,dalle_fake,id,0.209208
R:\_Projects\Eurus_Workspace\HolmHz\data\raw_v2\rvf10k\rvf10k\valid\fake\XUS394I3OL.jpg,1,rvf10k_valid_fake,id,0.863788
R:\_Projects\Eurus_Workspace\HolmHz\data\raw_v2\diffusion_fakes\DALL-E\DALL-E_0551.jpg,1,dalle_fake,id,0.225922
R:\_Projects\Eurus_Workspace\HolmHz\data\raw_v2\rvf10k\rvf10k\train\real\11332.jpg,0,rvf10k_train_real,id,0.627120
R:\_Projects\Eurus_Workspace\HolmHz\data\raw_v2\rvf10k\rvf10k\train\fake\L3FXOJMQCS.jpg,1,rvf10k_train_fake,id,0.122869
R:\_Projects\Eurus_Workspace\HolmHz\data\raw_v2\diffusion_fakes\Real\REAL_5707.jpg,0,deepfake_collection_real,id,0.684338
R:\_Projects\Eurus_Workspace\HolmHz\data\raw_v2\rvf10k\rvf10k\train\real\24021.jpg,0,rvf10k_train_real,id,0.395170
R:\_Projects\Eurus_Workspace\HolmHz\data\raw_v2\rvf10k\rvf10k\train\real\16341.jpg,0,rvf10k_train_real,id,0.993288
R:\_Projects\Eurus_Workspace\HolmHz\data\raw_v2\ciplab_faces\real_and_fake_face\training_real\real_01081.jpg,0,ciplab_training_real,id,0.978658
R:\_Projects\Eurus_Workspace\HolmHz\data\raw_v2\diffusion_fakes\Real\REAL_3230.jpg,0,deepfake_collection_real,id,0.954332
R:\_Projects\Eurus_Workspace\HolmHz\data\raw_v2\deepdetect2025\ddata\train\fake\fake_021400.jpg,1,dd2025_fake,id,0.393134
R:\_Projects\Eurus_Workspace\HolmHz\data\raw_v2\deepdetect2025\ddata\train\fake\fake_020818.jpg,1,dd2025_fake,id,0.719560
R:\_Projects\Eurus_Workspace\HolmHz\data\raw_v2\rvf10k\rvf10k\train\real\53562.jpg,0,rvf10k_train_real,id,0.962469
R:\_Projects\Eurus_Workspace\HolmHz\data\raw_v2\rvf10k\rvf10k\valid\real\68702.jpg,0,rvf10k_valid_real,id,0.414526
R:\_Projects\Eurus_Workspace\HolmHz\data\raw_v2\rvf10k\rvf10k\valid\real\00092.jpg,0,rvf10k_valid_real,id,0.052069
R:\_Projects\Eurus_Workspace\HolmHz\data\raw_v2\rvf10k\rvf10k\train\real\57164.jpg,0,rvf10k_train_real,id,0.776652
R:\_Projects\Eurus_Workspace\HolmHz\data\raw_v2\rvf10k\rvf10k\train\fake\3SI08NSM20.jpg,1,rvf10k_train_fake,id,0.885554
R:\_Projects\Eurus_Workspace\HolmHz\data\raw_v2\diffusion_fakes\DALL-E\DALL-E_0007.jpg,1,dalle_fake,id,0.137465
R:\_Projects\Eurus_Workspace\HolmHz\data\raw_v2\ciplab_faces\real_and_fake_face\training_real\real_00396.jpg,0,ciplab_training_real,id,0.423214
R:\_Projects\Eurus_Workspace\HolmHz\data\raw_v2\diffusion_fakes\Midjourney\Midjourney_0434.png,1,midjourney_fake,id,0.210978
R:\_Projects\Eurus_Workspace\HolmHz\data\raw_v2\diffusion_fakes\Real\REAL_3767.jpg,0,deepfake_collection_real,id,0.047311
R:\_Projects\Eurus_Workspace\HolmHz\data\raw_v2\rvf10k\rvf10k\train\fake\RJW3ZHGK3B.jpg,1,rvf10k_train_fake,id,0.474497
R:\_Projects\Eurus_Workspace\HolmHz\data\raw_v2\rvf10k\rvf10k\valid\real\35012.jpg,0,rvf10k_valid_real,id,0.880959
R:\_Projects\Eurus_Workspace\HolmHz\data\raw_v2\rvf10k\rvf10k\train\fake\LAOUOW32UF.jpg,1,rvf10k_train_fake,id,0.069532
R:\_Projects\Eurus_Workspace\HolmHz\data\raw_v2\diffusion_fakes\Real\REAL_2787.jpg,0,deepfake_collection_real,id,0.186422
R:\_Projects\Eurus_Workspace\HolmHz\data\raw_v2\rvf10k\rvf10k\train\fake\5IH27YA7BH.jpg,1,rvf10k_train_fake,id,0.016201
R:\_Projects\Eurus_Workspace\HolmHz\data\raw_v2\diffusion_fakes\DALL-E\DALL-E_0769.jpg,1,dalle_fake,id,0.682358
R:\_Projects\Eurus_Workspace\HolmHz\data\raw_v2\ciplab_faces\real_and_fake_face_detection\real_and_fake_face\training_real\real_01011.jpg,0,ciplab_training_real,id,0.378761
R:\_Projects\Eurus_Workspace\HolmHz\data\raw_v2\rvf10k\rvf10k\train\fake\YNMK7JZCXZ.jpg,1,rvf10k_train_fake,id,0.066985
R:\_Projects\Eurus_Workspace\HolmHz\data\raw_v2\rvf10k\rvf10k\valid\real\20399.jpg,0,rvf10k_valid_real,id,0.036345
R:\_Projects\Eurus_Workspace\HolmHz\data\raw_v2\deepdetect2025\ddata\train\real\55287.jpg,0,dd2025_real,id,0.309095
R:\_Projects\Eurus_Workspace\HolmHz\data\raw_v2\diffusion_fakes\Midjourney\Midjourney_0924.png,1,midjourney_fake,id,0.130753
R:\_Projects\Eurus_Workspace\HolmHz\data\raw_v2\rvf10k\rvf10k\train\fake\0HKDI5PAFU.jpg,1,rvf10k_train_fake,id,0.978766
R:\_Projects\Eurus_Workspace\HolmHz\data\raw_v2\deepdetect2025\ddata\train\real\43511.jpg,0,dd2025_real,id,0.242954
R:\_Projects\Eurus_Workspace\HolmHz\data\raw_v2\deepdetect2025\ddata\train\fake\fake_026033.jpg,1,dd2025_fake,id,0.988816
R:\_Projects\Eurus_Workspace\HolmHz\data\raw_v2\ciplab_faces\real_and_fake_face_detection\real_and_fake_face\training_real\real_00478.jpg,0,ciplab_training_real,id,0.842280
R:\_Projects\Eurus_Workspace\HolmHz\data\raw_v2\deepdetect2025\ddata\train\real\63034.jpg,0,dd2025_real,id,0.360748
R:\_Projects\Eurus_Workspace\HolmHz\data\raw_v2\rvf10k\rvf10k\train\real\23047.jpg,0,rvf10k_train_real,id,0.772991
R:\_Projects\Eurus_Workspace\HolmHz\data\raw_v2\rvf10k\rvf10k\train\fake\NS6OM82X72.jpg,1,rvf10k_train_fake,id,0.305004
R:\_Projects\Eurus_Workspace\HolmHz\data\raw_v2\diffusion_fakes\DALL-E\DALL-E_1170.jpg,1,dalle_fake,id,0.684611
R:\_Projects\Eurus_Workspace\HolmHz\data\raw_v2\rvf10k\rvf10k\train\real\36195.jpg,0,rvf10k_train_real,id,0.052265
R:\_Projects\Eurus_Workspace\HolmHz\data\raw_v2\ciplab_faces\real_and_fake_face\training_real\real_00290.jpg,0,ciplab_training_real,id,0.995927
R:\_Projects\Eurus_Workspace\HolmHz\data\raw_v2\deepdetect2025\ddata\train\fake\fake_037051.jpg,1,dd2025_fake,id,0.574246
R:\_Projects\Eurus_Workspace\HolmHz\data\raw_v2\diffusion_fakes\Real\REAL_5100.jpg,0,deepfake_collection_real,id,0.829055
R:\_Projects\Eurus_Workspace\HolmHz\data\raw_v2\rvf10k\rvf10k\train\fake\RHSUHZ89CN.jpg,1,rvf10k_train_fake,id,0.341929
R:\_Projects\Eurus_Workspace\HolmHz\data\raw_v2\diffusion_fakes\Real\REAL_3254.jpg,0,deepfake_collection_real,id,0.647921
R:\_Projects\Eurus_Workspace\HolmHz\data\raw_v2\diffusion_fakes\DALL-E\DALL-E_0371.jpg,1,dalle_fake,id,0.354870
R:\_Projects\Eurus_Workspace\HolmHz\data\raw_v2\diffusion_fakes\Real\REAL_3645.jpg,0,deepfake_collection_real,id,0.175407
R:\_Projects\Eurus_Workspace\HolmHz\data\raw_v2\diffusion_fakes\DALL-E\DALL-E_1528.jpg,1,dalle_fake,id,0.199767
R:\_Projects\Eurus_Workspace\HolmHz\data\raw_v2\diffusion_fakes\Stable Diffusion\Stable_Diffusion_713.jpg,1,sd_fake,id,0.565159
R:\_Projects\Eurus_Workspace\HolmHz\data\raw_v2\deepdetect2025\ddata\train\fake\fake_036888.jpg,1,dd2025_fake,id,0.749318
R:\_Projects\Eurus_Workspace\HolmHz\data\raw_v2\deepdetect2025\ddata\train\fake\fake_005357.jpg,1,dd2025_fake,id,0.193436
R:\_Projects\Eurus_Workspace\HolmHz\data\raw_v2\deepdetect2025\ddata\train\real\66458.jpg,0,dd2025_real,id,0.859921
R:\_Projects\Eurus_Workspace\HolmHz\data\raw_v2\rvf10k\rvf10k\train\real\20289.jpg,0,rvf10k_train_real,id,0.649836
R:\_Projects\Eurus_Workspace\HolmHz\data\raw_v2\deepdetect2025\ddata\train\real\57768.jpg,0,dd2025_real,id,0.168108
R:\_Projects\Eurus_Workspace\HolmHz\data\raw_v2\rvf10k\rvf10k\train\real\36613.jpg,0,rvf10k_train_real,id,0.107236
R:\_Projects\Eurus_Workspace\HolmHz\data\raw_v2\deepdetect2025\ddata\train\fake\fake_031919.jpg,1,dd2025_fake,id,0.014194
R:\_Projects\Eurus_Workspace\HolmHz\data\raw_v2\deepdetect2025\ddata\train\real\36524.jpg,0,dd2025_real,id,0.658307
R:\_Projects\Eurus_Workspace\HolmHz\data\raw_v2\deepdetect2025\ddata\train\real\63652.jpg,0,dd2025_real,id,0.696462
R:\_Projects\Eurus_Workspace\HolmHz\data\raw_v2\deepdetect2025\ddata\train\fake\fake_035994.jpg,1,dd2025_fake,id,0.242653
R:\_Projects\Eurus_Workspace\HolmHz\data\raw_v2\rvf10k\rvf10k\train\fake\FVJ2QOIO3Z.jpg,1,rvf10k_train_fake,id,0.527402
R:\_Projects\Eurus_Workspace\HolmHz\data\raw_v2\rvf10k\rvf10k\train\fake\N6M2VRI4T5.jpg,1,rvf10k_train_fake,id,0.025759
R:\_Projects\Eurus_Workspace\HolmHz\data\raw_v2\rvf10k\rvf10k\train\real\13332.jpg,0,rvf10k_train_real,id,0.432132
R:\_Projects\Eurus_Workspace\HolmHz\data\raw_v2\ciplab_faces\real_and_fake_face\training_real\real_00025.jpg,0,ciplab_training_real,id,0.978758
R:\_Projects\Eurus_Workspace\HolmHz\data\raw_v2\rvf10k\rvf10k\train\real\62479.jpg,0,rvf10k_train_real,id,0.005892
R:\_Projects\Eurus_Workspace\HolmHz\data\raw_v2\diffusion_fakes\Stable Diffusion\Stable_Diffusion_673.jpg,1,sd_fake,id,0.805596
R:\_Projects\Eurus_Workspace\HolmHz\data\raw_v2\deepdetect2025\ddata\train\real\24375.jpg,0,dd2025_real,id,0.210398
R:\_Projects\Eurus_Workspace\HolmHz\data\raw_v2\deepdetect2025\ddata\train\fake\fake_024935.jpg,1,dd2025_fake,id,0.428567
R:\_Projects\Eurus_Workspace\HolmHz\data\raw_v2\deepdetect2025\ddata\train\real\33802.jpg,0,dd2025_real,id,0.002337
R:\_Projects\Eurus_Workspace\HolmHz\data\raw_v2\diffusion_fakes\Stable Diffusion\Stable_Diffusion_300.jpg,1,sd_fake,id,0.735209
R:\_Projects\Eurus_Workspace\HolmHz\data\raw_v2\diffusion_fakes\DALL-E\DALL-E_0816.jpg,1,dalle_fake,id,0.575830
R:\_Projects\Eurus_Workspace\HolmHz\data\raw_v2\rvf10k\rvf10k\train\fake\2M3VGIC85F.jpg,1,rvf10k_train_fake,id,0.002257
R:\_Projects\Eurus_Workspace\HolmHz\data\raw_v2\ciplab_faces\real_and_fake_face\training_real\real_00513.jpg,0,ciplab_training_real,id,0.639788
R:\_Projects\Eurus_Workspace\HolmHz\data\raw_v2\diffusion_fakes\Real\REAL_0859.jpg,0,deepfake_collection_real,id,0.001960
R:\_Projects\Eurus_Workspace\HolmHz\data\raw_v2\rvf10k\rvf10k\train\real\09070.jpg,0,rvf10k_train_real,id,0.575758
R:\_Projects\Eurus_Workspace\HolmHz\data\raw_v2\deepdetect2025\ddata\train\real\47992.jpg,0,dd2025_real,id,0.109444
R:\_Projects\Eurus_Workspace\HolmHz\data\raw_v2\diffusion_fakes\DALL-E\DALL-E_0094.jpg,1,dalle_fake,id,0.267518
R:\_Projects\Eurus_Workspace\HolmHz\data\raw_v2\rvf10k\rvf10k\train\real\53844.jpg,0,rvf10k_train_real,id,0.996297
R:\_Projects\Eurus_Workspace\HolmHz\data\raw_v2\diffusion_fakes\DALL-E\DALL-E_1235.jpg,1,dalle_fake,id,0.355516
R:\_Projects\Eurus_Workspace\HolmHz\data\raw_v2\deepdetect2025\ddata\train\real\13819.jpg,0,dd2025_real,id,0.993801
R:\_Projects\Eurus_Workspace\HolmHz\data\raw_v2\deepdetect2025\ddata\train\real\21648.jpg,0,dd2025_real,id,0.562051
R:\_Projects\Eurus_Workspace\HolmHz\data\raw_v2\rvf10k\rvf10k\train\real\08398.jpg,0,rvf10k_train_real,id,0.875763
R:\_Projects\Eurus_Workspace\HolmHz\data\raw_v2\ciplab_faces\real_and_fake_face_detection\real_and_fake_face\training_fake\mid_311_0011.jpg,1,ciplab_training_fake,id,0.124060
R:\_Projects\Eurus_Workspace\HolmHz\data\raw_v2\rvf10k\rvf10k\valid\fake\X10PVRCQFU.jpg,1,rvf10k_valid_fake,id,0.028019
R:\_Projects\Eurus_Workspace\HolmHz\data\raw_v2\deepdetect2025\ddata\train\fake\fake_023473.jpg,1,dd2025_fake,id,0.401065
R:\_Projects\Eurus_Workspace\HolmHz\data\raw_v2\deepdetect2025\ddata\train\fake\fake_033019.jpg,1,dd2025_fake,id,0.395813
R:\_Projects\Eurus_Workspace\HolmHz\data\raw_v2\rvf10k\rvf10k\train\real\36943.jpg,0,rvf10k_train_real,id,0.930313
R:\_Projects\Eurus_Workspace\HolmHz\data\raw_v2\diffusion_fakes\Real\REAL_3304.jpg,0,deepfake_collection_real,id,0.902424
R:\_Projects\Eurus_Workspace\HolmHz\data\raw_v2\diffusion_fakes\Real\REAL_3784.jpg,0,deepfake_collection_real,id,0.664582
R:\_Projects\Eurus_Workspace\HolmHz\data\raw_v2\deepdetect2025\ddata\train\real\55481.jpg,0,dd2025_real,id,0.191863
R:\_Projects\Eurus_Workspace\HolmHz\data\raw_v2\rvf10k\rvf10k\valid\fake\6ZG3XNZWMK.jpg,1,rvf10k_valid_fake,id,0.804787
R:\_Projects\Eurus_Workspace\HolmHz\data\raw_v2\deepdetect2025\ddata\train\fake\fake_015898.jpg,1,dd2025_fake,id,0.045656
R:\_Projects\Eurus_Workspace\HolmHz\data\raw_v2\rvf10k\rvf10k\train\fake\W8ODDPPK7Y.jpg,1,rvf10k_train_fake,id,0.016067
R:\_Projects\Eurus_Workspace\HolmHz\data\raw_v2\rvf10k\rvf10k\train\fake\YOHIFHJWTO.jpg,1,rvf10k_train_fake,id,0.005431
R:\_Projects\Eurus_Workspace\HolmHz\data\raw_v2\diffusion_fakes\Stable Diffusion\Stable_Diffusion_1519.jpg,1,sd_fake,id,0.326509
R:\_Projects\Eurus_Workspace\HolmHz\data\raw_v2\deepdetect2025\ddata\train\fake\fake_002167.jpg,1,dd2025_fake,id,0.062473
R:\_Projects\Eurus_Workspace\HolmHz\data\raw_v2\deepdetect2025\ddata\train\real\47426.jpg,0,dd2025_real,id,0.031270
R:\_Projects\Eurus_Workspace\HolmHz\data\raw_v2\deepdetect2025\ddata\train\fake\fake_001072.jpg,1,dd2025_fake,id,0.066749
R:\_Projects\Eurus_Workspace\HolmHz\data\raw_v2\camera_vs_ai\ai vs real photos\Ai_Images\92.jpg,1,camera_train_ai,id,0.930652
R:\_Projects\Eurus_Workspace\HolmHz\data\raw_v2\deepdetect2025\ddata\train\real\22958.jpg,0,dd2025_real,id,0.011752
R:\_Projects\Eurus_Workspace\HolmHz\data\raw_v2\diffusion_fakes\Real\REAL_5342.jpg,0,deepfake_collection_real,id,0.231603
R:\_Projects\Eurus_Workspace\HolmHz\data\raw_v2\ciplab_faces\real_and_fake_face\training_fake\hard_38_1110.jpg,1,ciplab_training_fake,id,0.072425
R:\_Projects\Eurus_Workspace\HolmHz\data\raw_v2\deepdetect2025\ddata\train\fake\fake_040604.jpg,1,dd2025_fake,id,0.553602
R:\_Projects\Eurus_Workspace\HolmHz\data\raw_v2\rvf10k\rvf10k\train\real\09051.jpg,0,rvf10k_train_real,id,0.118755
R:\_Projects\Eurus_Workspace\HolmHz\data\raw_v2\deepdetect2025\ddata\train\real\52696.jpg,0,dd2025_real,id,0.167024
R:\_Projects\Eurus_Workspace\HolmHz\data\raw_v2\rvf10k\rvf10k\train\real\44867.jpg,0,rvf10k_train_real,id,0.002957
R:\_Projects\Eurus_Workspace\HolmHz\data\raw_v2\rvf10k\rvf10k\valid\real\56540.jpg,0,rvf10k_valid_real,id,0.058318
R:\_Projects\Eurus_Workspace\HolmHz\data\raw_v2\deepdetect2025\ddata\train\real\36823.jpg,0,dd2025_real,id,0.953285
R:\_Projects\Eurus_Workspace\HolmHz\data\raw_v2\deepdetect2025\ddata\train\real\56515.jpg,0,dd2025_real,id,0.515651
R:\_Projects\Eurus_Workspace\HolmHz\data\raw_v2\diffusion_fakes\Real\REAL_0048.jpg,0,deepfake_collection_real,id,0.936476
R:\_Projects\Eurus_Workspace\HolmHz\data\raw_v2\diffusion_fakes\DALL-E\DALL-E_1992.jpg,1,dalle_fake,id,0.249012
R:\_Projects\Eurus_Workspace\HolmHz\data\raw_v2\rvf10k\rvf10k\train\fake\GA9ZZXDP63.jpg,1,rvf10k_train_fake,id,0.306916
R:\_Projects\Eurus_Workspace\HolmHz\data\raw_v2\diffusion_fakes\Real\REAL_1631.jpg,0,deepfake_collection_real,id,0.996160
R:\_Projects\Eurus_Workspace\HolmHz\data\raw_v2\deepdetect2025\ddata\train\real\62102.jpg,0,dd2025_real,id,0.998077
R:\_Projects\Eurus_Workspace\HolmHz\data\raw_v2\deepdetect2025\ddata\train\real\38606.jpg,0,dd2025_real,id,0.999362
R:\_Projects\Eurus_Workspace\HolmHz\data\raw_v2\ciplab_faces\real_and_fake_face_detection\real_and_fake_face\training_fake\hard_225_0011.jpg,1,ciplab_training_fake,id,0.683908
R:\_Projects\Eurus_Workspace\HolmHz\data\raw_v2\deepdetect2025\ddata\train\real\31275.jpg,0,dd2025_real,id,0.024435
R:\_Projects\Eurus_Workspace\HolmHz\data\raw_v2\diffusion_fakes\Real\REAL_2552.jpg,0,deepfake_collection_real,id,0.994994
R:\_Projects\Eurus_Workspace\HolmHz\data\raw_v2\diffusion_fakes\Real\REAL_1489.jpg,0,deepfake_collection_real,id,0.979466
R:\_Projects\Eurus_Workspace\HolmHz\data\raw_v2\rvf10k\rvf10k\train\real\10656.jpg,0,rvf10k_train_real,id,0.870654
R:\_Projects\Eurus_Workspace\HolmHz\data\raw_v2\deepdetect2025\ddata\train\fake\fake_018098.jpg,1,dd2025_fake,id,0.669395
R:\_Projects\Eurus_Workspace\HolmHz\data\raw_v2\rvf10k\rvf10k\train\real\22070.jpg,0,rvf10k_train_real,id,0.991865
R:\_Projects\Eurus_Workspace\HolmHz\data\raw_v2\diffusion_fakes\Real\REAL_5773.jpg,0,deepfake_collection_real,id,0.917249
R:\_Projects\Eurus_Workspace\HolmHz\data\raw_v2\rvf10k\rvf10k\train\real\06643.jpg,0,rvf10k_train_real,id,0.032973
R:\_Projects\Eurus_Workspace\HolmHz\data\raw_v2\deepdetect2025\ddata\train\fake\fake_013238.jpg,1,dd2025_fake,id,0.146766
R:\_Projects\Eurus_Workspace\HolmHz\data\raw_v2\diffusion_fakes\Real\REAL_3205.jpg,0,deepfake_collection_real,id,0.929115
R:\_Projects\Eurus_Workspace\HolmHz\data\raw_v2\deepdetect2025\ddata\train\real\17439.jpg,0,dd2025_real,id,0.993059
R:\_Projects\Eurus_Workspace\HolmHz\data\raw_v2\rvf10k\rvf10k\train\real\21511.jpg,0,rvf10k_train_real,id,0.583781
R:\_Projects\Eurus_Workspace\HolmHz\data\raw_v2\ciplab_faces\real_and_fake_face_detection\real_and_fake_face\training_fake\mid_349_1111.jpg,1,ciplab_training_fake,id,0.916715
R:\_Projects\Eurus_Workspace\HolmHz\data\raw_v2\rvf10k\rvf10k\train\real\27961.jpg,0,rvf10k_train_real,id,0.011576
R:\_Projects\Eurus_Workspace\HolmHz\data\raw_v2\deepdetect2025\ddata\train\real\13824.jpg,0,dd2025_real,id,0.999309
R:\_Projects\Eurus_Workspace\HolmHz\data\raw_v2\rvf10k\rvf10k\train\fake\OWRLH7C6RZ.jpg,1,rvf10k_train_fake,id,0.917657
R:\_Projects\Eurus_Workspace\HolmHz\data\raw_v2\rvf10k\rvf10k\train\real\15424.jpg,0,rvf10k_train_real,id,0.122845
R:\_Projects\Eurus_Workspace\HolmHz\data\raw_v2\diffusion_fakes\Midjourney\Midjourney_0275.png,1,midjourney_fake,id,0.237577
R:\_Projects\Eurus_Workspace\HolmHz\data\raw_v2\ciplab_faces\real_and_fake_face_detection\real_and_fake_face\training_real\real_00915.jpg,0,ciplab_training_real,id,0.781184
R:\_Projects\Eurus_Workspace\HolmHz\data\raw_v2\diffusion_fakes\Stable Diffusion\Stable_Diffusion_1102.jpg,1,sd_fake,id,0.346232
R:\_Projects\Eurus_Workspace\HolmHz\data\raw_v2\diffusion_fakes\Stable Diffusion\Stable_Diffusion_357.jpg,1,sd_fake,id,0.103251
R:\_Projects\Eurus_Workspace\HolmHz\data\raw_v2\diffusion_fakes\DALL-E\DALL-E_1228.jpg,1,dalle_fake,id,0.167484
R:\_Projects\Eurus_Workspace\HolmHz\data\raw_v2\deepdetect2025\ddata\train\real\53719.jpg,0,dd2025_real,id,0.381415
R:\_Projects\Eurus_Workspace\HolmHz\data\raw_v2\deepdetect2025\ddata\train\fake\fake_041144.jpg,1,dd2025_fake,id,0.403246
R:\_Projects\Eurus_Workspace\HolmHz\data\raw_v2\rvf10k\rvf10k\valid\fake\Z84C1DEY9V.jpg,1,rvf10k_valid_fake,id,0.207120
R:\_Projects\Eurus_Workspace\HolmHz\data\raw_v2\diffusion_fakes\DALL-E\DALL-E_0237.jpg,1,dalle_fake,id,0.268436
R:\_Projects\Eurus_Workspace\HolmHz\data\raw_v2\ciplab_faces\real_and_fake_face_detection\real_and_fake_face\training_fake\mid_129_0101.jpg,1,ciplab_training_fake,id,0.163878
R:\_Projects\Eurus_Workspace\HolmHz\data\raw_v2\rvf10k\rvf10k\valid\real\39158.jpg,0,rvf10k_valid_real,id,0.411410
R:\_Projects\Eurus_Workspace\HolmHz\data\raw_v2\ciplab_faces\real_and_fake_face\training_real\real_01026.jpg,0,ciplab_training_real,id,0.939767
R:\_Projects\Eurus_Workspace\HolmHz\data\raw_v2\diffusion_fakes\Real\REAL_2715.jpg,0,deepfake_collection_real,id,0.610451
R:\_Projects\Eurus_Workspace\HolmHz\data\raw_v2\rvf10k\rvf10k\train\fake\RIQB9B2JC8.jpg,1,rvf10k_train_fake,id,0.441676
R:\_Projects\Eurus_Workspace\HolmHz\data\raw_v2\rvf10k\rvf10k\train\fake\Q4H4QIQHES.jpg,1,rvf10k_train_fake,id,0.863129
R:\_Projects\Eurus_Workspace\HolmHz\data\raw_v2\diffusion_fakes\Real\REAL_0200.jpg,0,deepfake_collection_real,id,0.280628
R:\_Projects\Eurus_Workspace\HolmHz\data\raw_v2\ciplab_faces\real_and_fake_face\training_real\real_00904.jpg,0,ciplab_training_real,id,0.526595
R:\_Projects\Eurus_Workspace\HolmHz\data\raw_v2\deepdetect2025\ddata\train\real\43649.jpg,0,dd2025_real,id,0.354765
R:\_Projects\Eurus_Workspace\HolmHz\data\raw_v2\diffusion_fakes\Real\REAL_4037.jpg,0,deepfake_collection_real,id,0.285729
R:\_Projects\Eurus_Workspace\HolmHz\data\raw_v2\diffusion_fakes\Real\REAL_0689.jpg,0,deepfake_collection_real,id,0.901936
R:\_Projects\Eurus_Workspace\HolmHz\data\raw_v2\rvf10k\rvf10k\train\fake\6GLQQBYF4Z.jpg,1,rvf10k_train_fake,id,0.214090
R:\_Projects\Eurus_Workspace\HolmHz\data\raw_v2\diffusion_fakes\Real\REAL_5362.jpg,0,deepfake_collection_real,id,0.800837
R:\_Projects\Eurus_Workspace\HolmHz\data\raw_v2\rvf10k\rvf10k\train\fake\GXP8VRX4SD.jpg,1,rvf10k_train_fake,id,0.556729
R:\_Projects\Eurus_Workspace\HolmHz\data\raw_v2\ciplab_faces\real_and_fake_face_detection\real_and_fake_face\training_real\real_00387.jpg,0,ciplab_training_real,id,0.245059
R:\_Projects\Eurus_Workspace\HolmHz\data\raw_v2\deepdetect2025\ddata\train\real\29099.jpg,0,dd2025_real,id,0.877291
R:\_Projects\Eurus_Workspace\HolmHz\data\raw_v2\diffusion_fakes\DALL-E\DALL-E_0184.jpg,1,dalle_fake,id,0.124098
R:\_Projects\Eurus_Workspace\HolmHz\data\raw_v2\ciplab_faces\real_and_fake_face\training_real\real_00691.jpg,0,ciplab_training_real,id,0.434382
R:\_Projects\Eurus_Workspace\HolmHz\data\raw_v2\rvf10k\rvf10k\train\real\26774.jpg,0,rvf10k_train_real,id,0.132314
R:\_Projects\Eurus_Workspace\HolmHz\data\raw_v2\rvf10k\rvf10k\train\real\36932.jpg,0,rvf10k_train_real,id,0.103774
R:\_Projects\Eurus_Workspace\HolmHz\data\raw_v2\diffusion_fakes\Real\REAL_1059.jpg,0,deepfake_collection_real,id,0.358280
R:\_Projects\Eurus_Workspace\HolmHz\data\raw_v2\diffusion_fakes\Stable Diffusion\Stable_Diffusion_1567.jpg,1,sd_fake,id,0.375017
R:\_Projects\Eurus_Workspace\HolmHz\data\raw_v2\ciplab_faces\real_and_fake_face_detection\real_and_fake_face\training_fake\mid_320_1111.jpg,1,ciplab_training_fake,id,0.369773
R:\_Projects\Eurus_Workspace\HolmHz\data\raw_v2\rvf10k\rvf10k\train\real\60110.jpg,0,rvf10k_train_real,id,0.572899
R:\_Projects\Eurus_Workspace\HolmHz\data\raw_v2\deepdetect2025\ddata\train\real\45161.jpg,0,dd2025_real,id,0.020621
R:\_Projects\Eurus_Workspace\HolmHz\data\raw_v2\ciplab_faces\real_and_fake_face_detection\real_and_fake_face\training_fake\mid_240_1100.jpg,1,ciplab_training_fake,id,0.101195
R:\_Projects\Eurus_Workspace\HolmHz\data\raw_v2\deepdetect2025\ddata\train\fake\fake_038160.jpg,1,dd2025_fake,id,0.025258
R:\_Projects\Eurus_Workspace\HolmHz\data\raw_v2\deepdetect2025\ddata\train\real\55321.jpg,0,dd2025_real,id,0.669274
R:\_Projects\Eurus_Workspace\HolmHz\data\raw_v2\diffusion_fakes\DALL-E\DALL-E_0331.jpg,1,dalle_fake,id,0.993843
R:\_Projects\Eurus_Workspace\HolmHz\data\raw_v2\diffusion_fakes\Stable Diffusion\Stable_Diffusion_261.jpg,1,sd_fake,id,0.498314
R:\_Projects\Eurus_Workspace\HolmHz\data\raw_v2\diffusion_fakes\Stable Diffusion\Stable_Diffusion_1494.jpg,1,sd_fake,id,0.403609
R:\_Projects\Eurus_Workspace\HolmHz\data\raw_v2\diffusion_fakes\Midjourney\Midjourney_0659.png,1,midjourney_fake,id,0.030339
R:\_Projects\Eurus_Workspace\HolmHz\data\raw_v2\deepdetect2025\ddata\train\real\41379.jpg,0,dd2025_real,id,0.055026
R:\_Projects\Eurus_Workspace\HolmHz\data\raw_v2\ciplab_faces\real_and_fake_face_detection\real_and_fake_face\training_fake\mid_221_1100.jpg,1,ciplab_training_fake,id,0.531107
R:\_Projects\Eurus_Workspace\HolmHz\data\raw_v2\diffusion_fakes\Real\REAL_3384.jpg,0,deepfake_collection_real,id,0.928421
R:\_Projects\Eurus_Workspace\HolmHz\data\raw_v2\rvf10k\rvf10k\valid\fake\NCXUZBYVSE.jpg,1,rvf10k_valid_fake,id,0.435136
R:\_Projects\Eurus_Workspace\HolmHz\data\raw_v2\rvf10k\rvf10k\train\fake\ADN04DZX4N.jpg,1,rvf10k_train_fake,id,0.544154
R:\_Projects\Eurus_Workspace\HolmHz\data\raw_v2\deepdetect2025\ddata\train\real\11052.jpg,0,dd2025_real,id,0.967369
R:\_Projects\Eurus_Workspace\HolmHz\data\raw_v2\rvf10k\rvf10k\train\real\00559.jpg,0,rvf10k_train_real,id,0.274595
R:\_Projects\Eurus_Workspace\HolmHz\data\raw_v2\diffusion_fakes\Real\REAL_3444.jpg,0,deepfake_collection_real,id,0.230365
R:\_Projects\Eurus_Workspace\HolmHz\data\raw_v2\deepdetect2025\ddata\train\real\46111.jpg,0,dd2025_real,id,0.162068
R:\_Projects\Eurus_Workspace\HolmHz\data\raw_v2\diffusion_fakes\Real\REAL_5878.jpg,0,deepfake_collection_real,id,0.933807
R:\_Projects\Eurus_Workspace\HolmHz\data\raw_v2\diffusion_fakes\Real\REAL_5429.jpg,0,deepfake_collection_real,id,0.456032
R:\_Projects\Eurus_Workspace\HolmHz\data\raw_v2\deepdetect2025\ddata\train\fake\fake_028237.jpg,1,dd2025_fake,id,0.012763
R:\_Projects\Eurus_Workspace\HolmHz\data\raw_v2\diffusion_fakes\Midjourney\Midjourney_0090.png,1,midjourney_fake,id,0.321095
R:\_Projects\Eurus_Workspace\HolmHz\data\raw_v2\diffusion_fakes\Midjourney\Midjourney_0484.png,1,midjourney_fake,id,0.525467
R:\_Projects\Eurus_Workspace\HolmHz\data\raw_v2\rvf10k\rvf10k\valid\fake\ITTI7N7Z9T.jpg,1,rvf10k_valid_fake,id,0.434748
R:\_Projects\Eurus_Workspace\HolmHz\data\raw_v2\rvf10k\rvf10k\train\fake\UVK9ANIE9C.jpg,1,rvf10k_train_fake,id,0.068883
R:\_Projects\Eurus_Workspace\HolmHz\data\raw_v2\ciplab_faces\real_and_fake_face_detection\real_and_fake_face\training_fake\hard_11_1100.jpg,1,ciplab_training_fake,id,0.962825
R:\_Projects\Eurus_Workspace\HolmHz\data\raw_v2\rvf10k\rvf10k\train\real\31430.jpg,0,rvf10k_train_real,id,0.019660
R:\_Projects\Eurus_Workspace\HolmHz\data\raw_v2\deepdetect2025\ddata\train\fake\fake_025538.jpg,1,dd2025_fake,id,0.481440
R:\_Projects\Eurus_Workspace\HolmHz\data\raw_v2\diffusion_fakes\Stable Diffusion\Stable_Diffusion_1140.jpg,1,sd_fake,id,0.962703
R:\_Projects\Eurus_Workspace\HolmHz\data\raw_v2\rvf10k\rvf10k\train\real\00334.jpg,0,rvf10k_train_real,id,0.018025
R:\_Projects\Eurus_Workspace\HolmHz\data\raw_v2\deepdetect2025\ddata\train\real\37530.jpg,0,dd2025_real,id,0.904573
R:\_Projects\Eurus_Workspace\HolmHz\data\raw_v2\rvf10k\rvf10k\train\real\19341.jpg,0,rvf10k_train_real,id,0.263542
R:\_Projects\Eurus_Workspace\HolmHz\data\raw_v2\diffusion_fakes\Stable Diffusion\Stable_Diffusion_284.jpg,1,sd_fake,id,0.574629
R:\_Projects\Eurus_Workspace\HolmHz\data\raw_v2\rvf10k\rvf10k\valid\real\13089.jpg,0,rvf10k_valid_real,id,0.665587
R:\_Projects\Eurus_Workspace\HolmHz\data\raw_v2\diffusion_fakes\Stable Diffusion\Stable_Diffusion_1312.jpg,1,sd_fake,id,0.912121
R:\_Projects\Eurus_Workspace\HolmHz\data\raw_v2\diffusion_fakes\DALL-E\DALL-E_0803.jpg,1,dalle_fake,id,0.134428
R:\_Projects\Eurus_Workspace\HolmHz\data\raw_v2\diffusion_fakes\DALL-E\DALL-E_0324.jpg,1,dalle_fake,id,0.979333
R:\_Projects\Eurus_Workspace\HolmHz\data\raw_v2\deepdetect2025\ddata\train\fake\fake_021376.jpg,1,dd2025_fake,id,0.505145
R:\_Projects\Eurus_Workspace\HolmHz\data\raw_v2\rvf10k\rvf10k\train\real\08783.jpg,0,rvf10k_train_real,id,0.945743
R:\_Projects\Eurus_Workspace\HolmHz\data\raw_v2\diffusion_fakes\Stable Diffusion\Stable_Diffusion_1008.jpg,1,sd_fake,id,0.823558
R:\_Projects\Eurus_Workspace\HolmHz\data\raw_v2\diffusion_fakes\Real\REAL_1778.jpg,0,deepfake_collection_real,id,0.942409
R:\_Projects\Eurus_Workspace\HolmHz\data\raw_v2\deepdetect2025\ddata\train\real\31147.jpg,0,dd2025_real,id,0.685452
R:\_Projects\Eurus_Workspace\HolmHz\data\raw_v2\diffusion_fakes\Stable Diffusion\Stable_Diffusion_1615.jpg,1,sd_fake,id,0.783366
R:\_Projects\Eurus_Workspace\HolmHz\data\raw_v2\deepdetect2025\ddata\train\fake\fake_007212.jpg,1,dd2025_fake,id,0.108315
R:\_Projects\Eurus_Workspace\HolmHz\data\raw_v2\diffusion_fakes\Real\REAL_3252.jpg,0,deepfake_collection_real,id,0.935575
R:\_Projects\Eurus_Workspace\HolmHz\data\raw_v2\rvf10k\rvf10k\train\real\56718.jpg,0,rvf10k_train_real,id,0.035292
R:\_Projects\Eurus_Workspace\HolmHz\data\raw_v2\diffusion_fakes\DALL-E\DALL-E_1510.jpg,1,dalle_fake,id,0.997194
R:\_Projects\Eurus_Workspace\HolmHz\data\raw_v2\deepdetect2025\ddata\train\real\27806.jpg,0,dd2025_real,id,0.498620
R:\_Projects\Eurus_Workspace\HolmHz\data\raw_v2\diffusion_fakes\Real\REAL_1676.jpg,0,deepfake_collection_real,id,0.977980
R:\_Projects\Eurus_Workspace\HolmHz\data\raw_v2\diffusion_fakes\Real\REAL_3923.jpg,0,deepfake_collection_real,id,0.519340
R:\_Projects\Eurus_Workspace\HolmHz\data\raw_v2\rvf10k\rvf10k\train\fake\QYICJ7YJFZ.jpg,1,rvf10k_train_fake,id,0.042913
R:\_Projects\Eurus_Workspace\HolmHz\data\raw_v2\deepdetect2025\ddata\train\fake\fake_029800.jpg,1,dd2025_fake,id,0.418336
R:\_Projects\Eurus_Workspace\HolmHz\data\raw_v2\camera_vs_ai\ai vs real photos\Ai_Images\140.jpg,1,camera_train_ai,id,0.631437
R:\_Projects\Eurus_Workspace\HolmHz\data\raw_v2\deepdetect2025\ddata\train\real\06813.jpg,0,dd2025_real,id,0.852072
R:\_Projects\Eurus_Workspace\HolmHz\data\raw_v2\diffusion_fakes\Real\REAL_2536.jpg,0,deepfake_collection_real,id,0.977457
R:\_Projects\Eurus_Workspace\HolmHz\data\raw_v2\rvf10k\rvf10k\valid\fake\I808JJQ20R.jpg,1,rvf10k_valid_fake,id,0.136909
R:\_Projects\Eurus_Workspace\HolmHz\data\raw_v2\diffusion_fakes\Stable Diffusion\Stable_Diffusion_859.jpg,1,sd_fake,id,0.297126
R:\_Projects\Eurus_Workspace\HolmHz\data\raw_v2\diffusion_fakes\DALL-E\DALL-E_1331.jpg,1,dalle_fake,id,0.744710
R:\_Projects\Eurus_Workspace\HolmHz\data\raw_v2\rvf10k\rvf10k\train\real\56659.jpg,0,rvf10k_train_real,id,0.011487
R:\_Projects\Eurus_Workspace\HolmHz\data\raw_v2\ciplab_faces\real_and_fake_face\training_real\real_00018.jpg,0,ciplab_training_real,id,0.868435
R:\_Projects\Eurus_Workspace\HolmHz\data\raw_v2\deepdetect2025\ddata\train\fake\fake_040638.jpg,1,dd2025_fake,id,0.096285
R:\_Projects\Eurus_Workspace\HolmHz\data\raw_v2\rvf10k\rvf10k\train\fake\X770F1Y2NE.jpg,1,rvf10k_train_fake,id,0.989715
R:\_Projects\Eurus_Workspace\HolmHz\data\raw_v2\diffusion_fakes\Stable Diffusion\Stable_Diffusion_1079.jpg,1,sd_fake,id,0.674014
R:\_Projects\Eurus_Workspace\HolmHz\data\raw_v2\diffusion_fakes\Stable Diffusion\Stable_Diffusion_1596.jpg,1,sd_fake,id,0.094996
R:\_Projects\Eurus_Workspace\HolmHz\data\raw_v2\diffusion_fakes\Real\REAL_4780.jpg,0,deepfake_collection_real,id,0.840934
R:\_Projects\Eurus_Workspace\HolmHz\data\raw_v2\ciplab_faces\real_and_fake_face\training_real\real_00297.jpg,0,ciplab_training_real,id,0.248890
R:\_Projects\Eurus_Workspace\HolmHz\data\raw_v2\diffusion_fakes\Real\REAL_5382.jpg,0,deepfake_collection_real,id,0.957216
R:\_Projects\Eurus_Workspace\HolmHz\data\raw_v2\ciplab_faces\real_and_fake_face\training_real\real_00614.jpg,0,ciplab_training_real,id,0.871337
R:\_Projects\Eurus_Workspace\HolmHz\data\raw_v2\diffusion_fakes\Stable Diffusion\Stable_Diffusion_559.jpg,1,sd_fake,id,0.023188
R:\_Projects\Eurus_Workspace\HolmHz\data\raw_v2\deepdetect2025\ddata\train\real\55046.jpg,0,dd2025_real,id,0.775384
R:\_Projects\Eurus_Workspace\HolmHz\data\raw_v2\diffusion_fakes\Midjourney\Midjourney_0425.png,1,midjourney_fake,id,0.168765
R:\_Projects\Eurus_Workspace\HolmHz\data\raw_v2\rvf10k\rvf10k\train\real\24381.jpg,0,rvf10k_train_real,id,0.966937
R:\_Projects\Eurus_Workspace\HolmHz\data\raw_v2\deepdetect2025\ddata\train\fake\fake_022811.jpg,1,dd2025_fake,id,0.975348
R:\_Projects\Eurus_Workspace\HolmHz\data\raw_v2\diffusion_fakes\Stable Diffusion\Stable_Diffusion_271.jpg,1,sd_fake,id,0.570919
R:\_Projects\Eurus_Workspace\HolmHz\data\raw_v2\deepdetect2025\ddata\train\fake\fake_027632.jpg,1,dd2025_fake,id,0.083984
R:\_Projects\Eurus_Workspace\HolmHz\data\raw_v2\ciplab_faces\real_and_fake_face_detection\real_and_fake_face\training_fake\hard_218_0100.jpg,1,ciplab_training_fake,id,0.998892
R:\_Projects\Eurus_Workspace\HolmHz\data\raw_v2\deepdetect2025\ddata\train\fake\fake_007455.jpg,1,dd2025_fake,id,0.474526
R:\_Projects\Eurus_Workspace\HolmHz\data\raw_v2\rvf10k\rvf10k\train\real\52673.jpg,0,rvf10k_train_real,id,0.029528
R:\_Projects\Eurus_Workspace\HolmHz\data\raw_v2\deepdetect2025\ddata\train\real\51138.jpg,0,dd2025_real,id,0.171961
R:\_Projects\Eurus_Workspace\HolmHz\data\raw_v2\diffusion_fakes\DALL-E\DALL-E_1293.jpg,1,dalle_fake,id,0.534687
R:\_Projects\Eurus_Workspace\HolmHz\data\raw_v2\deepdetect2025\ddata\train\fake\fake_010285.jpg,1,dd2025_fake,id,0.541401
R:\_Projects\Eurus_Workspace\HolmHz\data\raw_v2\diffusion_fakes\Real\REAL_0171.jpg,0,deepfake_collection_real,id,0.700414
R:\_Projects\Eurus_Workspace\HolmHz\data\raw_v2\deepdetect2025\ddata\train\real\23490.jpg,0,dd2025_real,id,0.786516
R:\_Projects\Eurus_Workspace\HolmHz\data\raw_v2\rvf10k\rvf10k\train\real\39389.jpg,0,rvf10k_train_real,id,0.932081
R:\_Projects\Eurus_Workspace\HolmHz\data\raw_v2\diffusion_fakes\Real\REAL_4920.jpg,0,deepfake_collection_real,id,0.114546
R:\_Projects\Eurus_Workspace\HolmHz\data\raw_v2\diffusion_fakes\Real\REAL_4702.jpg,0,deepfake_collection_real,id,0.976609
R:\_Projects\Eurus_Workspace\HolmHz\data\raw_v2\deepdetect2025\ddata\train\fake\fake_002398.png,1,dd2025_fake,id,0.040476
R:\_Projects\Eurus_Workspace\HolmHz\data\raw_v2\ciplab_faces\real_and_fake_face_detection\real_and_fake_face\training_real\real_00384.jpg,0,ciplab_training_real,id,0.981126
R:\_Projects\Eurus_Workspace\HolmHz\data\raw_v2\diffusion_fakes\Real\REAL_4343.jpg,0,deepfake_collection_real,id,0.714285
R:\_Projects\Eurus_Workspace\HolmHz\data\raw_v2\diffusion_fakes\Real\REAL_3067.jpg,0,deepfake_collection_real,id,0.970872
R:\_Projects\Eurus_Workspace\HolmHz\data\raw_v2\deepdetect2025\ddata\train\real\48847.jpg,0,dd2025_real,id,0.587775
R:\_Projects\Eurus_Workspace\HolmHz\data\raw_v2\deepdetect2025\ddata\train\real\16178.jpg,0,dd2025_real,id,0.369353
R:\_Projects\Eurus_Workspace\HolmHz\data\raw_v2\rvf10k\rvf10k\train\fake\99MOI9OXR7.jpg,1,rvf10k_train_fake,id,0.085272
R:\_Projects\Eurus_Workspace\HolmHz\data\raw_v2\ciplab_faces\real_and_fake_face_detection\real_and_fake_face\training_fake\hard_27_1111.jpg,1,ciplab_training_fake,id,0.927668
R:\_Projects\Eurus_Workspace\HolmHz\data\raw_v2\diffusion_fakes\DALL-E\DALL-E_0581.jpg,1,dalle_fake,id,0.947622
R:\_Projects\Eurus_Workspace\HolmHz\data\raw_v2\diffusion_fakes\Real\REAL_1399.jpg,0,deepfake_collection_real,id,0.993400
R:\_Projects\Eurus_Workspace\HolmHz\data\raw_v2\deepdetect2025\ddata\train\fake\fake_033014.jpg,1,dd2025_fake,id,0.166758
R:\_Projects\Eurus_Workspace\HolmHz\data\raw_v2\rvf10k\rvf10k\valid\fake\C0Z94USXF1.jpg,1,rvf10k_valid_fake,id,0.248156
R:\_Projects\Eurus_Workspace\HolmHz\data\raw_v2\diffusion_fakes\Real\REAL_1417.jpg,0,deepfake_collection_real,id,0.942404
R:\_Projects\Eurus_Workspace\HolmHz\data\raw_v2\ciplab_faces\real_and_fake_face\training_fake\mid_113_1100.jpg,1,ciplab_training_fake,id,0.473949
R:\_Projects\Eurus_Workspace\HolmHz\data\raw_v2\diffusion_fakes\Real\REAL_4298.jpg,0,deepfake_collection_real,id,0.350723
R:\_Projects\Eurus_Workspace\HolmHz\data\raw_v2\rvf10k\rvf10k\train\real\40569.jpg,0,rvf10k_train_real,id,0.005993
R:\_Projects\Eurus_Workspace\HolmHz\data\raw_v2\diffusion_fakes\Real\REAL_3041.jpg,0,deepfake_collection_real,id,0.034778
R:\_Projects\Eurus_Workspace\HolmHz\data\raw_v2\diffusion_fakes\Real\REAL_0580.jpg,0,deepfake_collection_real,id,0.498856
R:\_Projects\Eurus_Workspace\HolmHz\data\raw_v2\ciplab_faces\real_and_fake_face\training_real\real_00411.jpg,0,ciplab_training_real,id,0.264655
R:\_Projects\Eurus_Workspace\HolmHz\data\raw_v2\diffusion_fakes\Real\REAL_5445.jpg,0,deepfake_collection_real,id,0.951759
R:\_Projects\Eurus_Workspace\HolmHz\data\raw_v2\rvf10k\rvf10k\train\real\30279.jpg,0,rvf10k_train_real,id,0.079555
R:\_Projects\Eurus_Workspace\HolmHz\data\raw_v2\ciplab_faces\real_and_fake_face_detection\real_and_fake_face\training_real\real_00175.jpg,0,ciplab_training_real,id,0.999888
R:\_Projects\Eurus_Workspace\HolmHz\data\raw_v2\deepdetect2025\ddata\train\fake\fake_023323.jpg,1,dd2025_fake,id,0.812123
R:\_Projects\Eurus_Workspace\HolmHz\data\raw_v2\rvf10k\rvf10k\train\fake\RYJR7T6B9I.jpg,1,rvf10k_train_fake,id,0.420396
R:\_Projects\Eurus_Workspace\HolmHz\data\raw_v2\rvf10k\rvf10k\train\fake\RY7RWMNN3L.jpg,1,rvf10k_train_fake,id,0.390894
R:\_Projects\Eurus_Workspace\HolmHz\data\raw_v2\rvf10k\rvf10k\valid\fake\M8FTVUJWNB.jpg,1,rvf10k_valid_fake,id,0.020751
R:\_Projects\Eurus_Workspace\HolmHz\data\raw_v2\rvf10k\rvf10k\valid\fake\QTWL9B0HJ5.jpg,1,rvf10k_valid_fake,id,0.993300
R:\_Projects\Eurus_Workspace\HolmHz\data\raw_v2\diffusion_fakes\Midjourney\Midjourney_0592.png,1,midjourney_fake,id,0.554094
R:\_Projects\Eurus_Workspace\HolmHz\data\raw_v2\diffusion_fakes\DALL-E\DALL-E_1094.jpg,1,dalle_fake,id,0.353806
R:\_Projects\Eurus_Workspace\HolmHz\data\raw_v2\diffusion_fakes\DALL-E\DALL-E_1215.jpg,1,dalle_fake,id,0.152395
R:\_Projects\Eurus_Workspace\HolmHz\data\raw_v2\diffusion_fakes\Real\REAL_3748.jpg,0,deepfake_collection_real,id,0.581959
R:\_Projects\Eurus_Workspace\HolmHz\data\raw_v2\diffusion_fakes\Stable Diffusion\Stable_Diffusion_283.jpg,1,sd_fake,id,0.473669
R:\_Projects\Eurus_Workspace\HolmHz\data\raw_v2\deepdetect2025\ddata\train\fake\fake_010318.jpg,1,dd2025_fake,id,0.330844
R:\_Projects\Eurus_Workspace\HolmHz\data\raw_v2\rvf10k\rvf10k\train\real\11892.jpg,0,rvf10k_train_real,id,0.012122
R:\_Projects\Eurus_Workspace\HolmHz\data\raw_v2\deepdetect2025\ddata\train\fake\fake_016846.jpg,1,dd2025_fake,id,0.229655
R:\_Projects\Eurus_Workspace\HolmHz\data\raw_v2\deepdetect2025\ddata\train\real\22651.jpg,0,dd2025_real,id,0.039641
R:\_Projects\Eurus_Workspace\HolmHz\data\raw_v2\rvf10k\rvf10k\train\fake\JO4OGZDVEZ.jpg,1,rvf10k_train_fake,id,0.521467
R:\_Projects\Eurus_Workspace\HolmHz\data\raw_v2\ciplab_faces\real_and_fake_face\training_fake\mid_389_1101.jpg,1,ciplab_training_fake,id,0.908700
R:\_Projects\Eurus_Workspace\HolmHz\data\raw_v2\rvf10k\rvf10k\valid\real\45470.jpg,0,rvf10k_valid_real,id,0.258453
R:\_Projects\Eurus_Workspace\HolmHz\data\raw_v2\deepdetect2025\ddata\train\real\52698.jpg,0,dd2025_real,id,0.946488
R:\_Projects\Eurus_Workspace\HolmHz\data\raw_v2\rvf10k\rvf10k\train\fake\Q5A51QP5F2.jpg,1,rvf10k_train_fake,id,0.018719
R:\_Projects\Eurus_Workspace\HolmHz\data\raw_v2\rvf10k\rvf10k\train\fake\KK1D23TM0H.jpg,1,rvf10k_train_fake,id,0.027178
R:\_Projects\Eurus_Workspace\HolmHz\data\raw_v2\deepdetect2025\ddata\train\real\53402.jpg,0,dd2025_real,id,0.981794
R:\_Projects\Eurus_Workspace\HolmHz\data\raw_v2\deepdetect2025\ddata\train\fake\fake_018186.jpg,1,dd2025_fake,id,0.943314
R:\_Projects\Eurus_Workspace\HolmHz\data\raw_v2\deepdetect2025\ddata\train\fake\fake_016724.jpg,1,dd2025_fake,id,0.621285
R:\_Projects\Eurus_Workspace\HolmHz\data\raw_v2\diffusion_fakes\Real\REAL_5736.jpg,0,deepfake_collection_real,id,0.777939
R:\_Projects\Eurus_Workspace\HolmHz\data\raw_v2\diffusion_fakes\Real\REAL_3798.jpg,0,deepfake_collection_real,id,0.828222
R:\_Projects\Eurus_Workspace\HolmHz\data\raw_v2\deepdetect2025\ddata\train\fake\fake_002826.jpg,1,dd2025_fake,id,0.202177
R:\_Projects\Eurus_Workspace\HolmHz\data\raw_v2\deepdetect2025\ddata\train\real\09009.jpg,0,dd2025_real,id,0.068933
R:\_Projects\Eurus_Workspace\HolmHz\data\raw_v2\deepdetect2025\ddata\train\real\60630.jpg,0,dd2025_real,id,0.192301
R:\_Projects\Eurus_Workspace\HolmHz\data\raw_v2\deepdetect2025\ddata\train\real\59962.jpg,0,dd2025_real,id,0.950032
R:\_Projects\Eurus_Workspace\HolmHz\data\raw_v2\deepdetect2025\ddata\train\fake\fake_022198.jpg,1,dd2025_fake,id,0.070236
R:\_Projects\Eurus_Workspace\HolmHz\data\raw_v2\diffusion_fakes\DALL-E\DALL-E_1112.jpg,1,dalle_fake,id,0.777562
R:\_Projects\Eurus_Workspace\HolmHz\data\raw_v2\rvf10k\rvf10k\train\real\13713.jpg,0,rvf10k_train_real,id,0.406086
R:\_Projects\Eurus_Workspace\HolmHz\data\raw_v2\rvf10k\rvf10k\valid\real\38447.jpg,0,rvf10k_valid_real,id,0.246325
R:\_Projects\Eurus_Workspace\HolmHz\data\raw_v2\ciplab_faces\real_and_fake_face\training_fake\mid_20_1111.jpg,1,ciplab_training_fake,id,0.997945
R:\_Projects\Eurus_Workspace\HolmHz\data\raw_v2\diffusion_fakes\Real\REAL_3710.jpg,0,deepfake_collection_real,id,0.749674
R:\_Projects\Eurus_Workspace\HolmHz\data\raw_v2\ciplab_faces\real_and_fake_face\training_real\real_00354.jpg,0,ciplab_training_real,id,0.777116
R:\_Projects\Eurus_Workspace\HolmHz\data\raw_v2\diffusion_fakes\Real\REAL_3760.jpg,0,deepfake_collection_real,id,0.130974
R:\_Projects\Eurus_Workspace\HolmHz\data\raw_v2\diffusion_fakes\Stable Diffusion\Stable_Diffusion_1946.jpg,1,sd_fake,id,0.449147
R:\_Projects\Eurus_Workspace\HolmHz\data\raw_v2\diffusion_fakes\DALL-E\DALL-E_0302.jpg,1,dalle_fake,id,0.320314
R:\_Projects\Eurus_Workspace\HolmHz\data\raw_v2\deepdetect2025\ddata\train\fake\fake_022805.jpg,1,dd2025_fake,id,0.626440
R:\_Projects\Eurus_Workspace\HolmHz\data\raw_v2\ciplab_faces\real_and_fake_face_detection\real_and_fake_face\training_real\real_00664.jpg,0,ciplab_training_real,id,0.054425
R:\_Projects\Eurus_Workspace\HolmHz\data\raw_v2\deepdetect2025\ddata\train\fake\fake_011399.jpg,1,dd2025_fake,id,0.008004
R:\_Projects\Eurus_Workspace\HolmHz\data\raw_v2\ciplab_faces\real_and_fake_face\training_real\real_00150.jpg,0,ciplab_training_real,id,0.087842
R:\_Projects\Eurus_Workspace\HolmHz\data\raw_v2\rvf10k\rvf10k\train\real\10446.jpg,0,rvf10k_train_real,id,0.984825
R:\_Projects\Eurus_Workspace\HolmHz\data\raw_v2\diffusion_fakes\Stable Diffusion\Stable_Diffusion_1543.jpg,1,sd_fake,id,0.686496
R:\_Projects\Eurus_Workspace\HolmHz\data\raw_v2\diffusion_fakes\Real\REAL_4786.jpg,0,deepfake_collection_real,id,0.743321
R:\_Projects\Eurus_Workspace\HolmHz\data\raw_v2\diffusion_fakes\DALL-E\DALL-E_1267.jpg,1,dalle_fake,id,0.732867
R:\_Projects\Eurus_Workspace\HolmHz\data\raw_v2\rvf10k\rvf10k\train\real\49259.jpg,0,rvf10k_train_real,id,0.928812
R:\_Projects\Eurus_Workspace\HolmHz\data\raw_v2\rvf10k\rvf10k\train\fake\4DVR3B2SRW.jpg,1,rvf10k_train_fake,id,0.999470
R:\_Projects\Eurus_Workspace\HolmHz\data\raw_v2\diffusion_fakes\Real\REAL_3574.jpg,0,deepfake_collection_real,id,0.726695
R:\_Projects\Eurus_Workspace\HolmHz\data\raw_v2\diffusion_fakes\Stable Diffusion\Stable_Diffusion_1803.jpg,1,sd_fake,id,0.802417
R:\_Projects\Eurus_Workspace\HolmHz\data\raw_v2\deepdetect2025\ddata\train\real\08538.jpg,0,dd2025_real,id,0.336625
R:\_Projects\Eurus_Workspace\HolmHz\data\raw_v2\deepdetect2025\ddata\train\fake\fake_040572.jpg,1,dd2025_fake,id,0.052082
R:\_Projects\Eurus_Workspace\HolmHz\data\raw_v2\diffusion_fakes\Real\REAL_2771.jpg,0,deepfake_collection_real,id,0.060092
R:\_Projects\Eurus_Workspace\HolmHz\data\raw_v2\diffusion_fakes\DALL-E\DALL-E_1887.jpg,1,dalle_fake,id,0.220165
R:\_Projects\Eurus_Workspace\HolmHz\data\raw_v2\deepdetect2025\ddata\train\real\62180.jpg,0,dd2025_real,id,0.672242
R:\_Projects\Eurus_Workspace\HolmHz\data\raw_v2\diffusion_fakes\DALL-E\DALL-E_1587.jpg,1,dalle_fake,id,0.998584
R:\_Projects\Eurus_Workspace\HolmHz\data\raw_v2\rvf10k\rvf10k\train\fake\UO3DK3SPIV.jpg,1,rvf10k_train_fake,id,0.065783
R:\_Projects\Eurus_Workspace\HolmHz\data\raw_v2\rvf10k\rvf10k\train\fake\0GOW7MI5V2.jpg,1,rvf10k_train_fake,id,0.997239
R:\_Projects\Eurus_Workspace\HolmHz\data\raw_v2\deepdetect2025\ddata\train\real\57602.jpg,0,dd2025_real,id,0.714443
R:\_Projects\Eurus_Workspace\HolmHz\data\raw_v2\deepdetect2025\ddata\train\real\02034.jpg,0,dd2025_real,id,0.122025
R:\_Projects\Eurus_Workspace\HolmHz\data\raw_v2\rvf10k\rvf10k\valid\fake\NL4CHNFAT8.jpg,1,rvf10k_valid_fake,id,0.015680
R:\_Projects\Eurus_Workspace\HolmHz\data\raw_v2\deepdetect2025\ddata\train\fake\fake_014225.jpg,1,dd2025_fake,id,0.255635
R:\_Projects\Eurus_Workspace\HolmHz\data\raw_v2\deepdetect2025\ddata\train\real\37926.jpg,0,dd2025_real,id,0.107730
R:\_Projects\Eurus_Workspace\HolmHz\data\raw_v2\diffusion_fakes\Real\REAL_1844.jpg,0,deepfake_collection_real,id,0.145888
R:\_Projects\Eurus_Workspace\HolmHz\data\raw_v2\rvf10k\rvf10k\valid\real\57145.jpg,0,rvf10k_valid_real,id,0.188091
R:\_Projects\Eurus_Workspace\HolmHz\data\raw_v2\rvf10k\rvf10k\train\real\16581.jpg,0,rvf10k_train_real,id,0.222554
R:\_Projects\Eurus_Workspace\HolmHz\data\raw_v2\deepdetect2025\ddata\train\fake\fake_013736.jpg,1,dd2025_fake,id,0.859377
R:\_Projects\Eurus_Workspace\HolmHz\data\raw_v2\diffusion_fakes\Stable Diffusion\Stable_Diffusion_33.jpg,1,sd_fake,id,0.901990
R:\_Projects\Eurus_Workspace\HolmHz\data\raw_v2\rvf10k\rvf10k\valid\fake\GVD5G54HZ2.jpg,1,rvf10k_valid_fake,id,0.099219
R:\_Projects\Eurus_Workspace\HolmHz\data\raw_v2\diffusion_fakes\Real\REAL_2554.jpg,0,deepfake_collection_real,id,0.054267
R:\_Projects\Eurus_Workspace\HolmHz\data\raw_v2\rvf10k\rvf10k\train\fake\K9NTPLM4MJ.jpg,1,rvf10k_train_fake,id,0.196484
R:\_Projects\Eurus_Workspace\HolmHz\data\raw_v2\diffusion_fakes\Real\REAL_1170.jpg,0,deepfake_collection_real,id,0.643892
R:\_Projects\Eurus_Workspace\HolmHz\data\raw_v2\ciplab_faces\real_and_fake_face_detection\real_and_fake_face\training_real\real_00021.jpg,0,ciplab_training_real,id,0.791349
R:\_Projects\Eurus_Workspace\HolmHz\data\raw_v2\diffusion_fakes\Real\REAL_3438.jpg,0,deepfake_collection_real,id,0.002604
R:\_Projects\Eurus_Workspace\HolmHz\data\raw_v2\diffusion_fakes\Stable Diffusion\Stable_Diffusion_507.jpg,1,sd_fake,id,0.148505
R:\_Projects\Eurus_Workspace\HolmHz\data\raw_v2\diffusion_fakes\Real\REAL_1518.jpg,0,deepfake_collection_real,id,0.994674
R:\_Projects\Eurus_Workspace\HolmHz\data\raw_v2\rvf10k\rvf10k\train\real\54640.jpg,0,rvf10k_train_real,id,0.078897
R:\_Projects\Eurus_Workspace\HolmHz\data\raw_v2\diffusion_fakes\Real\REAL_2378.jpg,0,deepfake_collection_real,id,0.979687
R:\_Projects\Eurus_Workspace\HolmHz\data\raw_v2\deepdetect2025\ddata\train\real\33931.jpg,0,dd2025_real,id,0.017600
R:\_Projects\Eurus_Workspace\HolmHz\data\raw_v2\diffusion_fakes\Stable Diffusion\Stable_Diffusion_1163.jpg,1,sd_fake,id,0.064588
R:\_Projects\Eurus_Workspace\HolmHz\data\raw_v2\rvf10k\rvf10k\valid\fake\GVIE9LGZP5.jpg,1,rvf10k_valid_fake,id,0.056670
R:\_Projects\Eurus_Workspace\HolmHz\data\raw_v2\ciplab_faces\real_and_fake_face\training_real\real_00147.jpg,0,ciplab_training_real,id,0.632547
R:\_Projects\Eurus_Workspace\HolmHz\data\raw_v2\rvf10k\rvf10k\train\fake\6UTYKPF522.jpg,1,rvf10k_train_fake,id,0.301754
R:\_Projects\Eurus_Workspace\HolmHz\data\raw_v2\diffusion_fakes\Real\REAL_5107.jpg,0,deepfake_collection_real,id,0.401995
R:\_Projects\Eurus_Workspace\HolmHz\data\raw_v2\rvf10k\rvf10k\train\fake\NR37UFR2BQ.jpg,1,rvf10k_train_fake,id,0.136677
R:\_Projects\Eurus_Workspace\HolmHz\data\raw_v2\diffusion_fakes\DALL-E\DALL-E_1747.jpg,1,dalle_fake,id,0.976010
R:\_Projects\Eurus_Workspace\HolmHz\data\raw_v2\diffusion_fakes\Real\REAL_4745.jpg,0,deepfake_collection_real,id,0.010261
R:\_Projects\Eurus_Workspace\HolmHz\data\raw_v2\deepdetect2025\ddata\train\fake\fake_020102.jpg,1,dd2025_fake,id,0.033812
R:\_Projects\Eurus_Workspace\HolmHz\data\raw_v2\rvf10k\rvf10k\train\fake\RTDGNYDT33.jpg,1,rvf10k_train_fake,id,0.139587
R:\_Projects\Eurus_Workspace\HolmHz\data\raw_v2\rvf10k\rvf10k\train\fake\9D721C2NKL.jpg,1,rvf10k_train_fake,id,0.421479
R:\_Projects\Eurus_Workspace\HolmHz\data\raw_v2\deepdetect2025\ddata\train\fake\fake_031450.jpg,1,dd2025_fake,id,0.128353
R:\_Projects\Eurus_Workspace\HolmHz\data\raw_v2\rvf10k\rvf10k\train\fake\N6W92ZKUGY.jpg,1,rvf10k_train_fake,id,0.621564
R:\_Projects\Eurus_Workspace\HolmHz\data\raw_v2\ciplab_faces\real_and_fake_face_detection\real_and_fake_face\training_fake\mid_469_1111.jpg,1,ciplab_training_fake,id,0.929829
R:\_Projects\Eurus_Workspace\HolmHz\data\raw_v2\ciplab_faces\real_and_fake_face_detection\real_and_fake_face\training_real\real_00344.jpg,0,ciplab_training_real,id,0.466739
R:\_Projects\Eurus_Workspace\HolmHz\data\raw_v2\rvf10k\rvf10k\train\fake\EE576JZYDB.jpg,1,rvf10k_train_fake,id,0.006228
R:\_Projects\Eurus_Workspace\HolmHz\data\raw_v2\rvf10k\rvf10k\valid\fake\G2RO1SFIQY.jpg,1,rvf10k_valid_fake,id,0.669661
R:\_Projects\Eurus_Workspace\HolmHz\data\raw_v2\rvf10k\rvf10k\train\fake\YLESSOBRN8.jpg,1,rvf10k_train_fake,id,0.617578
R:\_Projects\Eurus_Workspace\HolmHz\data\raw_v2\ciplab_faces\real_and_fake_face\training_fake\mid_60_1101.jpg,1,ciplab_training_fake,id,0.976819
R:\_Projects\Eurus_Workspace\HolmHz\data\raw_v2\diffusion_fakes\Real\REAL_1130.jpg,0,deepfake_collection_real,id,0.161615
R:\_Projects\Eurus_Workspace\HolmHz\data\raw_v2\diffusion_fakes\Real\REAL_0102.jpg,0,deepfake_collection_real,id,0.575813
R:\_Projects\Eurus_Workspace\HolmHz\data\raw_v2\ciplab_faces\real_and_fake_face\training_fake\mid_375_1110.jpg,1,ciplab_training_fake,id,0.757066
R:\_Projects\Eurus_Workspace\HolmHz\data\raw_v2\diffusion_fakes\Stable Diffusion\Stable_Diffusion_1819.jpg,1,sd_fake,id,0.379621
R:\_Projects\Eurus_Workspace\HolmHz\data\raw_v2\deepdetect2025\ddata\train\real\28698.jpg,0,dd2025_real,id,0.678926
R:\_Projects\Eurus_Workspace\HolmHz\data\raw_v2\rvf10k\rvf10k\valid\real\06387.jpg,0,rvf10k_valid_real,id,0.972444
R:\_Projects\Eurus_Workspace\HolmHz\data\raw_v2\deepdetect2025\ddata\train\fake\fake_039076.jpg,1,dd2025_fake,id,0.332569
R:\_Projects\Eurus_Workspace\HolmHz\data\raw_v2\deepdetect2025\ddata\train\fake\fake_024919.jpg,1,dd2025_fake,id,0.999013
R:\_Projects\Eurus_Workspace\HolmHz\data\raw_v2\diffusion_fakes\Stable Diffusion\Stable_Diffusion_1366.jpg,1,sd_fake,id,0.106036
R:\_Projects\Eurus_Workspace\HolmHz\data\raw_v2\rvf10k\rvf10k\train\real\63549.jpg,0,rvf10k_train_real,id,0.249579
R:\_Projects\Eurus_Workspace\HolmHz\data\raw_v2\rvf10k\rvf10k\valid\fake\64BFIV5I2W.jpg,1,rvf10k_valid_fake,id,0.642950
R:\_Projects\Eurus_Workspace\HolmHz\data\raw_v2\rvf10k\rvf10k\valid\fake\2QTKQJQ8W3.jpg,1,rvf10k_valid_fake,id,0.107214
R:\_Projects\Eurus_Workspace\HolmHz\data\raw_v2\ciplab_faces\real_and_fake_face_detection\real_and_fake_face\training_fake\mid_143_1100.jpg,1,ciplab_training_fake,id,0.916806
R:\_Projects\Eurus_Workspace\HolmHz\data\raw_v2\deepdetect2025\ddata\train\real\21382.jpg,0,dd2025_real,id,0.190148
R:\_Projects\Eurus_Workspace\HolmHz\data\raw_v2\deepdetect2025\ddata\train\fake\fake_039677.jpg,1,dd2025_fake,id,0.118506
R:\_Projects\Eurus_Workspace\HolmHz\data\raw_v2\diffusion_fakes\Real\REAL_5242.jpg,0,deepfake_collection_real,id,0.995429
R:\_Projects\Eurus_Workspace\HolmHz\data\raw_v2\rvf10k\rvf10k\train\real\07769.jpg,0,rvf10k_train_real,id,0.480336
R:\_Projects\Eurus_Workspace\HolmHz\data\raw_v2\deepdetect2025\ddata\train\fake\fake_001748.jpg,1,dd2025_fake,id,0.322904
R:\_Projects\Eurus_Workspace\HolmHz\data\raw_v2\ciplab_faces\real_and_fake_face\training_fake\mid_45_0010.jpg,1,ciplab_training_fake,id,0.367706
R:\_Projects\Eurus_Workspace\HolmHz\data\raw_v2\diffusion_fakes\Real\REAL_4061.jpg,0,deepfake_collection_real,id,0.898077
R:\_Projects\Eurus_Workspace\HolmHz\data\raw_v2\diffusion_fakes\Real\REAL_0968.jpg,0,deepfake_collection_real,id,0.105833
R:\_Projects\Eurus_Workspace\HolmHz\data\raw_v2\diffusion_fakes\DALL-E\DALL-E_0654.jpg,1,dalle_fake,id,0.147712
R:\_Projects\Eurus_Workspace\HolmHz\data\raw_v2\ciplab_faces\real_and_fake_face_detection\real_and_fake_face\training_fake\mid_414_0011.jpg,1,ciplab_training_fake,id,0.742352
R:\_Projects\Eurus_Workspace\HolmHz\data\raw_v2\deepdetect2025\ddata\train\real\48822.jpg,0,dd2025_real,id,0.174373
R:\_Projects\Eurus_Workspace\HolmHz\data\raw_v2\diffusion_fakes\Stable Diffusion\Stable_Diffusion_733.jpg,1,sd_fake,id,0.149428
R:\_Projects\Eurus_Workspace\HolmHz\data\raw_v2\ciplab_faces\real_and_fake_face_detection\real_and_fake_face\training_fake\mid_241_1111.jpg,1,ciplab_training_fake,id,0.727212
R:\_Projects\Eurus_Workspace\HolmHz\data\raw_v2\diffusion_fakes\Stable Diffusion\Stable_Diffusion_1701.jpg,1,sd_fake,id,0.647236
R:\_Projects\Eurus_Workspace\HolmHz\data\raw_v2\deepdetect2025\ddata\train\fake\fake_027992.jpg,1,dd2025_fake,id,0.001625
R:\_Projects\Eurus_Workspace\HolmHz\data\raw_v2\rvf10k\rvf10k\train\real\61024.jpg,0,rvf10k_train_real,id,0.069145
R:\_Projects\Eurus_Workspace\HolmHz\data\raw_v2\deepdetect2025\ddata\train\real\15028.jpg,0,dd2025_real,id,0.013978
R:\_Projects\Eurus_Workspace\HolmHz\data\raw_v2\camera_vs_ai\ai vs real photos\Ai_Images\104.jpg,1,camera_train_ai,id,0.439393
R:\_Projects\Eurus_Workspace\HolmHz\data\raw_v2\rvf10k\rvf10k\valid\real\10224.jpg,0,rvf10k_valid_real,id,0.017881
R:\_Projects\Eurus_Workspace\HolmHz\data\raw_v2\camera_vs_ai\ai vs real photos\Camera_images\110.jpg,0,camera_train_real,id,0.120397
R:\_Projects\Eurus_Workspace\HolmHz\data\raw_v2\deepdetect2025\ddata\train\real\21016.jpg,0,dd2025_real,id,0.920432
R:\_Projects\Eurus_Workspace\HolmHz\data\raw_v2\deepdetect2025\ddata\train\real\66860.jpg,0,dd2025_real,id,0.326888
R:\_Projects\Eurus_Workspace\HolmHz\data\raw_v2\diffusion_fakes\Midjourney\Midjourney_0540.png,1,midjourney_fake,id,0.095583
R:\_Projects\Eurus_Workspace\HolmHz\data\raw_v2\diffusion_fakes\DALL-E\DALL-E_1483.jpg,1,dalle_fake,id,0.716807
R:\_Projects\Eurus_Workspace\HolmHz\data\raw_v2\diffusion_fakes\Stable Diffusion\Stable_Diffusion_207.jpg,1,sd_fake,id,0.262689
R:\_Projects\Eurus_Workspace\HolmHz\data\raw_v2\ciplab_faces\real_and_fake_face\training_real\real_00577.jpg,0,ciplab_training_real,id,0.445631
R:\_Projects\Eurus_Workspace\HolmHz\data\raw_v2\deepdetect2025\ddata\train\fake\fake_035830.jpg,1,dd2025_fake,id,0.985494
R:\_Projects\Eurus_Workspace\HolmHz\data\raw_v2\deepdetect2025\ddata\train\fake\fake_005714.jpg,1,dd2025_fake,id,0.662260
R:\_Projects\Eurus_Workspace\HolmHz\data\raw_v2\deepdetect2025\ddata\train\real\23397.jpg,0,dd2025_real,id,0.281627
R:\_Projects\Eurus_Workspace\HolmHz\data\raw_v2\diffusion_fakes\Real\REAL_5659.jpg,0,deepfake_collection_real,id,0.200718
R:\_Projects\Eurus_Workspace\HolmHz\data\raw_v2\diffusion_fakes\Stable Diffusion\Stable_Diffusion_968.jpg,1,sd_fake,id,0.100035
R:\_Projects\Eurus_Workspace\HolmHz\data\raw_v2\deepdetect2025\ddata\train\real\09539.jpg,0,dd2025_real,id,0.011654
R:\_Projects\Eurus_Workspace\HolmHz\data\raw_v2\ciplab_faces\real_and_fake_face\training_real\real_00461.jpg,0,ciplab_training_real,id,0.134988
R:\_Projects\Eurus_Workspace\HolmHz\data\raw_v2\diffusion_fakes\Real\REAL_4901.jpg,0,deepfake_collection_real,id,0.912715
R:\_Projects\Eurus_Workspace\HolmHz\data\raw_v2\ciplab_faces\real_and_fake_face\training_fake\mid_267_1111.jpg,1,ciplab_training_fake,id,0.808069
R:\_Projects\Eurus_Workspace\HolmHz\data\raw_v2\deepdetect2025\ddata\train\real\46514.jpg,0,dd2025_real,id,0.983458
R:\_Projects\Eurus_Workspace\HolmHz\data\raw_v2\diffusion_fakes\DALL-E\DALL-E_0451.jpg,1,dalle_fake,id,0.306399
R:\_Projects\Eurus_Workspace\HolmHz\data\raw_v2\rvf10k\rvf10k\train\real\07214.jpg,0,rvf10k_train_real,id,0.840609
R:\_Projects\Eurus_Workspace\HolmHz\data\raw_v2\diffusion_fakes\Real\REAL_2983.jpg,0,deepfake_collection_real,id,0.990413
R:\_Projects\Eurus_Workspace\HolmHz\data\raw_v2\ciplab_faces\real_and_fake_face\training_fake\hard_6_1110.jpg,1,ciplab_training_fake,id,0.410510
R:\_Projects\Eurus_Workspace\HolmHz\data\raw_v2\ciplab_faces\real_and_fake_face\training_fake\hard_176_0011.jpg,1,ciplab_training_fake,id,0.801945
R:\_Projects\Eurus_Workspace\HolmHz\data\raw_v2\diffusion_fakes\Real\REAL_0953.jpg,0,deepfake_collection_real,id,0.207822
R:\_Projects\Eurus_Workspace\HolmHz\data\raw_v2\deepdetect2025\ddata\train\real\00759.jpg,0,dd2025_real,id,0.884521
R:\_Projects\Eurus_Workspace\HolmHz\data\raw_v2\ciplab_faces\real_and_fake_face_detection\real_and_fake_face\training_fake\easy_76_1111.jpg,1,ciplab_training_fake,id,0.411258
R:\_Projects\Eurus_Workspace\HolmHz\data\raw_v2\rvf10k\rvf10k\valid\real\00766.jpg,0,rvf10k_valid_real,id,0.009338
R:\_Projects\Eurus_Workspace\HolmHz\data\raw_v2\diffusion_fakes\Real\REAL_1213.jpg,0,deepfake_collection_real,id,0.624218
R:\_Projects\Eurus_Workspace\HolmHz\data\raw_v2\diffusion_fakes\Real\REAL_0970.jpg,0,deepfake_collection_real,id,0.137174
R:\_Projects\Eurus_Workspace\HolmHz\data\raw_v2\diffusion_fakes\Real\REAL_3184.jpg,0,deepfake_collection_real,id,0.550005
R:\_Projects\Eurus_Workspace\HolmHz\data\raw_v2\deepdetect2025\ddata\train\fake\fake_018168.jpg,1,dd2025_fake,id,0.007341
R:\_Projects\Eurus_Workspace\HolmHz\data\raw_v2\diffusion_fakes\Real\REAL_2457.jpg,0,deepfake_collection_real,id,0.773760
R:\_Projects\Eurus_Workspace\HolmHz\data\raw_v2\rvf10k\rvf10k\train\fake\2NBOOSMHJR.jpg,1,rvf10k_train_fake,id,0.047449
R:\_Projects\Eurus_Workspace\HolmHz\data\raw_v2\diffusion_fakes\DALL-E\DALL-E_1167.jpg,1,dalle_fake,id,0.324074
R:\_Projects\Eurus_Workspace\HolmHz\data\raw_v2\diffusion_fakes\Real\REAL_4971.jpg,0,deepfake_collection_real,id,0.996971
R:\_Projects\Eurus_Workspace\HolmHz\data\raw_v2\diffusion_fakes\Real\REAL_2216.jpg,0,deepfake_collection_real,id,0.729965
R:\_Projects\Eurus_Workspace\HolmHz\data\raw_v2\rvf10k\rvf10k\train\fake\WZH0TPR6T8.jpg,1,rvf10k_train_fake,id,0.929342
R:\_Projects\Eurus_Workspace\HolmHz\data\raw_v2\deepdetect2025\ddata\train\fake\fake_013333.jpg,1,dd2025_fake,id,0.990159
R:\_Projects\Eurus_Workspace\HolmHz\data\raw_v2\deepdetect2025\ddata\train\real\58463.jpg,0,dd2025_real,id,0.506776
R:\_Projects\Eurus_Workspace\HolmHz\data\raw_v2\diffusion_fakes\Real\REAL_1591.jpg,0,deepfake_collection_real,id,0.054171
R:\_Projects\Eurus_Workspace\HolmHz\data\raw_v2\rvf10k\rvf10k\valid\fake\QXYUXP9O45.jpg,1,rvf10k_valid_fake,id,0.995329
R:\_Projects\Eurus_Workspace\HolmHz\data\raw_v2\camera_vs_ai\ai vs real photos\Camera_images\72.jpg,0,camera_train_real,id,0.314027
R:\_Projects\Eurus_Workspace\HolmHz\data\raw_v2\deepdetect2025\ddata\train\fake\fake_012874.jpg,1,dd2025_fake,id,0.093044
R:\_Projects\Eurus_Workspace\HolmHz\data\raw_v2\diffusion_fakes\Real\REAL_3832.jpg,0,deepfake_collection_real,id,0.114581
R:\_Projects\Eurus_Workspace\HolmHz\data\raw_v2\ciplab_faces\real_and_fake_face\training_real\real_00979.jpg,0,ciplab_training_real,id,0.322235
R:\_Projects\Eurus_Workspace\HolmHz\data\raw_v2\rvf10k\rvf10k\train\fake\3K88HMO9EE.jpg,1,rvf10k_train_fake,id,0.394547
R:\_Projects\Eurus_Workspace\HolmHz\data\raw_v2\camera_vs_ai\ai vs real photos\Ai_Images\192.jpg,1,camera_train_ai,id,0.844420
R:\_Projects\Eurus_Workspace\HolmHz\data\raw_v2\deepdetect2025\ddata\train\real\28059.jpg,0,dd2025_real,id,0.468155
R:\_Projects\Eurus_Workspace\HolmHz\data\raw_v2\diffusion_fakes\Real\REAL_4049.jpg,0,deepfake_collection_real,id,0.986491
R:\_Projects\Eurus_Workspace\HolmHz\data\raw_v2\rvf10k\rvf10k\train\fake\2SM5KXY6GH.jpg,1,rvf10k_train_fake,id,0.025820
R:\_Projects\Eurus_Workspace\HolmHz\data\raw_v2\rvf10k\rvf10k\valid\fake\0ZDLJ4V0MO.jpg,1,rvf10k_valid_fake,id,0.457725
R:\_Projects\Eurus_Workspace\HolmHz\data\raw_v2\deepdetect2025\ddata\train\fake\fake_008697.jpg,1,dd2025_fake,id,0.126082
R:\_Projects\Eurus_Workspace\HolmHz\data\raw_v2\deepdetect2025\ddata\train\real\04677.jpg,0,dd2025_real,id,0.983827
R:\_Projects\Eurus_Workspace\HolmHz\data\raw_v2\rvf10k\rvf10k\valid\real\55833.jpg,0,rvf10k_valid_real,id,0.717570
R:\_Projects\Eurus_Workspace\HolmHz\data\raw_v2\diffusion_fakes\Midjourney\Midjourney_0439.png,1,midjourney_fake,id,0.708376
R:\_Projects\Eurus_Workspace\HolmHz\data\raw_v2\diffusion_fakes\Midjourney\Midjourney_0196.png,1,midjourney_fake,id,0.033940
R:\_Projects\Eurus_Workspace\HolmHz\data\raw_v2\deepdetect2025\ddata\train\real\50310.jpg,0,dd2025_real,id,0.193951
R:\_Projects\Eurus_Workspace\HolmHz\data\raw_v2\rvf10k\rvf10k\train\real\44965.jpg,0,rvf10k_train_real,id,0.037519
R:\_Projects\Eurus_Workspace\HolmHz\data\raw_v2\diffusion_fakes\DALL-E\DALL-E_1467.jpg,1,dalle_fake,id,0.758617
R:\_Projects\Eurus_Workspace\HolmHz\data\raw_v2\ciplab_faces\real_and_fake_face_detection\real_and_fake_face\training_real\real_00054.jpg,0,ciplab_training_real,id,0.089305
R:\_Projects\Eurus_Workspace\HolmHz\data\raw_v2\diffusion_fakes\Midjourney\Midjourney_0125.png,1,midjourney_fake,id,0.812153
R:\_Projects\Eurus_Workspace\HolmHz\data\raw_v2\rvf10k\rvf10k\train\fake\UGZDJ8OURW.jpg,1,rvf10k_train_fake,id,0.273558
R:\_Projects\Eurus_Workspace\HolmHz\data\raw_v2\diffusion_fakes\Stable Diffusion\Stable_Diffusion_1372.jpg,1,sd_fake,id,0.388725
R:\_Projects\Eurus_Workspace\HolmHz\data\raw_v2\rvf10k\rvf10k\valid\fake\F8B2YFI1HU.jpg,1,rvf10k_valid_fake,id,0.497133
R:\_Projects\Eurus_Workspace\HolmHz\data\raw_v2\rvf10k\rvf10k\valid\fake\CP8VPG48VZ.jpg,1,rvf10k_valid_fake,id,0.025074
R:\_Projects\Eurus_Workspace\HolmHz\data\raw_v2\rvf10k\rvf10k\valid\real\04500.jpg,0,rvf10k_valid_real,id,0.850861
R:\_Projects\Eurus_Workspace\HolmHz\data\raw_v2\deepdetect2025\ddata\train\real\27623.jpg,0,dd2025_real,id,0.203760
R:\_Projects\Eurus_Workspace\HolmHz\data\raw_v2\deepdetect2025\ddata\train\real\58146.jpg,0,dd2025_real,id,0.036232
R:\_Projects\Eurus_Workspace\HolmHz\data\raw_v2\rvf10k\rvf10k\train\fake\DU740S5632.jpg,1,rvf10k_train_fake,id,0.809166
R:\_Projects\Eurus_Workspace\HolmHz\data\raw_v2\rvf10k\rvf10k\valid\real\38002.jpg,0,rvf10k_valid_real,id,0.210262
R:\_Projects\Eurus_Workspace\HolmHz\data\raw_v2\rvf10k\rvf10k\train\real\00612.jpg,0,rvf10k_train_real,id,0.385267
R:\_Projects\Eurus_Workspace\HolmHz\data\raw_v2\rvf10k\rvf10k\valid\real\25346.jpg,0,rvf10k_valid_real,id,0.988241
R:\_Projects\Eurus_Workspace\HolmHz\data\raw_v2\rvf10k\rvf10k\valid\real\14739.jpg,0,rvf10k_valid_real,id,0.532618
R:\_Projects\Eurus_Workspace\HolmHz\data\raw_v2\deepdetect2025\ddata\train\real\08661.jpg,0,dd2025_real,id,0.595770
R:\_Projects\Eurus_Workspace\HolmHz\data\raw_v2\deepdetect2025\ddata\train\real\10341.jpg,0,dd2025_real,id,0.570725
R:\_Projects\Eurus_Workspace\HolmHz\data\raw_v2\deepdetect2025\ddata\train\fake\fake_029970.jpg,1,dd2025_fake,id,0.128265
R:\_Projects\Eurus_Workspace\HolmHz\data\raw_v2\diffusion_fakes\Real\REAL_3112.jpg,0,deepfake_collection_real,id,0.178689
R:\_Projects\Eurus_Workspace\HolmHz\data\raw_v2\rvf10k\rvf10k\valid\real\10494.jpg,0,rvf10k_valid_real,id,0.116147
R:\_Projects\Eurus_Workspace\HolmHz\data\raw_v2\rvf10k\rvf10k\valid\real\60038.jpg,0,rvf10k_valid_real,id,0.283352
R:\_Projects\Eurus_Workspace\HolmHz\data\raw_v2\diffusion_fakes\Real\REAL_3504.jpg,0,deepfake_collection_real,id,0.904464
R:\_Projects\Eurus_Workspace\HolmHz\data\raw_v2\diffusion_fakes\Real\REAL_4370.jpg,0,deepfake_collection_real,id,0.813864
R:\_Projects\Eurus_Workspace\HolmHz\data\raw_v2\ciplab_faces\real_and_fake_face_detection\real_and_fake_face\training_real\real_00141.jpg,0,ciplab_training_real,id,0.277741
R:\_Projects\Eurus_Workspace\HolmHz\data\raw_v2\diffusion_fakes\Real\REAL_3260.jpg,0,deepfake_collection_real,id,0.018958
R:\_Projects\Eurus_Workspace\HolmHz\data\raw_v2\diffusion_fakes\Real\REAL_3178.jpg,0,deepfake_collection_real,id,0.192382
R:\_Projects\Eurus_Workspace\HolmHz\data\raw_v2\diffusion_fakes\Stable Diffusion\Stable_Diffusion_304.jpg,1,sd_fake,id,0.132534
R:\_Projects\Eurus_Workspace\HolmHz\data\raw_v2\diffusion_fakes\DALL-E\DALL-E_0042.jpg,1,dalle_fake,id,0.443661
R:\_Projects\Eurus_Workspace\HolmHz\data\raw_v2\deepdetect2025\ddata\train\fake\fake_032658.jpg,1,dd2025_fake,id,0.072650
R:\_Projects\Eurus_Workspace\HolmHz\data\raw_v2\deepdetect2025\ddata\train\real\64602.jpg,0,dd2025_real,id,0.084071
R:\_Projects\Eurus_Workspace\HolmHz\data\raw_v2\diffusion_fakes\Real\REAL_3066.jpg,0,deepfake_collection_real,id,0.303293
R:\_Projects\Eurus_Workspace\HolmHz\data\raw_v2\deepdetect2025\ddata\train\fake\fake_002278.jpg,1,dd2025_fake,id,0.231755
R:\_Projects\Eurus_Workspace\HolmHz\data\raw_v2\deepdetect2025\ddata\train\fake\fake_037268.jpg,1,dd2025_fake,id,0.141479
R:\_Projects\Eurus_Workspace\HolmHz\data\raw_v2\rvf10k\rvf10k\train\fake\LIR7KVL8Q2.jpg,1,rvf10k_train_fake,id,0.034275
R:\_Projects\Eurus_Workspace\HolmHz\data\raw_v2\diffusion_fakes\Real\REAL_3513.jpg,0,deepfake_collection_real,id,0.917666
R:\_Projects\Eurus_Workspace\HolmHz\data\raw_v2\deepdetect2025\ddata\train\fake\fake_022235.jpg,1,dd2025_fake,id,0.274253
R:\_Projects\Eurus_Workspace\HolmHz\data\raw_v2\camera_vs_ai\ai vs real photos\Ai_Images\88.jpg,1,camera_train_ai,id,0.283009
R:\_Projects\Eurus_Workspace\HolmHz\data\raw_v2\deepdetect2025\ddata\train\fake\fake_009437.jpg,1,dd2025_fake,id,0.062783
R:\_Projects\Eurus_Workspace\HolmHz\data\raw_v2\rvf10k\rvf10k\train\real\46419.jpg,0,rvf10k_train_real,id,0.872936
R:\_Projects\Eurus_Workspace\HolmHz\data\raw_v2\rvf10k\rvf10k\valid\real\33126.jpg,0,rvf10k_valid_real,id,0.884156
R:\_Projects\Eurus_Workspace\HolmHz\data\raw_v2\rvf10k\rvf10k\train\fake\C52NVVIUJX.jpg,1,rvf10k_train_fake,id,0.040469
R:\_Projects\Eurus_Workspace\HolmHz\data\raw_v2\rvf10k\rvf10k\train\real\06200.jpg,0,rvf10k_train_real,id,0.046876
R:\_Projects\Eurus_Workspace\HolmHz\data\raw_v2\diffusion_fakes\Stable Diffusion\Stable_Diffusion_2081.jpg,1,sd_fake,id,0.925532
R:\_Projects\Eurus_Workspace\HolmHz\data\raw_v2\diffusion_fakes\Real\REAL_4670.jpg,0,deepfake_collection_real,id,0.335984
R:\_Projects\Eurus_Workspace\HolmHz\data\raw_v2\diffusion_fakes\Real\REAL_3591.jpg,0,deepfake_collection_real,id,0.041246
R:\_Projects\Eurus_Workspace\HolmHz\data\raw_v2\deepdetect2025\ddata\train\real\04795.jpg,0,dd2025_real,id,0.986385
R:\_Projects\Eurus_Workspace\HolmHz\data\raw_v2\rvf10k\rvf10k\train\real\50422.jpg,0,rvf10k_train_real,id,0.064280
R:\_Projects\Eurus_Workspace\HolmHz\data\raw_v2\diffusion_fakes\Midjourney\Midjourney_0486.png,1,midjourney_fake,id,0.597734
R:\_Projects\Eurus_Workspace\HolmHz\data\raw_v2\ciplab_faces\real_and_fake_face_detection\real_and_fake_face\training_fake\mid_101_1111.jpg,1,ciplab_training_fake,id,0.946101
R:\_Projects\Eurus_Workspace\HolmHz\data\raw_v2\rvf10k\rvf10k\train\real\09341.jpg,0,rvf10k_train_real,id,0.911321
R:\_Projects\Eurus_Workspace\HolmHz\data\raw_v2\rvf10k\rvf10k\train\real\68952.jpg,0,rvf10k_train_real,id,0.993087
R:\_Projects\Eurus_Workspace\HolmHz\data\raw_v2\deepdetect2025\ddata\train\real\67100.jpg,0,dd2025_real,id,0.744563
R:\_Projects\Eurus_Workspace\HolmHz\data\raw_v2\deepdetect2025\ddata\train\real\66209.jpg,0,dd2025_real,id,0.871338
R:\_Projects\Eurus_Workspace\HolmHz\data\raw_v2\deepdetect2025\ddata\train\fake\fake_019218.png,1,dd2025_fake,id,0.036150
R:\_Projects\Eurus_Workspace\HolmHz\data\raw_v2\rvf10k\rvf10k\valid\real\34256.jpg,0,rvf10k_valid_real,id,0.144920
R:\_Projects\Eurus_Workspace\HolmHz\data\raw_v2\deepdetect2025\ddata\train\fake\fake_014720.jpg,1,dd2025_fake,id,0.584928
R:\_Projects\Eurus_Workspace\HolmHz\data\raw_v2\ciplab_faces\real_and_fake_face_detection\real_and_fake_face\training_real\real_00577.jpg,0,ciplab_training_real,id,0.445631
R:\_Projects\Eurus_Workspace\HolmHz\data\raw_v2\deepdetect2025\ddata\train\fake\fake_029395.jpg,1,dd2025_fake,id,0.170334
R:\_Projects\Eurus_Workspace\HolmHz\data\raw_v2\diffusion_fakes\Stable Diffusion\Stable_Diffusion_591.jpg,1,sd_fake,id,0.174401
R:\_Projects\Eurus_Workspace\HolmHz\data\raw_v2\rvf10k\rvf10k\train\fake\MBLVYD1A24.jpg,1,rvf10k_train_fake,id,0.681533
R:\_Projects\Eurus_Workspace\HolmHz\data\raw_v2\deepdetect2025\ddata\train\real\43223.jpg,0,dd2025_real,id,0.035403
R:\_Projects\Eurus_Workspace\HolmHz\data\raw_v2\deepdetect2025\ddata\train\fake\fake_036082.jpg,1,dd2025_fake,id,0.688895
R:\_Projects\Eurus_Workspace\HolmHz\data\raw_v2\diffusion_fakes\Real\REAL_0314.jpg,0,deepfake_collection_real,id,0.133323
R:\_Projects\Eurus_Workspace\HolmHz\data\raw_v2\diffusion_fakes\Stable Diffusion\Stable_Diffusion_1690.jpg,1,sd_fake,id,0.385393
R:\_Projects\Eurus_Workspace\HolmHz\data\raw_v2\ciplab_faces\real_and_fake_face\training_fake\mid_202_1110.jpg,1,ciplab_training_fake,id,0.147222
R:\_Projects\Eurus_Workspace\HolmHz\data\raw_v2\deepdetect2025\ddata\train\fake\fake_034628.jpg,1,dd2025_fake,id,0.214632
R:\_Projects\Eurus_Workspace\HolmHz\data\raw_v2\deepdetect2025\ddata\train\real\62499.jpg,0,dd2025_real,id,0.924418
R:\_Projects\Eurus_Workspace\HolmHz\data\raw_v2\deepdetect2025\ddata\train\fake\fake_007513.jpg,1,dd2025_fake,id,0.631172
R:\_Projects\Eurus_Workspace\HolmHz\data\raw_v2\rvf10k\rvf10k\train\real\42838.jpg,0,rvf10k_train_real,id,0.540038
R:\_Projects\Eurus_Workspace\HolmHz\data\raw_v2\deepdetect2025\ddata\train\real\19366.jpg,0,dd2025_real,id,0.491298
R:\_Projects\Eurus_Workspace\HolmHz\data\raw_v2\rvf10k\rvf10k\train\fake\KZKNAHCB7O.jpg,1,rvf10k_train_fake,id,0.918799
R:\_Projects\Eurus_Workspace\HolmHz\data\raw_v2\rvf10k\rvf10k\valid\real\48486.jpg,0,rvf10k_valid_real,id,0.785430
R:\_Projects\Eurus_Workspace\HolmHz\data\raw_v2\deepdetect2025\ddata\train\fake\fake_008033.jpg,1,dd2025_fake,id,0.057521
R:\_Projects\Eurus_Workspace\HolmHz\data\raw_v2\diffusion_fakes\Real\REAL_3954.jpg,0,deepfake_collection_real,id,0.452094
R:\_Projects\Eurus_Workspace\HolmHz\data\raw_v2\diffusion_fakes\DALL-E\DALL-E_1782.jpg,1,dalle_fake,id,0.895974
R:\_Projects\Eurus_Workspace\HolmHz\data\raw_v2\ciplab_faces\real_and_fake_face\training_fake\hard_224_0111.jpg,1,ciplab_training_fake,id,0.981711
R:\_Projects\Eurus_Workspace\HolmHz\data\raw_v2\deepdetect2025\ddata\train\fake\fake_028749.jpg,1,dd2025_fake,id,0.201656
R:\_Projects\Eurus_Workspace\HolmHz\data\raw_v2\ciplab_faces\real_and_fake_face_detection\real_and_fake_face\training_real\real_00626.jpg,0,ciplab_training_real,id,0.001834
R:\_Projects\Eurus_Workspace\HolmHz\data\raw_v2\deepdetect2025\ddata\train\real\37939.jpg,0,dd2025_real,id,0.098460
R:\_Projects\Eurus_Workspace\HolmHz\data\raw_v2\diffusion_fakes\Real\REAL_2460.jpg,0,deepfake_collection_real,id,0.532595
R:\_Projects\Eurus_Workspace\HolmHz\data\raw_v2\diffusion_fakes\Stable Diffusion\Stable_Diffusion_891.jpg,1,sd_fake,id,0.111036
R:\_Projects\Eurus_Workspace\HolmHz\data\raw_v2\rvf10k\rvf10k\train\fake\M3LT8D5IF7.jpg,1,rvf10k_train_fake,id,0.070397
R:\_Projects\Eurus_Workspace\HolmHz\data\raw_v2\diffusion_fakes\Real\REAL_3055.jpg,0,deepfake_collection_real,id,0.015254
R:\_Projects\Eurus_Workspace\HolmHz\data\raw_v2\deepdetect2025\ddata\train\fake\fake_030300.jpg,1,dd2025_fake,id,0.013243
R:\_Projects\Eurus_Workspace\HolmHz\data\raw_v2\deepdetect2025\ddata\train\fake\fake_009433.jpg,1,dd2025_fake,id,0.559613
R:\_Projects\Eurus_Workspace\HolmHz\data\raw_v2\rvf10k\rvf10k\train\fake\WNA4TNGK98.jpg,1,rvf10k_train_fake,id,0.130923
R:\_Projects\Eurus_Workspace\HolmHz\data\raw_v2\ciplab_faces\real_and_fake_face\training_fake\easy_124_1110.jpg,1,ciplab_training_fake,id,0.254211
R:\_Projects\Eurus_Workspace\HolmHz\data\raw_v2\diffusion_fakes\DALL-E\DALL-E_0086.jpg,1,dalle_fake,id,0.978218
R:\_Projects\Eurus_Workspace\HolmHz\data\raw_v2\diffusion_fakes\DALL-E\DALL-E_0410.jpg,1,dalle_fake,id,0.902544
R:\_Projects\Eurus_Workspace\HolmHz\data\raw_v2\deepdetect2025\ddata\train\fake\fake_038269.jpg,1,dd2025_fake,id,0.140832
R:\_Projects\Eurus_Workspace\HolmHz\data\raw_v2\rvf10k\rvf10k\train\fake\BX3ORCQ7J4.jpg,1,rvf10k_train_fake,id,0.112143
R:\_Projects\Eurus_Workspace\HolmHz\data\raw_v2\ciplab_faces\real_and_fake_face_detection\real_and_fake_face\training_fake\hard_114_1111.jpg,1,ciplab_training_fake,id,0.003666
R:\_Projects\Eurus_Workspace\HolmHz\data\raw_v2\ciplab_faces\real_and_fake_face_detection\real_and_fake_face\training_fake\easy_155_0011.jpg,1,ciplab_training_fake,id,0.641849
R:\_Projects\Eurus_Workspace\HolmHz\data\raw_v2\rvf10k\rvf10k\valid\fake\H2L2RN7NI9.jpg,1,rvf10k_valid_fake,id,0.018175
R:\_Projects\Eurus_Workspace\HolmHz\data\raw_v2\deepdetect2025\ddata\train\fake\fake_037898.jpg,1,dd2025_fake,id,0.289369
R:\_Projects\Eurus_Workspace\HolmHz\data\raw_v2\deepdetect2025\ddata\train\real\55536.jpg,0,dd2025_real,id,0.545630
R:\_Projects\Eurus_Workspace\HolmHz\data\raw_v2\deepdetect2025\ddata\train\real\25606.jpg,0,dd2025_real,id,0.073861
R:\_Projects\Eurus_Workspace\HolmHz\data\raw_v2\ciplab_faces\real_and_fake_face_detection\real_and_fake_face\training_real\real_00804.jpg,0,ciplab_training_real,id,0.053831
R:\_Projects\Eurus_Workspace\HolmHz\data\raw_v2\rvf10k\rvf10k\train\fake\W1B7I8DFAU.jpg,1,rvf10k_train_fake,id,0.253813
R:\_Projects\Eurus_Workspace\HolmHz\data\raw_v2\rvf10k\rvf10k\train\real\21297.jpg,0,rvf10k_train_real,id,0.706181
R:\_Projects\Eurus_Workspace\HolmHz\data\raw_v2\diffusion_fakes\DALL-E\DALL-E_0929.jpg,1,dalle_fake,id,0.857371
R:\_Projects\Eurus_Workspace\HolmHz\data\raw_v2\rvf10k\rvf10k\valid\fake\K8TRUS6TVV.jpg,1,rvf10k_valid_fake,id,0.016684
R:\_Projects\Eurus_Workspace\HolmHz\data\raw_v2\diffusion_fakes\Real\REAL_0868.jpg,0,deepfake_collection_real,id,0.606350
R:\_Projects\Eurus_Workspace\HolmHz\data\raw_v2\diffusion_fakes\DALL-E\DALL-E_0168.jpg,1,dalle_fake,id,0.937052
R:\_Projects\Eurus_Workspace\HolmHz\data\raw_v2\diffusion_fakes\Stable Diffusion\Stable_Diffusion_1016.jpg,1,sd_fake,id,0.138250
R:\_Projects\Eurus_Workspace\HolmHz\data\raw_v2\diffusion_fakes\Real\REAL_5329.jpg,0,deepfake_collection_real,id,0.175264
R:\_Projects\Eurus_Workspace\HolmHz\data\raw_v2\diffusion_fakes\Real\REAL_4414.jpg,0,deepfake_collection_real,id,0.068644
R:\_Projects\Eurus_Workspace\HolmHz\data\raw_v2\diffusion_fakes\Real\REAL_5231.jpg,0,deepfake_collection_real,id,0.265281
R:\_Projects\Eurus_Workspace\HolmHz\data\raw_v2\deepdetect2025\ddata\train\fake\fake_029247.jpg,1,dd2025_fake,id,0.049951
R:\_Projects\Eurus_Workspace\HolmHz\data\raw_v2\rvf10k\rvf10k\valid\fake\N37J27QIUA.jpg,1,rvf10k_valid_fake,id,0.083816
R:\_Projects\Eurus_Workspace\HolmHz\data\raw_v2\diffusion_fakes\Real\REAL_0040.jpg,0,deepfake_collection_real,id,0.410481
R:\_Projects\Eurus_Workspace\HolmHz\data\raw_v2\ciplab_faces\real_and_fake_face\training_fake\hard_140_1111.jpg,1,ciplab_training_fake,id,0.174989
R:\_Projects\Eurus_Workspace\HolmHz\data\raw_v2\ciplab_faces\real_and_fake_face\training_fake\mid_239_1011.jpg,1,ciplab_training_fake,id,0.093942
R:\_Projects\Eurus_Workspace\HolmHz\data\raw_v2\diffusion_fakes\Stable Diffusion\Stable_Diffusion_1542.jpg,1,sd_fake,id,0.669187
R:\_Projects\Eurus_Workspace\HolmHz\data\raw_v2\diffusion_fakes\Stable Diffusion\Stable_Diffusion_258.jpg,1,sd_fake,id,0.288286
R:\_Projects\Eurus_Workspace\HolmHz\data\raw_v2\deepdetect2025\ddata\train\fake\fake_011301.jpg,1,dd2025_fake,id,0.631208
R:\_Projects\Eurus_Workspace\HolmHz\data\raw_v2\diffusion_fakes\Real\REAL_3239.jpg,0,deepfake_collection_real,id,0.715788
R:\_Projects\Eurus_Workspace\HolmHz\data\raw_v2\diffusion_fakes\Real\REAL_4734.jpg,0,deepfake_collection_real,id,0.965731
R:\_Projects\Eurus_Workspace\HolmHz\data\raw_v2\diffusion_fakes\Stable Diffusion\Stable_Diffusion_835.jpg,1,sd_fake,id,0.147632
R:\_Projects\Eurus_Workspace\HolmHz\data\raw_v2\deepdetect2025\ddata\train\real\62336.jpg,0,dd2025_real,id,0.003679
R:\_Projects\Eurus_Workspace\HolmHz\data\raw_v2\diffusion_fakes\Midjourney\Midjourney_0251.png,1,midjourney_fake,id,0.769287
R:\_Projects\Eurus_Workspace\HolmHz\data\raw_v2\diffusion_fakes\Real\REAL_4001.jpg,0,deepfake_collection_real,id,0.171065
R:\_Projects\Eurus_Workspace\HolmHz\data\raw_v2\diffusion_fakes\DALL-E\DALL-E_1012.jpg,1,dalle_fake,id,0.916752
R:\_Projects\Eurus_Workspace\HolmHz\data\raw_v2\ciplab_faces\real_and_fake_face\training_real\real_00891.jpg,0,ciplab_training_real,id,0.917438
R:\_Projects\Eurus_Workspace\HolmHz\data\raw_v2\diffusion_fakes\Real\REAL_2676.jpg,0,deepfake_collection_real,id,0.431343
R:\_Projects\Eurus_Workspace\HolmHz\data\raw_v2\rvf10k\rvf10k\train\real\33944.jpg,0,rvf10k_train_real,id,0.170510
R:\_Projects\Eurus_Workspace\HolmHz\data\raw_v2\rvf10k\rvf10k\train\fake\6ALB2UWIFB.jpg,1,rvf10k_train_fake,id,0.992504
R:\_Projects\Eurus_Workspace\HolmHz\data\raw_v2\rvf10k\rvf10k\train\fake\GUKZIFFIJS.jpg,1,rvf10k_train_fake,id,0.058870
R:\_Projects\Eurus_Workspace\HolmHz\data\raw_v2\rvf10k\rvf10k\valid\fake\C4OID7NACT.jpg,1,rvf10k_valid_fake,id,0.072047
R:\_Projects\Eurus_Workspace\HolmHz\data\raw_v2\deepdetect2025\ddata\train\real\14260.jpg,0,dd2025_real,id,0.010466
R:\_Projects\Eurus_Workspace\HolmHz\data\raw_v2\diffusion_fakes\Real\REAL_5247.jpg,0,deepfake_collection_real,id,0.986364
R:\_Projects\Eurus_Workspace\HolmHz\data\raw_v2\deepdetect2025\ddata\train\real\41700.jpg,0,dd2025_real,id,0.016687
R:\_Projects\Eurus_Workspace\HolmHz\data\raw_v2\deepdetect2025\ddata\train\fake\fake_011648.jpg,1,dd2025_fake,id,0.700835
R:\_Projects\Eurus_Workspace\HolmHz\data\raw_v2\deepdetect2025\ddata\train\fake\fake_038027.png,1,dd2025_fake,id,0.660331
R:\_Projects\Eurus_Workspace\HolmHz\data\raw_v2\diffusion_fakes\DALL-E\DALL-E_1414.jpg,1,dalle_fake,id,0.106578
R:\_Projects\Eurus_Workspace\HolmHz\data\raw_v2\deepdetect2025\ddata\train\real\49337.jpg,0,dd2025_real,id,0.573000
R:\_Projects\Eurus_Workspace\HolmHz\data\raw_v2\camera_vs_ai\ai vs real photos\Camera_images\Image_8.jpg,0,camera_train_real,id,0.191468
R:\_Projects\Eurus_Workspace\HolmHz\data\raw_v2\diffusion_fakes\Midjourney\Midjourney_0724.png,1,midjourney_fake,id,0.283919
R:\_Projects\Eurus_Workspace\HolmHz\data\raw_v2\deepdetect2025\ddata\train\real\24387.jpg,0,dd2025_real,id,0.004768
R:\_Projects\Eurus_Workspace\HolmHz\data\raw_v2\deepdetect2025\ddata\train\real\10181.jpg,0,dd2025_real,id,0.023017
R:\_Projects\Eurus_Workspace\HolmHz\data\raw_v2\diffusion_fakes\DALL-E\DALL-E_1479.jpg,1,dalle_fake,id,0.841447
R:\_Projects\Eurus_Workspace\HolmHz\data\raw_v2\deepdetect2025\ddata\train\fake\fake_019772.jpg,1,dd2025_fake,id,0.127772
R:\_Projects\Eurus_Workspace\HolmHz\data\raw_v2\diffusion_fakes\Real\REAL_3201.jpg,0,deepfake_collection_real,id,0.436186
R:\_Projects\Eurus_Workspace\HolmHz\data\raw_v2\deepdetect2025\ddata\train\fake\fake_010676.jpg,1,dd2025_fake,id,0.454666
R:\_Projects\Eurus_Workspace\HolmHz\data\raw_v2\diffusion_fakes\Stable Diffusion\Stable_Diffusion_244.jpg,1,sd_fake,id,0.135607
R:\_Projects\Eurus_Workspace\HolmHz\data\raw_v2\deepdetect2025\ddata\train\real\10852.jpg,0,dd2025_real,id,0.553496
R:\_Projects\Eurus_Workspace\HolmHz\data\raw_v2\deepdetect2025\ddata\train\fake\fake_038719.jpg,1,dd2025_fake,id,0.140271
R:\_Projects\Eurus_Workspace\HolmHz\data\raw_v2\ciplab_faces\real_and_fake_face_detection\real_and_fake_face\training_real\real_00332.jpg,0,ciplab_training_real,id,0.472668
R:\_Projects\Eurus_Workspace\HolmHz\data\raw_v2\rvf10k\rvf10k\train\real\07976.jpg,0,rvf10k_train_real,id,0.050486
R:\_Projects\Eurus_Workspace\HolmHz\data\raw_v2\diffusion_fakes\Stable Diffusion\Stable_Diffusion_1997.jpg,1,sd_fake,id,0.703139
R:\_Projects\Eurus_Workspace\HolmHz\data\raw_v2\rvf10k\rvf10k\train\fake\0M02CZE62R.jpg,1,rvf10k_train_fake,id,0.018895
R:\_Projects\Eurus_Workspace\HolmHz\data\raw_v2\deepdetect2025\ddata\train\real\53467.jpg,0,dd2025_real,id,0.944803
R:\_Projects\Eurus_Workspace\HolmHz\data\raw_v2\rvf10k\rvf10k\train\real\62672.jpg,0,rvf10k_train_real,id,0.995452
R:\_Projects\Eurus_Workspace\HolmHz\data\raw_v2\deepdetect2025\ddata\train\fake\fake_031611.jpg,1,dd2025_fake,id,0.178097
R:\_Projects\Eurus_Workspace\HolmHz\data\raw_v2\ciplab_faces\real_and_fake_face_detection\real_and_fake_face\training_fake\mid_50_1111.jpg,1,ciplab_training_fake,id,0.638771
R:\_Projects\Eurus_Workspace\HolmHz\data\raw_v2\ciplab_faces\real_and_fake_face\training_fake\mid_131_1111.jpg,1,ciplab_training_fake,id,0.438380
R:\_Projects\Eurus_Workspace\HolmHz\data\raw_v2\deepdetect2025\ddata\train\fake\fake_019021.jpg,1,dd2025_fake,id,0.053491
R:\_Projects\Eurus_Workspace\HolmHz\data\raw_v2\rvf10k\rvf10k\valid\real\44330.jpg,0,rvf10k_valid_real,id,0.837458
R:\_Projects\Eurus_Workspace\HolmHz\data\raw_v2\diffusion_fakes\Stable Diffusion\Stable_Diffusion_817.jpg,1,sd_fake,id,0.208320
R:\_Projects\Eurus_Workspace\HolmHz\data\raw_v2\rvf10k\rvf10k\valid\real\08162.jpg,0,rvf10k_valid_real,id,0.811331
R:\_Projects\Eurus_Workspace\HolmHz\data\raw_v2\diffusion_fakes\Real\REAL_5384.jpg,0,deepfake_collection_real,id,0.439204
R:\_Projects\Eurus_Workspace\HolmHz\data\raw_v2\rvf10k\rvf10k\valid\real\47243.jpg,0,rvf10k_valid_real,id,0.111951
R:\_Projects\Eurus_Workspace\HolmHz\data\raw_v2\deepdetect2025\ddata\train\real\00818.jpg,0,dd2025_real,id,0.698331
R:\_Projects\Eurus_Workspace\HolmHz\data\raw_v2\deepdetect2025\ddata\train\real\14265.jpg,0,dd2025_real,id,0.549913
R:\_Projects\Eurus_Workspace\HolmHz\data\raw_v2\rvf10k\rvf10k\train\fake\2G3DT6XO20.jpg,1,rvf10k_train_fake,id,0.359395
R:\_Projects\Eurus_Workspace\HolmHz\data\raw_v2\rvf10k\rvf10k\train\fake\1NWCOID441.jpg,1,rvf10k_train_fake,id,0.026987
R:\_Projects\Eurus_Workspace\HolmHz\data\raw_v2\diffusion_fakes\Stable Diffusion\Stable_Diffusion_383.jpg,1,sd_fake,id,0.236840
R:\_Projects\Eurus_Workspace\HolmHz\data\raw_v2\rvf10k\rvf10k\valid\fake\6JQE6YAGOL.jpg,1,rvf10k_valid_fake,id,0.004318
R:\_Projects\Eurus_Workspace\HolmHz\data\raw_v2\ciplab_faces\real_and_fake_face\training_fake\easy_25_0110.jpg,1,ciplab_training_fake,id,0.434464
R:\_Projects\Eurus_Workspace\HolmHz\data\raw_v2\deepdetect2025\ddata\train\fake\fake_002674.jpg,1,dd2025_fake,id,0.062991
R:\_Projects\Eurus_Workspace\HolmHz\data\raw_v2\rvf10k\rvf10k\train\fake\88CABP6PCV.jpg,1,rvf10k_train_fake,id,0.910141
R:\_Projects\Eurus_Workspace\HolmHz\data\raw_v2\diffusion_fakes\Stable Diffusion\Stable_Diffusion_1640.jpg,1,sd_fake,id,0.236906
R:\_Projects\Eurus_Workspace\HolmHz\data\raw_v2\diffusion_fakes\Midjourney\Midjourney_0753.png,1,midjourney_fake,id,0.099505
R:\_Projects\Eurus_Workspace\HolmHz\data\raw_v2\ciplab_faces\real_and_fake_face\training_real\real_00177.jpg,0,ciplab_training_real,id,0.226745
R:\_Projects\Eurus_Workspace\HolmHz\data\raw_v2\rvf10k\rvf10k\train\fake\YY26JKASB4.jpg,1,rvf10k_train_fake,id,0.306448
R:\_Projects\Eurus_Workspace\HolmHz\data\raw_v2\rvf10k\rvf10k\train\fake\7F8M227WNX.jpg,1,rvf10k_train_fake,id,0.055815
R:\_Projects\Eurus_Workspace\HolmHz\data\raw_v2\deepdetect2025\ddata\train\fake\fake_026050.jpg,1,dd2025_fake,id,0.061908
R:\_Projects\Eurus_Workspace\HolmHz\data\raw_v2\diffusion_fakes\DALL-E\DALL-E_1380.jpg,1,dalle_fake,id,0.557693
R:\_Projects\Eurus_Workspace\HolmHz\data\raw_v2\rvf10k\rvf10k\train\fake\Q6LAM2J7F6.jpg,1,rvf10k_train_fake,id,0.442016
R:\_Projects\Eurus_Workspace\HolmHz\data\raw_v2\deepdetect2025\ddata\train\real\23463.jpg,0,dd2025_real,id,0.046682
R:\_Projects\Eurus_Workspace\HolmHz\data\raw_v2\camera_vs_ai\ai vs real photos\Ai_Images\64.jpg,1,camera_train_ai,id,0.138650
R:\_Projects\Eurus_Workspace\HolmHz\data\raw_v2\diffusion_fakes\DALL-E\DALL-E_0992.jpg,1,dalle_fake,id,0.259586
R:\_Projects\Eurus_Workspace\HolmHz\data\raw_v2\diffusion_fakes\Real\REAL_0003.jpg,0,deepfake_collection_real,id,0.756079
R:\_Projects\Eurus_Workspace\HolmHz\data\raw_v2\deepdetect2025\ddata\train\fake\fake_003890.jpg,1,dd2025_fake,id,0.116967
R:\_Projects\Eurus_Workspace\HolmHz\data\raw_v2\diffusion_fakes\DALL-E\DALL-E_1692.jpg,1,dalle_fake,id,0.139958
R:\_Projects\Eurus_Workspace\HolmHz\data\raw_v2\ciplab_faces\real_and_fake_face\training_fake\mid_212_1111.jpg,1,ciplab_training_fake,id,0.805000
R:\_Projects\Eurus_Workspace\HolmHz\data\raw_v2\diffusion_fakes\DALL-E\DALL-E_1074.jpg,1,dalle_fake,id,0.509755
R:\_Projects\Eurus_Workspace\HolmHz\data\raw_v2\rvf10k\rvf10k\valid\real\58823.jpg,0,rvf10k_valid_real,id,0.025920
R:\_Projects\Eurus_Workspace\HolmHz\data\raw_v2\ciplab_faces\real_and_fake_face_detection\real_and_fake_face\training_fake\easy_91_1000.jpg,1,ciplab_training_fake,id,0.168420
R:\_Projects\Eurus_Workspace\HolmHz\data\raw_v2\deepdetect2025\ddata\train\real\15032.jpg,0,dd2025_real,id,0.039788
R:\_Projects\Eurus_Workspace\HolmHz\data\raw_v2\diffusion_fakes\Real\REAL_4142.jpg,0,deepfake_collection_real,id,0.523877
R:\_Projects\Eurus_Workspace\HolmHz\data\raw_v2\deepdetect2025\ddata\train\real\51442.jpg,0,dd2025_real,id,0.734821
R:\_Projects\Eurus_Workspace\HolmHz\data\raw_v2\deepdetect2025\ddata\train\real\13016.jpg,0,dd2025_real,id,0.062008
R:\_Projects\Eurus_Workspace\HolmHz\data\raw_v2\rvf10k\rvf10k\train\fake\5L8D65SBQ8.jpg,1,rvf10k_train_fake,id,0.932522
R:\_Projects\Eurus_Workspace\HolmHz\data\raw_v2\diffusion_fakes\DALL-E\DALL-E_1448.jpg,1,dalle_fake,id,0.327333
R:\_Projects\Eurus_Workspace\HolmHz\data\raw_v2\diffusion_fakes\DALL-E\DALL-E_1596.jpg,1,dalle_fake,id,0.062425
R:\_Projects\Eurus_Workspace\HolmHz\data\raw_v2\ciplab_faces\real_and_fake_face\training_real\real_00228.jpg,0,ciplab_training_real,id,0.999821
R:\_Projects\Eurus_Workspace\HolmHz\data\raw_v2\ciplab_faces\real_and_fake_face\training_real\real_00407.jpg,0,ciplab_training_real,id,0.026771
R:\_Projects\Eurus_Workspace\HolmHz\data\raw_v2\rvf10k\rvf10k\train\fake\O3YECS0WSJ.jpg,1,rvf10k_train_fake,id,0.673956
R:\_Projects\Eurus_Workspace\HolmHz\data\raw_v2\ciplab_faces\real_and_fake_face_detection\real_and_fake_face\training_real\real_01019.jpg,0,ciplab_training_real,id,0.949411
R:\_Projects\Eurus_Workspace\HolmHz\data\raw_v2\rvf10k\rvf10k\valid\real\56704.jpg,0,rvf10k_valid_real,id,0.999403
R:\_Projects\Eurus_Workspace\HolmHz\data\raw_v2\diffusion_fakes\Stable Diffusion\Stable_Diffusion_1029.jpg,1,sd_fake,id,0.979725
R:\_Projects\Eurus_Workspace\HolmHz\data\raw_v2\diffusion_fakes\Stable Diffusion\Stable_Diffusion_1916.jpg,1,sd_fake,id,0.487967
R:\_Projects\Eurus_Workspace\HolmHz\data\raw_v2\diffusion_fakes\Real\REAL_4663.jpg,0,deepfake_collection_real,id,0.552796
R:\_Projects\Eurus_Workspace\HolmHz\data\raw_v2\diffusion_fakes\Real\REAL_1220.jpg,0,deepfake_collection_real,id,0.474926
R:\_Projects\Eurus_Workspace\HolmHz\data\raw_v2\rvf10k\rvf10k\train\fake\S65T89M7EV.jpg,1,rvf10k_train_fake,id,0.968699
R:\_Projects\Eurus_Workspace\HolmHz\data\raw_v2\deepdetect2025\ddata\train\fake\fake_037978.jpg,1,dd2025_fake,id,0.984229
R:\_Projects\Eurus_Workspace\HolmHz\data\raw_v2\deepdetect2025\ddata\train\fake\fake_024414.jpg,1,dd2025_fake,id,0.066306
R:\_Projects\Eurus_Workspace\HolmHz\data\raw_v2\deepdetect2025\ddata\train\real\54007.jpg,0,dd2025_real,id,0.532437
R:\_Projects\Eurus_Workspace\HolmHz\data\raw_v2\rvf10k\rvf10k\train\fake\6ML3KDXNR7.jpg,1,rvf10k_train_fake,id,0.042738
R:\_Projects\Eurus_Workspace\HolmHz\data\raw_v2\deepdetect2025\ddata\train\real\15527.jpg,0,dd2025_real,id,0.297386
R:\_Projects\Eurus_Workspace\HolmHz\data\raw_v2\rvf10k\rvf10k\valid\real\59737.jpg,0,rvf10k_valid_real,id,0.851104
R:\_Projects\Eurus_Workspace\HolmHz\data\raw_v2\deepdetect2025\ddata\train\real\20124.jpg,0,dd2025_real,id,0.887359
R:\_Projects\Eurus_Workspace\HolmHz\data\raw_v2\deepdetect2025\ddata\train\fake\fake_013142.jpg,1,dd2025_fake,id,0.442422
R:\_Projects\Eurus_Workspace\HolmHz\data\raw_v2\ciplab_faces\real_and_fake_face_detection\real_and_fake_face\training_real\real_00950.jpg,0,ciplab_training_real,id,0.065977
R:\_Projects\Eurus_Workspace\HolmHz\data\raw_v2\deepdetect2025\ddata\train\real\45610.jpg,0,dd2025_real,id,0.056241
R:\_Projects\Eurus_Workspace\HolmHz\data\raw_v2\deepdetect2025\ddata\train\fake\fake_002204.jpg,1,dd2025_fake,id,0.177070
R:\_Projects\Eurus_Workspace\HolmHz\data\raw_v2\ciplab_faces\real_and_fake_face_detection\real_and_fake_face\training_real\real_00191.jpg,0,ciplab_training_real,id,0.257809
R:\_Projects\Eurus_Workspace\HolmHz\data\raw_v2\deepdetect2025\ddata\train\fake\fake_007276.jpg,1,dd2025_fake,id,0.296304
R:\_Projects\Eurus_Workspace\HolmHz\data\raw_v2\deepdetect2025\ddata\train\fake\fake_031085.jpg,1,dd2025_fake,id,0.175707
R:\_Projects\Eurus_Workspace\HolmHz\data\raw_v2\diffusion_fakes\Real\REAL_2042.jpg,0,deepfake_collection_real,id,0.990128
R:\_Projects\Eurus_Workspace\HolmHz\data\raw_v2\deepdetect2025\ddata\train\real\07957.jpg,0,dd2025_real,id,0.109014
R:\_Projects\Eurus_Workspace\HolmHz\data\raw_v2\deepdetect2025\ddata\train\fake\fake_009881.jpg,1,dd2025_fake,id,0.393590
R:\_Projects\Eurus_Workspace\HolmHz\data\raw_v2\deepdetect2025\ddata\train\fake\fake_037695.jpg,1,dd2025_fake,id,0.300630
R:\_Projects\Eurus_Workspace\HolmHz\data\raw_v2\rvf10k\rvf10k\train\fake\EUOU1KVFNE.jpg,1,rvf10k_train_fake,id,0.013162
R:\_Projects\Eurus_Workspace\HolmHz\data\raw_v2\diffusion_fakes\Real\REAL_5791.jpg,0,deepfake_collection_real,id,0.907943
R:\_Projects\Eurus_Workspace\HolmHz\data\raw_v2\rvf10k\rvf10k\valid\fake\ZQA5H0JWZL.jpg,1,rvf10k_valid_fake,id,0.108207
R:\_Projects\Eurus_Workspace\HolmHz\data\raw_v2\diffusion_fakes\Real\REAL_1496.jpg,0,deepfake_collection_real,id,0.025018
R:\_Projects\Eurus_Workspace\HolmHz\data\raw_v2\deepdetect2025\ddata\train\real\09095.jpg,0,dd2025_real,id,0.103224
R:\_Projects\Eurus_Workspace\HolmHz\data\raw_v2\ciplab_faces\real_and_fake_face_detection\real_and_fake_face\training_real\real_00013.jpg,0,ciplab_training_real,id,0.130965
R:\_Projects\Eurus_Workspace\HolmHz\data\raw_v2\diffusion_fakes\Real\REAL_0831.jpg,0,deepfake_collection_real,id,0.892061
R:\_Projects\Eurus_Workspace\HolmHz\data\raw_v2\diffusion_fakes\DALL-E\DALL-E_0882.jpg,1,dalle_fake,id,0.798333
R:\_Projects\Eurus_Workspace\HolmHz\data\raw_v2\rvf10k\rvf10k\train\fake\I9H5KEYT30.jpg,1,rvf10k_train_fake,id,0.342297
R:\_Projects\Eurus_Workspace\HolmHz\data\raw_v2\diffusion_fakes\DALL-E\DALL-E_0549.jpg,1,dalle_fake,id,0.565232
R:\_Projects\Eurus_Workspace\HolmHz\data\raw_v2\deepdetect2025\ddata\train\fake\fake_021778.jpg,1,dd2025_fake,id,0.119716
R:\_Projects\Eurus_Workspace\HolmHz\data\raw_v2\rvf10k\rvf10k\valid\fake\R85PQUP7NC.jpg,1,rvf10k_valid_fake,id,0.700384
R:\_Projects\Eurus_Workspace\HolmHz\data\raw_v2\rvf10k\rvf10k\train\fake\QK54NQVEKR.jpg,1,rvf10k_train_fake,id,0.068131
R:\_Projects\Eurus_Workspace\HolmHz\data\raw_v2\diffusion_fakes\Stable Diffusion\Stable_Diffusion_802.jpg,1,sd_fake,id,0.712181
R:\_Projects\Eurus_Workspace\HolmHz\data\raw_v2\diffusion_fakes\Real\REAL_0670.jpg,0,deepfake_collection_real,id,0.378353
R:\_Projects\Eurus_Workspace\HolmHz\data\raw_v2\deepdetect2025\ddata\train\real\30342.jpg,0,dd2025_real,id,0.825844
R:\_Projects\Eurus_Workspace\HolmHz\data\raw_v2\deepdetect2025\ddata\train\real\57510.jpg,0,dd2025_real,id,0.043273
R:\_Projects\Eurus_Workspace\HolmHz\data\raw_v2\diffusion_fakes\Real\REAL_4143.jpg,0,deepfake_collection_real,id,0.197671
R:\_Projects\Eurus_Workspace\HolmHz\data\raw_v2\deepdetect2025\ddata\train\fake\fake_021180.jpg,1,dd2025_fake,id,0.000272
R:\_Projects\Eurus_Workspace\HolmHz\data\raw_v2\diffusion_fakes\Real\REAL_4420.jpg,0,deepfake_collection_real,id,0.001867
R:\_Projects\Eurus_Workspace\HolmHz\data\raw_v2\ciplab_faces\real_and_fake_face\training_fake\easy_36_1111.jpg,1,ciplab_training_fake,id,0.028369
R:\_Projects\Eurus_Workspace\HolmHz\data\raw_v2\ciplab_faces\real_and_fake_face_detection\real_and_fake_face\training_real\real_00338.jpg,0,ciplab_training_real,id,0.973484
R:\_Projects\Eurus_Workspace\HolmHz\data\raw_v2\diffusion_fakes\Real\REAL_2704.jpg,0,deepfake_collection_real,id,0.052486
R:\_Projects\Eurus_Workspace\HolmHz\data\raw_v2\ciplab_faces\real_and_fake_face\training_fake\mid_145_1111.jpg,1,ciplab_training_fake,id,0.862850
R:\_Projects\Eurus_Workspace\HolmHz\data\raw_v2\deepdetect2025\ddata\train\fake\fake_029625.jpg,1,dd2025_fake,id,0.531159
R:\_Projects\Eurus_Workspace\HolmHz\data\raw_v2\diffusion_fakes\Stable Diffusion\Stable_Diffusion_1891.jpg,1,sd_fake,id,0.557728
R:\_Projects\Eurus_Workspace\HolmHz\data\raw_v2\rvf10k\rvf10k\train\real\65270.jpg,0,rvf10k_train_real,id,0.014531
R:\_Projects\Eurus_Workspace\HolmHz\data\raw_v2\diffusion_fakes\Real\REAL_4529.jpg,0,deepfake_collection_real,id,0.972309
R:\_Projects\Eurus_Workspace\HolmHz\data\raw_v2\diffusion_fakes\Midjourney\Midjourney_0517.png,1,midjourney_fake,id,0.351648
R:\_Projects\Eurus_Workspace\HolmHz\data\raw_v2\rvf10k\rvf10k\train\fake\RF3UFWW6XT.jpg,1,rvf10k_train_fake,id,0.985380
R:\_Projects\Eurus_Workspace\HolmHz\data\raw_v2\deepdetect2025\ddata\train\fake\fake_013083.jpg,1,dd2025_fake,id,0.296998
R:\_Projects\Eurus_Workspace\HolmHz\data\raw_v2\ciplab_faces\real_and_fake_face\training_fake\hard_138_1101.jpg,1,ciplab_training_fake,id,0.177540
R:\_Projects\Eurus_Workspace\HolmHz\data\raw_v2\rvf10k\rvf10k\train\real\46837.jpg,0,rvf10k_train_real,id,0.826394
R:\_Projects\Eurus_Workspace\HolmHz\data\raw_v2\diffusion_fakes\Real\REAL_2573.jpg,0,deepfake_collection_real,id,0.938617
R:\_Projects\Eurus_Workspace\HolmHz\data\raw_v2\diffusion_fakes\Real\REAL_2608.jpg,0,deepfake_collection_real,id,0.988044
R:\_Projects\Eurus_Workspace\HolmHz\data\raw_v2\diffusion_fakes\Midjourney\Midjourney_0222.png,1,midjourney_fake,id,0.752535
R:\_Projects\Eurus_Workspace\HolmHz\data\raw_v2\ciplab_faces\real_and_fake_face_detection\real_and_fake_face\training_fake\mid_152_1100.jpg,1,ciplab_training_fake,id,0.089919
R:\_Projects\Eurus_Workspace\HolmHz\data\raw_v2\diffusion_fakes\Stable Diffusion\Stable_Diffusion_843.jpg,1,sd_fake,id,0.340132
R:\_Projects\Eurus_Workspace\HolmHz\data\raw_v2\rvf10k\rvf10k\valid\fake\QN1M9OZWQ1.jpg,1,rvf10k_valid_fake,id,0.087629
R:\_Projects\Eurus_Workspace\HolmHz\data\raw_v2\diffusion_fakes\Real\REAL_1289.jpg,0,deepfake_collection_real,id,0.659694
R:\_Projects\Eurus_Workspace\HolmHz\data\raw_v2\deepdetect2025\ddata\train\fake\fake_036420.jpg,1,dd2025_fake,id,0.156123
R:\_Projects\Eurus_Workspace\HolmHz\data\raw_v2\deepdetect2025\ddata\train\real\15161.jpg,0,dd2025_real,id,0.940288
R:\_Projects\Eurus_Workspace\HolmHz\data\raw_v2\diffusion_fakes\Real\REAL_4591.jpg,0,deepfake_collection_real,id,0.092065
R:\_Projects\Eurus_Workspace\HolmHz\data\raw_v2\deepdetect2025\ddata\train\fake\fake_014992.jpg,1,dd2025_fake,id,0.347723
R:\_Projects\Eurus_Workspace\HolmHz\data\raw_v2\deepdetect2025\ddata\train\real\64400.jpg,0,dd2025_real,id,0.839870
R:\_Projects\Eurus_Workspace\HolmHz\data\raw_v2\diffusion_fakes\Real\REAL_2816.jpg,0,deepfake_collection_real,id,0.508307
R:\_Projects\Eurus_Workspace\HolmHz\data\raw_v2\ciplab_faces\real_and_fake_face\training_real\real_00925.jpg,0,ciplab_training_real,id,0.212415
R:\_Projects\Eurus_Workspace\HolmHz\data\raw_v2\diffusion_fakes\Real\REAL_1598.jpg,0,deepfake_collection_real,id,0.570176
R:\_Projects\Eurus_Workspace\HolmHz\data\raw_v2\deepdetect2025\ddata\train\real\67683.jpg,0,dd2025_real,id,0.631886
R:\_Projects\Eurus_Workspace\HolmHz\data\raw_v2\deepdetect2025\ddata\train\fake\fake_020395.jpg,1,dd2025_fake,id,0.787509
R:\_Projects\Eurus_Workspace\HolmHz\data\raw_v2\deepdetect2025\ddata\train\fake\fake_009631.jpg,1,dd2025_fake,id,0.022499
R:\_Projects\Eurus_Workspace\HolmHz\data\raw_v2\rvf10k\rvf10k\train\real\40398.jpg,0,rvf10k_train_real,id,0.467756
R:\_Projects\Eurus_Workspace\HolmHz\data\raw_v2\rvf10k\rvf10k\valid\fake\FZJ01NRMSM.jpg,1,rvf10k_valid_fake,id,0.412140
R:\_Projects\Eurus_Workspace\HolmHz\data\raw_v2\rvf10k\rvf10k\valid\fake\RM25ADI2GE.jpg,1,rvf10k_valid_fake,id,0.238259
R:\_Projects\Eurus_Workspace\HolmHz\data\raw_v2\diffusion_fakes\Stable Diffusion\Stable_Diffusion_1378.jpg,1,sd_fake,id,0.778177
R:\_Projects\Eurus_Workspace\HolmHz\data\raw_v2\rvf10k\rvf10k\train\fake\RRS9HWV3XX.jpg,1,rvf10k_train_fake,id,0.667551
R:\_Projects\Eurus_Workspace\HolmHz\data\raw_v2\deepdetect2025\ddata\train\fake\fake_018911.jpg,1,dd2025_fake,id,0.032427
R:\_Projects\Eurus_Workspace\HolmHz\data\raw_v2\deepdetect2025\ddata\train\fake\fake_031470.jpg,1,dd2025_fake,id,0.017401
R:\_Projects\Eurus_Workspace\HolmHz\data\raw_v2\rvf10k\rvf10k\train\real\08874.jpg,0,rvf10k_train_real,id,0.918048
R:\_Projects\Eurus_Workspace\HolmHz\data\raw_v2\rvf10k\rvf10k\valid\real\59552.jpg,0,rvf10k_valid_real,id,0.386375
R:\_Projects\Eurus_Workspace\HolmHz\data\raw_v2\camera_vs_ai\ai vs real photos\Camera_images\Image_20.jpg,0,camera_train_real,id,0.176799
R:\_Projects\Eurus_Workspace\HolmHz\data\raw_v2\rvf10k\rvf10k\train\fake\841A35ZPNM.jpg,1,rvf10k_train_fake,id,0.981448
R:\_Projects\Eurus_Workspace\HolmHz\data\raw_v2\diffusion_fakes\DALL-E\DALL-E_1742.jpg,1,dalle_fake,id,0.818378
R:\_Projects\Eurus_Workspace\HolmHz\data\raw_v2\rvf10k\rvf10k\train\real\60315.jpg,0,rvf10k_train_real,id,0.980277
R:\_Projects\Eurus_Workspace\HolmHz\data\raw_v2\rvf10k\rvf10k\valid\fake\TSFS7F6Z0D.jpg,1,rvf10k_valid_fake,id,0.996479
R:\_Projects\Eurus_Workspace\HolmHz\data\raw_v2\diffusion_fakes\Real\REAL_0925.jpg,0,deepfake_collection_real,id,0.625997
R:\_Projects\Eurus_Workspace\HolmHz\data\raw_v2\rvf10k\rvf10k\train\real\68361.jpg,0,rvf10k_train_real,id,0.550903
R:\_Projects\Eurus_Workspace\HolmHz\data\raw_v2\deepdetect2025\ddata\train\real\14753.jpg,0,dd2025_real,id,0.525304
R:\_Projects\Eurus_Workspace\HolmHz\data\raw_v2\diffusion_fakes\Stable Diffusion\Stable_Diffusion_1603.jpg,1,sd_fake,id,0.984612
R:\_Projects\Eurus_Workspace\HolmHz\data\raw_v2\ciplab_faces\real_and_fake_face_detection\real_and_fake_face\training_real\real_00999.jpg,0,ciplab_training_real,id,0.115652
R:\_Projects\Eurus_Workspace\HolmHz\data\raw_v2\ciplab_faces\real_and_fake_face\training_real\real_00829.jpg,0,ciplab_training_real,id,0.982210
R:\_Projects\Eurus_Workspace\HolmHz\data\raw_v2\deepdetect2025\ddata\train\real\06851.jpg,0,dd2025_real,id,0.013468
R:\_Projects\Eurus_Workspace\HolmHz\data\raw_v2\diffusion_fakes\Real\REAL_0985.jpg,0,deepfake_collection_real,id,0.185546
R:\_Projects\Eurus_Workspace\HolmHz\data\raw_v2\diffusion_fakes\Real\REAL_5188.jpg,0,deepfake_collection_real,id,0.478506
R:\_Projects\Eurus_Workspace\HolmHz\data\raw_v2\deepdetect2025\ddata\train\fake\fake_014984.jpg,1,dd2025_fake,id,0.698542
R:\_Projects\Eurus_Workspace\HolmHz\data\raw_v2\rvf10k\rvf10k\train\real\01980.jpg,0,rvf10k_train_real,id,0.036882
R:\_Projects\Eurus_Workspace\HolmHz\data\raw_v2\diffusion_fakes\Stable Diffusion\Stable_Diffusion_1923.jpg,1,sd_fake,id,0.428097
R:\_Projects\Eurus_Workspace\HolmHz\data\raw_v2\ciplab_faces\real_and_fake_face\training_real\real_00621.jpg,0,ciplab_training_real,id,0.575040
R:\_Projects\Eurus_Workspace\HolmHz\data\raw_v2\rvf10k\rvf10k\valid\fake\QGGY5WDDAC.jpg,1,rvf10k_valid_fake,id,0.512302
R:\_Projects\Eurus_Workspace\HolmHz\data\raw_v2\rvf10k\rvf10k\train\real\14846.jpg,0,rvf10k_train_real,id,0.888434
R:\_Projects\Eurus_Workspace\HolmHz\data\raw_v2\deepdetect2025\ddata\train\real\16642.jpg,0,dd2025_real,id,0.100116
R:\_Projects\Eurus_Workspace\HolmHz\data\raw_v2\diffusion_fakes\Real\REAL_5361.jpg,0,deepfake_collection_real,id,0.737511
R:\_Projects\Eurus_Workspace\HolmHz\data\raw_v2\deepdetect2025\ddata\train\fake\fake_016445.jpg,1,dd2025_fake,id,0.068331
R:\_Projects\Eurus_Workspace\HolmHz\data\raw_v2\diffusion_fakes\DALL-E\DALL-E_0873.jpg,1,dalle_fake,id,0.446681
R:\_Projects\Eurus_Workspace\HolmHz\data\raw_v2\diffusion_fakes\Real\REAL_4769.jpg,0,deepfake_collection_real,id,0.911950
R:\_Projects\Eurus_Workspace\HolmHz\data\raw_v2\rvf10k\rvf10k\train\fake\GI2CW5I9B2.jpg,1,rvf10k_train_fake,id,0.003811
R:\_Projects\Eurus_Workspace\HolmHz\data\raw_v2\diffusion_fakes\DALL-E\DALL-E_1431.jpg,1,dalle_fake,id,0.421997
R:\_Projects\Eurus_Workspace\HolmHz\data\raw_v2\ciplab_faces\real_and_fake_face\training_real\real_00582.jpg,0,ciplab_training_real,id,0.932687
R:\_Projects\Eurus_Workspace\HolmHz\data\raw_v2\rvf10k\rvf10k\train\real\62072.jpg,0,rvf10k_train_real,id,0.034100
R:\_Projects\Eurus_Workspace\HolmHz\data\raw_v2\deepdetect2025\ddata\train\fake\fake_023157.jpg,1,dd2025_fake,id,0.077764
R:\_Projects\Eurus_Workspace\HolmHz\data\raw_v2\diffusion_fakes\DALL-E\DALL-E_0458.jpg,1,dalle_fake,id,0.500431
R:\_Projects\Eurus_Workspace\HolmHz\data\raw_v2\deepdetect2025\ddata\train\real\24114.jpg,0,dd2025_real,id,0.983043
R:\_Projects\Eurus_Workspace\HolmHz\data\raw_v2\rvf10k\rvf10k\train\fake\FKA988HP0T.jpg,1,rvf10k_train_fake,id,0.849242
R:\_Projects\Eurus_Workspace\HolmHz\data\raw_v2\rvf10k\rvf10k\train\fake\P5E2YTVWYR.jpg,1,rvf10k_train_fake,id,0.896131
R:\_Projects\Eurus_Workspace\HolmHz\data\raw_v2\deepdetect2025\ddata\train\real\19961.jpg,0,dd2025_real,id,0.748568
R:\_Projects\Eurus_Workspace\HolmHz\data\raw_v2\rvf10k\rvf10k\train\fake\RNU858CTJ2.jpg,1,rvf10k_train_fake,id,0.857770
R:\_Projects\Eurus_Workspace\HolmHz\data\raw_v2\diffusion_fakes\Real\REAL_2968.jpg,0,deepfake_collection_real,id,0.405674
R:\_Projects\Eurus_Workspace\HolmHz\data\raw_v2\deepdetect2025\ddata\train\fake\fake_034338.jpg,1,dd2025_fake,id,0.548336
R:\_Projects\Eurus_Workspace\HolmHz\data\raw_v2\rvf10k\rvf10k\train\real\55224.jpg,0,rvf10k_train_real,id,0.120908
R:\_Projects\Eurus_Workspace\HolmHz\data\raw_v2\ciplab_faces\real_and_fake_face_detection\real_and_fake_face\training_real\real_00380.jpg,0,ciplab_training_real,id,0.391154
R:\_Projects\Eurus_Workspace\HolmHz\data\raw_v2\diffusion_fakes\Real\REAL_2682.jpg,0,deepfake_collection_real,id,0.413039
R:\_Projects\Eurus_Workspace\HolmHz\data\raw_v2\diffusion_fakes\DALL-E\DALL-E_0711.jpg,1,dalle_fake,id,0.387123
R:\_Projects\Eurus_Workspace\HolmHz\data\raw_v2\rvf10k\rvf10k\valid\real\36471.jpg,0,rvf10k_valid_real,id,0.271132
R:\_Projects\Eurus_Workspace\HolmHz\data\raw_v2\diffusion_fakes\Real\REAL_3783.jpg,0,deepfake_collection_real,id,0.926204
R:\_Projects\Eurus_Workspace\HolmHz\data\raw_v2\rvf10k\rvf10k\valid\real\16861.jpg,0,rvf10k_valid_real,id,0.443256
R:\_Projects\Eurus_Workspace\HolmHz\data\raw_v2\deepdetect2025\ddata\train\real\45795.jpg,0,dd2025_real,id,0.731386
R:\_Projects\Eurus_Workspace\HolmHz\data\raw_v2\diffusion_fakes\Stable Diffusion\Stable_Diffusion_13.jpg,1,sd_fake,id,0.141117
R:\_Projects\Eurus_Workspace\HolmHz\data\raw_v2\deepdetect2025\ddata\train\real\58552.jpg,0,dd2025_real,id,0.157699
R:\_Projects\Eurus_Workspace\HolmHz\data\raw_v2\deepdetect2025\ddata\train\fake\fake_027733.jpg,1,dd2025_fake,id,0.007618
R:\_Projects\Eurus_Workspace\HolmHz\data\raw_v2\diffusion_fakes\Real\REAL_0340.jpg,0,deepfake_collection_real,id,0.710192
R:\_Projects\Eurus_Workspace\HolmHz\data\raw_v2\diffusion_fakes\DALL-E\DALL-E_1855.jpg,1,dalle_fake,id,0.993150
R:\_Projects\Eurus_Workspace\HolmHz\data\raw_v2\deepdetect2025\ddata\train\fake\fake_017922.jpg,1,dd2025_fake,id,0.409148
R:\_Projects\Eurus_Workspace\HolmHz\data\raw_v2\diffusion_fakes\Real\REAL_3732.jpg,0,deepfake_collection_real,id,0.686881
R:\_Projects\Eurus_Workspace\HolmHz\data\raw_v2\diffusion_fakes\Real\REAL_2716.jpg,0,deepfake_collection_real,id,0.884314
R:\_Projects\Eurus_Workspace\HolmHz\data\raw_v2\deepdetect2025\ddata\train\fake\fake_039088.jpg,1,dd2025_fake,id,0.071678
R:\_Projects\Eurus_Workspace\HolmHz\data\raw_v2\rvf10k\rvf10k\valid\fake\1IB5RNN6VN.jpg,1,rvf10k_valid_fake,id,0.009964
R:\_Projects\Eurus_Workspace\HolmHz\data\raw_v2\rvf10k\rvf10k\valid\fake\0KYFZGOY26.jpg,1,rvf10k_valid_fake,id,0.082868
R:\_Projects\Eurus_Workspace\HolmHz\data\raw_v2\diffusion_fakes\Midjourney\Midjourney_0480.png,1,midjourney_fake,id,0.228493
R:\_Projects\Eurus_Workspace\HolmHz\data\raw_v2\ciplab_faces\real_and_fake_face\training_real\real_00789.jpg,0,ciplab_training_real,id,0.808984
R:\_Projects\Eurus_Workspace\HolmHz\data\raw_v2\rvf10k\rvf10k\train\real\58364.jpg,0,rvf10k_train_real,id,0.002590
R:\_Projects\Eurus_Workspace\HolmHz\data\raw_v2\diffusion_fakes\Stable Diffusion\Stable_Diffusion_1867.jpg,1,sd_fake,id,0.922942
R:\_Projects\Eurus_Workspace\HolmHz\data\raw_v2\diffusion_fakes\Midjourney\Midjourney_0051.png,1,midjourney_fake,id,0.205144
R:\_Projects\Eurus_Workspace\HolmHz\data\raw_v2\deepdetect2025\ddata\train\real\30771.jpg,0,dd2025_real,id,0.004532
R:\_Projects\Eurus_Workspace\HolmHz\data\raw_v2\rvf10k\rvf10k\train\fake\1QZHKEJKTM.jpg,1,rvf10k_train_fake,id,0.039226
R:\_Projects\Eurus_Workspace\HolmHz\data\raw_v2\rvf10k\rvf10k\train\fake\NI1T2UHGYP.jpg,1,rvf10k_train_fake,id,0.014557
R:\_Projects\Eurus_Workspace\HolmHz\data\raw_v2\diffusion_fakes\Real\REAL_0621.jpg,0,deepfake_collection_real,id,0.494473
R:\_Projects\Eurus_Workspace\HolmHz\data\raw_v2\ciplab_faces\real_and_fake_face_detection\real_and_fake_face\training_real\real_00774.jpg,0,ciplab_training_real,id,0.997125
R:\_Projects\Eurus_Workspace\HolmHz\data\raw_v2\diffusion_fakes\DALL-E\DALL-E_0689.jpg,1,dalle_fake,id,0.391503
R:\_Projects\Eurus_Workspace\HolmHz\data\raw_v2\deepdetect2025\ddata\train\fake\fake_007708.jpg,1,dd2025_fake,id,0.034509
R:\_Projects\Eurus_Workspace\HolmHz\data\raw_v2\diffusion_fakes\Midjourney\Midjourney_0272.png,1,midjourney_fake,id,0.191850
R:\_Projects\Eurus_Workspace\HolmHz\data\raw_v2\deepdetect2025\ddata\train\fake\fake_016162.jpg,1,dd2025_fake,id,0.952711
R:\_Projects\Eurus_Workspace\HolmHz\data\raw_v2\diffusion_fakes\DALL-E\DALL-E_1713.jpg,1,dalle_fake,id,0.926342
R:\_Projects\Eurus_Workspace\HolmHz\data\raw_v2\rvf10k\rvf10k\valid\real\23146.jpg,0,rvf10k_valid_real,id,0.065554
R:\_Projects\Eurus_Workspace\HolmHz\data\raw_v2\rvf10k\rvf10k\valid\fake\TVV5CQNT77.jpg,1,rvf10k_valid_fake,id,0.968692
R:\_Projects\Eurus_Workspace\HolmHz\data\raw_v2\rvf10k\rvf10k\train\real\53992.jpg,0,rvf10k_train_real,id,0.514102
R:\_Projects\Eurus_Workspace\HolmHz\data\raw_v2\deepdetect2025\ddata\train\fake\fake_019500.jpg,1,dd2025_fake,id,0.875955
R:\_Projects\Eurus_Workspace\HolmHz\data\raw_v2\diffusion_fakes\Stable Diffusion\Stable_Diffusion_1757.jpg,1,sd_fake,id,0.060787
R:\_Projects\Eurus_Workspace\HolmHz\data\raw_v2\deepdetect2025\ddata\train\fake\fake_037704.jpg,1,dd2025_fake,id,0.909726
R:\_Projects\Eurus_Workspace\HolmHz\data\raw_v2\diffusion_fakes\DALL-E\DALL-E_0191.jpg,1,dalle_fake,id,0.295824
R:\_Projects\Eurus_Workspace\HolmHz\data\raw_v2\diffusion_fakes\DALL-E\DALL-E_1743.jpg,1,dalle_fake,id,0.353492
R:\_Projects\Eurus_Workspace\HolmHz\data\raw_v2\rvf10k\rvf10k\train\fake\8FJ358LZ26.jpg,1,rvf10k_train_fake,id,0.882357
R:\_Projects\Eurus_Workspace\HolmHz\data\raw_v2\deepdetect2025\ddata\train\fake\fake_012546.jpg,1,dd2025_fake,id,0.597663
R:\_Projects\Eurus_Workspace\HolmHz\data\raw_v2\rvf10k\rvf10k\train\fake\XY0Q2MYQUG.jpg,1,rvf10k_train_fake,id,0.849065
R:\_Projects\Eurus_Workspace\HolmHz\data\raw_v2\rvf10k\rvf10k\train\real\21999.jpg,0,rvf10k_train_real,id,0.936668
R:\_Projects\Eurus_Workspace\HolmHz\data\raw_v2\deepdetect2025\ddata\train\fake\fake_009253.jpg,1,dd2025_fake,id,0.122977
R:\_Projects\Eurus_Workspace\HolmHz\data\raw_v2\rvf10k\rvf10k\train\real\06023.jpg,0,rvf10k_train_real,id,0.031605
R:\_Projects\Eurus_Workspace\HolmHz\data\raw_v2\ciplab_faces\real_and_fake_face_detection\real_and_fake_face\training_fake\easy_196_0010.jpg,1,ciplab_training_fake,id,0.426280
R:\_Projects\Eurus_Workspace\HolmHz\data\raw_v2\deepdetect2025\ddata\train\real\13962.jpg,0,dd2025_real,id,0.332545
R:\_Projects\Eurus_Workspace\HolmHz\data\raw_v2\diffusion_fakes\DALL-E\DALL-E_0866.jpg,1,dalle_fake,id,0.743159
R:\_Projects\Eurus_Workspace\HolmHz\data\raw_v2\rvf10k\rvf10k\train\real\58221.jpg,0,rvf10k_train_real,id,0.400099
R:\_Projects\Eurus_Workspace\HolmHz\data\raw_v2\deepdetect2025\ddata\train\fake\fake_029637.jpg,1,dd2025_fake,id,0.896078
R:\_Projects\Eurus_Workspace\HolmHz\data\raw_v2\deepdetect2025\ddata\train\fake\fake_022861.jpg,1,dd2025_fake,id,0.558458
R:\_Projects\Eurus_Workspace\HolmHz\data\raw_v2\deepdetect2025\ddata\train\fake\fake_014067.jpg,1,dd2025_fake,id,0.046591
R:\_Projects\Eurus_Workspace\HolmHz\data\raw_v2\diffusion_fakes\DALL-E\DALL-E_1020.jpg,1,dalle_fake,id,0.937894
R:\_Projects\Eurus_Workspace\HolmHz\data\raw_v2\diffusion_fakes\Real\REAL_0014.jpg,0,deepfake_collection_real,id,0.994340
R:\_Projects\Eurus_Workspace\HolmHz\data\raw_v2\rvf10k\rvf10k\train\fake\E17ZB7RQNZ.jpg,1,rvf10k_train_fake,id,0.116515
R:\_Projects\Eurus_Workspace\HolmHz\data\raw_v2\diffusion_fakes\Real\REAL_2103.jpg,0,deepfake_collection_real,id,0.475124
R:\_Projects\Eurus_Workspace\HolmHz\data\raw_v2\rvf10k\rvf10k\train\real\64224.jpg,0,rvf10k_train_real,id,0.283731
R:\_Projects\Eurus_Workspace\HolmHz\data\raw_v2\rvf10k\rvf10k\train\fake\MX65UH9DRA.jpg,1,rvf10k_train_fake,id,0.304763
R:\_Projects\Eurus_Workspace\HolmHz\data\raw_v2\ciplab_faces\real_and_fake_face_detection\real_and_fake_face\training_real\real_00247.jpg,0,ciplab_training_real,id,0.682366
R:\_Projects\Eurus_Workspace\HolmHz\data\raw_v2\ciplab_faces\real_and_fake_face\training_real\real_00241.jpg,0,ciplab_training_real,id,0.202771
R:\_Projects\Eurus_Workspace\HolmHz\data\raw_v2\rvf10k\rvf10k\train\real\37629.jpg,0,rvf10k_train_real,id,0.008977
R:\_Projects\Eurus_Workspace\HolmHz\data\raw_v2\deepdetect2025\ddata\train\real\62955.jpg,0,dd2025_real,id,0.723269
R:\_Projects\Eurus_Workspace\HolmHz\data\raw_v2\rvf10k\rvf10k\valid\fake\B1XYWSPYGQ.jpg,1,rvf10k_valid_fake,id,0.379146
R:\_Projects\Eurus_Workspace\HolmHz\data\raw_v2\diffusion_fakes\Midjourney\Midjourney_0718.png,1,midjourney_fake,id,0.064429
R:\_Projects\Eurus_Workspace\HolmHz\data\raw_v2\rvf10k\rvf10k\train\real\07183.jpg,0,rvf10k_train_real,id,0.999670
R:\_Projects\Eurus_Workspace\HolmHz\data\raw_v2\deepdetect2025\ddata\train\fake\fake_035971.jpg,1,dd2025_fake,id,0.826411
R:\_Projects\Eurus_Workspace\HolmHz\data\raw_v2\deepdetect2025\ddata\train\real\16650.jpg,0,dd2025_real,id,0.027600
R:\_Projects\Eurus_Workspace\HolmHz\data\raw_v2\deepdetect2025\ddata\train\real\60365.jpg,0,dd2025_real,id,0.816684
R:\_Projects\Eurus_Workspace\HolmHz\data\raw_v2\rvf10k\rvf10k\valid\real\47847.jpg,0,rvf10k_valid_real,id,0.020096
R:\_Projects\Eurus_Workspace\HolmHz\data\raw_v2\ciplab_faces\real_and_fake_face_detection\real_and_fake_face\training_real\real_00238.jpg,0,ciplab_training_real,id,0.715492
R:\_Projects\Eurus_Workspace\HolmHz\data\raw_v2\deepdetect2025\ddata\train\fake\fake_022632.jpg,1,dd2025_fake,id,0.008808
R:\_Projects\Eurus_Workspace\HolmHz\data\raw_v2\diffusion_fakes\Real\REAL_2218.jpg,0,deepfake_collection_real,id,0.726065
R:\_Projects\Eurus_Workspace\HolmHz\data\raw_v2\rvf10k\rvf10k\train\real\32123.jpg,0,rvf10k_train_real,id,0.992596
R:\_Projects\Eurus_Workspace\HolmHz\data\raw_v2\rvf10k\rvf10k\train\fake\0ZBCM6JP9R.jpg,1,rvf10k_train_fake,id,0.004563
R:\_Projects\Eurus_Workspace\HolmHz\data\raw_v2\rvf10k\rvf10k\train\real\00966.jpg,0,rvf10k_train_real,id,0.098298
R:\_Projects\Eurus_Workspace\HolmHz\data\raw_v2\rvf10k\rvf10k\valid\fake\5V0K7JVHQC.jpg,1,rvf10k_valid_fake,id,0.065029
R:\_Projects\Eurus_Workspace\HolmHz\data\raw_v2\ciplab_faces\real_and_fake_face_detection\real_and_fake_face\training_fake\mid_465_1111.jpg,1,ciplab_training_fake,id,0.005250
R:\_Projects\Eurus_Workspace\HolmHz\data\raw_v2\rvf10k\rvf10k\train\real\23643.jpg,0,rvf10k_train_real,id,0.856872
R:\_Projects\Eurus_Workspace\HolmHz\data\raw_v2\diffusion_fakes\Real\REAL_0502.jpg,0,deepfake_collection_real,id,0.901109
R:\_Projects\Eurus_Workspace\HolmHz\data\raw_v2\diffusion_fakes\Midjourney\Midjourney_0890.png,1,midjourney_fake,id,0.029969
R:\_Projects\Eurus_Workspace\HolmHz\data\raw_v2\deepdetect2025\ddata\train\real\37388.jpg,0,dd2025_real,id,0.449599
R:\_Projects\Eurus_Workspace\HolmHz\data\raw_v2\ciplab_faces\real_and_fake_face_detection\real_and_fake_face\training_fake\easy_12_1110.jpg,1,ciplab_training_fake,id,0.142592
R:\_Projects\Eurus_Workspace\HolmHz\data\raw_v2\diffusion_fakes\Real\REAL_4647.jpg,0,deepfake_collection_real,id,0.143989
R:\_Projects\Eurus_Workspace\HolmHz\data\raw_v2\deepdetect2025\ddata\train\fake\fake_010402.jpg,1,dd2025_fake,id,0.003074
R:\_Projects\Eurus_Workspace\HolmHz\data\raw_v2\rvf10k\rvf10k\train\fake\WQV4PYKC84.jpg,1,rvf10k_train_fake,id,0.998978
R:\_Projects\Eurus_Workspace\HolmHz\data\raw_v2\deepdetect2025\ddata\train\fake\fake_032023.jpg,1,dd2025_fake,id,0.001130
R:\_Projects\Eurus_Workspace\HolmHz\data\raw_v2\rvf10k\rvf10k\valid\real\49401.jpg,0,rvf10k_valid_real,id,0.012684
R:\_Projects\Eurus_Workspace\HolmHz\data\raw_v2\rvf10k\rvf10k\train\fake\WIA5J2W9O0.jpg,1,rvf10k_train_fake,id,0.102530
R:\_Projects\Eurus_Workspace\HolmHz\data\raw_v2\rvf10k\rvf10k\train\real\32977.jpg,0,rvf10k_train_real,id,0.997371
R:\_Projects\Eurus_Workspace\HolmHz\data\raw_v2\diffusion_fakes\Real\REAL_1600.jpg,0,deepfake_collection_real,id,0.320705
R:\_Projects\Eurus_Workspace\HolmHz\data\raw_v2\deepdetect2025\ddata\train\real\46998.jpg,0,dd2025_real,id,0.034262
R:\_Projects\Eurus_Workspace\HolmHz\data\raw_v2\diffusion_fakes\Real\REAL_2507.jpg,0,deepfake_collection_real,id,0.690623
R:\_Projects\Eurus_Workspace\HolmHz\data\raw_v2\rvf10k\rvf10k\train\fake\9MGSOW9WQ8.jpg,1,rvf10k_train_fake,id,0.840087
R:\_Projects\Eurus_Workspace\HolmHz\data\raw_v2\diffusion_fakes\Real\REAL_5586.jpg,0,deepfake_collection_real,id,0.884172
R:\_Projects\Eurus_Workspace\HolmHz\data\raw_v2\diffusion_fakes\DALL-E\DALL-E_0275.jpg,1,dalle_fake,id,0.050853
R:\_Projects\Eurus_Workspace\HolmHz\data\raw_v2\rvf10k\rvf10k\train\fake\1XXNM7F534.jpg,1,rvf10k_train_fake,id,0.974267
R:\_Projects\Eurus_Workspace\HolmHz\data\raw_v2\diffusion_fakes\Real\REAL_4210.jpg,0,deepfake_collection_real,id,0.699596
R:\_Projects\Eurus_Workspace\HolmHz\data\raw_v2\rvf10k\rvf10k\valid\fake\6N0CO5I9MH.jpg,1,rvf10k_valid_fake,id,0.203228
R:\_Projects\Eurus_Workspace\HolmHz\data\raw_v2\rvf10k\rvf10k\train\fake\OKA1H1V3YP.jpg,1,rvf10k_train_fake,id,0.027393
R:\_Projects\Eurus_Workspace\HolmHz\data\raw_v2\deepdetect2025\ddata\train\fake\fake_008881.jpg,1,dd2025_fake,id,0.101272
R:\_Projects\Eurus_Workspace\HolmHz\data\raw_v2\diffusion_fakes\DALL-E\DALL-E_0326.jpg,1,dalle_fake,id,0.187364
R:\_Projects\Eurus_Workspace\HolmHz\data\raw_v2\rvf10k\rvf10k\train\fake\GRL526ZSYI.jpg,1,rvf10k_train_fake,id,0.039426
R:\_Projects\Eurus_Workspace\HolmHz\data\raw_v2\ciplab_faces\real_and_fake_face\training_real\real_00892.jpg,0,ciplab_training_real,id,0.664886
R:\_Projects\Eurus_Workspace\HolmHz\data\raw_v2\diffusion_fakes\DALL-E\DALL-E_1550.jpg,1,dalle_fake,id,0.553102
R:\_Projects\Eurus_Workspace\HolmHz\data\raw_v2\diffusion_fakes\Real\REAL_4416.jpg,0,deepfake_collection_real,id,0.893716
R:\_Projects\Eurus_Workspace\HolmHz\data\raw_v2\rvf10k\rvf10k\valid\real\21279.jpg,0,rvf10k_valid_real,id,0.937126
R:\_Projects\Eurus_Workspace\HolmHz\data\raw_v2\ciplab_faces\real_and_fake_face\training_fake\mid_438_0010.jpg,1,ciplab_training_fake,id,0.179778
R:\_Projects\Eurus_Workspace\HolmHz\data\raw_v2\deepdetect2025\ddata\train\real\33287.jpg,0,dd2025_real,id,0.625574
R:\_Projects\Eurus_Workspace\HolmHz\data\raw_v2\diffusion_fakes\Real\REAL_5407.jpg,0,deepfake_collection_real,id,0.755209
R:\_Projects\Eurus_Workspace\HolmHz\data\raw_v2\ciplab_faces\real_and_fake_face_detection\real_and_fake_face\training_fake\mid_158_1010.jpg,1,ciplab_training_fake,id,0.991493
R:\_Projects\Eurus_Workspace\HolmHz\data\raw_v2\rvf10k\rvf10k\train\real\03240.jpg,0,rvf10k_train_real,id,0.034722
R:\_Projects\Eurus_Workspace\HolmHz\data\raw_v2\camera_vs_ai\ai vs real photos\Camera_images\90.jpg,0,camera_train_real,id,0.111898
R:\_Projects\Eurus_Workspace\HolmHz\data\raw_v2\diffusion_fakes\Real\REAL_4791.jpg,0,deepfake_collection_real,id,0.970354
R:\_Projects\Eurus_Workspace\HolmHz\data\raw_v2\ciplab_faces\real_and_fake_face\training_fake\hard_182_0011.jpg,1,ciplab_training_fake,id,0.879300
R:\_Projects\Eurus_Workspace\HolmHz\data\raw_v2\diffusion_fakes\Real\REAL_5537.jpg,0,deepfake_collection_real,id,0.501031
R:\_Projects\Eurus_Workspace\HolmHz\data\raw_v2\rvf10k\rvf10k\train\real\19419.jpg,0,rvf10k_train_real,id,0.912261
R:\_Projects\Eurus_Workspace\HolmHz\data\raw_v2\rvf10k\rvf10k\valid\fake\FXKG1HJNV0.jpg,1,rvf10k_valid_fake,id,0.929890
R:\_Projects\Eurus_Workspace\HolmHz\data\raw_v2\deepdetect2025\ddata\train\fake\fake_020940.jpg,1,dd2025_fake,id,0.986996
R:\_Projects\Eurus_Workspace\HolmHz\data\raw_v2\diffusion_fakes\Real\REAL_2620.jpg,0,deepfake_collection_real,id,0.994791
R:\_Projects\Eurus_Workspace\HolmHz\data\raw_v2\ciplab_faces\real_and_fake_face_detection\real_and_fake_face\training_fake\easy_64_1111.jpg,1,ciplab_training_fake,id,0.565748
R:\_Projects\Eurus_Workspace\HolmHz\data\raw_v2\rvf10k\rvf10k\valid\real\16968.jpg,0,rvf10k_valid_real,id,0.306265
R:\_Projects\Eurus_Workspace\HolmHz\data\raw_v2\rvf10k\rvf10k\train\fake\4W01JGLBWX.jpg,1,rvf10k_train_fake,id,0.645018
R:\_Projects\Eurus_Workspace\HolmHz\data\raw_v2\ciplab_faces\real_and_fake_face_detection\real_and_fake_face\training_fake\hard_203_0010.jpg,1,ciplab_training_fake,id,0.806093
R:\_Projects\Eurus_Workspace\HolmHz\data\raw_v2\deepdetect2025\ddata\train\real\07366.jpg,0,dd2025_real,id,0.893189
R:\_Projects\Eurus_Workspace\HolmHz\data\raw_v2\rvf10k\rvf10k\train\real\17169.jpg,0,rvf10k_train_real,id,0.210709
R:\_Projects\Eurus_Workspace\HolmHz\data\raw_v2\rvf10k\rvf10k\train\real\11967.jpg,0,rvf10k_train_real,id,0.008865
R:\_Projects\Eurus_Workspace\HolmHz\data\raw_v2\rvf10k\rvf10k\train\fake\3KJ0DUOOVY.jpg,1,rvf10k_train_fake,id,0.957975
R:\_Projects\Eurus_Workspace\HolmHz\data\raw_v2\rvf10k\rvf10k\train\fake\CPBHDJWDS7.jpg,1,rvf10k_train_fake,id,0.659093
R:\_Projects\Eurus_Workspace\HolmHz\data\raw_v2\diffusion_fakes\Real\REAL_3555.jpg,0,deepfake_collection_real,id,0.874280
R:\_Projects\Eurus_Workspace\HolmHz\data\raw_v2\deepdetect2025\ddata\train\fake\fake_023322.jpg,1,dd2025_fake,id,0.010561
R:\_Projects\Eurus_Workspace\HolmHz\data\raw_v2\ciplab_faces\real_and_fake_face\training_real\real_00554.jpg,0,ciplab_training_real,id,0.802874
R:\_Projects\Eurus_Workspace\HolmHz\data\raw_v2\deepdetect2025\ddata\train\fake\fake_035166.jpg,1,dd2025_fake,id,0.404305
R:\_Projects\Eurus_Workspace\HolmHz\data\raw_v2\diffusion_fakes\DALL-E\DALL-E_1269.jpg,1,dalle_fake,id,0.629792
R:\_Projects\Eurus_Workspace\HolmHz\data\raw_v2\diffusion_fakes\Real\REAL_1411.jpg,0,deepfake_collection_real,id,0.275600
R:\_Projects\Eurus_Workspace\HolmHz\data\raw_v2\deepdetect2025\ddata\train\fake\fake_003536.jpg,1,dd2025_fake,id,0.146862
R:\_Projects\Eurus_Workspace\HolmHz\data\raw_v2\ciplab_faces\real_and_fake_face_detection\real_and_fake_face\training_real\real_00929.jpg,0,ciplab_training_real,id,0.285363
R:\_Projects\Eurus_Workspace\HolmHz\data\raw_v2\deepdetect2025\ddata\train\fake\fake_020113.png,1,dd2025_fake,id,0.158945
R:\_Projects\Eurus_Workspace\HolmHz\data\raw_v2\ciplab_faces\real_and_fake_face_detection\real_and_fake_face\training_real\real_00686.jpg,0,ciplab_training_real,id,0.526994
R:\_Projects\Eurus_Workspace\HolmHz\data\raw_v2\diffusion_fakes\DALL-E\DALL-E_0180.jpg,1,dalle_fake,id,0.940546
R:\_Projects\Eurus_Workspace\HolmHz\data\raw_v2\deepdetect2025\ddata\train\real\54249.jpg,0,dd2025_real,id,0.339694
R:\_Projects\Eurus_Workspace\HolmHz\data\raw_v2\rvf10k\rvf10k\train\real\52518.jpg,0,rvf10k_train_real,id,0.030031
R:\_Projects\Eurus_Workspace\HolmHz\data\raw_v2\diffusion_fakes\Real\REAL_5248.jpg,0,deepfake_collection_real,id,0.036514
R:\_Projects\Eurus_Workspace\HolmHz\data\raw_v2\diffusion_fakes\Real\REAL_0924.jpg,0,deepfake_collection_real,id,0.083292
R:\_Projects\Eurus_Workspace\HolmHz\data\raw_v2\rvf10k\rvf10k\train\real\59369.jpg,0,rvf10k_train_real,id,0.258662
R:\_Projects\Eurus_Workspace\HolmHz\data\raw_v2\deepdetect2025\ddata\train\fake\fake_008270.jpg,1,dd2025_fake,id,0.042087
R:\_Projects\Eurus_Workspace\HolmHz\data\raw_v2\diffusion_fakes\Real\REAL_5240.jpg,0,deepfake_collection_real,id,0.539165
R:\_Projects\Eurus_Workspace\HolmHz\data\raw_v2\ciplab_faces\real_and_fake_face_detection\real_and_fake_face\training_fake\mid_220_0011.jpg,1,ciplab_training_fake,id,0.819757
R:\_Projects\Eurus_Workspace\HolmHz\data\raw_v2\deepdetect2025\ddata\train\fake\fake_017579.jpg,1,dd2025_fake,id,0.726192
R:\_Projects\Eurus_Workspace\HolmHz\data\raw_v2\rvf10k\rvf10k\train\fake\MWED1XBF3S.jpg,1,rvf10k_train_fake,id,0.942983
R:\_Projects\Eurus_Workspace\HolmHz\data\raw_v2\rvf10k\rvf10k\train\fake\2MYLBLJTML.jpg,1,rvf10k_train_fake,id,0.334422
R:\_Projects\Eurus_Workspace\HolmHz\data\raw_v2\ciplab_faces\real_and_fake_face\training_real\real_00437.jpg,0,ciplab_training_real,id,0.185940
R:\_Projects\Eurus_Workspace\HolmHz\data\raw_v2\rvf10k\rvf10k\train\real\67260.jpg,0,rvf10k_train_real,id,0.823929
R:\_Projects\Eurus_Workspace\HolmHz\data\raw_v2\diffusion_fakes\Real\REAL_5193.jpg,0,deepfake_collection_real,id,0.956864
R:\_Projects\Eurus_Workspace\HolmHz\data\raw_v2\ciplab_faces\real_and_fake_face_detection\real_and_fake_face\training_fake\mid_463_0100.jpg,1,ciplab_training_fake,id,0.757079
R:\_Projects\Eurus_Workspace\HolmHz\data\raw_v2\diffusion_fakes\Real\REAL_5397.jpg,0,deepfake_collection_real,id,0.887697
R:\_Projects\Eurus_Workspace\HolmHz\data\raw_v2\deepdetect2025\ddata\train\real\37423.jpg,0,dd2025_real,id,0.205738
R:\_Projects\Eurus_Workspace\HolmHz\data\raw_v2\deepdetect2025\ddata\train\fake\fake_002168.jpg,1,dd2025_fake,id,0.117620
R:\_Projects\Eurus_Workspace\HolmHz\data\raw_v2\diffusion_fakes\Real\REAL_3177.jpg,0,deepfake_collection_real,id,0.150708
R:\_Projects\Eurus_Workspace\HolmHz\data\raw_v2\rvf10k\rvf10k\valid\fake\SQ9014B6Q3.jpg,1,rvf10k_valid_fake,id,0.703995
R:\_Projects\Eurus_Workspace\HolmHz\data\raw_v2\rvf10k\rvf10k\train\fake\N8FY3VK6CU.jpg,1,rvf10k_train_fake,id,0.002424
R:\_Projects\Eurus_Workspace\HolmHz\data\raw_v2\deepdetect2025\ddata\train\fake\fake_008118.jpg,1,dd2025_fake,id,0.007530
R:\_Projects\Eurus_Workspace\HolmHz\data\raw_v2\diffusion_fakes\Stable Diffusion\Stable_Diffusion_1319.jpg,1,sd_fake,id,0.689527
R:\_Projects\Eurus_Workspace\HolmHz\data\raw_v2\diffusion_fakes\Stable Diffusion\Stable_Diffusion_1738.jpg,1,sd_fake,id,0.212618
R:\_Projects\Eurus_Workspace\HolmHz\data\raw_v2\diffusion_fakes\Real\REAL_2819.jpg,0,deepfake_collection_real,id,0.565484
R:\_Projects\Eurus_Workspace\HolmHz\data\raw_v2\deepdetect2025\ddata\train\real\29087.jpg,0,dd2025_real,id,0.021099
R:\_Projects\Eurus_Workspace\HolmHz\data\raw_v2\deepdetect2025\ddata\train\real\32124.jpg,0,dd2025_real,id,0.243201
R:\_Projects\Eurus_Workspace\HolmHz\data\raw_v2\ciplab_faces\real_and_fake_face_detection\real_and_fake_face\training_real\real_00627.jpg,0,ciplab_training_real,id,0.779414
R:\_Projects\Eurus_Workspace\HolmHz\data\raw_v2\deepdetect2025\ddata\train\fake\fake_012902.jpg,1,dd2025_fake,id,0.999398
R:\_Projects\Eurus_Workspace\HolmHz\data\raw_v2\rvf10k\rvf10k\train\real\39759.jpg,0,rvf10k_train_real,id,0.029094
R:\_Projects\Eurus_Workspace\HolmHz\data\raw_v2\deepdetect2025\ddata\train\fake\fake_002050.jpg,1,dd2025_fake,id,0.054569
R:\_Projects\Eurus_Workspace\HolmHz\data\raw_v2\ciplab_faces\real_and_fake_face_detection\real_and_fake_face\training_fake\mid_308_1111.jpg,1,ciplab_training_fake,id,0.982094
R:\_Projects\Eurus_Workspace\HolmHz\data\raw_v2\diffusion_fakes\Real\REAL_5061.jpg,0,deepfake_collection_real,id,0.087373
R:\_Projects\Eurus_Workspace\HolmHz\data\raw_v2\deepdetect2025\ddata\train\fake\fake_032492.jpg,1,dd2025_fake,id,0.328344
R:\_Projects\Eurus_Workspace\HolmHz\data\raw_v2\deepdetect2025\ddata\train\fake\fake_024400.jpg,1,dd2025_fake,id,0.614657
R:\_Projects\Eurus_Workspace\HolmHz\data\raw_v2\deepdetect2025\ddata\train\real\26364.jpg,0,dd2025_real,id,0.149982
R:\_Projects\Eurus_Workspace\HolmHz\data\raw_v2\diffusion_fakes\Real\REAL_0433.jpg,0,deepfake_collection_real,id,0.960800
R:\_Projects\Eurus_Workspace\HolmHz\data\raw_v2\diffusion_fakes\Stable Diffusion\Stable_Diffusion_1927.jpg,1,sd_fake,id,0.580951
R:\_Projects\Eurus_Workspace\HolmHz\data\raw_v2\diffusion_fakes\DALL-E\DALL-E_1943.jpg,1,dalle_fake,id,0.224009
R:\_Projects\Eurus_Workspace\HolmHz\data\raw_v2\rvf10k\rvf10k\valid\real\09936.jpg,0,rvf10k_valid_real,id,0.565339
R:\_Projects\Eurus_Workspace\HolmHz\data\raw_v2\deepdetect2025\ddata\train\fake\fake_012515.jpg,1,dd2025_fake,id,0.019061
R:\_Projects\Eurus_Workspace\HolmHz\data\raw_v2\deepdetect2025\ddata\train\fake\fake_025609.jpg,1,dd2025_fake,id,0.068319
R:\_Projects\Eurus_Workspace\HolmHz\data\raw_v2\rvf10k\rvf10k\train\real\64844.jpg,0,rvf10k_train_real,id,0.257432
R:\_Projects\Eurus_Workspace\HolmHz\data\raw_v2\deepdetect2025\ddata\train\real\58256.jpg,0,dd2025_real,id,0.216500
R:\_Projects\Eurus_Workspace\HolmHz\data\raw_v2\deepdetect2025\ddata\train\fake\fake_017648.jpg,1,dd2025_fake,id,0.392432
R:\_Projects\Eurus_Workspace\HolmHz\data\raw_v2\diffusion_fakes\DALL-E\DALL-E_1189.jpg,1,dalle_fake,id,0.088537
R:\_Projects\Eurus_Workspace\HolmHz\data\raw_v2\diffusion_fakes\Stable Diffusion\Stable_Diffusion_1493.jpg,1,sd_fake,id,0.322735
R:\_Projects\Eurus_Workspace\HolmHz\data\raw_v2\diffusion_fakes\Real\REAL_4545.jpg,0,deepfake_collection_real,id,0.266263
R:\_Projects\Eurus_Workspace\HolmHz\data\raw_v2\rvf10k\rvf10k\train\fake\50FDF7JVJP.jpg,1,rvf10k_train_fake,id,0.039512
R:\_Projects\Eurus_Workspace\HolmHz\data\raw_v2\ciplab_faces\real_and_fake_face\training_fake\mid_335_1100.jpg,1,ciplab_training_fake,id,0.988542
R:\_Projects\Eurus_Workspace\HolmHz\data\raw_v2\deepdetect2025\ddata\train\real\04117.jpg,0,dd2025_real,id,0.994974
R:\_Projects\Eurus_Workspace\HolmHz\data\raw_v2\rvf10k\rvf10k\valid\fake\LAO458713K.jpg,1,rvf10k_valid_fake,id,0.349498
R:\_Projects\Eurus_Workspace\HolmHz\data\raw_v2\deepdetect2025\ddata\train\fake\fake_018732.jpg,1,dd2025_fake,id,0.235780
R:\_Projects\Eurus_Workspace\HolmHz\data\raw_v2\rvf10k\rvf10k\valid\fake\BYBCOG9RGR.jpg,1,rvf10k_valid_fake,id,0.061460
R:\_Projects\Eurus_Workspace\HolmHz\data\raw_v2\diffusion_fakes\Real\REAL_2829.jpg,0,deepfake_collection_real,id,0.060255
R:\_Projects\Eurus_Workspace\HolmHz\data\raw_v2\rvf10k\rvf10k\valid\real\68690.jpg,0,rvf10k_valid_real,id,0.450648
R:\_Projects\Eurus_Workspace\HolmHz\data\raw_v2\diffusion_fakes\Stable Diffusion\Stable_Diffusion_172.jpg,1,sd_fake,id,0.069066
R:\_Projects\Eurus_Workspace\HolmHz\data\raw_v2\diffusion_fakes\Real\REAL_5030.jpg,0,deepfake_collection_real,id,0.983694
R:\_Projects\Eurus_Workspace\HolmHz\data\raw_v2\rvf10k\rvf10k\train\fake\NTETMQC4VV.jpg,1,rvf10k_train_fake,id,0.227701
R:\_Projects\Eurus_Workspace\HolmHz\data\raw_v2\deepdetect2025\ddata\train\fake\fake_000632.jpg,1,dd2025_fake,id,0.970830
R:\_Projects\Eurus_Workspace\HolmHz\data\raw_v2\deepdetect2025\ddata\train\fake\fake_008036.jpg,1,dd2025_fake,id,0.359929
R:\_Projects\Eurus_Workspace\HolmHz\data\raw_v2\diffusion_fakes\Real\REAL_3148.jpg,0,deepfake_collection_real,id,0.148160
R:\_Projects\Eurus_Workspace\HolmHz\data\raw_v2\rvf10k\rvf10k\train\fake\BZQ0FSWZLP.jpg,1,rvf10k_train_fake,id,0.001938
R:\_Projects\Eurus_Workspace\HolmHz\data\raw_v2\diffusion_fakes\Real\REAL_2973.jpg,0,deepfake_collection_real,id,0.476058
R:\_Projects\Eurus_Workspace\HolmHz\data\raw_v2\ciplab_faces\real_and_fake_face\training_fake\easy_11_1111.jpg,1,ciplab_training_fake,id,0.991590
R:\_Projects\Eurus_Workspace\HolmHz\data\raw_v2\rvf10k\rvf10k\train\real\35827.jpg,0,rvf10k_train_real,id,0.202406
R:\_Projects\Eurus_Workspace\HolmHz\data\raw_v2\diffusion_fakes\Real\REAL_3896.jpg,0,deepfake_collection_real,id,0.884777
R:\_Projects\Eurus_Workspace\HolmHz\data\raw_v2\ciplab_faces\real_and_fake_face_detection\real_and_fake_face\training_fake\mid_282_1100.jpg,1,ciplab_training_fake,id,0.429503
R:\_Projects\Eurus_Workspace\HolmHz\data\raw_v2\deepdetect2025\ddata\train\real\45400.jpg,0,dd2025_real,id,0.030006
R:\_Projects\Eurus_Workspace\HolmHz\data\raw_v2\diffusion_fakes\Real\REAL_1521.jpg,0,deepfake_collection_real,id,0.301093
R:\_Projects\Eurus_Workspace\HolmHz\data\raw_v2\diffusion_fakes\Real\REAL_3424.jpg,0,deepfake_collection_real,id,0.998319
R:\_Projects\Eurus_Workspace\HolmHz\data\raw_v2\diffusion_fakes\DALL-E\DALL-E_0485.jpg,1,dalle_fake,id,0.208943
R:\_Projects\Eurus_Workspace\HolmHz\data\raw_v2\diffusion_fakes\Real\REAL_4281.jpg,0,deepfake_collection_real,id,0.976120
R:\_Projects\Eurus_Workspace\HolmHz\data\raw_v2\diffusion_fakes\Real\REAL_3383.jpg,0,deepfake_collection_real,id,0.768466
R:\_Projects\Eurus_Workspace\HolmHz\data\raw_v2\diffusion_fakes\DALL-E\DALL-E_1514.jpg,1,dalle_fake,id,0.946397
R:\_Projects\Eurus_Workspace\HolmHz\data\raw_v2\rvf10k\rvf10k\train\fake\WWDPC4ZN6D.jpg,1,rvf10k_train_fake,id,0.005182
R:\_Projects\Eurus_Workspace\HolmHz\data\raw_v2\rvf10k\rvf10k\valid\fake\YW1PU8MYNE.jpg,1,rvf10k_valid_fake,id,0.062336
R:\_Projects\Eurus_Workspace\HolmHz\data\raw_v2\rvf10k\rvf10k\valid\real\60376.jpg,0,rvf10k_valid_real,id,0.996408
R:\_Projects\Eurus_Workspace\HolmHz\data\raw_v2\diffusion_fakes\Stable Diffusion\Stable_Diffusion_51.jpg,1,sd_fake,id,0.228640
R:\_Projects\Eurus_Workspace\HolmHz\data\raw_v2\deepdetect2025\ddata\train\real\32717.jpg,0,dd2025_real,id,0.023543
R:\_Projects\Eurus_Workspace\HolmHz\data\raw_v2\diffusion_fakes\Real\REAL_4127.jpg,0,deepfake_collection_real,id,0.079453
R:\_Projects\Eurus_Workspace\HolmHz\data\raw_v2\ciplab_faces\real_and_fake_face_detection\real_and_fake_face\training_fake\hard_148_1010.jpg,1,ciplab_training_fake,id,0.997528
R:\_Projects\Eurus_Workspace\HolmHz\data\raw_v2\diffusion_fakes\Stable Diffusion\Stable_Diffusion_522.jpg,1,sd_fake,id,0.301928
R:\_Projects\Eurus_Workspace\HolmHz\data\raw_v2\diffusion_fakes\Real\REAL_0312.jpg,0,deepfake_collection_real,id,0.397404
R:\_Projects\Eurus_Workspace\HolmHz\data\raw_v2\rvf10k\rvf10k\train\real\67766.jpg,0,rvf10k_train_real,id,0.344465
R:\_Projects\Eurus_Workspace\HolmHz\data\raw_v2\ciplab_faces\real_and_fake_face\training_real\real_00945.jpg,0,ciplab_training_real,id,0.978346
R:\_Projects\Eurus_Workspace\HolmHz\data\raw_v2\ciplab_faces\real_and_fake_face\training_fake\mid_273_1101.jpg,1,ciplab_training_fake,id,0.885800
R:\_Projects\Eurus_Workspace\HolmHz\data\raw_v2\diffusion_fakes\DALL-E\DALL-E_0594.jpg,1,dalle_fake,id,0.560099
R:\_Projects\Eurus_Workspace\HolmHz\data\raw_v2\diffusion_fakes\DALL-E\DALL-E_1584.jpg,1,dalle_fake,id,0.249687
R:\_Projects\Eurus_Workspace\HolmHz\data\raw_v2\rvf10k\rvf10k\train\fake\GRGN2T15B3.jpg,1,rvf10k_train_fake,id,0.037717
R:\_Projects\Eurus_Workspace\HolmHz\data\raw_v2\deepdetect2025\ddata\train\real\10620.jpg,0,dd2025_real,id,0.002658
R:\_Projects\Eurus_Workspace\HolmHz\data\raw_v2\deepdetect2025\ddata\train\real\53174.jpg,0,dd2025_real,id,0.144932
R:\_Projects\Eurus_Workspace\HolmHz\data\raw_v2\rvf10k\rvf10k\train\fake\GLN4VY01IJ.jpg,1,rvf10k_train_fake,id,0.866473
R:\_Projects\Eurus_Workspace\HolmHz\data\raw_v2\rvf10k\rvf10k\valid\real\59968.jpg,0,rvf10k_valid_real,id,0.347699
R:\_Projects\Eurus_Workspace\HolmHz\data\raw_v2\rvf10k\rvf10k\train\real\45022.jpg,0,rvf10k_train_real,id,0.060685
R:\_Projects\Eurus_Workspace\HolmHz\data\raw_v2\deepdetect2025\ddata\train\fake\fake_021994.jpg,1,dd2025_fake,id,0.872189
R:\_Projects\Eurus_Workspace\HolmHz\data\raw_v2\diffusion_fakes\Real\REAL_3022.jpg,0,deepfake_collection_real,id,0.073308
R:\_Projects\Eurus_Workspace\HolmHz\data\raw_v2\rvf10k\rvf10k\train\real\12629.jpg,0,rvf10k_train_real,id,0.057700
R:\_Projects\Eurus_Workspace\HolmHz\data\raw_v2\diffusion_fakes\Stable Diffusion\Stable_Diffusion_1654.jpg,1,sd_fake,id,0.387339
R:\_Projects\Eurus_Workspace\HolmHz\data\raw_v2\diffusion_fakes\Real\REAL_0994.jpg,0,deepfake_collection_real,id,0.858984
R:\_Projects\Eurus_Workspace\HolmHz\data\raw_v2\deepdetect2025\ddata\train\fake\fake_023447.jpg,1,dd2025_fake,id,0.231104
R:\_Projects\Eurus_Workspace\HolmHz\data\raw_v2\ciplab_faces\real_and_fake_face\training_real\real_00301.jpg,0,ciplab_training_real,id,0.027260
R:\_Projects\Eurus_Workspace\HolmHz\data\raw_v2\rvf10k\rvf10k\train\fake\WHSLQ9OWY0.jpg,1,rvf10k_train_fake,id,0.052069
R:\_Projects\Eurus_Workspace\HolmHz\data\raw_v2\ciplab_faces\real_and_fake_face_detection\real_and_fake_face\training_real\real_00962.jpg,0,ciplab_training_real,id,0.067786
R:\_Projects\Eurus_Workspace\HolmHz\data\raw_v2\deepdetect2025\ddata\train\fake\fake_032544.jpg,1,dd2025_fake,id,0.353146
R:\_Projects\Eurus_Workspace\HolmHz\data\raw_v2\deepdetect2025\ddata\train\fake\fake_029857.jpg,1,dd2025_fake,id,0.044736
R:\_Projects\Eurus_Workspace\HolmHz\data\raw_v2\ciplab_faces\real_and_fake_face\training_real\real_00886.jpg,0,ciplab_training_real,id,0.175739
R:\_Projects\Eurus_Workspace\HolmHz\data\raw_v2\deepdetect2025\ddata\train\fake\fake_029301.jpg,1,dd2025_fake,id,0.367608
R:\_Projects\Eurus_Workspace\HolmHz\data\raw_v2\ciplab_faces\real_and_fake_face\training_fake\mid_119_1111.jpg,1,ciplab_training_fake,id,0.638894
R:\_Projects\Eurus_Workspace\HolmHz\data\raw_v2\camera_vs_ai\ai vs real photos\Camera_images\97.jpg,0,camera_train_real,id,0.407056
R:\_Projects\Eurus_Workspace\HolmHz\data\raw_v2\diffusion_fakes\Real\REAL_5501.jpg,0,deepfake_collection_real,id,0.125200
R:\_Projects\Eurus_Workspace\HolmHz\data\raw_v2\diffusion_fakes\Midjourney\Midjourney_0137.png,1,midjourney_fake,id,0.031824
R:\_Projects\Eurus_Workspace\HolmHz\data\raw_v2\diffusion_fakes\Stable Diffusion\Stable_Diffusion_666.jpg,1,sd_fake,id,0.118480
R:\_Projects\Eurus_Workspace\HolmHz\data\raw_v2\diffusion_fakes\Real\REAL_4188.jpg,0,deepfake_collection_real,id,0.255354
R:\_Projects\Eurus_Workspace\HolmHz\data\raw_v2\diffusion_fakes\Midjourney\Midjourney_0472.png,1,midjourney_fake,id,0.148520
R:\_Projects\Eurus_Workspace\HolmHz\data\raw_v2\diffusion_fakes\Stable Diffusion\Stable_Diffusion_1219.jpg,1,sd_fake,id,0.409647
R:\_Projects\Eurus_Workspace\HolmHz\data\raw_v2\deepdetect2025\ddata\train\fake\fake_029561.jpg,1,dd2025_fake,id,0.998779
R:\_Projects\Eurus_Workspace\HolmHz\data\raw_v2\ciplab_faces\real_and_fake_face_detection\real_and_fake_face\training_real\real_00918.jpg,0,ciplab_training_real,id,0.735313
R:\_Projects\Eurus_Workspace\HolmHz\data\raw_v2\rvf10k\rvf10k\train\fake\928QE2FBVC.jpg,1,rvf10k_train_fake,id,0.417093
R:\_Projects\Eurus_Workspace\HolmHz\data\raw_v2\rvf10k\rvf10k\train\fake\MUUYO93L7V.jpg,1,rvf10k_train_fake,id,0.006455
R:\_Projects\Eurus_Workspace\HolmHz\data\raw_v2\deepdetect2025\ddata\train\fake\fake_004122.jpg,1,dd2025_fake,id,0.693690
R:\_Projects\Eurus_Workspace\HolmHz\data\raw_v2\diffusion_fakes\DALL-E\DALL-E_1772.jpg,1,dalle_fake,id,0.309526
R:\_Projects\Eurus_Workspace\HolmHz\data\raw_v2\rvf10k\rvf10k\train\fake\2MTIQC5AGA.jpg,1,rvf10k_train_fake,id,0.128612
R:\_Projects\Eurus_Workspace\HolmHz\data\raw_v2\diffusion_fakes\Real\REAL_1229.jpg,0,deepfake_collection_real,id,0.776116
R:\_Projects\Eurus_Workspace\HolmHz\data\raw_v2\diffusion_fakes\Real\REAL_0121.jpg,0,deepfake_collection_real,id,0.912568
R:\_Projects\Eurus_Workspace\HolmHz\data\raw_v2\diffusion_fakes\Stable Diffusion\Stable_Diffusion_1476.jpg,1,sd_fake,id,0.902462
R:\_Projects\Eurus_Workspace\HolmHz\data\raw_v2\rvf10k\rvf10k\train\fake\4APRQZN66A.jpg,1,rvf10k_train_fake,id,0.909414
R:\_Projects\Eurus_Workspace\HolmHz\data\raw_v2\deepdetect2025\ddata\train\real\19231.jpg,0,dd2025_real,id,0.015566
R:\_Projects\Eurus_Workspace\HolmHz\data\raw_v2\deepdetect2025\ddata\train\fake\fake_015793.jpg,1,dd2025_fake,id,0.305299
R:\_Projects\Eurus_Workspace\HolmHz\data\raw_v2\diffusion_fakes\Stable Diffusion\Stable_Diffusion_788.jpg,1,sd_fake,id,0.555335
R:\_Projects\Eurus_Workspace\HolmHz\data\raw_v2\rvf10k\rvf10k\train\fake\QC9P14UCXG.jpg,1,rvf10k_train_fake,id,0.072007
R:\_Projects\Eurus_Workspace\HolmHz\data\raw_v2\rvf10k\rvf10k\train\fake\6DFMD696CQ.jpg,1,rvf10k_train_fake,id,0.008527
R:\_Projects\Eurus_Workspace\HolmHz\data\raw_v2\rvf10k\rvf10k\valid\fake\ZPBVW03Q1F.jpg,1,rvf10k_valid_fake,id,0.039021
R:\_Projects\Eurus_Workspace\HolmHz\data\raw_v2\deepdetect2025\ddata\train\real\42451.jpg,0,dd2025_real,id,0.097393
R:\_Projects\Eurus_Workspace\HolmHz\data\raw_v2\ciplab_faces\real_and_fake_face_detection\real_and_fake_face\training_real\real_00484.jpg,0,ciplab_training_real,id,0.982900
R:\_Projects\Eurus_Workspace\HolmHz\data\raw_v2\deepdetect2025\ddata\train\fake\fake_017601.jpg,1,dd2025_fake,id,0.646607
R:\_Projects\Eurus_Workspace\HolmHz\data\raw_v2\ciplab_faces\real_and_fake_face\training_real\real_00446.jpg,0,ciplab_training_real,id,0.223492
R:\_Projects\Eurus_Workspace\HolmHz\data\raw_v2\rvf10k\rvf10k\train\fake\7LCF0TT42Z.jpg,1,rvf10k_train_fake,id,0.087489
R:\_Projects\Eurus_Workspace\HolmHz\data\raw_v2\diffusion_fakes\Stable Diffusion\Stable_Diffusion_1198.jpg,1,sd_fake,id,0.634405
R:\_Projects\Eurus_Workspace\HolmHz\data\raw_v2\rvf10k\rvf10k\valid\real\53348.jpg,0,rvf10k_valid_real,id,0.087683
R:\_Projects\Eurus_Workspace\HolmHz\data\raw_v2\camera_vs_ai\ai vs real photos\Ai_Images\136.jpg,1,camera_train_ai,id,0.341807
R:\_Projects\Eurus_Workspace\HolmHz\data\raw_v2\deepdetect2025\ddata\train\fake\fake_018019.jpg,1,dd2025_fake,id,0.809360
R:\_Projects\Eurus_Workspace\HolmHz\data\raw_v2\diffusion_fakes\DALL-E\DALL-E_0027.jpg,1,dalle_fake,id,0.086007
R:\_Projects\Eurus_Workspace\HolmHz\data\raw_v2\diffusion_fakes\DALL-E\DALL-E_0497.jpg,1,dalle_fake,id,0.182855
R:\_Projects\Eurus_Workspace\HolmHz\data\raw_v2\deepdetect2025\ddata\train\real\40324.jpg,0,dd2025_real,id,0.352509
R:\_Projects\Eurus_Workspace\HolmHz\data\raw_v2\deepdetect2025\ddata\train\real\43897.jpg,0,dd2025_real,id,0.022374
R:\_Projects\Eurus_Workspace\HolmHz\data\raw_v2\rvf10k\rvf10k\train\fake\5SG9HMVLO1.jpg,1,rvf10k_train_fake,id,0.470567
R:\_Projects\Eurus_Workspace\HolmHz\data\raw_v2\ciplab_faces\real_and_fake_face\training_real\real_01057.jpg,0,ciplab_training_real,id,0.605917
R:\_Projects\Eurus_Workspace\HolmHz\data\raw_v2\ciplab_faces\real_and_fake_face\training_fake\mid_320_1111.jpg,1,ciplab_training_fake,id,0.369773
R:\_Projects\Eurus_Workspace\HolmHz\data\raw_v2\deepdetect2025\ddata\train\real\03120.jpg,0,dd2025_real,id,0.175065
R:\_Projects\Eurus_Workspace\HolmHz\data\raw_v2\rvf10k\rvf10k\train\fake\SP3NQ5I6UA.jpg,1,rvf10k_train_fake,id,0.439829
R:\_Projects\Eurus_Workspace\HolmHz\data\raw_v2\diffusion_fakes\DALL-E\DALL-E_1892.jpg,1,dalle_fake,id,0.372213
R:\_Projects\Eurus_Workspace\HolmHz\data\raw_v2\rvf10k\rvf10k\train\real\48759.jpg,0,rvf10k_train_real,id,0.471522
R:\_Projects\Eurus_Workspace\HolmHz\data\raw_v2\diffusion_fakes\Real\REAL_0830.jpg,0,deepfake_collection_real,id,0.985735
R:\_Projects\Eurus_Workspace\HolmHz\data\raw_v2\diffusion_fakes\Stable Diffusion\Stable_Diffusion_755.jpg,1,sd_fake,id,0.265377
R:\_Projects\Eurus_Workspace\HolmHz\data\raw_v2\rvf10k\rvf10k\valid\real\41514.jpg,0,rvf10k_valid_real,id,0.896362
R:\_Projects\Eurus_Workspace\HolmHz\data\raw_v2\diffusion_fakes\Midjourney\Midjourney_0520.png,1,midjourney_fake,id,0.189474
R:\_Projects\Eurus_Workspace\HolmHz\data\raw_v2\ciplab_faces\real_and_fake_face\training_fake\easy_223_0100.jpg,1,ciplab_training_fake,id,0.076588
R:\_Projects\Eurus_Workspace\HolmHz\data\raw_v2\diffusion_fakes\Real\REAL_5085.jpg,0,deepfake_collection_real,id,0.792446
R:\_Projects\Eurus_Workspace\HolmHz\data\raw_v2\rvf10k\rvf10k\valid\real\21579.jpg,0,rvf10k_valid_real,id,0.020717
R:\_Projects\Eurus_Workspace\HolmHz\data\raw_v2\rvf10k\rvf10k\train\fake\YQ4XGSNUDA.jpg,1,rvf10k_train_fake,id,0.673244
R:\_Projects\Eurus_Workspace\HolmHz\data\raw_v2\ciplab_faces\real_and_fake_face\training_fake\hard_203_0010.jpg,1,ciplab_training_fake,id,0.806093
R:\_Projects\Eurus_Workspace\HolmHz\data\raw_v2\ciplab_faces\real_and_fake_face_detection\real_and_fake_face\training_real\real_00552.jpg,0,ciplab_training_real,id,0.963216
R:\_Projects\Eurus_Workspace\HolmHz\data\raw_v2\rvf10k\rvf10k\train\fake\FUE0AT80WC.jpg,1,rvf10k_train_fake,id,0.510871
R:\_Projects\Eurus_Workspace\HolmHz\data\raw_v2\rvf10k\rvf10k\train\fake\VR7NH48NCT.jpg,1,rvf10k_train_fake,id,0.012879
R:\_Projects\Eurus_Workspace\HolmHz\data\raw_v2\rvf10k\rvf10k\valid\fake\B4XYO0RBX9.jpg,1,rvf10k_valid_fake,id,0.165917
R:\_Projects\Eurus_Workspace\HolmHz\data\raw_v2\diffusion_fakes\Real\REAL_0059.jpg,0,deepfake_collection_real,id,0.431059
R:\_Projects\Eurus_Workspace\HolmHz\data\raw_v2\rvf10k\rvf10k\valid\fake\VUTMMSWBIC.jpg,1,rvf10k_valid_fake,id,0.214735
R:\_Projects\Eurus_Workspace\HolmHz\data\raw_v2\rvf10k\rvf10k\valid\fake\MHMY7T7AHT.jpg,1,rvf10k_valid_fake,id,0.848542
R:\_Projects\Eurus_Workspace\HolmHz\data\raw_v2\deepdetect2025\ddata\train\fake\fake_034483.jpg,1,dd2025_fake,id,0.986432
R:\_Projects\Eurus_Workspace\HolmHz\data\raw_v2\deepdetect2025\ddata\train\fake\fake_021910.jpg,1,dd2025_fake,id,0.945324
R:\_Projects\Eurus_Workspace\HolmHz\data\raw_v2\deepdetect2025\ddata\train\real\29981.jpg,0,dd2025_real,id,0.199415
R:\_Projects\Eurus_Workspace\HolmHz\data\raw_v2\diffusion_fakes\Stable Diffusion\Stable_Diffusion_1653.jpg,1,sd_fake,id,0.620870
R:\_Projects\Eurus_Workspace\HolmHz\data\raw_v2\deepdetect2025\ddata\train\real\67114.jpg,0,dd2025_real,id,0.829143
R:\_Projects\Eurus_Workspace\HolmHz\data\raw_v2\deepdetect2025\ddata\train\real\68059.jpg,0,dd2025_real,id,0.938327
R:\_Projects\Eurus_Workspace\HolmHz\data\raw_v2\ciplab_faces\real_and_fake_face_detection\real_and_fake_face\training_real\real_00906.jpg,0,ciplab_training_real,id,0.671353
R:\_Projects\Eurus_Workspace\HolmHz\data\raw_v2\ciplab_faces\real_and_fake_face\training_fake\easy_134_0001.jpg,1,ciplab_training_fake,id,0.160657
R:\_Projects\Eurus_Workspace\HolmHz\data\raw_v2\rvf10k\rvf10k\valid\real\10319.jpg,0,rvf10k_valid_real,id,0.844904
R:\_Projects\Eurus_Workspace\HolmHz\data\raw_v2\ciplab_faces\real_and_fake_face\training_fake\easy_217_1111.jpg,1,ciplab_training_fake,id,0.930397
R:\_Projects\Eurus_Workspace\HolmHz\data\raw_v2\rvf10k\rvf10k\valid\real\39675.jpg,0,rvf10k_valid_real,id,0.664315
R:\_Projects\Eurus_Workspace\HolmHz\data\raw_v2\deepdetect2025\ddata\train\fake\fake_015689.jpg,1,dd2025_fake,id,0.678272
R:\_Projects\Eurus_Workspace\HolmHz\data\raw_v2\ciplab_faces\real_and_fake_face\training_fake\mid_109_1111.jpg,1,ciplab_training_fake,id,0.989613
R:\_Projects\Eurus_Workspace\HolmHz\data\raw_v2\deepdetect2025\ddata\train\real\27933.jpg,0,dd2025_real,id,0.004451
R:\_Projects\Eurus_Workspace\HolmHz\data\raw_v2\ciplab_faces\real_and_fake_face_detection\real_and_fake_face\training_real\real_00576.jpg,0,ciplab_training_real,id,0.684384
R:\_Projects\Eurus_Workspace\HolmHz\data\raw_v2\deepdetect2025\ddata\train\fake\fake_040070.jpg,1,dd2025_fake,id,0.988941
R:\_Projects\Eurus_Workspace\HolmHz\data\raw_v2\diffusion_fakes\Stable Diffusion\Stable_Diffusion_1440.jpg,1,sd_fake,id,0.890695
R:\_Projects\Eurus_Workspace\HolmHz\data\raw_v2\rvf10k\rvf10k\valid\real\54730.jpg,0,rvf10k_valid_real,id,0.262039
R:\_Projects\Eurus_Workspace\HolmHz\data\raw_v2\deepdetect2025\ddata\train\fake\fake_025986.jpg,1,dd2025_fake,id,0.629195
R:\_Projects\Eurus_Workspace\HolmHz\data\raw_v2\deepdetect2025\ddata\train\fake\fake_041518.jpg,1,dd2025_fake,id,0.074982
R:\_Projects\Eurus_Workspace\HolmHz\data\raw_v2\rvf10k\rvf10k\train\fake\LUSS0SUGYA.jpg,1,rvf10k_train_fake,id,0.573853
R:\_Projects\Eurus_Workspace\HolmHz\data\raw_v2\rvf10k\rvf10k\train\fake\933A4OCIF9.jpg,1,rvf10k_train_fake,id,0.296116
R:\_Projects\Eurus_Workspace\HolmHz\data\raw_v2\deepdetect2025\ddata\train\fake\fake_001267.jpg,1,dd2025_fake,id,0.030247
R:\_Projects\Eurus_Workspace\HolmHz\data\raw_v2\rvf10k\rvf10k\train\real\19514.jpg,0,rvf10k_train_real,id,0.999437
R:\_Projects\Eurus_Workspace\HolmHz\data\raw_v2\diffusion_fakes\Real\REAL_4423.jpg,0,deepfake_collection_real,id,0.992884
R:\_Projects\Eurus_Workspace\HolmHz\data\raw_v2\diffusion_fakes\Real\REAL_3726.jpg,0,deepfake_collection_real,id,0.182797
R:\_Projects\Eurus_Workspace\HolmHz\data\raw_v2\ciplab_faces\real_and_fake_face\training_fake\mid_175_1111.jpg,1,ciplab_training_fake,id,0.949825
R:\_Projects\Eurus_Workspace\HolmHz\data\raw_v2\diffusion_fakes\Real\REAL_4658.jpg,0,deepfake_collection_real,id,0.765673
R:\_Projects\Eurus_Workspace\HolmHz\data\raw_v2\diffusion_fakes\Real\REAL_3063.jpg,0,deepfake_collection_real,id,0.629799
R:\_Projects\Eurus_Workspace\HolmHz\data\raw_v2\diffusion_fakes\Real\REAL_4089.jpg,0,deepfake_collection_real,id,0.345366
R:\_Projects\Eurus_Workspace\HolmHz\data\raw_v2\rvf10k\rvf10k\train\fake\14TY1MVC6L.jpg,1,rvf10k_train_fake,id,0.912778
R:\_Projects\Eurus_Workspace\HolmHz\data\raw_v2\deepdetect2025\ddata\train\fake\fake_019276.jpg,1,dd2025_fake,id,0.124904
R:\_Projects\Eurus_Workspace\HolmHz\data\raw_v2\ciplab_faces\real_and_fake_face_detection\real_and_fake_face\training_fake\mid_251_1111.jpg,1,ciplab_training_fake,id,0.434454
R:\_Projects\Eurus_Workspace\HolmHz\data\raw_v2\diffusion_fakes\DALL-E\DALL-E_0737.jpg,1,dalle_fake,id,0.586462
R:\_Projects\Eurus_Workspace\HolmHz\data\raw_v2\rvf10k\rvf10k\train\real\19769.jpg,0,rvf10k_train_real,id,0.925993
R:\_Projects\Eurus_Workspace\HolmHz\data\raw_v2\rvf10k\rvf10k\valid\real\41692.jpg,0,rvf10k_valid_real,id,0.938287
R:\_Projects\Eurus_Workspace\HolmHz\data\raw_v2\deepdetect2025\ddata\train\fake\fake_030225.jpg,1,dd2025_fake,id,0.011801
R:\_Projects\Eurus_Workspace\HolmHz\data\raw_v2\diffusion_fakes\Real\REAL_2914.jpg,0,deepfake_collection_real,id,0.982517
R:\_Projects\Eurus_Workspace\HolmHz\data\raw_v2\rvf10k\rvf10k\train\fake\5II9CBF0PO.jpg,1,rvf10k_train_fake,id,0.041712
R:\_Projects\Eurus_Workspace\HolmHz\data\raw_v2\diffusion_fakes\Stable Diffusion\Stable_Diffusion_932.jpg,1,sd_fake,id,0.166801
R:\_Projects\Eurus_Workspace\HolmHz\data\raw_v2\deepdetect2025\ddata\train\real\02523.jpg,0,dd2025_real,id,0.013704
R:\_Projects\Eurus_Workspace\HolmHz\data\raw_v2\deepdetect2025\ddata\train\fake\fake_000447.jpg,1,dd2025_fake,id,0.007306
R:\_Projects\Eurus_Workspace\HolmHz\data\raw_v2\diffusion_fakes\Real\REAL_1800.jpg,0,deepfake_collection_real,id,0.977728
R:\_Projects\Eurus_Workspace\HolmHz\data\raw_v2\diffusion_fakes\Real\REAL_2806.jpg,0,deepfake_collection_real,id,0.763738
R:\_Projects\Eurus_Workspace\HolmHz\data\raw_v2\diffusion_fakes\Midjourney\Midjourney_0760.png,1,midjourney_fake,id,0.065447
R:\_Projects\Eurus_Workspace\HolmHz\data\raw_v2\diffusion_fakes\DALL-E\DALL-E_0339.jpg,1,dalle_fake,id,0.154035
R:\_Projects\Eurus_Workspace\HolmHz\data\raw_v2\deepdetect2025\ddata\train\real\57861.jpg,0,dd2025_real,id,0.047967
R:\_Projects\Eurus_Workspace\HolmHz\data\raw_v2\diffusion_fakes\DALL-E\DALL-E_1317.jpg,1,dalle_fake,id,0.234297
R:\_Projects\Eurus_Workspace\HolmHz\data\raw_v2\ciplab_faces\real_and_fake_face\training_real\real_00596.jpg,0,ciplab_training_real,id,0.212783
R:\_Projects\Eurus_Workspace\HolmHz\data\raw_v2\rvf10k\rvf10k\train\real\60073.jpg,0,rvf10k_train_real,id,0.465253
R:\_Projects\Eurus_Workspace\HolmHz\data\raw_v2\rvf10k\rvf10k\train\fake\X44338CF4S.jpg,1,rvf10k_train_fake,id,0.995025
R:\_Projects\Eurus_Workspace\HolmHz\data\raw_v2\diffusion_fakes\Real\REAL_1339.jpg,0,deepfake_collection_real,id,0.469235
R:\_Projects\Eurus_Workspace\HolmHz\data\raw_v2\deepdetect2025\ddata\train\fake\fake_000346.jpg,1,dd2025_fake,id,0.470050
R:\_Projects\Eurus_Workspace\HolmHz\data\raw_v2\deepdetect2025\ddata\train\real\45476.jpg,0,dd2025_real,id,0.507712
R:\_Projects\Eurus_Workspace\HolmHz\data\raw_v2\diffusion_fakes\DALL-E\DALL-E_1753.jpg,1,dalle_fake,id,0.554529
R:\_Projects\Eurus_Workspace\HolmHz\data\raw_v2\diffusion_fakes\DALL-E\DALL-E_0556.jpg,1,dalle_fake,id,0.900858
R:\_Projects\Eurus_Workspace\HolmHz\data\raw_v2\diffusion_fakes\Stable Diffusion\Stable_Diffusion_769.jpg,1,sd_fake,id,0.090172
R:\_Projects\Eurus_Workspace\HolmHz\data\raw_v2\rvf10k\rvf10k\train\real\22377.jpg,0,rvf10k_train_real,id,0.887957
R:\_Projects\Eurus_Workspace\HolmHz\data\raw_v2\deepdetect2025\ddata\train\real\56945.jpg,0,dd2025_real,id,0.218575
R:\_Projects\Eurus_Workspace\HolmHz\data\raw_v2\ciplab_faces\real_and_fake_face\training_real\real_00670.jpg,0,ciplab_training_real,id,0.308360
R:\_Projects\Eurus_Workspace\HolmHz\data\raw_v2\diffusion_fakes\DALL-E\DALL-E_1291.jpg,1,dalle_fake,id,0.225605
R:\_Projects\Eurus_Workspace\HolmHz\data\raw_v2\ciplab_faces\real_and_fake_face_detection\real_and_fake_face\training_fake\mid_227_1111.jpg,1,ciplab_training_fake,id,0.641052
R:\_Projects\Eurus_Workspace\HolmHz\data\raw_v2\deepdetect2025\ddata\train\real\34394.jpg,0,dd2025_real,id,0.915718
R:\_Projects\Eurus_Workspace\HolmHz\data\raw_v2\diffusion_fakes\Stable Diffusion\Stable_Diffusion_337.jpg,1,sd_fake,id,0.498795
R:\_Projects\Eurus_Workspace\HolmHz\data\raw_v2\deepdetect2025\ddata\train\real\64655.jpg,0,dd2025_real,id,0.003056
R:\_Projects\Eurus_Workspace\HolmHz\data\raw_v2\deepdetect2025\ddata\train\fake\fake_026746.jpg,1,dd2025_fake,id,0.021482
R:\_Projects\Eurus_Workspace\HolmHz\data\raw_v2\deepdetect2025\ddata\train\fake\fake_014719.png,1,dd2025_fake,id,0.135795
R:\_Projects\Eurus_Workspace\HolmHz\data\raw_v2\diffusion_fakes\Stable Diffusion\Stable_Diffusion_1214.jpg,1,sd_fake,id,0.033169
R:\_Projects\Eurus_Workspace\HolmHz\data\raw_v2\rvf10k\rvf10k\train\fake\1K0GBD9JTA.jpg,1,rvf10k_train_fake,id,0.992054
R:\_Projects\Eurus_Workspace\HolmHz\data\raw_v2\diffusion_fakes\Real\REAL_5884.jpg,0,deepfake_collection_real,id,0.496712
R:\_Projects\Eurus_Workspace\HolmHz\data\raw_v2\rvf10k\rvf10k\train\real\41736.jpg,0,rvf10k_train_real,id,0.123225
R:\_Projects\Eurus_Workspace\HolmHz\data\raw_v2\ciplab_faces\real_and_fake_face\training_real\real_01041.jpg,0,ciplab_training_real,id,0.921698
R:\_Projects\Eurus_Workspace\HolmHz\data\raw_v2\diffusion_fakes\Real\REAL_0194.jpg,0,deepfake_collection_real,id,0.981075
R:\_Projects\Eurus_Workspace\HolmHz\data\raw_v2\rvf10k\rvf10k\valid\real\33106.jpg,0,rvf10k_valid_real,id,0.047907
R:\_Projects\Eurus_Workspace\HolmHz\data\raw_v2\rvf10k\rvf10k\train\fake\6RQL4KEPDI.jpg,1,rvf10k_train_fake,id,0.477968
R:\_Projects\Eurus_Workspace\HolmHz\data\raw_v2\diffusion_fakes\Midjourney\Midjourney_0580.png,1,midjourney_fake,id,0.041045
R:\_Projects\Eurus_Workspace\HolmHz\data\raw_v2\diffusion_fakes\DALL-E\DALL-E_1440.jpg,1,dalle_fake,id,0.566836
R:\_Projects\Eurus_Workspace\HolmHz\data\raw_v2\diffusion_fakes\Real\REAL_0507.jpg,0,deepfake_collection_real,id,0.577914
R:\_Projects\Eurus_Workspace\HolmHz\data\raw_v2\diffusion_fakes\Real\REAL_5487.jpg,0,deepfake_collection_real,id,0.968171
R:\_Projects\Eurus_Workspace\HolmHz\data\raw_v2\deepdetect2025\ddata\train\fake\fake_033175.jpg,1,dd2025_fake,id,0.990131
R:\_Projects\Eurus_Workspace\HolmHz\data\raw_v2\diffusion_fakes\DALL-E\DALL-E_1536.jpg,1,dalle_fake,id,0.998232
R:\_Projects\Eurus_Workspace\HolmHz\data\raw_v2\rvf10k\rvf10k\train\real\65174.jpg,0,rvf10k_train_real,id,0.572821
R:\_Projects\Eurus_Workspace\HolmHz\data\raw_v2\diffusion_fakes\Stable Diffusion\Stable_Diffusion_1775.jpg,1,sd_fake,id,0.504849
R:\_Projects\Eurus_Workspace\HolmHz\data\raw_v2\diffusion_fakes\Real\REAL_2348.jpg,0,deepfake_collection_real,id,0.631455
R:\_Projects\Eurus_Workspace\HolmHz\data\raw_v2\diffusion_fakes\Real\REAL_1430.jpg,0,deepfake_collection_real,id,0.148165
R:\_Projects\Eurus_Workspace\HolmHz\data\raw_v2\diffusion_fakes\Real\REAL_0010.jpg,0,deepfake_collection_real,id,0.046606
R:\_Projects\Eurus_Workspace\HolmHz\data\raw_v2\rvf10k\rvf10k\train\fake\XL3FV1E8NC.jpg,1,rvf10k_train_fake,id,0.890397
R:\_Projects\Eurus_Workspace\HolmHz\data\raw_v2\rvf10k\rvf10k\train\real\28814.jpg,0,rvf10k_train_real,id,0.660549
R:\_Projects\Eurus_Workspace\HolmHz\data\raw_v2\deepdetect2025\ddata\train\real\37137.jpg,0,dd2025_real,id,0.824162
R:\_Projects\Eurus_Workspace\HolmHz\data\raw_v2\deepdetect2025\ddata\train\real\25661.jpg,0,dd2025_real,id,0.013701
R:\_Projects\Eurus_Workspace\HolmHz\data\raw_v2\deepdetect2025\ddata\train\fake\fake_031928.jpg,1,dd2025_fake,id,0.544804
R:\_Projects\Eurus_Workspace\HolmHz\data\raw_v2\rvf10k\rvf10k\valid\fake\CF7KIN55MR.jpg,1,rvf10k_valid_fake,id,0.025276
R:\_Projects\Eurus_Workspace\HolmHz\data\raw_v2\deepdetect2025\ddata\train\real\48811.jpg,0,dd2025_real,id,0.530817
R:\_Projects\Eurus_Workspace\HolmHz\data\raw_v2\diffusion_fakes\Real\REAL_3648.jpg,0,deepfake_collection_real,id,0.310928
R:\_Projects\Eurus_Workspace\HolmHz\data\raw_v2\ciplab_faces\real_and_fake_face_detection\real_and_fake_face\training_real\real_00479.jpg,0,ciplab_training_real,id,0.207810
R:\_Projects\Eurus_Workspace\HolmHz\data\raw_v2\diffusion_fakes\Stable Diffusion\Stable_Diffusion_1315.jpg,1,sd_fake,id,0.661725
R:\_Projects\Eurus_Workspace\HolmHz\data\raw_v2\deepdetect2025\ddata\train\real\67887.jpg,0,dd2025_real,id,0.497093
R:\_Projects\Eurus_Workspace\HolmHz\data\raw_v2\deepdetect2025\ddata\train\real\27260.jpg,0,dd2025_real,id,0.795858
R:\_Projects\Eurus_Workspace\HolmHz\data\raw_v2\deepdetect2025\ddata\train\real\45567.jpg,0,dd2025_real,id,0.423412
R:\_Projects\Eurus_Workspace\HolmHz\data\raw_v2\ciplab_faces\real_and_fake_face\training_fake\mid_474_1110.jpg,1,ciplab_training_fake,id,0.538425
R:\_Projects\Eurus_Workspace\HolmHz\data\raw_v2\deepdetect2025\ddata\train\fake\fake_036493.jpg,1,dd2025_fake,id,0.028294
R:\_Projects\Eurus_Workspace\HolmHz\data\raw_v2\rvf10k\rvf10k\valid\real\64943.jpg,0,rvf10k_valid_real,id,0.996450
R:\_Projects\Eurus_Workspace\HolmHz\data\raw_v2\rvf10k\rvf10k\valid\fake\Q0Q2O7MIS6.jpg,1,rvf10k_valid_fake,id,0.488692
R:\_Projects\Eurus_Workspace\HolmHz\data\raw_v2\deepdetect2025\ddata\train\real\16193.jpg,0,dd2025_real,id,0.624755
R:\_Projects\Eurus_Workspace\HolmHz\data\raw_v2\rvf10k\rvf10k\valid\fake\EJW0120QNN.jpg,1,rvf10k_valid_fake,id,0.150819
R:\_Projects\Eurus_Workspace\HolmHz\data\raw_v2\ciplab_faces\real_and_fake_face\training_fake\easy_7_1100.jpg,1,ciplab_training_fake,id,0.894923
R:\_Projects\Eurus_Workspace\HolmHz\data\raw_v2\deepdetect2025\ddata\train\real\24546.jpg,0,dd2025_real,id,0.030858
R:\_Projects\Eurus_Workspace\HolmHz\data\raw_v2\diffusion_fakes\DALL-E\DALL-E_0464.jpg,1,dalle_fake,id,0.956668
R:\_Projects\Eurus_Workspace\HolmHz\data\raw_v2\rvf10k\rvf10k\train\real\02724.jpg,0,rvf10k_train_real,id,0.130723
R:\_Projects\Eurus_Workspace\HolmHz\data\raw_v2\deepdetect2025\ddata\train\fake\fake_031575.png,1,dd2025_fake,id,0.008210
R:\_Projects\Eurus_Workspace\HolmHz\data\raw_v2\deepdetect2025\ddata\train\fake\fake_028875.jpg,1,dd2025_fake,id,0.861900
R:\_Projects\Eurus_Workspace\HolmHz\data\raw_v2\rvf10k\rvf10k\train\real\36973.jpg,0,rvf10k_train_real,id,0.542565
R:\_Projects\Eurus_Workspace\HolmHz\data\raw_v2\deepdetect2025\ddata\train\fake\fake_022244.jpg,1,dd2025_fake,id,0.182462
R:\_Projects\Eurus_Workspace\HolmHz\data\raw_v2\diffusion_fakes\Real\REAL_1831.jpg,0,deepfake_collection_real,id,0.151624
R:\_Projects\Eurus_Workspace\HolmHz\data\raw_v2\deepdetect2025\ddata\train\fake\fake_010298.jpg,1,dd2025_fake,id,0.032750
R:\_Projects\Eurus_Workspace\HolmHz\data\raw_v2\diffusion_fakes\Real\REAL_4725.jpg,0,deepfake_collection_real,id,0.985474
R:\_Projects\Eurus_Workspace\HolmHz\data\raw_v2\rvf10k\rvf10k\train\fake\42DMJMLSL4.jpg,1,rvf10k_train_fake,id,0.428643
R:\_Projects\Eurus_Workspace\HolmHz\data\raw_v2\ciplab_faces\real_and_fake_face\training_real\real_00765.jpg,0,ciplab_training_real,id,0.948396
R:\_Projects\Eurus_Workspace\HolmHz\data\raw_v2\diffusion_fakes\DALL-E\DALL-E_0541.jpg,1,dalle_fake,id,0.076967
R:\_Projects\Eurus_Workspace\HolmHz\data\raw_v2\ciplab_faces\real_and_fake_face\training_fake\hard_237_0010.jpg,1,ciplab_training_fake,id,0.833902
R:\_Projects\Eurus_Workspace\HolmHz\data\raw_v2\deepdetect2025\ddata\train\real\23177.jpg,0,dd2025_real,id,0.070211
R:\_Projects\Eurus_Workspace\HolmHz\data\raw_v2\ciplab_faces\real_and_fake_face\training_fake\mid_250_1111.jpg,1,ciplab_training_fake,id,0.951648
R:\_Projects\Eurus_Workspace\HolmHz\data\raw_v2\deepdetect2025\ddata\train\real\31934.jpg,0,dd2025_real,id,0.349784
R:\_Projects\Eurus_Workspace\HolmHz\data\raw_v2\diffusion_fakes\Real\REAL_4881.jpg,0,deepfake_collection_real,id,0.879225
R:\_Projects\Eurus_Workspace\HolmHz\data\raw_v2\deepdetect2025\ddata\train\real\28321.jpg,0,dd2025_real,id,0.995833
R:\_Projects\Eurus_Workspace\HolmHz\data\raw_v2\rvf10k\rvf10k\valid\fake\MY5WZ6K77W.jpg,1,rvf10k_valid_fake,id,0.848112
R:\_Projects\Eurus_Workspace\HolmHz\data\raw_v2\rvf10k\rvf10k\train\fake\XHPOHSO858.jpg,1,rvf10k_train_fake,id,0.013045
R:\_Projects\Eurus_Workspace\HolmHz\data\raw_v2\deepdetect2025\ddata\train\fake\fake_016600.jpg,1,dd2025_fake,id,0.907995
R:\_Projects\Eurus_Workspace\HolmHz\data\raw_v2\ciplab_faces\real_and_fake_face\training_real\real_00726.jpg,0,ciplab_training_real,id,0.544483
R:\_Projects\Eurus_Workspace\HolmHz\data\raw_v2\rvf10k\rvf10k\train\real\34815.jpg,0,rvf10k_train_real,id,0.614919
R:\_Projects\Eurus_Workspace\HolmHz\data\raw_v2\rvf10k\rvf10k\train\fake\87NDJFF0IH.jpg,1,rvf10k_train_fake,id,0.653597
R:\_Projects\Eurus_Workspace\HolmHz\data\raw_v2\rvf10k\rvf10k\train\real\60428.jpg,0,rvf10k_train_real,id,0.143291
R:\_Projects\Eurus_Workspace\HolmHz\data\raw_v2\rvf10k\rvf10k\train\real\45750.jpg,0,rvf10k_train_real,id,0.019651
R:\_Projects\Eurus_Workspace\HolmHz\data\raw_v2\deepdetect2025\ddata\train\real\12288.jpg,0,dd2025_real,id,0.911078
R:\_Projects\Eurus_Workspace\HolmHz\data\raw_v2\deepdetect2025\ddata\train\fake\fake_002041.jpg,1,dd2025_fake,id,0.982617
R:\_Projects\Eurus_Workspace\HolmHz\data\raw_v2\deepdetect2025\ddata\train\fake\fake_001062.jpg,1,dd2025_fake,id,0.007750
R:\_Projects\Eurus_Workspace\HolmHz\data\raw_v2\diffusion_fakes\Real\REAL_0722.jpg,0,deepfake_collection_real,id,0.491161
R:\_Projects\Eurus_Workspace\HolmHz\data\raw_v2\camera_vs_ai\ai vs real photos\Camera_images\112.jpg,0,camera_train_real,id,0.342284
R:\_Projects\Eurus_Workspace\HolmHz\data\raw_v2\diffusion_fakes\Real\REAL_5497.jpg,0,deepfake_collection_real,id,0.997621
R:\_Projects\Eurus_Workspace\HolmHz\data\raw_v2\ciplab_faces\real_and_fake_face\training_real\real_00984.jpg,0,ciplab_training_real,id,0.999215
R:\_Projects\Eurus_Workspace\HolmHz\data\raw_v2\diffusion_fakes\Real\REAL_4130.jpg,0,deepfake_collection_real,id,0.959854
R:\_Projects\Eurus_Workspace\HolmHz\data\raw_v2\rvf10k\rvf10k\train\fake\IT7SARL3BL.jpg,1,rvf10k_train_fake,id,0.033687
R:\_Projects\Eurus_Workspace\HolmHz\data\raw_v2\ciplab_faces\real_and_fake_face_detection\real_and_fake_face\training_real\real_00584.jpg,0,ciplab_training_real,id,0.994125
R:\_Projects\Eurus_Workspace\HolmHz\data\raw_v2\deepdetect2025\ddata\train\real\11791.jpg,0,dd2025_real,id,0.881533
R:\_Projects\Eurus_Workspace\HolmHz\data\raw_v2\diffusion_fakes\Real\REAL_2609.jpg,0,deepfake_collection_real,id,0.064392
R:\_Projects\Eurus_Workspace\HolmHz\data\raw_v2\rvf10k\rvf10k\train\real\55685.jpg,0,rvf10k_train_real,id,0.898983
R:\_Projects\Eurus_Workspace\HolmHz\data\raw_v2\diffusion_fakes\Real\REAL_5011.jpg,0,deepfake_collection_real,id,0.883502
R:\_Projects\Eurus_Workspace\HolmHz\data\raw_v2\rvf10k\rvf10k\train\real\39365.jpg,0,rvf10k_train_real,id,0.216638
R:\_Projects\Eurus_Workspace\HolmHz\data\raw_v2\diffusion_fakes\DALL-E\DALL-E_0214.jpg,1,dalle_fake,id,0.893490
R:\_Projects\Eurus_Workspace\HolmHz\data\raw_v2\diffusion_fakes\Real\REAL_3109.jpg,0,deepfake_collection_real,id,0.583103
R:\_Projects\Eurus_Workspace\HolmHz\data\raw_v2\diffusion_fakes\DALL-E\DALL-E_0193.jpg,1,dalle_fake,id,0.905161
R:\_Projects\Eurus_Workspace\HolmHz\data\raw_v2\rvf10k\rvf10k\train\real\43353.jpg,0,rvf10k_train_real,id,0.051355
R:\_Projects\Eurus_Workspace\HolmHz\data\raw_v2\rvf10k\rvf10k\train\real\18431.jpg,0,rvf10k_train_real,id,0.492277
R:\_Projects\Eurus_Workspace\HolmHz\data\raw_v2\deepdetect2025\ddata\train\real\28339.jpg,0,dd2025_real,id,0.819492
R:\_Projects\Eurus_Workspace\HolmHz\data\raw_v2\deepdetect2025\ddata\train\fake\fake_016006.jpg,1,dd2025_fake,id,0.095785
R:\_Projects\Eurus_Workspace\HolmHz\data\raw_v2\deepdetect2025\ddata\train\fake\fake_019369.jpg,1,dd2025_fake,id,0.043583
R:\_Projects\Eurus_Workspace\HolmHz\data\raw_v2\deepdetect2025\ddata\train\real\12892.jpg,0,dd2025_real,id,0.571394
R:\_Projects\Eurus_Workspace\HolmHz\data\raw_v2\camera_vs_ai\ai vs real photos\Ai_Images\182.jpg,1,camera_train_ai,id,0.451592
R:\_Projects\Eurus_Workspace\HolmHz\data\raw_v2\rvf10k\rvf10k\valid\fake\PD0CRHNAN3.jpg,1,rvf10k_valid_fake,id,0.027922
R:\_Projects\Eurus_Workspace\HolmHz\data\raw_v2\diffusion_fakes\Stable Diffusion\Stable_Diffusion_38.jpg,1,sd_fake,id,0.105130
R:\_Projects\Eurus_Workspace\HolmHz\data\raw_v2\diffusion_fakes\DALL-E\DALL-E_0182.jpg,1,dalle_fake,id,0.648064
R:\_Projects\Eurus_Workspace\HolmHz\data\raw_v2\rvf10k\rvf10k\valid\fake\XB8FCR2VSR.jpg,1,rvf10k_valid_fake,id,0.077862
R:\_Projects\Eurus_Workspace\HolmHz\data\raw_v2\diffusion_fakes\Real\REAL_3861.jpg,0,deepfake_collection_real,id,0.503214
R:\_Projects\Eurus_Workspace\HolmHz\data\raw_v2\rvf10k\rvf10k\train\real\53921.jpg,0,rvf10k_train_real,id,0.548346
R:\_Projects\Eurus_Workspace\HolmHz\data\raw_v2\diffusion_fakes\DALL-E\DALL-E_1461.jpg,1,dalle_fake,id,0.362985
R:\_Projects\Eurus_Workspace\HolmHz\data\raw_v2\deepdetect2025\ddata\train\fake\fake_015233.jpg,1,dd2025_fake,id,0.669578
R:\_Projects\Eurus_Workspace\HolmHz\data\raw_v2\deepdetect2025\ddata\train\fake\fake_012084.jpg,1,dd2025_fake,id,0.417865
R:\_Projects\Eurus_Workspace\HolmHz\data\raw_v2\diffusion_fakes\Real\REAL_0832.jpg,0,deepfake_collection_real,id,0.942312
R:\_Projects\Eurus_Workspace\HolmHz\data\raw_v2\rvf10k\rvf10k\valid\fake\TUJX90NDNZ.jpg,1,rvf10k_valid_fake,id,0.454721
R:\_Projects\Eurus_Workspace\HolmHz\data\raw_v2\deepdetect2025\ddata\train\fake\fake_033146.jpg,1,dd2025_fake,id,0.954522
R:\_Projects\Eurus_Workspace\HolmHz\data\raw_v2\deepdetect2025\ddata\train\fake\fake_013005.jpg,1,dd2025_fake,id,0.135646
R:\_Projects\Eurus_Workspace\HolmHz\data\raw_v2\rvf10k\rvf10k\train\fake\CQ023XDZH3.jpg,1,rvf10k_train_fake,id,0.960654
R:\_Projects\Eurus_Workspace\HolmHz\data\raw_v2\rvf10k\rvf10k\valid\fake\SA4C6HZDG2.jpg,1,rvf10k_valid_fake,id,0.969452
R:\_Projects\Eurus_Workspace\HolmHz\data\raw_v2\diffusion_fakes\Real\REAL_5028.jpg,0,deepfake_collection_real,id,0.001064
R:\_Projects\Eurus_Workspace\HolmHz\data\raw_v2\rvf10k\rvf10k\train\fake\G8KC3QSGW7.jpg,1,rvf10k_train_fake,id,0.448503
R:\_Projects\Eurus_Workspace\HolmHz\data\raw_v2\deepdetect2025\ddata\train\real\25995.jpg,0,dd2025_real,id,0.427206
R:\_Projects\Eurus_Workspace\HolmHz\data\raw_v2\diffusion_fakes\Real\REAL_5542.jpg,0,deepfake_collection_real,id,0.169853
R:\_Projects\Eurus_Workspace\HolmHz\data\raw_v2\diffusion_fakes\Real\REAL_3803.jpg,0,deepfake_collection_real,id,0.637723
R:\_Projects\Eurus_Workspace\HolmHz\data\raw_v2\diffusion_fakes\Stable Diffusion\Stable_Diffusion_50.jpg,1,sd_fake,id,0.058871
R:\_Projects\Eurus_Workspace\HolmHz\data\raw_v2\rvf10k\rvf10k\train\real\65470.jpg,0,rvf10k_train_real,id,0.112681
R:\_Projects\Eurus_Workspace\HolmHz\data\raw_v2\deepdetect2025\ddata\train\real\35475.jpg,0,dd2025_real,id,0.402147
R:\_Projects\Eurus_Workspace\HolmHz\data\raw_v2\deepdetect2025\ddata\train\real\16504.jpg,0,dd2025_real,id,0.077885
R:\_Projects\Eurus_Workspace\HolmHz\data\raw_v2\deepdetect2025\ddata\train\real\64475.jpg,0,dd2025_real,id,0.113065
R:\_Projects\Eurus_Workspace\HolmHz\data\raw_v2\deepdetect2025\ddata\train\real\66759.jpg,0,dd2025_real,id,0.348619
R:\_Projects\Eurus_Workspace\HolmHz\data\raw_v2\ciplab_faces\real_and_fake_face\training_real\real_00936.jpg,0,ciplab_training_real,id,0.781653
R:\_Projects\Eurus_Workspace\HolmHz\data\raw_v2\diffusion_fakes\Real\REAL_1993.jpg,0,deepfake_collection_real,id,0.797941
R:\_Projects\Eurus_Workspace\HolmHz\data\raw_v2\diffusion_fakes\Stable Diffusion\Stable_Diffusion_1290.jpg,1,sd_fake,id,0.256542
R:\_Projects\Eurus_Workspace\HolmHz\data\raw_v2\diffusion_fakes\DALL-E\DALL-E_0906.jpg,1,dalle_fake,id,0.542474
R:\_Projects\Eurus_Workspace\HolmHz\data\raw_v2\rvf10k\rvf10k\train\fake\RLCVF0OS2J.jpg,1,rvf10k_train_fake,id,0.008132
R:\_Projects\Eurus_Workspace\HolmHz\data\raw_v2\deepdetect2025\ddata\train\fake\fake_030174.jpg,1,dd2025_fake,id,0.009149
R:\_Projects\Eurus_Workspace\HolmHz\data\raw_v2\diffusion_fakes\Real\REAL_3998.jpg,0,deepfake_collection_real,id,0.460980
R:\_Projects\Eurus_Workspace\HolmHz\data\raw_v2\deepdetect2025\ddata\train\real\47064.jpg,0,dd2025_real,id,0.180019
R:\_Projects\Eurus_Workspace\HolmHz\data\raw_v2\diffusion_fakes\Real\REAL_3957.jpg,0,deepfake_collection_real,id,0.833131
R:\_Projects\Eurus_Workspace\HolmHz\data\raw_v2\deepdetect2025\ddata\train\real\28377.jpg,0,dd2025_real,id,0.241830
R:\_Projects\Eurus_Workspace\HolmHz\data\raw_v2\rvf10k\rvf10k\train\real\44534.jpg,0,rvf10k_train_real,id,0.108178
R:\_Projects\Eurus_Workspace\HolmHz\data\raw_v2\deepdetect2025\ddata\train\real\19745.jpg,0,dd2025_real,id,0.997423
R:\_Projects\Eurus_Workspace\HolmHz\data\raw_v2\diffusion_fakes\Real\REAL_2798.jpg,0,deepfake_collection_real,id,0.072228
R:\_Projects\Eurus_Workspace\HolmHz\data\raw_v2\rvf10k\rvf10k\valid\fake\6AAUG469PL.jpg,1,rvf10k_valid_fake,id,0.993569
R:\_Projects\Eurus_Workspace\HolmHz\data\raw_v2\deepdetect2025\ddata\train\real\42346.jpg,0,dd2025_real,id,0.084442
R:\_Projects\Eurus_Workspace\HolmHz\data\raw_v2\diffusion_fakes\Stable Diffusion\Stable_Diffusion_854.jpg,1,sd_fake,id,0.100174
R:\_Projects\Eurus_Workspace\HolmHz\data\raw_v2\deepdetect2025\ddata\train\real\01298.jpg,0,dd2025_real,id,0.266461
R:\_Projects\Eurus_Workspace\HolmHz\data\raw_v2\diffusion_fakes\Real\REAL_4708.jpg,0,deepfake_collection_real,id,0.020151
R:\_Projects\Eurus_Workspace\HolmHz\data\raw_v2\deepdetect2025\ddata\train\fake\fake_008715.jpg,1,dd2025_fake,id,0.192627
R:\_Projects\Eurus_Workspace\HolmHz\data\raw_v2\deepdetect2025\ddata\train\real\46445.jpg,0,dd2025_real,id,0.239793
R:\_Projects\Eurus_Workspace\HolmHz\data\raw_v2\deepdetect2025\ddata\train\real\66614.jpg,0,dd2025_real,id,0.887890
R:\_Projects\Eurus_Workspace\HolmHz\data\raw_v2\diffusion_fakes\DALL-E\DALL-E_0128.jpg,1,dalle_fake,id,0.045005
R:\_Projects\Eurus_Workspace\HolmHz\data\raw_v2\ciplab_faces\real_and_fake_face_detection\real_and_fake_face\training_real\real_00068.jpg,0,ciplab_training_real,id,0.949864
R:\_Projects\Eurus_Workspace\HolmHz\data\raw_v2\diffusion_fakes\Real\REAL_2013.jpg,0,deepfake_collection_real,id,0.980560
R:\_Projects\Eurus_Workspace\HolmHz\data\raw_v2\diffusion_fakes\DALL-E\DALL-E_1397.jpg,1,dalle_fake,id,0.253073
R:\_Projects\Eurus_Workspace\HolmHz\data\raw_v2\deepdetect2025\ddata\train\real\40302.jpg,0,dd2025_real,id,0.304049
R:\_Projects\Eurus_Workspace\HolmHz\data\raw_v2\diffusion_fakes\Real\REAL_1812.jpg,0,deepfake_collection_real,id,0.885620
R:\_Projects\Eurus_Workspace\HolmHz\data\raw_v2\ciplab_faces\real_and_fake_face\training_real\real_00338.jpg,0,ciplab_training_real,id,0.973484
R:\_Projects\Eurus_Workspace\HolmHz\data\raw_v2\deepdetect2025\ddata\train\fake\fake_021121.jpg,1,dd2025_fake,id,0.369670
R:\_Projects\Eurus_Workspace\HolmHz\data\raw_v2\deepdetect2025\ddata\train\fake\fake_022382.jpg,1,dd2025_fake,id,0.758067
R:\_Projects\Eurus_Workspace\HolmHz\data\raw_v2\rvf10k\rvf10k\train\fake\AQKMNG0YZ5.jpg,1,rvf10k_train_fake,id,0.132736
R:\_Projects\Eurus_Workspace\HolmHz\data\raw_v2\deepdetect2025\ddata\train\fake\fake_020370.jpg,1,dd2025_fake,id,0.095273
R:\_Projects\Eurus_Workspace\HolmHz\data\raw_v2\diffusion_fakes\Real\REAL_4050.jpg,0,deepfake_collection_real,id,0.690976
R:\_Projects\Eurus_Workspace\HolmHz\data\raw_v2\diffusion_fakes\Real\REAL_3915.jpg,0,deepfake_collection_real,id,0.976750
R:\_Projects\Eurus_Workspace\HolmHz\data\raw_v2\deepdetect2025\ddata\train\real\57292.jpg,0,dd2025_real,id,0.195871
R:\_Projects\Eurus_Workspace\HolmHz\data\raw_v2\diffusion_fakes\Real\REAL_3132.jpg,0,deepfake_collection_real,id,0.885337
R:\_Projects\Eurus_Workspace\HolmHz\data\raw_v2\rvf10k\rvf10k\train\fake\VHFZAPXEA7.jpg,1,rvf10k_train_fake,id,0.222468
R:\_Projects\Eurus_Workspace\HolmHz\data\raw_v2\rvf10k\rvf10k\train\fake\TIFMLVY2KN.jpg,1,rvf10k_train_fake,id,0.063287
R:\_Projects\Eurus_Workspace\HolmHz\data\raw_v2\deepdetect2025\ddata\train\fake\fake_017218.jpg,1,dd2025_fake,id,0.976140
R:\_Projects\Eurus_Workspace\HolmHz\data\raw_v2\rvf10k\rvf10k\valid\fake\CVVIVY9PJ7.jpg,1,rvf10k_valid_fake,id,0.014719
R:\_Projects\Eurus_Workspace\HolmHz\data\raw_v2\rvf10k\rvf10k\train\real\36292.jpg,0,rvf10k_train_real,id,0.040034
R:\_Projects\Eurus_Workspace\HolmHz\data\raw_v2\diffusion_fakes\Real\REAL_4999.jpg,0,deepfake_collection_real,id,0.029485
R:\_Projects\Eurus_Workspace\HolmHz\data\raw_v2\rvf10k\rvf10k\train\real\27930.jpg,0,rvf10k_train_real,id,0.556502
R:\_Projects\Eurus_Workspace\HolmHz\data\raw_v2\rvf10k\rvf10k\valid\real\40430.jpg,0,rvf10k_valid_real,id,0.903479
R:\_Projects\Eurus_Workspace\HolmHz\data\raw_v2\deepdetect2025\ddata\train\fake\fake_011452.jpg,1,dd2025_fake,id,0.713052
R:\_Projects\Eurus_Workspace\HolmHz\data\raw_v2\diffusion_fakes\Real\REAL_1161.jpg,0,deepfake_collection_real,id,0.986777
R:\_Projects\Eurus_Workspace\HolmHz\data\raw_v2\rvf10k\rvf10k\valid\fake\3RZEIIJW9A.jpg,1,rvf10k_valid_fake,id,0.984228
R:\_Projects\Eurus_Workspace\HolmHz\data\raw_v2\ciplab_faces\real_and_fake_face\training_real\real_00118.jpg,0,ciplab_training_real,id,0.924101
R:\_Projects\Eurus_Workspace\HolmHz\data\raw_v2\deepdetect2025\ddata\train\real\17845.jpg,0,dd2025_real,id,0.032015
R:\_Projects\Eurus_Workspace\HolmHz\data\raw_v2\diffusion_fakes\Real\REAL_3249.jpg,0,deepfake_collection_real,id,0.805063
R:\_Projects\Eurus_Workspace\HolmHz\data\raw_v2\rvf10k\rvf10k\train\real\51235.jpg,0,rvf10k_train_real,id,0.988085
R:\_Projects\Eurus_Workspace\HolmHz\data\raw_v2\diffusion_fakes\DALL-E\DALL-E_0426.jpg,1,dalle_fake,id,0.130662
R:\_Projects\Eurus_Workspace\HolmHz\data\raw_v2\deepdetect2025\ddata\train\real\35660.jpg,0,dd2025_real,id,0.067901
R:\_Projects\Eurus_Workspace\HolmHz\data\raw_v2\deepdetect2025\ddata\train\fake\fake_006058.jpg,1,dd2025_fake,id,0.156083
R:\_Projects\Eurus_Workspace\HolmHz\data\raw_v2\deepdetect2025\ddata\train\fake\fake_005308.jpg,1,dd2025_fake,id,0.410786
R:\_Projects\Eurus_Workspace\HolmHz\data\raw_v2\diffusion_fakes\Real\REAL_4677.jpg,0,deepfake_collection_real,id,0.081238
R:\_Projects\Eurus_Workspace\HolmHz\data\raw_v2\ciplab_faces\real_and_fake_face_detection\real_and_fake_face\training_real\real_00998.jpg,0,ciplab_training_real,id,0.094945
R:\_Projects\Eurus_Workspace\HolmHz\data\raw_v2\rvf10k\rvf10k\train\real\61439.jpg,0,rvf10k_train_real,id,0.728548
R:\_Projects\Eurus_Workspace\HolmHz\data\raw_v2\deepdetect2025\ddata\train\fake\fake_011842.jpg,1,dd2025_fake,id,0.846470
R:\_Projects\Eurus_Workspace\HolmHz\data\raw_v2\deepdetect2025\ddata\train\real\12024.jpg,0,dd2025_real,id,0.997638
R:\_Projects\Eurus_Workspace\HolmHz\data\raw_v2\diffusion_fakes\DALL-E\DALL-E_1363.jpg,1,dalle_fake,id,0.683489
R:\_Projects\Eurus_Workspace\HolmHz\data\raw_v2\rvf10k\rvf10k\train\fake\D5JBBE4Y6S.jpg,1,rvf10k_train_fake,id,0.561935
R:\_Projects\Eurus_Workspace\HolmHz\data\raw_v2\diffusion_fakes\Real\REAL_4528.jpg,0,deepfake_collection_real,id,0.079991
R:\_Projects\Eurus_Workspace\HolmHz\data\raw_v2\ciplab_faces\real_and_fake_face_detection\real_and_fake_face\training_fake\mid_163_1001.jpg,1,ciplab_training_fake,id,0.711150
R:\_Projects\Eurus_Workspace\HolmHz\data\raw_v2\rvf10k\rvf10k\train\real\15185.jpg,0,rvf10k_train_real,id,0.918063
R:\_Projects\Eurus_Workspace\HolmHz\data\raw_v2\rvf10k\rvf10k\train\real\25430.jpg,0,rvf10k_train_real,id,0.208790
R:\_Projects\Eurus_Workspace\HolmHz\data\raw_v2\diffusion_fakes\Real\REAL_2789.jpg,0,deepfake_collection_real,id,0.862386
R:\_Projects\Eurus_Workspace\HolmHz\data\raw_v2\deepdetect2025\ddata\train\fake\fake_036547.jpg,1,dd2025_fake,id,0.703365
R:\_Projects\Eurus_Workspace\HolmHz\data\raw_v2\deepdetect2025\ddata\train\fake\fake_006083.jpg,1,dd2025_fake,id,0.977959
R:\_Projects\Eurus_Workspace\HolmHz\data\raw_v2\ciplab_faces\real_and_fake_face\training_fake\easy_140_1111.jpg,1,ciplab_training_fake,id,0.999163
R:\_Projects\Eurus_Workspace\HolmHz\data\raw_v2\diffusion_fakes\Stable Diffusion\Stable_Diffusion_439.jpg,1,sd_fake,id,0.149778
R:\_Projects\Eurus_Workspace\HolmHz\data\raw_v2\rvf10k\rvf10k\train\real\38241.jpg,0,rvf10k_train_real,id,0.247189
R:\_Projects\Eurus_Workspace\HolmHz\data\raw_v2\diffusion_fakes\Real\REAL_3924.jpg,0,deepfake_collection_real,id,0.412852
R:\_Projects\Eurus_Workspace\HolmHz\data\raw_v2\ciplab_faces\real_and_fake_face_detection\real_and_fake_face\training_fake\mid_378_1110.jpg,1,ciplab_training_fake,id,0.957715
R:\_Projects\Eurus_Workspace\HolmHz\data\raw_v2\rvf10k\rvf10k\valid\fake\LQSSCA0GNJ.jpg,1,rvf10k_valid_fake,id,0.028821
R:\_Projects\Eurus_Workspace\HolmHz\data\raw_v2\rvf10k\rvf10k\valid\fake\RO0FHJQA3J.jpg,1,rvf10k_valid_fake,id,0.111647
R:\_Projects\Eurus_Workspace\HolmHz\data\raw_v2\ciplab_faces\real_and_fake_face\training_fake\hard_30_1101.jpg,1,ciplab_training_fake,id,0.998563
R:\_Projects\Eurus_Workspace\HolmHz\data\raw_v2\diffusion_fakes\DALL-E\DALL-E_0300.jpg,1,dalle_fake,id,0.974966
R:\_Projects\Eurus_Workspace\HolmHz\data\raw_v2\deepdetect2025\ddata\train\fake\fake_005193.jpg,1,dd2025_fake,id,0.963684
R:\_Projects\Eurus_Workspace\HolmHz\data\raw_v2\deepdetect2025\ddata\train\fake\fake_032578.jpg,1,dd2025_fake,id,0.014285
R:\_Projects\Eurus_Workspace\HolmHz\data\raw_v2\rvf10k\rvf10k\train\fake\GL58K6AKTV.jpg,1,rvf10k_train_fake,id,0.028328
R:\_Projects\Eurus_Workspace\HolmHz\data\raw_v2\rvf10k\rvf10k\train\real\01698.jpg,0,rvf10k_train_real,id,0.995316
R:\_Projects\Eurus_Workspace\HolmHz\data\raw_v2\deepdetect2025\ddata\train\real\36619.jpg,0,dd2025_real,id,0.553454
R:\_Projects\Eurus_Workspace\HolmHz\data\raw_v2\rvf10k\rvf10k\valid\fake\Z4Q7EWL3BO.jpg,1,rvf10k_valid_fake,id,0.778213
R:\_Projects\Eurus_Workspace\HolmHz\data\raw_v2\rvf10k\rvf10k\train\real\68058.jpg,0,rvf10k_train_real,id,0.962649
R:\_Projects\Eurus_Workspace\HolmHz\data\raw_v2\diffusion_fakes\Stable Diffusion\Stable_Diffusion_976.jpg,1,sd_fake,id,0.331536
R:\_Projects\Eurus_Workspace\HolmHz\data\raw_v2\deepdetect2025\ddata\train\real\52351.jpg,0,dd2025_real,id,0.052153
R:\_Projects\Eurus_Workspace\HolmHz\data\raw_v2\ciplab_faces\real_and_fake_face\training_fake\hard_57_0110.jpg,1,ciplab_training_fake,id,0.126353
R:\_Projects\Eurus_Workspace\HolmHz\data\raw_v2\deepdetect2025\ddata\train\fake\fake_001665.jpg,1,dd2025_fake,id,0.160393
R:\_Projects\Eurus_Workspace\HolmHz\data\raw_v2\rvf10k\rvf10k\train\real\55230.jpg,0,rvf10k_train_real,id,0.054294
R:\_Projects\Eurus_Workspace\HolmHz\data\raw_v2\deepdetect2025\ddata\train\real\60651.jpg,0,dd2025_real,id,0.465855
R:\_Projects\Eurus_Workspace\HolmHz\data\raw_v2\rvf10k\rvf10k\train\real\44901.jpg,0,rvf10k_train_real,id,0.555479
R:\_Projects\Eurus_Workspace\HolmHz\data\raw_v2\deepdetect2025\ddata\train\fake\fake_004091.jpg,1,dd2025_fake,id,0.054899
R:\_Projects\Eurus_Workspace\HolmHz\data\raw_v2\diffusion_fakes\Stable Diffusion\Stable_Diffusion_1723.jpg,1,sd_fake,id,0.981754
R:\_Projects\Eurus_Workspace\HolmHz\data\raw_v2\deepdetect2025\ddata\train\real\62784.jpg,0,dd2025_real,id,0.488670
R:\_Projects\Eurus_Workspace\HolmHz\data\raw_v2\diffusion_fakes\DALL-E\DALL-E_1918.jpg,1,dalle_fake,id,0.957393
R:\_Projects\Eurus_Workspace\HolmHz\data\raw_v2\rvf10k\rvf10k\train\fake\T3CRWVPSHH.jpg,1,rvf10k_train_fake,id,0.139695
R:\_Projects\Eurus_Workspace\HolmHz\data\raw_v2\rvf10k\rvf10k\valid\fake\2DG8I6HS6R.jpg,1,rvf10k_valid_fake,id,0.024342
R:\_Projects\Eurus_Workspace\HolmHz\data\raw_v2\rvf10k\rvf10k\train\fake\Z2F693LXNH.jpg,1,rvf10k_train_fake,id,0.006394
R:\_Projects\Eurus_Workspace\HolmHz\data\raw_v2\ciplab_faces\real_and_fake_face\training_real\real_00077.jpg,0,ciplab_training_real,id,0.526208
R:\_Projects\Eurus_Workspace\HolmHz\data\raw_v2\rvf10k\rvf10k\train\fake\79RX0B6VZM.jpg,1,rvf10k_train_fake,id,0.041443
R:\_Projects\Eurus_Workspace\HolmHz\data\raw_v2\rvf10k\rvf10k\train\fake\NCLCN6N75A.jpg,1,rvf10k_train_fake,id,0.071678
R:\_Projects\Eurus_Workspace\HolmHz\data\raw_v2\diffusion_fakes\Real\REAL_2468.jpg,0,deepfake_collection_real,id,0.257514
R:\_Projects\Eurus_Workspace\HolmHz\data\raw_v2\deepdetect2025\ddata\train\fake\fake_010051.jpg,1,dd2025_fake,id,0.360270
R:\_Projects\Eurus_Workspace\HolmHz\data\raw_v2\deepdetect2025\ddata\train\real\65972.jpg,0,dd2025_real,id,0.689469
R:\_Projects\Eurus_Workspace\HolmHz\data\raw_v2\rvf10k\rvf10k\train\fake\IVT6MVIR6Y.jpg,1,rvf10k_train_fake,id,0.386534
R:\_Projects\Eurus_Workspace\HolmHz\data\raw_v2\diffusion_fakes\Real\REAL_3572.jpg,0,deepfake_collection_real,id,0.033120
R:\_Projects\Eurus_Workspace\HolmHz\data\raw_v2\deepdetect2025\ddata\train\real\54764.jpg,0,dd2025_real,id,0.015511
R:\_Projects\Eurus_Workspace\HolmHz\data\raw_v2\diffusion_fakes\Real\REAL_5603.jpg,0,deepfake_collection_real,id,0.037056
R:\_Projects\Eurus_Workspace\HolmHz\data\raw_v2\diffusion_fakes\Midjourney\Midjourney_0063.png,1,midjourney_fake,id,0.969873
R:\_Projects\Eurus_Workspace\HolmHz\data\raw_v2\diffusion_fakes\Midjourney\Midjourney_0503.png,1,midjourney_fake,id,0.131194
R:\_Projects\Eurus_Workspace\HolmHz\data\raw_v2\diffusion_fakes\Stable Diffusion\Stable_Diffusion_364.jpg,1,sd_fake,id,0.100839
R:\_Projects\Eurus_Workspace\HolmHz\data\raw_v2\deepdetect2025\ddata\train\real\29806.jpg,0,dd2025_real,id,0.996955
R:\_Projects\Eurus_Workspace\HolmHz\data\raw_v2\diffusion_fakes\Real\REAL_2335.jpg,0,deepfake_collection_real,id,0.235243
R:\_Projects\Eurus_Workspace\HolmHz\data\raw_v2\deepdetect2025\ddata\train\fake\fake_021902.jpg,1,dd2025_fake,id,0.027708
R:\_Projects\Eurus_Workspace\HolmHz\data\raw_v2\rvf10k\rvf10k\valid\fake\2RQ5167O09.jpg,1,rvf10k_valid_fake,id,0.872315
R:\_Projects\Eurus_Workspace\HolmHz\data\raw_v2\ciplab_faces\real_and_fake_face_detection\real_and_fake_face\training_fake\hard_139_1011.jpg,1,ciplab_training_fake,id,0.136137
R:\_Projects\Eurus_Workspace\HolmHz\data\raw_v2\rvf10k\rvf10k\train\fake\IMX17F2UL8.jpg,1,rvf10k_train_fake,id,0.999915
R:\_Projects\Eurus_Workspace\HolmHz\data\raw_v2\deepdetect2025\ddata\train\fake\fake_025602.jpg,1,dd2025_fake,id,0.428451
R:\_Projects\Eurus_Workspace\HolmHz\data\raw_v2\ciplab_faces\real_and_fake_face\training_fake\mid_296_1111.jpg,1,ciplab_training_fake,id,0.860888
R:\_Projects\Eurus_Workspace\HolmHz\data\raw_v2\rvf10k\rvf10k\valid\fake\8CHYFIL4SA.jpg,1,rvf10k_valid_fake,id,0.784958
R:\_Projects\Eurus_Workspace\HolmHz\data\raw_v2\deepdetect2025\ddata\train\real\33065.jpg,0,dd2025_real,id,0.622354
R:\_Projects\Eurus_Workspace\HolmHz\data\raw_v2\rvf10k\rvf10k\train\real\42119.jpg,0,rvf10k_train_real,id,0.655556
R:\_Projects\Eurus_Workspace\HolmHz\data\raw_v2\rvf10k\rvf10k\valid\fake\8G35LB2G1A.jpg,1,rvf10k_valid_fake,id,0.955823
R:\_Projects\Eurus_Workspace\HolmHz\data\raw_v2\deepdetect2025\ddata\train\real\46102.jpg,0,dd2025_real,id,0.023974
R:\_Projects\Eurus_Workspace\HolmHz\data\raw_v2\deepdetect2025\ddata\train\fake\fake_031078.jpg,1,dd2025_fake,id,0.639595
R:\_Projects\Eurus_Workspace\HolmHz\data\raw_v2\deepdetect2025\ddata\train\fake\fake_004447.jpg,1,dd2025_fake,id,0.013956
R:\_Projects\Eurus_Workspace\HolmHz\data\raw_v2\diffusion_fakes\Real\REAL_1751.jpg,0,deepfake_collection_real,id,0.795831
R:\_Projects\Eurus_Workspace\HolmHz\data\raw_v2\diffusion_fakes\Real\REAL_4598.jpg,0,deepfake_collection_real,id,0.270191
R:\_Projects\Eurus_Workspace\HolmHz\data\raw_v2\deepdetect2025\ddata\train\real\10185.jpg,0,dd2025_real,id,0.797656
R:\_Projects\Eurus_Workspace\HolmHz\data\raw_v2\deepdetect2025\ddata\train\real\53809.jpg,0,dd2025_real,id,0.994840
R:\_Projects\Eurus_Workspace\HolmHz\data\raw_v2\deepdetect2025\ddata\train\fake\fake_032136.jpg,1,dd2025_fake,id,0.079781
R:\_Projects\Eurus_Workspace\HolmHz\data\raw_v2\ciplab_faces\real_and_fake_face_detection\real_and_fake_face\training_fake\mid_294_1110.jpg,1,ciplab_training_fake,id,0.742935
R:\_Projects\Eurus_Workspace\HolmHz\data\raw_v2\deepdetect2025\ddata\train\fake\fake_037478.jpg,1,dd2025_fake,id,0.054830
R:\_Projects\Eurus_Workspace\HolmHz\data\raw_v2\deepdetect2025\ddata\train\fake\fake_006036.jpg,1,dd2025_fake,id,0.402719
R:\_Projects\Eurus_Workspace\HolmHz\data\raw_v2\deepdetect2025\ddata\train\fake\fake_012807.jpg,1,dd2025_fake,id,0.010352
R:\_Projects\Eurus_Workspace\HolmHz\data\raw_v2\deepdetect2025\ddata\train\real\45118.jpg,0,dd2025_real,id,0.123736
R:\_Projects\Eurus_Workspace\HolmHz\data\raw_v2\rvf10k\rvf10k\train\fake\W24663MD9O.jpg,1,rvf10k_train_fake,id,0.112741
R:\_Projects\Eurus_Workspace\HolmHz\data\raw_v2\deepdetect2025\ddata\train\fake\fake_014930.jpg,1,dd2025_fake,id,0.053078
R:\_Projects\Eurus_Workspace\HolmHz\data\raw_v2\diffusion_fakes\DALL-E\DALL-E_1290.jpg,1,dalle_fake,id,0.886097
R:\_Projects\Eurus_Workspace\HolmHz\data\raw_v2\rvf10k\rvf10k\train\fake\6JYJ9Z9F3B.jpg,1,rvf10k_train_fake,id,0.551212
R:\_Projects\Eurus_Workspace\HolmHz\data\raw_v2\diffusion_fakes\DALL-E\DALL-E_0616.jpg,1,dalle_fake,id,0.254647
R:\_Projects\Eurus_Workspace\HolmHz\data\raw_v2\deepdetect2025\ddata\train\fake\fake_023093.jpg,1,dd2025_fake,id,0.659635
R:\_Projects\Eurus_Workspace\HolmHz\data\raw_v2\diffusion_fakes\Stable Diffusion\Stable_Diffusion_572.jpg,1,sd_fake,id,0.253992
R:\_Projects\Eurus_Workspace\HolmHz\data\raw_v2\ciplab_faces\real_and_fake_face\training_real\real_00830.jpg,0,ciplab_training_real,id,0.096710
R:\_Projects\Eurus_Workspace\HolmHz\data\raw_v2\deepdetect2025\ddata\train\real\56452.jpg,0,dd2025_real,id,0.008473
R:\_Projects\Eurus_Workspace\HolmHz\data\raw_v2\deepdetect2025\ddata\train\real\21421.jpg,0,dd2025_real,id,0.941127
R:\_Projects\Eurus_Workspace\HolmHz\data\raw_v2\diffusion_fakes\Real\REAL_5766.jpg,0,deepfake_collection_real,id,0.584346
R:\_Projects\Eurus_Workspace\HolmHz\data\raw_v2\deepdetect2025\ddata\train\fake\fake_020448.jpg,1,dd2025_fake,id,0.875079
R:\_Projects\Eurus_Workspace\HolmHz\data\raw_v2\rvf10k\rvf10k\train\fake\JGEOWNZNEJ.jpg,1,rvf10k_train_fake,id,0.095560
R:\_Projects\Eurus_Workspace\HolmHz\data\raw_v2\deepdetect2025\ddata\train\real\25477.jpg,0,dd2025_real,id,0.967730
R:\_Projects\Eurus_Workspace\HolmHz\data\raw_v2\diffusion_fakes\Stable Diffusion\Stable_Diffusion_1352.jpg,1,sd_fake,id,0.172756
R:\_Projects\Eurus_Workspace\HolmHz\data\raw_v2\rvf10k\rvf10k\train\real\49057.jpg,0,rvf10k_train_real,id,0.015182
R:\_Projects\Eurus_Workspace\HolmHz\data\raw_v2\diffusion_fakes\Real\REAL_4460.jpg,0,deepfake_collection_real,id,0.226058
R:\_Projects\Eurus_Workspace\HolmHz\data\raw_v2\rvf10k\rvf10k\train\fake\4QI8F8I90B.jpg,1,rvf10k_train_fake,id,0.808092
R:\_Projects\Eurus_Workspace\HolmHz\data\raw_v2\diffusion_fakes\Real\REAL_0321.jpg,0,deepfake_collection_real,id,0.030037
R:\_Projects\Eurus_Workspace\HolmHz\data\raw_v2\camera_vs_ai\ai vs real photos\Camera_images\206.jpg,0,camera_train_real,id,0.836782
R:\_Projects\Eurus_Workspace\HolmHz\data\raw_v2\deepdetect2025\ddata\train\fake\fake_033795.jpg,1,dd2025_fake,id,0.015172
R:\_Projects\Eurus_Workspace\HolmHz\data\raw_v2\rvf10k\rvf10k\train\real\23399.jpg,0,rvf10k_train_real,id,0.355191
R:\_Projects\Eurus_Workspace\HolmHz\data\raw_v2\diffusion_fakes\Stable Diffusion\Stable_Diffusion_1559.jpg,1,sd_fake,id,0.151625
R:\_Projects\Eurus_Workspace\HolmHz\data\raw_v2\rvf10k\rvf10k\train\real\09186.jpg,0,rvf10k_train_real,id,0.646757
R:\_Projects\Eurus_Workspace\HolmHz\data\raw_v2\diffusion_fakes\Midjourney\Midjourney_0069.png,1,midjourney_fake,id,0.116985
R:\_Projects\Eurus_Workspace\HolmHz\data\raw_v2\deepdetect2025\ddata\train\fake\fake_024029.jpg,1,dd2025_fake,id,0.205029
R:\_Projects\Eurus_Workspace\HolmHz\data\raw_v2\diffusion_fakes\Stable Diffusion\Stable_Diffusion_1636.jpg,1,sd_fake,id,0.960145
R:\_Projects\Eurus_Workspace\HolmHz\data\raw_v2\deepdetect2025\ddata\train\real\14825.jpg,0,dd2025_real,id,0.459222
R:\_Projects\Eurus_Workspace\HolmHz\data\raw_v2\diffusion_fakes\Real\REAL_3686.jpg,0,deepfake_collection_real,id,0.740617
R:\_Projects\Eurus_Workspace\HolmHz\data\raw_v2\ciplab_faces\real_and_fake_face_detection\real_and_fake_face\training_fake\mid_375_1110.jpg,1,ciplab_training_fake,id,0.757066
R:\_Projects\Eurus_Workspace\HolmHz\data\raw_v2\ciplab_faces\real_and_fake_face_detection\real_and_fake_face\training_fake\hard_108_1111.jpg,1,ciplab_training_fake,id,0.683413
R:\_Projects\Eurus_Workspace\HolmHz\data\raw_v2\rvf10k\rvf10k\train\fake\VVG1TZ7AXZ.jpg,1,rvf10k_train_fake,id,0.782971
R:\_Projects\Eurus_Workspace\HolmHz\data\raw_v2\rvf10k\rvf10k\valid\real\33938.jpg,0,rvf10k_valid_real,id,0.042639
R:\_Projects\Eurus_Workspace\HolmHz\data\raw_v2\deepdetect2025\ddata\train\fake\fake_040130.jpg,1,dd2025_fake,id,0.082063
R:\_Projects\Eurus_Workspace\HolmHz\data\raw_v2\diffusion_fakes\Real\REAL_4308.jpg,0,deepfake_collection_real,id,0.770951
R:\_Projects\Eurus_Workspace\HolmHz\data\raw_v2\rvf10k\rvf10k\train\fake\H1JLRZ3J8U.jpg,1,rvf10k_train_fake,id,0.004293
R:\_Projects\Eurus_Workspace\HolmHz\data\raw_v2\deepdetect2025\ddata\train\real\56465.jpg,0,dd2025_real,id,0.160407
R:\_Projects\Eurus_Workspace\HolmHz\data\raw_v2\camera_vs_ai\ai vs real photos\Camera_images\164.jpg,0,camera_train_real,id,0.012447
R:\_Projects\Eurus_Workspace\HolmHz\data\raw_v2\diffusion_fakes\Real\REAL_0160.jpg,0,deepfake_collection_real,id,0.791329
R:\_Projects\Eurus_Workspace\HolmHz\data\raw_v2\diffusion_fakes\Real\REAL_2052.jpg,0,deepfake_collection_real,id,0.960275
R:\_Projects\Eurus_Workspace\HolmHz\data\raw_v2\diffusion_fakes\DALL-E\DALL-E_0698.jpg,1,dalle_fake,id,0.657743
R:\_Projects\Eurus_Workspace\HolmHz\data\raw_v2\diffusion_fakes\Real\REAL_4785.jpg,0,deepfake_collection_real,id,0.938146
R:\_Projects\Eurus_Workspace\HolmHz\data\raw_v2\diffusion_fakes\Real\REAL_2889.jpg,0,deepfake_collection_real,id,0.104330
R:\_Projects\Eurus_Workspace\HolmHz\data\raw_v2\ciplab_faces\real_and_fake_face\training_fake\easy_224_1100.jpg,1,ciplab_training_fake,id,0.595809
R:\_Projects\Eurus_Workspace\HolmHz\data\raw_v2\rvf10k\rvf10k\train\real\39227.jpg,0,rvf10k_train_real,id,0.813550
R:\_Projects\Eurus_Workspace\HolmHz\data\raw_v2\diffusion_fakes\Real\REAL_5812.jpg,0,deepfake_collection_real,id,0.636724
R:\_Projects\Eurus_Workspace\HolmHz\data\raw_v2\deepdetect2025\ddata\train\real\07405.jpg,0,dd2025_real,id,0.421058
R:\_Projects\Eurus_Workspace\HolmHz\data\raw_v2\deepdetect2025\ddata\train\real\55125.jpg,0,dd2025_real,id,0.933633
R:\_Projects\Eurus_Workspace\HolmHz\data\raw_v2\rvf10k\rvf10k\train\fake\2HRDQI629H.jpg,1,rvf10k_train_fake,id,0.225398
R:\_Projects\Eurus_Workspace\HolmHz\data\raw_v2\rvf10k\rvf10k\valid\real\02883.jpg,0,rvf10k_valid_real,id,0.302335
R:\_Projects\Eurus_Workspace\HolmHz\data\raw_v2\rvf10k\rvf10k\valid\fake\QLPQP937TK.jpg,1,rvf10k_valid_fake,id,0.113492
R:\_Projects\Eurus_Workspace\HolmHz\data\raw_v2\diffusion_fakes\Real\REAL_4977.jpg,0,deepfake_collection_real,id,0.087957
R:\_Projects\Eurus_Workspace\HolmHz\data\raw_v2\diffusion_fakes\Midjourney\Midjourney_0095.png,1,midjourney_fake,id,0.973119
R:\_Projects\Eurus_Workspace\HolmHz\data\raw_v2\rvf10k\rvf10k\train\fake\Q0CQY9L7D7.jpg,1,rvf10k_train_fake,id,0.777080
R:\_Projects\Eurus_Workspace\HolmHz\data\raw_v2\deepdetect2025\ddata\train\fake\fake_007830.jpg,1,dd2025_fake,id,0.004983
R:\_Projects\Eurus_Workspace\HolmHz\data\raw_v2\deepdetect2025\ddata\train\fake\fake_035714.jpg,1,dd2025_fake,id,0.283278
R:\_Projects\Eurus_Workspace\HolmHz\data\raw_v2\diffusion_fakes\Real\REAL_5009.jpg,0,deepfake_collection_real,id,0.661330
R:\_Projects\Eurus_Workspace\HolmHz\data\raw_v2\camera_vs_ai\ai vs real photos\Ai_Images\30.jpg,1,camera_train_ai,id,0.484774
R:\_Projects\Eurus_Workspace\HolmHz\data\raw_v2\ciplab_faces\real_and_fake_face_detection\real_and_fake_face\training_fake\hard_71_1100.jpg,1,ciplab_training_fake,id,0.309617
R:\_Projects\Eurus_Workspace\HolmHz\data\raw_v2\diffusion_fakes\Stable Diffusion\Stable_Diffusion_1196.jpg,1,sd_fake,id,0.069398
R:\_Projects\Eurus_Workspace\HolmHz\data\raw_v2\deepdetect2025\ddata\train\real\39355.jpg,0,dd2025_real,id,0.083113
R:\_Projects\Eurus_Workspace\HolmHz\data\raw_v2\diffusion_fakes\Real\REAL_4868.jpg,0,deepfake_collection_real,id,0.088905
R:\_Projects\Eurus_Workspace\HolmHz\data\raw_v2\diffusion_fakes\Real\REAL_1658.jpg,0,deepfake_collection_real,id,0.002923
R:\_Projects\Eurus_Workspace\HolmHz\data\raw_v2\rvf10k\rvf10k\train\real\14013.jpg,0,rvf10k_train_real,id,0.297391
R:\_Projects\Eurus_Workspace\HolmHz\data\raw_v2\deepdetect2025\ddata\train\real\57026.jpg,0,dd2025_real,id,0.004199
R:\_Projects\Eurus_Workspace\HolmHz\data\raw_v2\diffusion_fakes\DALL-E\DALL-E_1462.jpg,1,dalle_fake,id,0.051688
R:\_Projects\Eurus_Workspace\HolmHz\data\raw_v2\ciplab_faces\real_and_fake_face_detection\real_and_fake_face\training_real\real_00932.jpg,0,ciplab_training_real,id,0.114227
R:\_Projects\Eurus_Workspace\HolmHz\data\raw_v2\deepdetect2025\ddata\train\real\64835.jpg,0,dd2025_real,id,0.212515
R:\_Projects\Eurus_Workspace\HolmHz\data\raw_v2\diffusion_fakes\Midjourney\Midjourney_0059.png,1,midjourney_fake,id,0.073867
R:\_Projects\Eurus_Workspace\HolmHz\data\raw_v2\rvf10k\rvf10k\train\fake\GX7HA52C7M.jpg,1,rvf10k_train_fake,id,0.173228
R:\_Projects\Eurus_Workspace\HolmHz\data\raw_v2\diffusion_fakes\Real\REAL_0589.jpg,0,deepfake_collection_real,id,0.925072
R:\_Projects\Eurus_Workspace\HolmHz\data\raw_v2\ciplab_faces\real_and_fake_face_detection\real_and_fake_face\training_real\real_00333.jpg,0,ciplab_training_real,id,0.952655
R:\_Projects\Eurus_Workspace\HolmHz\data\raw_v2\rvf10k\rvf10k\train\fake\94MNQ89S6S.jpg,1,rvf10k_train_fake,id,0.007224
R:\_Projects\Eurus_Workspace\HolmHz\data\raw_v2\ciplab_faces\real_and_fake_face\training_fake\hard_240_1101.jpg,1,ciplab_training_fake,id,0.804064
R:\_Projects\Eurus_Workspace\HolmHz\data\raw_v2\diffusion_fakes\Stable Diffusion\Stable_Diffusion_1650.jpg,1,sd_fake,id,0.943427
R:\_Projects\Eurus_Workspace\HolmHz\data\raw_v2\rvf10k\rvf10k\train\real\00057.jpg,0,rvf10k_train_real,id,0.344918
R:\_Projects\Eurus_Workspace\HolmHz\data\raw_v2\ciplab_faces\real_and_fake_face_detection\real_and_fake_face\training_fake\mid_256_1100.jpg,1,ciplab_training_fake,id,0.912942
R:\_Projects\Eurus_Workspace\HolmHz\data\raw_v2\deepdetect2025\ddata\train\fake\fake_032347.jpg,1,dd2025_fake,id,0.124421
R:\_Projects\Eurus_Workspace\HolmHz\data\raw_v2\rvf10k\rvf10k\train\real\10855.jpg,0,rvf10k_train_real,id,0.196027
R:\_Projects\Eurus_Workspace\HolmHz\data\raw_v2\diffusion_fakes\Real\REAL_2516.jpg,0,deepfake_collection_real,id,0.744822
R:\_Projects\Eurus_Workspace\HolmHz\data\raw_v2\diffusion_fakes\Real\REAL_2168.jpg,0,deepfake_collection_real,id,0.203816
R:\_Projects\Eurus_Workspace\HolmHz\data\raw_v2\diffusion_fakes\Real\REAL_4434.jpg,0,deepfake_collection_real,id,0.547117
R:\_Projects\Eurus_Workspace\HolmHz\data\raw_v2\diffusion_fakes\Stable Diffusion\Stable_Diffusion_1887.jpg,1,sd_fake,id,0.538312
R:\_Projects\Eurus_Workspace\HolmHz\data\raw_v2\ciplab_faces\real_and_fake_face_detection\real_and_fake_face\training_fake\mid_57_1111.jpg,1,ciplab_training_fake,id,0.040530
R:\_Projects\Eurus_Workspace\HolmHz\data\raw_v2\rvf10k\rvf10k\train\real\00398.jpg,0,rvf10k_train_real,id,0.751878
R:\_Projects\Eurus_Workspace\HolmHz\data\raw_v2\diffusion_fakes\Real\REAL_3498.jpg,0,deepfake_collection_real,id,0.846370
R:\_Projects\Eurus_Workspace\HolmHz\data\raw_v2\diffusion_fakes\Real\REAL_1140.jpg,0,deepfake_collection_real,id,0.907462
R:\_Projects\Eurus_Workspace\HolmHz\data\raw_v2\deepdetect2025\ddata\train\real\10902.jpg,0,dd2025_real,id,0.007790
R:\_Projects\Eurus_Workspace\HolmHz\data\raw_v2\deepdetect2025\ddata\train\fake\fake_032184.jpg,1,dd2025_fake,id,0.350108
R:\_Projects\Eurus_Workspace\HolmHz\data\raw_v2\rvf10k\rvf10k\valid\fake\6OBLS6TEGH.jpg,1,rvf10k_valid_fake,id,0.995955
R:\_Projects\Eurus_Workspace\HolmHz\data\raw_v2\deepdetect2025\ddata\train\fake\fake_015904.jpg,1,dd2025_fake,id,0.997760
R:\_Projects\Eurus_Workspace\HolmHz\data\raw_v2\diffusion_fakes\Real\REAL_0394.jpg,0,deepfake_collection_real,id,0.367530
R:\_Projects\Eurus_Workspace\HolmHz\data\raw_v2\rvf10k\rvf10k\valid\fake\EQUT014Z28.jpg,1,rvf10k_valid_fake,id,0.097553
R:\_Projects\Eurus_Workspace\HolmHz\data\raw_v2\diffusion_fakes\Real\REAL_2388.jpg,0,deepfake_collection_real,id,0.112470
R:\_Projects\Eurus_Workspace\HolmHz\data\raw_v2\deepdetect2025\ddata\train\fake\fake_028731.jpg,1,dd2025_fake,id,0.003295
R:\_Projects\Eurus_Workspace\HolmHz\data\raw_v2\deepdetect2025\ddata\train\real\21064.jpg,0,dd2025_real,id,0.028755
R:\_Projects\Eurus_Workspace\HolmHz\data\raw_v2\diffusion_fakes\DALL-E\DALL-E_0498.jpg,1,dalle_fake,id,0.134106
R:\_Projects\Eurus_Workspace\HolmHz\data\raw_v2\diffusion_fakes\Real\REAL_0844.jpg,0,deepfake_collection_real,id,0.008199
R:\_Projects\Eurus_Workspace\HolmHz\data\raw_v2\rvf10k\rvf10k\train\fake\P05HE02980.jpg,1,rvf10k_train_fake,id,0.088883
R:\_Projects\Eurus_Workspace\HolmHz\data\raw_v2\ciplab_faces\real_and_fake_face_detection\real_and_fake_face\training_real\real_00125.jpg,0,ciplab_training_real,id,0.977315
R:\_Projects\Eurus_Workspace\HolmHz\data\raw_v2\deepdetect2025\ddata\train\fake\fake_039115.png,1,dd2025_fake,id,0.179890
R:\_Projects\Eurus_Workspace\HolmHz\data\raw_v2\diffusion_fakes\Real\REAL_2009.jpg,0,deepfake_collection_real,id,0.819802
R:\_Projects\Eurus_Workspace\HolmHz\data\raw_v2\deepdetect2025\ddata\train\fake\fake_008562.jpg,1,dd2025_fake,id,0.425408
R:\_Projects\Eurus_Workspace\HolmHz\data\raw_v2\diffusion_fakes\Real\REAL_3589.jpg,0,deepfake_collection_real,id,0.105280
R:\_Projects\Eurus_Workspace\HolmHz\data\raw_v2\diffusion_fakes\Real\REAL_1990.jpg,0,deepfake_collection_real,id,0.035717
R:\_Projects\Eurus_Workspace\HolmHz\data\raw_v2\diffusion_fakes\DALL-E\DALL-E_0539.jpg,1,dalle_fake,id,0.713759
R:\_Projects\Eurus_Workspace\HolmHz\data\raw_v2\ciplab_faces\real_and_fake_face\training_fake\hard_220_1111.jpg,1,ciplab_training_fake,id,0.494637
R:\_Projects\Eurus_Workspace\HolmHz\data\raw_v2\deepdetect2025\ddata\train\real\02964.jpg,0,dd2025_real,id,0.994570
R:\_Projects\Eurus_Workspace\HolmHz\data\raw_v2\diffusion_fakes\Stable Diffusion\Stable_Diffusion_1993.jpg,1,sd_fake,id,0.636469
R:\_Projects\Eurus_Workspace\HolmHz\data\raw_v2\ciplab_faces\real_and_fake_face_detection\real_and_fake_face\training_real\real_00321.jpg,0,ciplab_training_real,id,0.990370
R:\_Projects\Eurus_Workspace\HolmHz\data\raw_v2\ciplab_faces\real_and_fake_face\training_real\real_00358.jpg,0,ciplab_training_real,id,0.989448
R:\_Projects\Eurus_Workspace\HolmHz\data\raw_v2\ciplab_faces\real_and_fake_face_detection\real_and_fake_face\training_real\real_00655.jpg,0,ciplab_training_real,id,0.055570
R:\_Projects\Eurus_Workspace\HolmHz\data\raw_v2\deepdetect2025\ddata\train\fake\fake_021414.jpg,1,dd2025_fake,id,0.662682
R:\_Projects\Eurus_Workspace\HolmHz\data\raw_v2\rvf10k\rvf10k\valid\fake\9I91AOMHUN.jpg,1,rvf10k_valid_fake,id,0.002175
R:\_Projects\Eurus_Workspace\HolmHz\data\raw_v2\deepdetect2025\ddata\train\real\22456.jpg,0,dd2025_real,id,0.084429
R:\_Projects\Eurus_Workspace\HolmHz\data\raw_v2\deepdetect2025\ddata\train\fake\fake_023475.jpg,1,dd2025_fake,id,0.935397
R:\_Projects\Eurus_Workspace\HolmHz\data\raw_v2\ciplab_faces\real_and_fake_face\training_real\real_00542.jpg,0,ciplab_training_real,id,0.412845
R:\_Projects\Eurus_Workspace\HolmHz\data\raw_v2\rvf10k\rvf10k\valid\real\62801.jpg,0,rvf10k_valid_real,id,0.124742
R:\_Projects\Eurus_Workspace\HolmHz\data\raw_v2\deepdetect2025\ddata\train\real\31777.jpg,0,dd2025_real,id,0.327536
R:\_Projects\Eurus_Workspace\HolmHz\data\raw_v2\diffusion_fakes\Stable Diffusion\Stable_Diffusion_1237.jpg,1,sd_fake,id,0.654549
R:\_Projects\Eurus_Workspace\HolmHz\data\raw_v2\diffusion_fakes\Midjourney\Midjourney_0296.png,1,midjourney_fake,id,0.385119
R:\_Projects\Eurus_Workspace\HolmHz\data\raw_v2\rvf10k\rvf10k\train\fake\LLV98B5NMK.jpg,1,rvf10k_train_fake,id,0.033124
R:\_Projects\Eurus_Workspace\HolmHz\data\raw_v2\diffusion_fakes\Real\REAL_4417.jpg,0,deepfake_collection_real,id,0.059829
R:\_Projects\Eurus_Workspace\HolmHz\data\raw_v2\diffusion_fakes\Real\REAL_3556.jpg,0,deepfake_collection_real,id,0.203857
R:\_Projects\Eurus_Workspace\HolmHz\data\raw_v2\rvf10k\rvf10k\valid\fake\K8HFH7BLID.jpg,1,rvf10k_valid_fake,id,0.998391
R:\_Projects\Eurus_Workspace\HolmHz\data\raw_v2\deepdetect2025\ddata\train\fake\fake_001664.jpg,1,dd2025_fake,id,0.287011
R:\_Projects\Eurus_Workspace\HolmHz\data\raw_v2\diffusion_fakes\DALL-E\DALL-E_1733.jpg,1,dalle_fake,id,0.833483
R:\_Projects\Eurus_Workspace\HolmHz\data\raw_v2\ciplab_faces\real_and_fake_face\training_real\real_00766.jpg,0,ciplab_training_real,id,0.999823
R:\_Projects\Eurus_Workspace\HolmHz\data\raw_v2\rvf10k\rvf10k\train\fake\2QJ4XQBX13.jpg,1,rvf10k_train_fake,id,0.874706
R:\_Projects\Eurus_Workspace\HolmHz\data\raw_v2\diffusion_fakes\Real\REAL_0360.jpg,0,deepfake_collection_real,id,0.309105
R:\_Projects\Eurus_Workspace\HolmHz\data\raw_v2\rvf10k\rvf10k\train\fake\5AOJRDN3ZF.jpg,1,rvf10k_train_fake,id,0.050018
R:\_Projects\Eurus_Workspace\HolmHz\data\raw_v2\diffusion_fakes\Real\REAL_2964.jpg,0,deepfake_collection_real,id,0.942115
R:\_Projects\Eurus_Workspace\HolmHz\data\raw_v2\deepdetect2025\ddata\train\fake\fake_026673.jpg,1,dd2025_fake,id,0.006831
R:\_Projects\Eurus_Workspace\HolmHz\data\raw_v2\deepdetect2025\ddata\train\real\34266.jpg,0,dd2025_real,id,0.165746
R:\_Projects\Eurus_Workspace\HolmHz\data\raw_v2\rvf10k\rvf10k\train\fake\PTF2X2G4NF.jpg,1,rvf10k_train_fake,id,0.404332
R:\_Projects\Eurus_Workspace\HolmHz\data\raw_v2\diffusion_fakes\Real\REAL_1761.jpg,0,deepfake_collection_real,id,0.883694
R:\_Projects\Eurus_Workspace\HolmHz\data\raw_v2\deepdetect2025\ddata\train\real\27144.jpg,0,dd2025_real,id,0.248342
R:\_Projects\Eurus_Workspace\HolmHz\data\raw_v2\diffusion_fakes\Real\REAL_3593.jpg,0,deepfake_collection_real,id,0.847771
R:\_Projects\Eurus_Workspace\HolmHz\data\raw_v2\rvf10k\rvf10k\valid\fake\YVJM54KTP5.jpg,1,rvf10k_valid_fake,id,0.218489
R:\_Projects\Eurus_Workspace\HolmHz\data\raw_v2\rvf10k\rvf10k\train\real\34221.jpg,0,rvf10k_train_real,id,0.407370
R:\_Projects\Eurus_Workspace\HolmHz\data\raw_v2\diffusion_fakes\DALL-E\DALL-E_0661.jpg,1,dalle_fake,id,0.802828
R:\_Projects\Eurus_Workspace\HolmHz\data\raw_v2\deepdetect2025\ddata\train\fake\fake_003329.jpg,1,dd2025_fake,id,0.086978
R:\_Projects\Eurus_Workspace\HolmHz\data\raw_v2\deepdetect2025\ddata\train\fake\fake_019649.jpg,1,dd2025_fake,id,0.006773
R:\_Projects\Eurus_Workspace\HolmHz\data\raw_v2\camera_vs_ai\ai vs real photos\Camera_images\47.jpg,0,camera_train_real,id,0.116648
R:\_Projects\Eurus_Workspace\HolmHz\data\raw_v2\diffusion_fakes\DALL-E\DALL-E_1612.jpg,1,dalle_fake,id,0.192194
R:\_Projects\Eurus_Workspace\HolmHz\data\raw_v2\deepdetect2025\ddata\train\real\08556.jpg,0,dd2025_real,id,0.320510
R:\_Projects\Eurus_Workspace\HolmHz\data\raw_v2\deepdetect2025\ddata\train\fake\fake_016628.jpg,1,dd2025_fake,id,0.023380
R:\_Projects\Eurus_Workspace\HolmHz\data\raw_v2\diffusion_fakes\Real\REAL_2134.jpg,0,deepfake_collection_real,id,0.459275
R:\_Projects\Eurus_Workspace\HolmHz\data\raw_v2\diffusion_fakes\Stable Diffusion\Stable_Diffusion_162.jpg,1,sd_fake,id,0.034369
R:\_Projects\Eurus_Workspace\HolmHz\data\raw_v2\diffusion_fakes\DALL-E\DALL-E_1072.jpg,1,dalle_fake,id,0.325311
R:\_Projects\Eurus_Workspace\HolmHz\data\raw_v2\deepdetect2025\ddata\train\fake\fake_025650.jpg,1,dd2025_fake,id,0.016794
R:\_Projects\Eurus_Workspace\HolmHz\data\raw_v2\deepdetect2025\ddata\train\real\53970.jpg,0,dd2025_real,id,0.397159
R:\_Projects\Eurus_Workspace\HolmHz\data\raw_v2\ciplab_faces\real_and_fake_face\training_real\real_00958.jpg,0,ciplab_training_real,id,0.303009
R:\_Projects\Eurus_Workspace\HolmHz\data\raw_v2\rvf10k\rvf10k\train\fake\OH2SSM5YC9.jpg,1,rvf10k_train_fake,id,0.088582
R:\_Projects\Eurus_Workspace\HolmHz\data\raw_v2\diffusion_fakes\Stable Diffusion\Stable_Diffusion_619.jpg,1,sd_fake,id,0.690468
R:\_Projects\Eurus_Workspace\HolmHz\data\raw_v2\ciplab_faces\real_and_fake_face_detection\real_and_fake_face\training_real\real_00661.jpg,0,ciplab_training_real,id,0.358093
R:\_Projects\Eurus_Workspace\HolmHz\data\raw_v2\rvf10k\rvf10k\valid\real\27246.jpg,0,rvf10k_valid_real,id,0.716368
R:\_Projects\Eurus_Workspace\HolmHz\data\raw_v2\rvf10k\rvf10k\valid\real\58487.jpg,0,rvf10k_valid_real,id,0.171837
R:\_Projects\Eurus_Workspace\HolmHz\data\raw_v2\diffusion_fakes\Real\REAL_4391.jpg,0,deepfake_collection_real,id,0.019473
R:\_Projects\Eurus_Workspace\HolmHz\data\raw_v2\deepdetect2025\ddata\train\fake\fake_006309.jpg,1,dd2025_fake,id,0.044135
R:\_Projects\Eurus_Workspace\HolmHz\data\raw_v2\deepdetect2025\ddata\train\fake\fake_027230.jpg,1,dd2025_fake,id,0.310443
R:\_Projects\Eurus_Workspace\HolmHz\data\raw_v2\rvf10k\rvf10k\train\fake\OPW6IS3DDC.jpg,1,rvf10k_train_fake,id,0.043876
R:\_Projects\Eurus_Workspace\HolmHz\data\raw_v2\ciplab_faces\real_and_fake_face_detection\real_and_fake_face\training_real\real_00214.jpg,0,ciplab_training_real,id,0.979819
R:\_Projects\Eurus_Workspace\HolmHz\data\raw_v2\deepdetect2025\ddata\train\real\67483.jpg,0,dd2025_real,id,0.942926
R:\_Projects\Eurus_Workspace\HolmHz\data\raw_v2\deepdetect2025\ddata\train\fake\fake_017829.jpg,1,dd2025_fake,id,0.237305
R:\_Projects\Eurus_Workspace\HolmHz\data\raw_v2\ciplab_faces\real_and_fake_face\training_fake\easy_18_0011.jpg,1,ciplab_training_fake,id,0.824845
R:\_Projects\Eurus_Workspace\HolmHz\data\raw_v2\rvf10k\rvf10k\train\real\58969.jpg,0,rvf10k_train_real,id,0.890964
R:\_Projects\Eurus_Workspace\HolmHz\data\raw_v2\deepdetect2025\ddata\train\fake\fake_005533.jpg,1,dd2025_fake,id,0.554132
R:\_Projects\Eurus_Workspace\HolmHz\data\raw_v2\rvf10k\rvf10k\train\fake\BKWIBGRA2P.jpg,1,rvf10k_train_fake,id,0.222850
R:\_Projects\Eurus_Workspace\HolmHz\data\raw_v2\ciplab_faces\real_and_fake_face\training_fake\easy_99_0101.jpg,1,ciplab_training_fake,id,0.748246
R:\_Projects\Eurus_Workspace\HolmHz\data\raw_v2\diffusion_fakes\Real\REAL_4981.jpg,0,deepfake_collection_real,id,0.341854
R:\_Projects\Eurus_Workspace\HolmHz\data\raw_v2\diffusion_fakes\Midjourney\Midjourney_0904.png,1,midjourney_fake,id,0.053211
R:\_Projects\Eurus_Workspace\HolmHz\data\raw_v2\diffusion_fakes\Real\REAL_0385.jpg,0,deepfake_collection_real,id,0.105121
R:\_Projects\Eurus_Workspace\HolmHz\data\raw_v2\deepdetect2025\ddata\train\real\52856.jpg,0,dd2025_real,id,0.935665
R:\_Projects\Eurus_Workspace\HolmHz\data\raw_v2\deepdetect2025\ddata\train\real\43444.jpg,0,dd2025_real,id,0.844353
R:\_Projects\Eurus_Workspace\HolmHz\data\raw_v2\diffusion_fakes\Stable Diffusion\Stable_Diffusion_1606.jpg,1,sd_fake,id,0.851001
R:\_Projects\Eurus_Workspace\HolmHz\data\raw_v2\diffusion_fakes\Real\REAL_5066.jpg,0,deepfake_collection_real,id,0.126308
R:\_Projects\Eurus_Workspace\HolmHz\data\raw_v2\deepdetect2025\ddata\train\fake\fake_033699.jpg,1,dd2025_fake,id,0.089572
R:\_Projects\Eurus_Workspace\HolmHz\data\raw_v2\ciplab_faces\real_and_fake_face\training_fake\hard_129_1111.jpg,1,ciplab_training_fake,id,0.167356
R:\_Projects\Eurus_Workspace\HolmHz\data\raw_v2\ciplab_faces\real_and_fake_face_detection\real_and_fake_face\training_real\real_00147.jpg,0,ciplab_training_real,id,0.632547
R:\_Projects\Eurus_Workspace\HolmHz\data\raw_v2\rvf10k\rvf10k\train\fake\26XVKGQ670.jpg,1,rvf10k_train_fake,id,0.105587
R:\_Projects\Eurus_Workspace\HolmHz\data\raw_v2\rvf10k\rvf10k\train\fake\XLK4NSU15F.jpg,1,rvf10k_train_fake,id,0.580827
R:\_Projects\Eurus_Workspace\HolmHz\data\raw_v2\deepdetect2025\ddata\train\fake\fake_010819.jpg,1,dd2025_fake,id,0.256861
R:\_Projects\Eurus_Workspace\HolmHz\data\raw_v2\rvf10k\rvf10k\train\fake\VEKS0B3H7C.jpg,1,rvf10k_train_fake,id,0.000632
R:\_Projects\Eurus_Workspace\HolmHz\data\raw_v2\deepdetect2025\ddata\train\real\63846.jpg,0,dd2025_real,id,0.986525
R:\_Projects\Eurus_Workspace\HolmHz\data\raw_v2\diffusion_fakes\Real\REAL_0424.jpg,0,deepfake_collection_real,id,0.914422
R:\_Projects\Eurus_Workspace\HolmHz\data\raw_v2\rvf10k\rvf10k\train\real\51396.jpg,0,rvf10k_train_real,id,0.006363
R:\_Projects\Eurus_Workspace\HolmHz\data\raw_v2\deepdetect2025\ddata\train\real\16743.jpg,0,dd2025_real,id,0.867859
R:\_Projects\Eurus_Workspace\HolmHz\data\raw_v2\rvf10k\rvf10k\train\fake\UV00IMTUFI.jpg,1,rvf10k_train_fake,id,0.007564
R:\_Projects\Eurus_Workspace\HolmHz\data\raw_v2\diffusion_fakes\Real\REAL_3796.jpg,0,deepfake_collection_real,id,0.949092
R:\_Projects\Eurus_Workspace\HolmHz\data\raw_v2\rvf10k\rvf10k\train\fake\G5RH4TOUD1.jpg,1,rvf10k_train_fake,id,0.890966
R:\_Projects\Eurus_Workspace\HolmHz\data\raw_v2\ciplab_faces\real_and_fake_face\training_real\real_00335.jpg,0,ciplab_training_real,id,0.997811
R:\_Projects\Eurus_Workspace\HolmHz\data\raw_v2\rvf10k\rvf10k\train\real\60705.jpg,0,rvf10k_train_real,id,0.033309
R:\_Projects\Eurus_Workspace\HolmHz\data\raw_v2\deepdetect2025\ddata\train\fake\fake_020455.jpg,1,dd2025_fake,id,0.413822
R:\_Projects\Eurus_Workspace\HolmHz\data\raw_v2\deepdetect2025\ddata\train\real\66013.jpg,0,dd2025_real,id,0.428951
R:\_Projects\Eurus_Workspace\HolmHz\data\raw_v2\diffusion_fakes\Real\REAL_0952.jpg,0,deepfake_collection_real,id,0.502379
R:\_Projects\Eurus_Workspace\HolmHz\data\raw_v2\rvf10k\rvf10k\valid\real\37221.jpg,0,rvf10k_valid_real,id,0.052679
R:\_Projects\Eurus_Workspace\HolmHz\data\raw_v2\diffusion_fakes\Stable Diffusion\Stable_Diffusion_472.jpg,1,sd_fake,id,0.232345
R:\_Projects\Eurus_Workspace\HolmHz\data\raw_v2\rvf10k\rvf10k\valid\fake\OWUSV230WB.jpg,1,rvf10k_valid_fake,id,0.028209
R:\_Projects\Eurus_Workspace\HolmHz\data\raw_v2\rvf10k\rvf10k\train\fake\UH7N1V9CZY.jpg,1,rvf10k_train_fake,id,0.005388
R:\_Projects\Eurus_Workspace\HolmHz\data\raw_v2\diffusion_fakes\Real\REAL_0984.jpg,0,deepfake_collection_real,id,0.270206
R:\_Projects\Eurus_Workspace\HolmHz\data\raw_v2\diffusion_fakes\Stable Diffusion\Stable_Diffusion_163.jpg,1,sd_fake,id,0.107714
R:\_Projects\Eurus_Workspace\HolmHz\data\raw_v2\ciplab_faces\real_and_fake_face\training_fake\easy_239_1110.jpg,1,ciplab_training_fake,id,0.907092
R:\_Projects\Eurus_Workspace\HolmHz\data\raw_v2\diffusion_fakes\Real\REAL_3238.jpg,0,deepfake_collection_real,id,0.480715
R:\_Projects\Eurus_Workspace\HolmHz\data\raw_v2\ciplab_faces\real_and_fake_face\training_real\real_00480.jpg,0,ciplab_training_real,id,0.524499
R:\_Projects\Eurus_Workspace\HolmHz\data\raw_v2\deepdetect2025\ddata\train\fake\fake_005452.jpg,1,dd2025_fake,id,0.110666
R:\_Projects\Eurus_Workspace\HolmHz\data\raw_v2\diffusion_fakes\Real\REAL_4096.jpg,0,deepfake_collection_real,id,0.219352
R:\_Projects\Eurus_Workspace\HolmHz\data\raw_v2\camera_vs_ai\ai vs real photos\Ai_Images\190.jpg,1,camera_train_ai,id,0.212873
R:\_Projects\Eurus_Workspace\HolmHz\data\raw_v2\rvf10k\rvf10k\train\real\59411.jpg,0,rvf10k_train_real,id,0.553415
R:\_Projects\Eurus_Workspace\HolmHz\data\raw_v2\diffusion_fakes\Stable Diffusion\Stable_Diffusion_1585.jpg,1,sd_fake,id,0.131180
R:\_Projects\Eurus_Workspace\HolmHz\data\raw_v2\ciplab_faces\real_and_fake_face\training_fake\mid_278_1101.jpg,1,ciplab_training_fake,id,0.656188
R:\_Projects\Eurus_Workspace\HolmHz\data\raw_v2\deepdetect2025\ddata\train\real\36551.jpg,0,dd2025_real,id,0.162292
R:\_Projects\Eurus_Workspace\HolmHz\data\raw_v2\diffusion_fakes\Stable Diffusion\Stable_Diffusion_1859.jpg,1,sd_fake,id,0.367075
R:\_Projects\Eurus_Workspace\HolmHz\data\raw_v2\rvf10k\rvf10k\train\real\06528.jpg,0,rvf10k_train_real,id,0.805572
R:\_Projects\Eurus_Workspace\HolmHz\data\raw_v2\rvf10k\rvf10k\train\real\60497.jpg,0,rvf10k_train_real,id,0.006736
R:\_Projects\Eurus_Workspace\HolmHz\data\raw_v2\deepdetect2025\ddata\train\real\54907.jpg,0,dd2025_real,id,0.263203
R:\_Projects\Eurus_Workspace\HolmHz\data\raw_v2\rvf10k\rvf10k\train\real\39571.jpg,0,rvf10k_train_real,id,0.701715
R:\_Projects\Eurus_Workspace\HolmHz\data\raw_v2\deepdetect2025\ddata\train\fake\fake_011854.jpg,1,dd2025_fake,id,0.624455
R:\_Projects\Eurus_Workspace\HolmHz\data\raw_v2\diffusion_fakes\Real\REAL_0935.jpg,0,deepfake_collection_real,id,0.048586
R:\_Projects\Eurus_Workspace\HolmHz\data\raw_v2\rvf10k\rvf10k\train\real\29237.jpg,0,rvf10k_train_real,id,0.278111
R:\_Projects\Eurus_Workspace\HolmHz\data\raw_v2\diffusion_fakes\Real\REAL_3608.jpg,0,deepfake_collection_real,id,0.636767
R:\_Projects\Eurus_Workspace\HolmHz\data\raw_v2\rvf10k\rvf10k\train\fake\TN7IHDLNR5.jpg,1,rvf10k_train_fake,id,0.470921
R:\_Projects\Eurus_Workspace\HolmHz\data\raw_v2\rvf10k\rvf10k\valid\fake\3X12GUTFZJ.jpg,1,rvf10k_valid_fake,id,0.181971
R:\_Projects\Eurus_Workspace\HolmHz\data\raw_v2\rvf10k\rvf10k\train\real\67221.jpg,0,rvf10k_train_real,id,0.069134
R:\_Projects\Eurus_Workspace\HolmHz\data\raw_v2\rvf10k\rvf10k\train\real\15076.jpg,0,rvf10k_train_real,id,0.201482
R:\_Projects\Eurus_Workspace\HolmHz\data\raw_v2\diffusion_fakes\Real\REAL_5368.jpg,0,deepfake_collection_real,id,0.751226
R:\_Projects\Eurus_Workspace\HolmHz\data\raw_v2\rvf10k\rvf10k\valid\real\57961.jpg,0,rvf10k_valid_real,id,0.182386
R:\_Projects\Eurus_Workspace\HolmHz\data\raw_v2\deepdetect2025\ddata\train\real\48792.jpg,0,dd2025_real,id,0.189034
R:\_Projects\Eurus_Workspace\HolmHz\data\raw_v2\deepdetect2025\ddata\train\real\01463.jpg,0,dd2025_real,id,0.972922
R:\_Projects\Eurus_Workspace\HolmHz\data\raw_v2\diffusion_fakes\Real\REAL_0910.jpg,0,deepfake_collection_real,id,0.336842
R:\_Projects\Eurus_Workspace\HolmHz\data\raw_v2\rvf10k\rvf10k\train\fake\EEHX569YFQ.jpg,1,rvf10k_train_fake,id,0.811489
R:\_Projects\Eurus_Workspace\HolmHz\data\raw_v2\deepdetect2025\ddata\train\fake\fake_011248.jpg,1,dd2025_fake,id,0.608957
R:\_Projects\Eurus_Workspace\HolmHz\data\raw_v2\deepdetect2025\ddata\train\real\58265.jpg,0,dd2025_real,id,0.983098
R:\_Projects\Eurus_Workspace\HolmHz\data\raw_v2\diffusion_fakes\Real\REAL_3724.jpg,0,deepfake_collection_real,id,0.204313
R:\_Projects\Eurus_Workspace\HolmHz\data\raw_v2\diffusion_fakes\Real\REAL_1718.jpg,0,deepfake_collection_real,id,0.163251
R:\_Projects\Eurus_Workspace\HolmHz\data\raw_v2\rvf10k\rvf10k\valid\fake\XOTL7W75PS.jpg,1,rvf10k_valid_fake,id,0.123233
R:\_Projects\Eurus_Workspace\HolmHz\data\raw_v2\diffusion_fakes\Midjourney\Midjourney_0201.png,1,midjourney_fake,id,0.206082
R:\_Projects\Eurus_Workspace\HolmHz\data\raw_v2\deepdetect2025\ddata\train\fake\fake_011358.jpg,1,dd2025_fake,id,0.098256
R:\_Projects\Eurus_Workspace\HolmHz\data\raw_v2\rvf10k\rvf10k\train\fake\UZXNZKPGE7.jpg,1,rvf10k_train_fake,id,0.005487
R:\_Projects\Eurus_Workspace\HolmHz\data\raw_v2\ciplab_faces\real_and_fake_face_detection\real_and_fake_face\training_real\real_00451.jpg,0,ciplab_training_real,id,0.327144
R:\_Projects\Eurus_Workspace\HolmHz\data\raw_v2\diffusion_fakes\Real\REAL_0249.jpg,0,deepfake_collection_real,id,0.943452
R:\_Projects\Eurus_Workspace\HolmHz\data\raw_v2\ciplab_faces\real_and_fake_face\training_fake\mid_89_1111.jpg,1,ciplab_training_fake,id,0.627405
R:\_Projects\Eurus_Workspace\HolmHz\data\raw_v2\deepdetect2025\ddata\train\fake\fake_034494.jpg,1,dd2025_fake,id,0.965983
R:\_Projects\Eurus_Workspace\HolmHz\data\raw_v2\diffusion_fakes\Real\REAL_5550.jpg,0,deepfake_collection_real,id,0.067037
R:\_Projects\Eurus_Workspace\HolmHz\data\raw_v2\rvf10k\rvf10k\valid\real\23924.jpg,0,rvf10k_valid_real,id,0.401304
R:\_Projects\Eurus_Workspace\HolmHz\data\raw_v2\diffusion_fakes\Real\REAL_1610.jpg,0,deepfake_collection_real,id,0.246147
R:\_Projects\Eurus_Workspace\HolmHz\data\raw_v2\diffusion_fakes\DALL-E\DALL-E_0576.jpg,1,dalle_fake,id,0.418621
R:\_Projects\Eurus_Workspace\HolmHz\data\raw_v2\rvf10k\rvf10k\train\fake\U2RSNH7AW8.jpg,1,rvf10k_train_fake,id,0.896737
R:\_Projects\Eurus_Workspace\HolmHz\data\raw_v2\diffusion_fakes\Midjourney\Midjourney_0319.png,1,midjourney_fake,id,0.101830
R:\_Projects\Eurus_Workspace\HolmHz\data\raw_v2\diffusion_fakes\Midjourney\Midjourney_0337.png,1,midjourney_fake,id,0.116696
R:\_Projects\Eurus_Workspace\HolmHz\data\raw_v2\deepdetect2025\ddata\train\real\66798.jpg,0,dd2025_real,id,0.965457
R:\_Projects\Eurus_Workspace\HolmHz\data\raw_v2\ciplab_faces\real_and_fake_face\training_real\real_01050.jpg,0,ciplab_training_real,id,0.585212
R:\_Projects\Eurus_Workspace\HolmHz\data\raw_v2\ciplab_faces\real_and_fake_face\training_real\real_00352.jpg,0,ciplab_training_real,id,0.563992
R:\_Projects\Eurus_Workspace\HolmHz\data\raw_v2\rvf10k\rvf10k\train\fake\W4ITGDRU3A.jpg,1,rvf10k_train_fake,id,0.562202
R:\_Projects\Eurus_Workspace\HolmHz\data\raw_v2\diffusion_fakes\Real\REAL_4403.jpg,0,deepfake_collection_real,id,0.685467
R:\_Projects\Eurus_Workspace\HolmHz\data\raw_v2\rvf10k\rvf10k\valid\fake\Q7IXWFPFT4.jpg,1,rvf10k_valid_fake,id,0.709747
R:\_Projects\Eurus_Workspace\HolmHz\data\raw_v2\camera_vs_ai\ai vs real photos\Ai_Images\95.jpg,1,camera_train_ai,id,0.555905
R:\_Projects\Eurus_Workspace\HolmHz\data\raw_v2\ciplab_faces\real_and_fake_face\training_real\real_01054.jpg,0,ciplab_training_real,id,0.369859
R:\_Projects\Eurus_Workspace\HolmHz\data\raw_v2\diffusion_fakes\Real\REAL_3791.jpg,0,deepfake_collection_real,id,0.576115
R:\_Projects\Eurus_Workspace\HolmHz\data\raw_v2\rvf10k\rvf10k\train\real\41179.jpg,0,rvf10k_train_real,id,0.036907
R:\_Projects\Eurus_Workspace\HolmHz\data\raw_v2\deepdetect2025\ddata\train\real\10907.jpg,0,dd2025_real,id,0.506428
R:\_Projects\Eurus_Workspace\HolmHz\data\raw_v2\diffusion_fakes\Stable Diffusion\Stable_Diffusion_1676.jpg,1,sd_fake,id,0.854433
R:\_Projects\Eurus_Workspace\HolmHz\data\raw_v2\rvf10k\rvf10k\train\fake\9SVF5QY2GN.jpg,1,rvf10k_train_fake,id,0.321770
R:\_Projects\Eurus_Workspace\HolmHz\data\raw_v2\diffusion_fakes\Real\REAL_1596.jpg,0,deepfake_collection_real,id,0.862235
R:\_Projects\Eurus_Workspace\HolmHz\data\raw_v2\rvf10k\rvf10k\train\fake\YRVS3GLUTP.jpg,1,rvf10k_train_fake,id,0.087099
R:\_Projects\Eurus_Workspace\HolmHz\data\raw_v2\diffusion_fakes\DALL-E\DALL-E_1417.jpg,1,dalle_fake,id,0.711765
R:\_Projects\Eurus_Workspace\HolmHz\data\raw_v2\deepdetect2025\ddata\train\fake\fake_010283.jpg,1,dd2025_fake,id,0.837204
R:\_Projects\Eurus_Workspace\HolmHz\data\raw_v2\deepdetect2025\ddata\train\fake\fake_016495.jpg,1,dd2025_fake,id,0.002273
R:\_Projects\Eurus_Workspace\HolmHz\data\raw_v2\deepdetect2025\ddata\train\real\60217.jpg,0,dd2025_real,id,0.163561
R:\_Projects\Eurus_Workspace\HolmHz\data\raw_v2\deepdetect2025\ddata\train\fake\fake_018580.jpg,1,dd2025_fake,id,0.580236
R:\_Projects\Eurus_Workspace\HolmHz\data\raw_v2\diffusion_fakes\Real\REAL_1448.jpg,0,deepfake_collection_real,id,0.707470
R:\_Projects\Eurus_Workspace\HolmHz\data\raw_v2\rvf10k\rvf10k\valid\real\31697.jpg,0,rvf10k_valid_real,id,0.751297
R:\_Projects\Eurus_Workspace\HolmHz\data\raw_v2\deepdetect2025\ddata\train\real\33194.jpg,0,dd2025_real,id,0.713971
R:\_Projects\Eurus_Workspace\HolmHz\data\raw_v2\rvf10k\rvf10k\train\fake\YJYIH6P6NS.jpg,1,rvf10k_train_fake,id,0.086476
R:\_Projects\Eurus_Workspace\HolmHz\data\raw_v2\deepdetect2025\ddata\train\real\34029.jpg,0,dd2025_real,id,0.256147
R:\_Projects\Eurus_Workspace\HolmHz\data\raw_v2\rvf10k\rvf10k\train\real\16883.jpg,0,rvf10k_train_real,id,0.004769
R:\_Projects\Eurus_Workspace\HolmHz\data\raw_v2\rvf10k\rvf10k\train\real\09294.jpg,0,rvf10k_train_real,id,0.022478
R:\_Projects\Eurus_Workspace\HolmHz\data\raw_v2\rvf10k\rvf10k\valid\fake\8M6X94NJNC.jpg,1,rvf10k_valid_fake,id,0.004818
R:\_Projects\Eurus_Workspace\HolmHz\data\raw_v2\deepdetect2025\ddata\train\fake\fake_040417.jpg,1,dd2025_fake,id,0.034018
R:\_Projects\Eurus_Workspace\HolmHz\data\raw_v2\deepdetect2025\ddata\train\real\06539.jpg,0,dd2025_real,id,0.013601
R:\_Projects\Eurus_Workspace\HolmHz\data\raw_v2\diffusion_fakes\Real\REAL_0017.jpg,0,deepfake_collection_real,id,0.647858
R:\_Projects\Eurus_Workspace\HolmHz\data\raw_v2\rvf10k\rvf10k\valid\fake\JF4XOG9W7C.jpg,1,rvf10k_valid_fake,id,0.991565
R:\_Projects\Eurus_Workspace\HolmHz\data\raw_v2\diffusion_fakes\Stable Diffusion\Stable_Diffusion_973.jpg,1,sd_fake,id,0.995771
R:\_Projects\Eurus_Workspace\HolmHz\data\raw_v2\rvf10k\rvf10k\train\fake\B6WMHJWT46.jpg,1,rvf10k_train_fake,id,0.007694
R:\_Projects\Eurus_Workspace\HolmHz\data\raw_v2\diffusion_fakes\DALL-E\DALL-E_1435.jpg,1,dalle_fake,id,0.163016
R:\_Projects\Eurus_Workspace\HolmHz\data\raw_v2\rvf10k\rvf10k\valid\real\20500.jpg,0,rvf10k_valid_real,id,0.002893
R:\_Projects\Eurus_Workspace\HolmHz\data\raw_v2\diffusion_fakes\Real\REAL_0318.jpg,0,deepfake_collection_real,id,0.848116
R:\_Projects\Eurus_Workspace\HolmHz\data\raw_v2\deepdetect2025\ddata\train\real\21109.jpg,0,dd2025_real,id,0.874132
R:\_Projects\Eurus_Workspace\HolmHz\data\raw_v2\diffusion_fakes\DALL-E\DALL-E_1803.jpg,1,dalle_fake,id,0.352803
R:\_Projects\Eurus_Workspace\HolmHz\data\raw_v2\ciplab_faces\real_and_fake_face_detection\real_and_fake_face\training_fake\hard_158_0011.jpg,1,ciplab_training_fake,id,0.055047
R:\_Projects\Eurus_Workspace\HolmHz\data\raw_v2\rvf10k\rvf10k\train\real\16182.jpg,0,rvf10k_train_real,id,0.556986
R:\_Projects\Eurus_Workspace\HolmHz\data\raw_v2\deepdetect2025\ddata\train\real\66751.jpg,0,dd2025_real,id,0.097687
R:\_Projects\Eurus_Workspace\HolmHz\data\raw_v2\deepdetect2025\ddata\train\fake\fake_024540.jpg,1,dd2025_fake,id,0.609523
R:\_Projects\Eurus_Workspace\HolmHz\data\raw_v2\ciplab_faces\real_and_fake_face\training_fake\mid_279_1111.jpg,1,ciplab_training_fake,id,0.454548
R:\_Projects\Eurus_Workspace\HolmHz\data\raw_v2\deepdetect2025\ddata\train\fake\fake_023989.jpg,1,dd2025_fake,id,0.233932
R:\_Projects\Eurus_Workspace\HolmHz\data\raw_v2\diffusion_fakes\Real\REAL_2365.jpg,0,deepfake_collection_real,id,0.010744
R:\_Projects\Eurus_Workspace\HolmHz\data\raw_v2\diffusion_fakes\Midjourney\Midjourney_0470.png,1,midjourney_fake,id,0.838826
R:\_Projects\Eurus_Workspace\HolmHz\data\raw_v2\rvf10k\rvf10k\train\fake\V65ST37ITP.jpg,1,rvf10k_train_fake,id,0.947040
R:\_Projects\Eurus_Workspace\HolmHz\data\raw_v2\diffusion_fakes\Real\REAL_0813.jpg,0,deepfake_collection_real,id,0.174964
R:\_Projects\Eurus_Workspace\HolmHz\data\raw_v2\rvf10k\rvf10k\train\real\00642.jpg,0,rvf10k_train_real,id,0.577605
R:\_Projects\Eurus_Workspace\HolmHz\data\raw_v2\deepdetect2025\ddata\train\real\47412.jpg,0,dd2025_real,id,0.919694
R:\_Projects\Eurus_Workspace\HolmHz\data\raw_v2\rvf10k\rvf10k\train\fake\XE0OTWR1RP.jpg,1,rvf10k_train_fake,id,0.218936
R:\_Projects\Eurus_Workspace\HolmHz\data\raw_v2\deepdetect2025\ddata\train\real\57937.jpg,0,dd2025_real,id,0.242398
R:\_Projects\Eurus_Workspace\HolmHz\data\raw_v2\diffusion_fakes\Real\REAL_1703.jpg,0,deepfake_collection_real,id,0.068401
R:\_Projects\Eurus_Workspace\HolmHz\data\raw_v2\rvf10k\rvf10k\train\fake\R0KB0WA1VA.jpg,1,rvf10k_train_fake,id,0.613258
R:\_Projects\Eurus_Workspace\HolmHz\data\raw_v2\diffusion_fakes\Stable Diffusion\Stable_Diffusion_987.jpg,1,sd_fake,id,0.669737
R:\_Projects\Eurus_Workspace\HolmHz\data\raw_v2\diffusion_fakes\DALL-E\DALL-E_0807.jpg,1,dalle_fake,id,0.993442
R:\_Projects\Eurus_Workspace\HolmHz\data\raw_v2\diffusion_fakes\Midjourney\Midjourney_0221.png,1,midjourney_fake,id,0.123651
R:\_Projects\Eurus_Workspace\HolmHz\data\raw_v2\deepdetect2025\ddata\train\fake\fake_004996.jpg,1,dd2025_fake,id,0.210314
R:\_Projects\Eurus_Workspace\HolmHz\data\raw_v2\diffusion_fakes\Real\REAL_0128.jpg,0,deepfake_collection_real,id,0.608162
R:\_Projects\Eurus_Workspace\HolmHz\data\raw_v2\ciplab_faces\real_and_fake_face_detection\real_and_fake_face\training_real\real_00317.jpg,0,ciplab_training_real,id,0.975429
R:\_Projects\Eurus_Workspace\HolmHz\data\raw_v2\deepdetect2025\ddata\train\fake\fake_027691.jpg,1,dd2025_fake,id,0.982173
R:\_Projects\Eurus_Workspace\HolmHz\data\raw_v2\deepdetect2025\ddata\train\real\56133.jpg,0,dd2025_real,id,0.879014
R:\_Projects\Eurus_Workspace\HolmHz\data\raw_v2\ciplab_faces\real_and_fake_face_detection\real_and_fake_face\training_real\real_00672.jpg,0,ciplab_training_real,id,0.527625
R:\_Projects\Eurus_Workspace\HolmHz\data\raw_v2\ciplab_faces\real_and_fake_face_detection\real_and_fake_face\training_real\real_00290.jpg,0,ciplab_training_real,id,0.995927
R:\_Projects\Eurus_Workspace\HolmHz\data\raw_v2\ciplab_faces\real_and_fake_face_detection\real_and_fake_face\training_real\real_00735.jpg,0,ciplab_training_real,id,0.506163
R:\_Projects\Eurus_Workspace\HolmHz\data\raw_v2\diffusion_fakes\Real\REAL_0085.jpg,0,deepfake_collection_real,id,0.271503
R:\_Projects\Eurus_Workspace\HolmHz\data\raw_v2\diffusion_fakes\Real\REAL_3349.jpg,0,deepfake_collection_real,id,0.998522
R:\_Projects\Eurus_Workspace\HolmHz\data\raw_v2\ciplab_faces\real_and_fake_face\training_real\real_00223.jpg,0,ciplab_training_real,id,0.995785
R:\_Projects\Eurus_Workspace\HolmHz\data\raw_v2\diffusion_fakes\Real\REAL_2881.jpg,0,deepfake_collection_real,id,0.860781
R:\_Projects\Eurus_Workspace\HolmHz\data\raw_v2\diffusion_fakes\Real\REAL_1485.jpg,0,deepfake_collection_real,id,0.807180
R:\_Projects\Eurus_Workspace\HolmHz\data\raw_v2\rvf10k\rvf10k\train\real\52136.jpg,0,rvf10k_train_real,id,0.383604
R:\_Projects\Eurus_Workspace\HolmHz\data\raw_v2\deepdetect2025\ddata\train\real\36216.jpg,0,dd2025_real,id,0.998897
R:\_Projects\Eurus_Workspace\HolmHz\data\raw_v2\diffusion_fakes\DALL-E\DALL-E_1878.jpg,1,dalle_fake,id,0.517191
R:\_Projects\Eurus_Workspace\HolmHz\data\raw_v2\rvf10k\rvf10k\valid\fake\SRU5PSZHEO.jpg,1,rvf10k_valid_fake,id,0.175067
R:\_Projects\Eurus_Workspace\HolmHz\data\raw_v2\ciplab_faces\real_and_fake_face\training_fake\mid_158_1010.jpg,1,ciplab_training_fake,id,0.991493
R:\_Projects\Eurus_Workspace\HolmHz\data\raw_v2\diffusion_fakes\DALL-E\DALL-E_1848.jpg,1,dalle_fake,id,0.879565
R:\_Projects\Eurus_Workspace\HolmHz\data\raw_v2\rvf10k\rvf10k\train\fake\HSMR53OFF0.jpg,1,rvf10k_train_fake,id,0.578385
R:\_Projects\Eurus_Workspace\HolmHz\data\raw_v2\deepdetect2025\ddata\train\real\20228.jpg,0,dd2025_real,id,0.922470
R:\_Projects\Eurus_Workspace\HolmHz\data\raw_v2\rvf10k\rvf10k\train\fake\7THJOT6AL4.jpg,1,rvf10k_train_fake,id,0.350069
R:\_Projects\Eurus_Workspace\HolmHz\data\raw_v2\rvf10k\rvf10k\train\fake\57BVVKBUYT.jpg,1,rvf10k_train_fake,id,0.133102
R:\_Projects\Eurus_Workspace\HolmHz\data\raw_v2\deepdetect2025\ddata\train\real\68331.jpg,0,dd2025_real,id,0.539670
R:\_Projects\Eurus_Workspace\HolmHz\data\raw_v2\deepdetect2025\ddata\train\real\64182.jpg,0,dd2025_real,id,0.219990
R:\_Projects\Eurus_Workspace\HolmHz\data\raw_v2\rvf10k\rvf10k\train\fake\Y5G3BWBMON.jpg,1,rvf10k_train_fake,id,0.990510
R:\_Projects\Eurus_Workspace\HolmHz\data\raw_v2\ciplab_faces\real_and_fake_face\training_real\real_00269.jpg,0,ciplab_training_real,id,0.971714
R:\_Projects\Eurus_Workspace\HolmHz\data\raw_v2\diffusion_fakes\Real\REAL_1173.jpg,0,deepfake_collection_real,id,0.945429
R:\_Projects\Eurus_Workspace\HolmHz\data\raw_v2\rvf10k\rvf10k\train\real\58210.jpg,0,rvf10k_train_real,id,0.632344
R:\_Projects\Eurus_Workspace\HolmHz\data\raw_v2\ciplab_faces\real_and_fake_face\training_real\real_00759.jpg,0,ciplab_training_real,id,0.306710
R:\_Projects\Eurus_Workspace\HolmHz\data\raw_v2\rvf10k\rvf10k\train\real\25870.jpg,0,rvf10k_train_real,id,0.998332
R:\_Projects\Eurus_Workspace\HolmHz\data\raw_v2\ciplab_faces\real_and_fake_face\training_real\real_00625.jpg,0,ciplab_training_real,id,0.020781
R:\_Projects\Eurus_Workspace\HolmHz\data\raw_v2\rvf10k\rvf10k\valid\fake\4XCF087IWS.jpg,1,rvf10k_valid_fake,id,0.023649
R:\_Projects\Eurus_Workspace\HolmHz\data\raw_v2\deepdetect2025\ddata\train\real\01033.jpg,0,dd2025_real,id,0.844188
R:\_Projects\Eurus_Workspace\HolmHz\data\raw_v2\rvf10k\rvf10k\train\real\12499.jpg,0,rvf10k_train_real,id,0.022973
R:\_Projects\Eurus_Workspace\HolmHz\data\raw_v2\rvf10k\rvf10k\valid\real\21782.jpg,0,rvf10k_valid_real,id,0.021608
R:\_Projects\Eurus_Workspace\HolmHz\data\raw_v2\rvf10k\rvf10k\train\real\67329.jpg,0,rvf10k_train_real,id,0.885437
R:\_Projects\Eurus_Workspace\HolmHz\data\raw_v2\deepdetect2025\ddata\train\real\63434.jpg,0,dd2025_real,id,0.125131
R:\_Projects\Eurus_Workspace\HolmHz\data\raw_v2\deepdetect2025\ddata\train\fake\fake_036322.jpg,1,dd2025_fake,id,0.708739
R:\_Projects\Eurus_Workspace\HolmHz\data\raw_v2\ciplab_faces\real_and_fake_face\training_real\real_00572.jpg,0,ciplab_training_real,id,0.988843
R:\_Projects\Eurus_Workspace\HolmHz\data\raw_v2\diffusion_fakes\DALL-E\DALL-E_0130.jpg,1,dalle_fake,id,0.734436
R:\_Projects\Eurus_Workspace\HolmHz\data\raw_v2\deepdetect2025\ddata\train\fake\fake_001756.jpg,1,dd2025_fake,id,0.571874
R:\_Projects\Eurus_Workspace\HolmHz\data\raw_v2\rvf10k\rvf10k\train\real\53579.jpg,0,rvf10k_train_real,id,0.009583
R:\_Projects\Eurus_Workspace\HolmHz\data\raw_v2\rvf10k\rvf10k\valid\fake\PZYVIZCSR4.jpg,1,rvf10k_valid_fake,id,0.628558
R:\_Projects\Eurus_Workspace\HolmHz\data\raw_v2\deepdetect2025\ddata\train\fake\fake_002441.jpg,1,dd2025_fake,id,0.703505
R:\_Projects\Eurus_Workspace\HolmHz\data\raw_v2\rvf10k\rvf10k\valid\real\17600.jpg,0,rvf10k_valid_real,id,0.908218
R:\_Projects\Eurus_Workspace\HolmHz\data\raw_v2\rvf10k\rvf10k\train\real\38928.jpg,0,rvf10k_train_real,id,0.324228
R:\_Projects\Eurus_Workspace\HolmHz\data\raw_v2\diffusion_fakes\Real\REAL_4841.jpg,0,deepfake_collection_real,id,0.869683
R:\_Projects\Eurus_Workspace\HolmHz\data\raw_v2\diffusion_fakes\Real\REAL_0261.jpg,0,deepfake_collection_real,id,0.733776
R:\_Projects\Eurus_Workspace\HolmHz\data\raw_v2\diffusion_fakes\Midjourney\Midjourney_0590.png,1,midjourney_fake,id,0.596680
R:\_Projects\Eurus_Workspace\HolmHz\data\raw_v2\deepdetect2025\ddata\train\real\06883.jpg,0,dd2025_real,id,0.074734
R:\_Projects\Eurus_Workspace\HolmHz\data\raw_v2\deepdetect2025\ddata\train\fake\fake_011252.jpg,1,dd2025_fake,id,0.049418
R:\_Projects\Eurus_Workspace\HolmHz\data\raw_v2\diffusion_fakes\Real\REAL_4000.jpg,0,deepfake_collection_real,id,0.497202
R:\_Projects\Eurus_Workspace\HolmHz\data\raw_v2\diffusion_fakes\Midjourney\Midjourney_0805.png,1,midjourney_fake,id,0.401263
R:\_Projects\Eurus_Workspace\HolmHz\data\raw_v2\rvf10k\rvf10k\train\fake\7F6O9UGQOR.jpg,1,rvf10k_train_fake,id,0.875504
R:\_Projects\Eurus_Workspace\HolmHz\data\raw_v2\diffusion_fakes\Real\REAL_4074.jpg,0,deepfake_collection_real,id,0.971601
R:\_Projects\Eurus_Workspace\HolmHz\data\raw_v2\rvf10k\rvf10k\train\fake\J68XN4YK8X.jpg,1,rvf10k_train_fake,id,0.439223
R:\_Projects\Eurus_Workspace\HolmHz\data\raw_v2\diffusion_fakes\Stable Diffusion\Stable_Diffusion_210.jpg,1,sd_fake,id,0.092496
R:\_Projects\Eurus_Workspace\HolmHz\data\raw_v2\diffusion_fakes\DALL-E\DALL-E_1091.jpg,1,dalle_fake,id,0.988014
R:\_Projects\Eurus_Workspace\HolmHz\data\raw_v2\diffusion_fakes\Real\REAL_2195.jpg,0,deepfake_collection_real,id,0.204326
R:\_Projects\Eurus_Workspace\HolmHz\data\raw_v2\diffusion_fakes\Real\REAL_5067.jpg,0,deepfake_collection_real,id,0.938358
R:\_Projects\Eurus_Workspace\HolmHz\data\raw_v2\rvf10k\rvf10k\train\real\10246.jpg,0,rvf10k_train_real,id,0.211684
R:\_Projects\Eurus_Workspace\HolmHz\data\raw_v2\diffusion_fakes\Real\REAL_2043.jpg,0,deepfake_collection_real,id,0.009345
R:\_Projects\Eurus_Workspace\HolmHz\data\raw_v2\diffusion_fakes\Stable Diffusion\Stable_Diffusion_1729.jpg,1,sd_fake,id,0.476325
R:\_Projects\Eurus_Workspace\HolmHz\data\raw_v2\deepdetect2025\ddata\train\fake\fake_007343.jpg,1,dd2025_fake,id,0.090076
R:\_Projects\Eurus_Workspace\HolmHz\data\raw_v2\rvf10k\rvf10k\train\fake\RBPS3CVUVR.jpg,1,rvf10k_train_fake,id,0.193740
R:\_Projects\Eurus_Workspace\HolmHz\data\raw_v2\ciplab_faces\real_and_fake_face_detection\real_and_fake_face\training_real\real_00488.jpg,0,ciplab_training_real,id,0.629786
R:\_Projects\Eurus_Workspace\HolmHz\data\raw_v2\deepdetect2025\ddata\train\fake\fake_011205.jpg,1,dd2025_fake,id,0.862129
R:\_Projects\Eurus_Workspace\HolmHz\data\raw_v2\rvf10k\rvf10k\train\fake\8J6NKBOJR3.jpg,1,rvf10k_train_fake,id,0.156113
R:\_Projects\Eurus_Workspace\HolmHz\data\raw_v2\deepdetect2025\ddata\train\fake\fake_016338.jpg,1,dd2025_fake,id,0.839810
R:\_Projects\Eurus_Workspace\HolmHz\data\raw_v2\deepdetect2025\ddata\train\real\40153.jpg,0,dd2025_real,id,0.759198
R:\_Projects\Eurus_Workspace\HolmHz\data\raw_v2\deepdetect2025\ddata\train\real\33297.jpg,0,dd2025_real,id,0.009432
R:\_Projects\Eurus_Workspace\HolmHz\data\raw_v2\ciplab_faces\real_and_fake_face\training_fake\hard_24_1100.jpg,1,ciplab_training_fake,id,0.641423
R:\_Projects\Eurus_Workspace\HolmHz\data\raw_v2\deepdetect2025\ddata\train\real\65397.jpg,0,dd2025_real,id,0.027064
R:\_Projects\Eurus_Workspace\HolmHz\data\raw_v2\ciplab_faces\real_and_fake_face\training_fake\mid_193_1111.jpg,1,ciplab_training_fake,id,0.313106
R:\_Projects\Eurus_Workspace\HolmHz\data\raw_v2\rvf10k\rvf10k\train\fake\FZDXYVW8U6.jpg,1,rvf10k_train_fake,id,0.909733
R:\_Projects\Eurus_Workspace\HolmHz\data\raw_v2\diffusion_fakes\Real\REAL_4348.jpg,0,deepfake_collection_real,id,0.087121
R:\_Projects\Eurus_Workspace\HolmHz\data\raw_v2\rvf10k\rvf10k\train\real\54790.jpg,0,rvf10k_train_real,id,0.915343
R:\_Projects\Eurus_Workspace\HolmHz\data\raw_v2\rvf10k\rvf10k\train\real\31253.jpg,0,rvf10k_train_real,id,0.041301
R:\_Projects\Eurus_Workspace\HolmHz\data\raw_v2\deepdetect2025\ddata\train\real\30862.jpg,0,dd2025_real,id,0.093076
R:\_Projects\Eurus_Workspace\HolmHz\data\raw_v2\rvf10k\rvf10k\train\real\07877.jpg,0,rvf10k_train_real,id,0.978636
R:\_Projects\Eurus_Workspace\HolmHz\data\raw_v2\rvf10k\rvf10k\train\fake\QCHCTHNFK8.jpg,1,rvf10k_train_fake,id,0.952588
R:\_Projects\Eurus_Workspace\HolmHz\data\raw_v2\ciplab_faces\real_and_fake_face\training_real\real_00470.jpg,0,ciplab_training_real,id,0.778849
R:\_Projects\Eurus_Workspace\HolmHz\data\raw_v2\deepdetect2025\ddata\train\real\44941.jpg,0,dd2025_real,id,0.204939
R:\_Projects\Eurus_Workspace\HolmHz\data\raw_v2\diffusion_fakes\Stable Diffusion\Stable_Diffusion_808.jpg,1,sd_fake,id,0.848977
R:\_Projects\Eurus_Workspace\HolmHz\data\raw_v2\rvf10k\rvf10k\train\fake\KKIDTPZS43.jpg,1,rvf10k_train_fake,id,0.076098
R:\_Projects\Eurus_Workspace\HolmHz\data\raw_v2\diffusion_fakes\Real\REAL_2640.jpg,0,deepfake_collection_real,id,0.911363
R:\_Projects\Eurus_Workspace\HolmHz\data\raw_v2\rvf10k\rvf10k\valid\real\23157.jpg,0,rvf10k_valid_real,id,0.606092
R:\_Projects\Eurus_Workspace\HolmHz\data\raw_v2\ciplab_faces\real_and_fake_face\training_fake\mid_425_1111.jpg,1,ciplab_training_fake,id,0.915198
R:\_Projects\Eurus_Workspace\HolmHz\data\raw_v2\rvf10k\rvf10k\train\real\02522.jpg,0,rvf10k_train_real,id,0.023649
R:\_Projects\Eurus_Workspace\HolmHz\data\raw_v2\ciplab_faces\real_and_fake_face\training_real\real_00758.jpg,0,ciplab_training_real,id,0.132054
R:\_Projects\Eurus_Workspace\HolmHz\data\raw_v2\diffusion_fakes\Real\REAL_0145.jpg,0,deepfake_collection_real,id,0.795361
R:\_Projects\Eurus_Workspace\HolmHz\data\raw_v2\rvf10k\rvf10k\train\real\15794.jpg,0,rvf10k_train_real,id,0.681984
R:\_Projects\Eurus_Workspace\HolmHz\data\raw_v2\ciplab_faces\real_and_fake_face_detection\real_and_fake_face\training_real\real_00437.jpg,0,ciplab_training_real,id,0.185940
R:\_Projects\Eurus_Workspace\HolmHz\data\raw_v2\rvf10k\rvf10k\train\real\56137.jpg,0,rvf10k_train_real,id,0.868568
R:\_Projects\Eurus_Workspace\HolmHz\data\raw_v2\ciplab_faces\real_and_fake_face\training_real\real_01017.jpg,0,ciplab_training_real,id,0.997837
R:\_Projects\Eurus_Workspace\HolmHz\data\raw_v2\rvf10k\rvf10k\train\real\21268.jpg,0,rvf10k_train_real,id,0.678554
R:\_Projects\Eurus_Workspace\HolmHz\data\raw_v2\rvf10k\rvf10k\train\fake\VU2GVZF40R.jpg,1,rvf10k_train_fake,id,0.181743
R:\_Projects\Eurus_Workspace\HolmHz\data\raw_v2\deepdetect2025\ddata\train\fake\fake_020326.jpg,1,dd2025_fake,id,0.016151
R:\_Projects\Eurus_Workspace\HolmHz\data\raw_v2\deepdetect2025\ddata\train\fake\fake_029207.jpg,1,dd2025_fake,id,0.442016
R:\_Projects\Eurus_Workspace\HolmHz\data\raw_v2\ciplab_faces\real_and_fake_face_detection\real_and_fake_face\training_real\real_00427.jpg,0,ciplab_training_real,id,0.969411
R:\_Projects\Eurus_Workspace\HolmHz\data\raw_v2\deepdetect2025\ddata\train\real\57570.jpg,0,dd2025_real,id,0.263742
R:\_Projects\Eurus_Workspace\HolmHz\data\raw_v2\deepdetect2025\ddata\train\real\34906.jpg,0,dd2025_real,id,0.998968
R:\_Projects\Eurus_Workspace\HolmHz\data\raw_v2\deepdetect2025\ddata\train\real\63237.jpg,0,dd2025_real,id,0.009860
R:\_Projects\Eurus_Workspace\HolmHz\data\raw_v2\deepdetect2025\ddata\train\real\66818.jpg,0,dd2025_real,id,0.046929
R:\_Projects\Eurus_Workspace\HolmHz\data\raw_v2\diffusion_fakes\Real\REAL_0155.jpg,0,deepfake_collection_real,id,0.198513
R:\_Projects\Eurus_Workspace\HolmHz\data\raw_v2\diffusion_fakes\Real\REAL_0699.jpg,0,deepfake_collection_real,id,0.926154
R:\_Projects\Eurus_Workspace\HolmHz\data\raw_v2\diffusion_fakes\DALL-E\DALL-E_1917.jpg,1,dalle_fake,id,0.276040
R:\_Projects\Eurus_Workspace\HolmHz\data\raw_v2\rvf10k\rvf10k\train\fake\5M8QX4PWIB.jpg,1,rvf10k_train_fake,id,0.871115
R:\_Projects\Eurus_Workspace\HolmHz\data\raw_v2\ciplab_faces\real_and_fake_face_detection\real_and_fake_face\training_fake\easy_26_1100.jpg,1,ciplab_training_fake,id,0.880341
R:\_Projects\Eurus_Workspace\HolmHz\data\raw_v2\rvf10k\rvf10k\valid\real\43780.jpg,0,rvf10k_valid_real,id,0.070224
R:\_Projects\Eurus_Workspace\HolmHz\data\raw_v2\rvf10k\rvf10k\train\fake\G46FDE692Y.jpg,1,rvf10k_train_fake,id,0.990558
R:\_Projects\Eurus_Workspace\HolmHz\data\raw_v2\diffusion_fakes\DALL-E\DALL-E_1372.jpg,1,dalle_fake,id,0.195460
R:\_Projects\Eurus_Workspace\HolmHz\data\raw_v2\rvf10k\rvf10k\valid\real\34297.jpg,0,rvf10k_valid_real,id,0.687226
R:\_Projects\Eurus_Workspace\HolmHz\data\raw_v2\ciplab_faces\real_and_fake_face\training_fake\mid_435_1111.jpg,1,ciplab_training_fake,id,0.941304
R:\_Projects\Eurus_Workspace\HolmHz\data\raw_v2\deepdetect2025\ddata\train\fake\fake_013116.jpg,1,dd2025_fake,id,0.279031
R:\_Projects\Eurus_Workspace\HolmHz\data\raw_v2\diffusion_fakes\Midjourney\Midjourney_0846.png,1,midjourney_fake,id,0.722872
R:\_Projects\Eurus_Workspace\HolmHz\data\raw_v2\deepdetect2025\ddata\train\real\06515.jpg,0,dd2025_real,id,0.021255
R:\_Projects\Eurus_Workspace\HolmHz\data\raw_v2\rvf10k\rvf10k\train\real\02926.jpg,0,rvf10k_train_real,id,0.929263
R:\_Projects\Eurus_Workspace\HolmHz\data\raw_v2\diffusion_fakes\Real\REAL_0651.jpg,0,deepfake_collection_real,id,0.653247
R:\_Projects\Eurus_Workspace\HolmHz\data\raw_v2\rvf10k\rvf10k\valid\real\69471.jpg,0,rvf10k_valid_real,id,0.118067
R:\_Projects\Eurus_Workspace\HolmHz\data\raw_v2\deepdetect2025\ddata\train\fake\fake_014238.jpg,1,dd2025_fake,id,0.954240
R:\_Projects\Eurus_Workspace\HolmHz\data\raw_v2\diffusion_fakes\Stable Diffusion\Stable_Diffusion_815.jpg,1,sd_fake,id,0.006868
R:\_Projects\Eurus_Workspace\HolmHz\data\raw_v2\deepdetect2025\ddata\train\fake\fake_012594.jpg,1,dd2025_fake,id,0.128227
R:\_Projects\Eurus_Workspace\HolmHz\data\raw_v2\rvf10k\rvf10k\train\real\11240.jpg,0,rvf10k_train_real,id,0.630551
R:\_Projects\Eurus_Workspace\HolmHz\data\raw_v2\diffusion_fakes\Real\REAL_1053.jpg,0,deepfake_collection_real,id,0.971709
R:\_Projects\Eurus_Workspace\HolmHz\data\raw_v2\diffusion_fakes\Midjourney\Midjourney_0461.png,1,midjourney_fake,id,0.739437
R:\_Projects\Eurus_Workspace\HolmHz\data\raw_v2\ciplab_faces\real_and_fake_face\training_fake\easy_41_0001.jpg,1,ciplab_training_fake,id,0.961931
R:\_Projects\Eurus_Workspace\HolmHz\data\raw_v2\deepdetect2025\ddata\train\real\09869.jpg,0,dd2025_real,id,0.692883
R:\_Projects\Eurus_Workspace\HolmHz\data\raw_v2\ciplab_faces\real_and_fake_face\training_real\real_00339.jpg,0,ciplab_training_real,id,0.792045
R:\_Projects\Eurus_Workspace\HolmHz\data\raw_v2\rvf10k\rvf10k\train\real\67640.jpg,0,rvf10k_train_real,id,0.085992
R:\_Projects\Eurus_Workspace\HolmHz\data\raw_v2\deepdetect2025\ddata\train\real\37435.jpg,0,dd2025_real,id,0.195515
R:\_Projects\Eurus_Workspace\HolmHz\data\raw_v2\diffusion_fakes\Real\REAL_0555.jpg,0,deepfake_collection_real,id,0.994560
R:\_Projects\Eurus_Workspace\HolmHz\data\raw_v2\deepdetect2025\ddata\train\fake\fake_016555.jpg,1,dd2025_fake,id,0.476211
R:\_Projects\Eurus_Workspace\HolmHz\data\raw_v2\diffusion_fakes\Real\REAL_3627.jpg,0,deepfake_collection_real,id,0.020392
R:\_Projects\Eurus_Workspace\HolmHz\data\raw_v2\diffusion_fakes\Real\REAL_1491.jpg,0,deepfake_collection_real,id,0.934192
R:\_Projects\Eurus_Workspace\HolmHz\data\raw_v2\diffusion_fakes\Real\REAL_0864.jpg,0,deepfake_collection_real,id,0.551464
R:\_Projects\Eurus_Workspace\HolmHz\data\raw_v2\rvf10k\rvf10k\valid\real\11797.jpg,0,rvf10k_valid_real,id,0.382550
R:\_Projects\Eurus_Workspace\HolmHz\data\raw_v2\deepdetect2025\ddata\train\real\25253.jpg,0,dd2025_real,id,0.855153
R:\_Projects\Eurus_Workspace\HolmHz\data\raw_v2\diffusion_fakes\Real\REAL_3030.jpg,0,deepfake_collection_real,id,0.452256
R:\_Projects\Eurus_Workspace\HolmHz\data\raw_v2\deepdetect2025\ddata\train\fake\fake_027981.jpg,1,dd2025_fake,id,0.531956
R:\_Projects\Eurus_Workspace\HolmHz\data\raw_v2\ciplab_faces\real_and_fake_face_detection\real_and_fake_face\training_fake\easy_171_1100.jpg,1,ciplab_training_fake,id,0.930419
R:\_Projects\Eurus_Workspace\HolmHz\data\raw_v2\deepdetect2025\ddata\train\real\40144.jpg,0,dd2025_real,id,0.411249
R:\_Projects\Eurus_Workspace\HolmHz\data\raw_v2\deepdetect2025\ddata\train\fake\fake_019246.jpg,1,dd2025_fake,id,0.425566
R:\_Projects\Eurus_Workspace\HolmHz\data\raw_v2\deepdetect2025\ddata\train\fake\fake_033066.jpg,1,dd2025_fake,id,0.740466
R:\_Projects\Eurus_Workspace\HolmHz\data\raw_v2\deepdetect2025\ddata\train\fake\fake_005317.jpg,1,dd2025_fake,id,0.123958
R:\_Projects\Eurus_Workspace\HolmHz\data\raw_v2\diffusion_fakes\Real\REAL_3325.jpg,0,deepfake_collection_real,id,0.992462
R:\_Projects\Eurus_Workspace\HolmHz\data\raw_v2\deepdetect2025\ddata\train\real\58962.jpg,0,dd2025_real,id,0.572381
R:\_Projects\Eurus_Workspace\HolmHz\data\raw_v2\deepdetect2025\ddata\train\real\39453.jpg,0,dd2025_real,id,0.731174
R:\_Projects\Eurus_Workspace\HolmHz\data\raw_v2\diffusion_fakes\Stable Diffusion\Stable_Diffusion_1395.jpg,1,sd_fake,id,0.871746
R:\_Projects\Eurus_Workspace\HolmHz\data\raw_v2\deepdetect2025\ddata\train\fake\fake_020569.jpg,1,dd2025_fake,id,0.804662
R:\_Projects\Eurus_Workspace\HolmHz\data\raw_v2\deepdetect2025\ddata\train\real\05750.jpg,0,dd2025_real,id,0.701990
R:\_Projects\Eurus_Workspace\HolmHz\data\raw_v2\deepdetect2025\ddata\train\real\07431.jpg,0,dd2025_real,id,0.503518
R:\_Projects\Eurus_Workspace\HolmHz\data\raw_v2\rvf10k\rvf10k\train\fake\FT7DP6NT8G.jpg,1,rvf10k_train_fake,id,0.314512
R:\_Projects\Eurus_Workspace\HolmHz\data\raw_v2\deepdetect2025\ddata\train\real\41837.jpg,0,dd2025_real,id,0.999879
R:\_Projects\Eurus_Workspace\HolmHz\data\raw_v2\diffusion_fakes\DALL-E\DALL-E_0244.jpg,1,dalle_fake,id,0.766865
R:\_Projects\Eurus_Workspace\HolmHz\data\raw_v2\deepdetect2025\ddata\train\fake\fake_010362.jpg,1,dd2025_fake,id,0.344008
R:\_Projects\Eurus_Workspace\HolmHz\data\raw_v2\rvf10k\rvf10k\train\real\02585.jpg,0,rvf10k_train_real,id,0.006413
R:\_Projects\Eurus_Workspace\HolmHz\data\raw_v2\rvf10k\rvf10k\train\real\20803.jpg,0,rvf10k_train_real,id,0.123290
R:\_Projects\Eurus_Workspace\HolmHz\data\raw_v2\diffusion_fakes\Real\REAL_2159.jpg,0,deepfake_collection_real,id,0.491344
R:\_Projects\Eurus_Workspace\HolmHz\data\raw_v2\diffusion_fakes\DALL-E\DALL-E_0517.jpg,1,dalle_fake,id,0.811887
R:\_Projects\Eurus_Workspace\HolmHz\data\raw_v2\rvf10k\rvf10k\valid\real\48524.jpg,0,rvf10k_valid_real,id,0.022259
R:\_Projects\Eurus_Workspace\HolmHz\data\raw_v2\deepdetect2025\ddata\train\real\45732.jpg,0,dd2025_real,id,0.089542
R:\_Projects\Eurus_Workspace\HolmHz\data\raw_v2\deepdetect2025\ddata\train\fake\fake_038366.jpg,1,dd2025_fake,id,0.058323
R:\_Projects\Eurus_Workspace\HolmHz\data\raw_v2\diffusion_fakes\DALL-E\DALL-E_1031.jpg,1,dalle_fake,id,0.503760
R:\_Projects\Eurus_Workspace\HolmHz\data\raw_v2\diffusion_fakes\Real\REAL_5771.jpg,0,deepfake_collection_real,id,0.970175
R:\_Projects\Eurus_Workspace\HolmHz\data\raw_v2\deepdetect2025\ddata\train\fake\fake_024635.png,1,dd2025_fake,id,0.598572
R:\_Projects\Eurus_Workspace\HolmHz\data\raw_v2\rvf10k\rvf10k\train\fake\6VL8P1BCOB.jpg,1,rvf10k_train_fake,id,0.130310
R:\_Projects\Eurus_Workspace\HolmHz\data\raw_v2\deepdetect2025\ddata\train\real\55110.jpg,0,dd2025_real,id,0.201232
R:\_Projects\Eurus_Workspace\HolmHz\data\raw_v2\rvf10k\rvf10k\valid\fake\9F9QERBAII.jpg,1,rvf10k_valid_fake,id,0.158689
R:\_Projects\Eurus_Workspace\HolmHz\data\raw_v2\rvf10k\rvf10k\valid\real\04049.jpg,0,rvf10k_valid_real,id,0.818508
R:\_Projects\Eurus_Workspace\HolmHz\data\raw_v2\deepdetect2025\ddata\train\fake\fake_022878.jpg,1,dd2025_fake,id,0.256586
R:\_Projects\Eurus_Workspace\HolmHz\data\raw_v2\diffusion_fakes\Midjourney\Midjourney_0421.png,1,midjourney_fake,id,0.876404
R:\_Projects\Eurus_Workspace\HolmHz\data\raw_v2\deepdetect2025\ddata\train\real\51746.jpg,0,dd2025_real,id,0.380575
R:\_Projects\Eurus_Workspace\HolmHz\data\raw_v2\deepdetect2025\ddata\train\fake\fake_001979.jpg,1,dd2025_fake,id,0.640653
R:\_Projects\Eurus_Workspace\HolmHz\data\raw_v2\deepdetect2025\ddata\train\fake\fake_026045.jpg,1,dd2025_fake,id,0.090215
R:\_Projects\Eurus_Workspace\HolmHz\data\raw_v2\diffusion_fakes\Stable Diffusion\Stable_Diffusion_1326.jpg,1,sd_fake,id,0.950325
R:\_Projects\Eurus_Workspace\HolmHz\data\raw_v2\rvf10k\rvf10k\train\fake\3085VMMWNJ.jpg,1,rvf10k_train_fake,id,0.003410
R:\_Projects\Eurus_Workspace\HolmHz\data\raw_v2\ciplab_faces\real_and_fake_face_detection\real_and_fake_face\training_real\real_00873.jpg,0,ciplab_training_real,id,0.993154
R:\_Projects\Eurus_Workspace\HolmHz\data\raw_v2\rvf10k\rvf10k\valid\fake\EN47NZI8BU.jpg,1,rvf10k_valid_fake,id,0.299297
R:\_Projects\Eurus_Workspace\HolmHz\data\raw_v2\rvf10k\rvf10k\valid\fake\EZOPHA495I.jpg,1,rvf10k_valid_fake,id,0.055777
R:\_Projects\Eurus_Workspace\HolmHz\data\raw_v2\ciplab_faces\real_and_fake_face\training_real\real_00111.jpg,0,ciplab_training_real,id,0.507566
R:\_Projects\Eurus_Workspace\HolmHz\data\raw_v2\rvf10k\rvf10k\train\fake\CZHXLI92ZF.jpg,1,rvf10k_train_fake,id,0.846647
R:\_Projects\Eurus_Workspace\HolmHz\data\raw_v2\diffusion_fakes\Real\REAL_3044.jpg,0,deepfake_collection_real,id,0.986194
R:\_Projects\Eurus_Workspace\HolmHz\data\raw_v2\rvf10k\rvf10k\train\real\36538.jpg,0,rvf10k_train_real,id,0.010417
R:\_Projects\Eurus_Workspace\HolmHz\data\raw_v2\deepdetect2025\ddata\train\fake\fake_022664.jpg,1,dd2025_fake,id,0.269380
R:\_Projects\Eurus_Workspace\HolmHz\data\raw_v2\deepdetect2025\ddata\train\real\36401.jpg,0,dd2025_real,id,0.998985
R:\_Projects\Eurus_Workspace\HolmHz\data\raw_v2\rvf10k\rvf10k\train\real\57573.jpg,0,rvf10k_train_real,id,0.007095
R:\_Projects\Eurus_Workspace\HolmHz\data\raw_v2\deepdetect2025\ddata\train\real\60199.jpg,0,dd2025_real,id,0.864497
R:\_Projects\Eurus_Workspace\HolmHz\data\raw_v2\rvf10k\rvf10k\valid\fake\1XC0MTLX3I.jpg,1,rvf10k_valid_fake,id,0.012345
R:\_Projects\Eurus_Workspace\HolmHz\data\raw_v2\deepdetect2025\ddata\train\real\25277.jpg,0,dd2025_real,id,0.996858
R:\_Projects\Eurus_Workspace\HolmHz\data\raw_v2\rvf10k\rvf10k\train\real\47138.jpg,0,rvf10k_train_real,id,0.490860
R:\_Projects\Eurus_Workspace\HolmHz\data\raw_v2\diffusion_fakes\Stable Diffusion\Stable_Diffusion_1062.jpg,1,sd_fake,id,0.943203
R:\_Projects\Eurus_Workspace\HolmHz\data\raw_v2\rvf10k\rvf10k\train\fake\OKZD57ARVV.jpg,1,rvf10k_train_fake,id,0.051053
R:\_Projects\Eurus_Workspace\HolmHz\data\raw_v2\deepdetect2025\ddata\train\fake\fake_008633.jpg,1,dd2025_fake,id,0.600569
R:\_Projects\Eurus_Workspace\HolmHz\data\raw_v2\diffusion_fakes\Real\REAL_3973.jpg,0,deepfake_collection_real,id,0.733043
R:\_Projects\Eurus_Workspace\HolmHz\data\raw_v2\diffusion_fakes\Real\REAL_1125.jpg,0,deepfake_collection_real,id,0.705028
R:\_Projects\Eurus_Workspace\HolmHz\data\raw_v2\rvf10k\rvf10k\train\real\17974.jpg,0,rvf10k_train_real,id,0.092919
R:\_Projects\Eurus_Workspace\HolmHz\data\raw_v2\deepdetect2025\ddata\train\fake\fake_013154.jpg,1,dd2025_fake,id,0.334789
R:\_Projects\Eurus_Workspace\HolmHz\data\raw_v2\rvf10k\rvf10k\valid\fake\HX3IVXLTFV.jpg,1,rvf10k_valid_fake,id,0.309588
R:\_Projects\Eurus_Workspace\HolmHz\data\raw_v2\diffusion_fakes\Real\REAL_3733.jpg,0,deepfake_collection_real,id,0.641829
R:\_Projects\Eurus_Workspace\HolmHz\data\raw_v2\ciplab_faces\real_and_fake_face_detection\real_and_fake_face\training_real\real_00630.jpg,0,ciplab_training_real,id,0.974093
R:\_Projects\Eurus_Workspace\HolmHz\data\raw_v2\ciplab_faces\real_and_fake_face_detection\real_and_fake_face\training_fake\mid_149_0011.jpg,1,ciplab_training_fake,id,0.386123
R:\_Projects\Eurus_Workspace\HolmHz\data\raw_v2\diffusion_fakes\Real\REAL_1827.jpg,0,deepfake_collection_real,id,0.882038
R:\_Projects\Eurus_Workspace\HolmHz\data\raw_v2\ciplab_faces\real_and_fake_face_detection\real_and_fake_face\training_real\real_00441.jpg,0,ciplab_training_real,id,0.272080
R:\_Projects\Eurus_Workspace\HolmHz\data\raw_v2\deepdetect2025\ddata\train\real\24903.jpg,0,dd2025_real,id,0.013234
R:\_Projects\Eurus_Workspace\HolmHz\data\raw_v2\deepdetect2025\ddata\train\real\60663.jpg,0,dd2025_real,id,0.731168
R:\_Projects\Eurus_Workspace\HolmHz\data\raw_v2\ciplab_faces\real_and_fake_face\training_real\real_00211.jpg,0,ciplab_training_real,id,0.861910
R:\_Projects\Eurus_Workspace\HolmHz\data\raw_v2\rvf10k\rvf10k\train\real\09064.jpg,0,rvf10k_train_real,id,0.967749
R:\_Projects\Eurus_Workspace\HolmHz\data\raw_v2\deepdetect2025\ddata\train\fake\fake_001033.jpg,1,dd2025_fake,id,0.630081
R:\_Projects\Eurus_Workspace\HolmHz\data\raw_v2\diffusion_fakes\Real\REAL_3773.jpg,0,deepfake_collection_real,id,0.995988
R:\_Projects\Eurus_Workspace\HolmHz\data\raw_v2\rvf10k\rvf10k\valid\fake\7FSE5EIIOL.jpg,1,rvf10k_valid_fake,id,0.005453
R:\_Projects\Eurus_Workspace\HolmHz\data\raw_v2\rvf10k\rvf10k\valid\fake\9MM8PIGC2Z.jpg,1,rvf10k_valid_fake,id,0.950066
R:\_Projects\Eurus_Workspace\HolmHz\data\raw_v2\deepdetect2025\ddata\train\real\06391.jpg,0,dd2025_real,id,0.938499
R:\_Projects\Eurus_Workspace\HolmHz\data\raw_v2\deepdetect2025\ddata\train\real\20630.jpg,0,dd2025_real,id,0.159336
R:\_Projects\Eurus_Workspace\HolmHz\data\raw_v2\ciplab_faces\real_and_fake_face\training_fake\mid_345_1111.jpg,1,ciplab_training_fake,id,0.661556
R:\_Projects\Eurus_Workspace\HolmHz\data\raw_v2\rvf10k\rvf10k\valid\real\28623.jpg,0,rvf10k_valid_real,id,0.740115
R:\_Projects\Eurus_Workspace\HolmHz\data\raw_v2\deepdetect2025\ddata\train\fake\fake_021097.jpg,1,dd2025_fake,id,0.081078
R:\_Projects\Eurus_Workspace\HolmHz\data\raw_v2\deepdetect2025\ddata\train\fake\fake_031930.jpg,1,dd2025_fake,id,0.509456
R:\_Projects\Eurus_Workspace\HolmHz\data\raw_v2\deepdetect2025\ddata\train\fake\fake_029492.jpg,1,dd2025_fake,id,0.013993
R:\_Projects\Eurus_Workspace\HolmHz\data\raw_v2\deepdetect2025\ddata\train\fake\fake_027245.jpg,1,dd2025_fake,id,0.060137
R:\_Projects\Eurus_Workspace\HolmHz\data\raw_v2\ciplab_faces\real_and_fake_face_detection\real_and_fake_face\training_fake\easy_71_1100.jpg,1,ciplab_training_fake,id,0.975575
R:\_Projects\Eurus_Workspace\HolmHz\data\raw_v2\diffusion_fakes\Real\REAL_3808.jpg,0,deepfake_collection_real,id,0.892435
R:\_Projects\Eurus_Workspace\HolmHz\data\raw_v2\deepdetect2025\ddata\train\fake\fake_009243.jpg,1,dd2025_fake,id,0.027432
R:\_Projects\Eurus_Workspace\HolmHz\data\raw_v2\rvf10k\rvf10k\valid\real\29602.jpg,0,rvf10k_valid_real,id,0.473041
R:\_Projects\Eurus_Workspace\HolmHz\data\raw_v2\ciplab_faces\real_and_fake_face_detection\real_and_fake_face\training_fake\hard_200_1111.jpg,1,ciplab_training_fake,id,0.419066
R:\_Projects\Eurus_Workspace\HolmHz\data\raw_v2\rvf10k\rvf10k\valid\fake\FAD7R2G6KC.jpg,1,rvf10k_valid_fake,id,0.007351
R:\_Projects\Eurus_Workspace\HolmHz\data\raw_v2\diffusion_fakes\Real\REAL_2238.jpg,0,deepfake_collection_real,id,0.959415
R:\_Projects\Eurus_Workspace\HolmHz\data\raw_v2\rvf10k\rvf10k\train\real\31554.jpg,0,rvf10k_train_real,id,0.168717
R:\_Projects\Eurus_Workspace\HolmHz\data\raw_v2\rvf10k\rvf10k\train\real\45314.jpg,0,rvf10k_train_real,id,0.509870
R:\_Projects\Eurus_Workspace\HolmHz\data\raw_v2\diffusion_fakes\Real\REAL_4399.jpg,0,deepfake_collection_real,id,0.799977
R:\_Projects\Eurus_Workspace\HolmHz\data\raw_v2\deepdetect2025\ddata\train\fake\fake_037573.jpg,1,dd2025_fake,id,0.770447
R:\_Projects\Eurus_Workspace\HolmHz\data\raw_v2\deepdetect2025\ddata\train\fake\fake_011147.jpg,1,dd2025_fake,id,0.025690
R:\_Projects\Eurus_Workspace\HolmHz\data\raw_v2\rvf10k\rvf10k\train\fake\V5V8IQPHVJ.jpg,1,rvf10k_train_fake,id,0.058400
R:\_Projects\Eurus_Workspace\HolmHz\data\raw_v2\deepdetect2025\ddata\train\fake\fake_006621.jpg,1,dd2025_fake,id,0.322758
R:\_Projects\Eurus_Workspace\HolmHz\data\raw_v2\diffusion_fakes\Real\REAL_2326.jpg,0,deepfake_collection_real,id,0.960755
R:\_Projects\Eurus_Workspace\HolmHz\data\raw_v2\rvf10k\rvf10k\train\real\08630.jpg,0,rvf10k_train_real,id,0.224912
R:\_Projects\Eurus_Workspace\HolmHz\data\raw_v2\diffusion_fakes\Real\REAL_2659.jpg,0,deepfake_collection_real,id,0.841780
R:\_Projects\Eurus_Workspace\HolmHz\data\raw_v2\rvf10k\rvf10k\train\real\23290.jpg,0,rvf10k_train_real,id,0.025037
R:\_Projects\Eurus_Workspace\HolmHz\data\raw_v2\rvf10k\rvf10k\train\real\25909.jpg,0,rvf10k_train_real,id,0.024668
R:\_Projects\Eurus_Workspace\HolmHz\data\raw_v2\ciplab_faces\real_and_fake_face_detection\real_and_fake_face\training_real\real_00035.jpg,0,ciplab_training_real,id,0.087679
R:\_Projects\Eurus_Workspace\HolmHz\data\raw_v2\deepdetect2025\ddata\train\real\12115.jpg,0,dd2025_real,id,0.226984
R:\_Projects\Eurus_Workspace\HolmHz\data\raw_v2\deepdetect2025\ddata\train\fake\fake_022252.jpg,1,dd2025_fake,id,0.332095
R:\_Projects\Eurus_Workspace\HolmHz\data\raw_v2\rvf10k\rvf10k\train\real\00943.jpg,0,rvf10k_train_real,id,0.642578
R:\_Projects\Eurus_Workspace\HolmHz\data\raw_v2\camera_vs_ai\ai vs real photos\Ai_Images\105.jpg,1,camera_train_ai,id,0.198975
R:\_Projects\Eurus_Workspace\HolmHz\data\raw_v2\rvf10k\rvf10k\train\fake\PSWM4A63ZT.jpg,1,rvf10k_train_fake,id,0.145375
R:\_Projects\Eurus_Workspace\HolmHz\data\raw_v2\diffusion_fakes\Stable Diffusion\Stable_Diffusion_1013.jpg,1,sd_fake,id,0.414914
R:\_Projects\Eurus_Workspace\HolmHz\data\raw_v2\diffusion_fakes\Stable Diffusion\Stable_Diffusion_408.jpg,1,sd_fake,id,0.800405
R:\_Projects\Eurus_Workspace\HolmHz\data\raw_v2\deepdetect2025\ddata\train\real\00563.jpg,0,dd2025_real,id,0.037082
R:\_Projects\Eurus_Workspace\HolmHz\data\raw_v2\diffusion_fakes\DALL-E\DALL-E_0341.jpg,1,dalle_fake,id,0.867230
R:\_Projects\Eurus_Workspace\HolmHz\data\raw_v2\deepdetect2025\ddata\train\real\03138.jpg,0,dd2025_real,id,0.372355
R:\_Projects\Eurus_Workspace\HolmHz\data\raw_v2\diffusion_fakes\Real\REAL_5078.jpg,0,deepfake_collection_real,id,0.837435
R:\_Projects\Eurus_Workspace\HolmHz\data\raw_v2\deepdetect2025\ddata\train\fake\fake_017241.jpg,1,dd2025_fake,id,0.002140
R:\_Projects\Eurus_Workspace\HolmHz\data\raw_v2\diffusion_fakes\Stable Diffusion\Stable_Diffusion_1782.jpg,1,sd_fake,id,0.523598
R:\_Projects\Eurus_Workspace\HolmHz\data\raw_v2\diffusion_fakes\Stable Diffusion\Stable_Diffusion_2005.jpg,1,sd_fake,id,0.877726
R:\_Projects\Eurus_Workspace\HolmHz\data\raw_v2\rvf10k\rvf10k\valid\real\29641.jpg,0,rvf10k_valid_real,id,0.227693
R:\_Projects\Eurus_Workspace\HolmHz\data\raw_v2\deepdetect2025\ddata\train\real\56269.jpg,0,dd2025_real,id,0.989101
R:\_Projects\Eurus_Workspace\HolmHz\data\raw_v2\diffusion_fakes\Real\REAL_2711.jpg,0,deepfake_collection_real,id,0.049323
R:\_Projects\Eurus_Workspace\HolmHz\data\raw_v2\ciplab_faces\real_and_fake_face\training_fake\mid_5_0011.jpg,1,ciplab_training_fake,id,0.907408
R:\_Projects\Eurus_Workspace\HolmHz\data\raw_v2\diffusion_fakes\Real\REAL_3317.jpg,0,deepfake_collection_real,id,0.986661
R:\_Projects\Eurus_Workspace\HolmHz\data\raw_v2\rvf10k\rvf10k\valid\real\58107.jpg,0,rvf10k_valid_real,id,0.058816
R:\_Projects\Eurus_Workspace\HolmHz\data\raw_v2\deepdetect2025\ddata\train\fake\fake_013718.jpg,1,dd2025_fake,id,0.759304
R:\_Projects\Eurus_Workspace\HolmHz\data\raw_v2\ciplab_faces\real_and_fake_face_detection\real_and_fake_face\training_real\real_00901.jpg,0,ciplab_training_real,id,0.207743
R:\_Projects\Eurus_Workspace\HolmHz\data\raw_v2\deepdetect2025\ddata\train\real\11533.jpg,0,dd2025_real,id,0.102119
R:\_Projects\Eurus_Workspace\HolmHz\data\raw_v2\diffusion_fakes\Real\REAL_4537.jpg,0,deepfake_collection_real,id,0.950538
R:\_Projects\Eurus_Workspace\HolmHz\data\raw_v2\diffusion_fakes\Real\REAL_5347.jpg,0,deepfake_collection_real,id,0.318266
R:\_Projects\Eurus_Workspace\HolmHz\data\raw_v2\diffusion_fakes\Stable Diffusion\Stable_Diffusion_278.jpg,1,sd_fake,id,0.771086
R:\_Projects\Eurus_Workspace\HolmHz\data\raw_v2\diffusion_fakes\DALL-E\DALL-E_1004.jpg,1,dalle_fake,id,0.319196
R:\_Projects\Eurus_Workspace\HolmHz\data\raw_v2\rvf10k\rvf10k\train\fake\FMIMW4VVHH.jpg,1,rvf10k_train_fake,id,0.273054
R:\_Projects\Eurus_Workspace\HolmHz\data\raw_v2\diffusion_fakes\Real\REAL_5015.jpg,0,deepfake_collection_real,id,0.983074
R:\_Projects\Eurus_Workspace\HolmHz\data\raw_v2\rvf10k\rvf10k\train\fake\HJEOCP3QEA.jpg,1,rvf10k_train_fake,id,0.340855
R:\_Projects\Eurus_Workspace\HolmHz\data\raw_v2\diffusion_fakes\Real\REAL_0369.jpg,0,deepfake_collection_real,id,0.387929
R:\_Projects\Eurus_Workspace\HolmHz\data\raw_v2\diffusion_fakes\Real\REAL_1025.jpg,0,deepfake_collection_real,id,0.608703
R:\_Projects\Eurus_Workspace\HolmHz\data\raw_v2\deepdetect2025\ddata\train\real\14328.jpg,0,dd2025_real,id,0.039406
R:\_Projects\Eurus_Workspace\HolmHz\data\raw_v2\deepdetect2025\ddata\train\fake\fake_000414.jpg,1,dd2025_fake,id,0.094588
R:\_Projects\Eurus_Workspace\HolmHz\data\raw_v2\diffusion_fakes\DALL-E\DALL-E_1199.jpg,1,dalle_fake,id,0.051587
R:\_Projects\Eurus_Workspace\HolmHz\data\raw_v2\diffusion_fakes\Real\REAL_3644.jpg,0,deepfake_collection_real,id,0.430490
R:\_Projects\Eurus_Workspace\HolmHz\data\raw_v2\deepdetect2025\ddata\train\fake\fake_011122.jpg,1,dd2025_fake,id,0.292625
R:\_Projects\Eurus_Workspace\HolmHz\data\raw_v2\deepdetect2025\ddata\train\real\50098.jpg,0,dd2025_real,id,0.116019
R:\_Projects\Eurus_Workspace\HolmHz\data\raw_v2\deepdetect2025\ddata\train\real\12594.jpg,0,dd2025_real,id,0.315709
R:\_Projects\Eurus_Workspace\HolmHz\data\raw_v2\diffusion_fakes\Real\REAL_1094.jpg,0,deepfake_collection_real,id,0.660747
R:\_Projects\Eurus_Workspace\HolmHz\data\raw_v2\diffusion_fakes\DALL-E\DALL-E_0375.jpg,1,dalle_fake,id,0.560893
R:\_Projects\Eurus_Workspace\HolmHz\data\raw_v2\diffusion_fakes\Real\REAL_3956.jpg,0,deepfake_collection_real,id,0.788129
R:\_Projects\Eurus_Workspace\HolmHz\data\raw_v2\diffusion_fakes\DALL-E\DALL-E_1809.jpg,1,dalle_fake,id,0.437192
R:\_Projects\Eurus_Workspace\HolmHz\data\raw_v2\diffusion_fakes\Real\REAL_1458.jpg,0,deepfake_collection_real,id,0.470429
R:\_Projects\Eurus_Workspace\HolmHz\data\raw_v2\diffusion_fakes\Real\REAL_4230.jpg,0,deepfake_collection_real,id,0.982163
R:\_Projects\Eurus_Workspace\HolmHz\data\raw_v2\rvf10k\rvf10k\valid\real\02499.jpg,0,rvf10k_valid_real,id,0.828399
R:\_Projects\Eurus_Workspace\HolmHz\data\raw_v2\rvf10k\rvf10k\train\fake\UPFB886Y13.jpg,1,rvf10k_train_fake,id,0.289061
R:\_Projects\Eurus_Workspace\HolmHz\data\raw_v2\diffusion_fakes\Real\REAL_1799.jpg,0,deepfake_collection_real,id,0.966621
R:\_Projects\Eurus_Workspace\HolmHz\data\raw_v2\diffusion_fakes\Real\REAL_0078.jpg,0,deepfake_collection_real,id,0.840335
R:\_Projects\Eurus_Workspace\HolmHz\data\raw_v2\rvf10k\rvf10k\train\real\42604.jpg,0,rvf10k_train_real,id,0.028123
R:\_Projects\Eurus_Workspace\HolmHz\data\raw_v2\diffusion_fakes\Real\REAL_4831.jpg,0,deepfake_collection_real,id,0.658165
R:\_Projects\Eurus_Workspace\HolmHz\data\raw_v2\diffusion_fakes\Real\REAL_2020.jpg,0,deepfake_collection_real,id,0.917901
R:\_Projects\Eurus_Workspace\HolmHz\data\raw_v2\diffusion_fakes\Real\REAL_0400.jpg,0,deepfake_collection_real,id,0.038799
R:\_Projects\Eurus_Workspace\HolmHz\data\raw_v2\diffusion_fakes\Midjourney\Midjourney_0232.png,1,midjourney_fake,id,0.223611
R:\_Projects\Eurus_Workspace\HolmHz\data\raw_v2\deepdetect2025\ddata\train\real\25117.jpg,0,dd2025_real,id,0.969735
R:\_Projects\Eurus_Workspace\HolmHz\data\raw_v2\deepdetect2025\ddata\train\real\26418.jpg,0,dd2025_real,id,0.269401
R:\_Projects\Eurus_Workspace\HolmHz\data\raw_v2\rvf10k\rvf10k\valid\real\67651.jpg,0,rvf10k_valid_real,id,0.567088
R:\_Projects\Eurus_Workspace\HolmHz\data\raw_v2\rvf10k\rvf10k\valid\fake\O9VGL88LI2.jpg,1,rvf10k_valid_fake,id,0.122887
R:\_Projects\Eurus_Workspace\HolmHz\data\raw_v2\diffusion_fakes\Stable Diffusion\Stable_Diffusion_589.jpg,1,sd_fake,id,0.238037
R:\_Projects\Eurus_Workspace\HolmHz\data\raw_v2\rvf10k\rvf10k\valid\fake\6XLVLXE0IK.jpg,1,rvf10k_valid_fake,id,0.223019
R:\_Projects\Eurus_Workspace\HolmHz\data\raw_v2\deepdetect2025\ddata\train\real\20011.jpg,0,dd2025_real,id,0.062482
R:\_Projects\Eurus_Workspace\HolmHz\data\raw_v2\rvf10k\rvf10k\train\real\66008.jpg,0,rvf10k_train_real,id,0.043538
R:\_Projects\Eurus_Workspace\HolmHz\data\raw_v2\rvf10k\rvf10k\train\real\07510.jpg,0,rvf10k_train_real,id,0.947169
R:\_Projects\Eurus_Workspace\HolmHz\data\raw_v2\deepdetect2025\ddata\train\fake\fake_028007.jpg,1,dd2025_fake,id,0.614923
R:\_Projects\Eurus_Workspace\HolmHz\data\raw_v2\ciplab_faces\real_and_fake_face_detection\real_and_fake_face\training_real\real_00785.jpg,0,ciplab_training_real,id,0.003895
R:\_Projects\Eurus_Workspace\HolmHz\data\raw_v2\rvf10k\rvf10k\train\real\51627.jpg,0,rvf10k_train_real,id,0.033485
R:\_Projects\Eurus_Workspace\HolmHz\data\raw_v2\rvf10k\rvf10k\valid\fake\RAPBVGM8K9.jpg,1,rvf10k_valid_fake,id,0.146738
R:\_Projects\Eurus_Workspace\HolmHz\data\raw_v2\diffusion_fakes\Real\REAL_2304.jpg,0,deepfake_collection_real,id,0.088180
R:\_Projects\Eurus_Workspace\HolmHz\data\raw_v2\diffusion_fakes\Stable Diffusion\Stable_Diffusion_941.jpg,1,sd_fake,id,0.486097
R:\_Projects\Eurus_Workspace\HolmHz\data\raw_v2\deepdetect2025\ddata\train\fake\fake_029759.jpg,1,dd2025_fake,id,0.565657
R:\_Projects\Eurus_Workspace\HolmHz\data\raw_v2\diffusion_fakes\DALL-E\DALL-E_1063.jpg,1,dalle_fake,id,0.994808
R:\_Projects\Eurus_Workspace\HolmHz\data\raw_v2\deepdetect2025\ddata\train\fake\fake_014375.jpg,1,dd2025_fake,id,0.030256
R:\_Projects\Eurus_Workspace\HolmHz\data\raw_v2\deepdetect2025\ddata\train\fake\fake_002077.jpg,1,dd2025_fake,id,0.715309
R:\_Projects\Eurus_Workspace\HolmHz\data\raw_v2\deepdetect2025\ddata\train\real\24143.jpg,0,dd2025_real,id,0.964734
R:\_Projects\Eurus_Workspace\HolmHz\data\raw_v2\diffusion_fakes\Real\REAL_5224.jpg,0,deepfake_collection_real,id,0.055662
R:\_Projects\Eurus_Workspace\HolmHz\data\raw_v2\ciplab_faces\real_and_fake_face_detection\real_and_fake_face\training_real\real_00533.jpg,0,ciplab_training_real,id,0.245781
R:\_Projects\Eurus_Workspace\HolmHz\data\raw_v2\rvf10k\rvf10k\train\fake\2N2Z0IN2X8.jpg,1,rvf10k_train_fake,id,0.897198
R:\_Projects\Eurus_Workspace\HolmHz\data\raw_v2\rvf10k\rvf10k\train\fake\D4Z47QYRDN.jpg,1,rvf10k_train_fake,id,0.611650
R:\_Projects\Eurus_Workspace\HolmHz\data\raw_v2\rvf10k\rvf10k\valid\real\60801.jpg,0,rvf10k_valid_real,id,0.631865
R:\_Projects\Eurus_Workspace\HolmHz\data\raw_v2\rvf10k\rvf10k\valid\fake\ODY603PO6R.jpg,1,rvf10k_valid_fake,id,0.781757
R:\_Projects\Eurus_Workspace\HolmHz\data\raw_v2\rvf10k\rvf10k\train\real\50013.jpg,0,rvf10k_train_real,id,0.024282
R:\_Projects\Eurus_Workspace\HolmHz\data\raw_v2\deepdetect2025\ddata\train\real\01636.jpg,0,dd2025_real,id,0.196977
R:\_Projects\Eurus_Workspace\HolmHz\data\raw_v2\ciplab_faces\real_and_fake_face\training_real\real_00245.jpg,0,ciplab_training_real,id,0.172965
R:\_Projects\Eurus_Workspace\HolmHz\data\raw_v2\rvf10k\rvf10k\train\fake\DTVCX3DL30.jpg,1,rvf10k_train_fake,id,0.810851
R:\_Projects\Eurus_Workspace\HolmHz\data\raw_v2\diffusion_fakes\DALL-E\DALL-E_0217.jpg,1,dalle_fake,id,0.571355
R:\_Projects\Eurus_Workspace\HolmHz\data\raw_v2\rvf10k\rvf10k\train\fake\ZQZRFIUUQG.jpg,1,rvf10k_train_fake,id,0.995003
R:\_Projects\Eurus_Workspace\HolmHz\data\raw_v2\diffusion_fakes\DALL-E\DALL-E_1133.jpg,1,dalle_fake,id,0.973498
R:\_Projects\Eurus_Workspace\HolmHz\data\raw_v2\diffusion_fakes\Real\REAL_5614.jpg,0,deepfake_collection_real,id,0.010360
R:\_Projects\Eurus_Workspace\HolmHz\data\raw_v2\diffusion_fakes\Real\REAL_3846.jpg,0,deepfake_collection_real,id,0.432772
R:\_Projects\Eurus_Workspace\HolmHz\data\raw_v2\diffusion_fakes\Stable Diffusion\Stable_Diffusion_446.jpg,1,sd_fake,id,0.371100
R:\_Projects\Eurus_Workspace\HolmHz\data\raw_v2\ciplab_faces\real_and_fake_face\training_fake\mid_118_1000.jpg,1,ciplab_training_fake,id,0.247179
R:\_Projects\Eurus_Workspace\HolmHz\data\raw_v2\rvf10k\rvf10k\train\real\01511.jpg,0,rvf10k_train_real,id,0.677848
R:\_Projects\Eurus_Workspace\HolmHz\data\raw_v2\deepdetect2025\ddata\train\real\66625.jpg,0,dd2025_real,id,0.125292
R:\_Projects\Eurus_Workspace\HolmHz\data\raw_v2\deepdetect2025\ddata\train\fake\fake_038460.jpg,1,dd2025_fake,id,0.064465
R:\_Projects\Eurus_Workspace\HolmHz\data\raw_v2\ciplab_faces\real_and_fake_face_detection\real_and_fake_face\training_real\real_00198.jpg,0,ciplab_training_real,id,0.100589
R:\_Projects\Eurus_Workspace\HolmHz\data\raw_v2\rvf10k\rvf10k\valid\real\63398.jpg,0,rvf10k_valid_real,id,0.978933
R:\_Projects\Eurus_Workspace\HolmHz\data\raw_v2\diffusion_fakes\Stable Diffusion\Stable_Diffusion_1889.jpg,1,sd_fake,id,0.428780
R:\_Projects\Eurus_Workspace\HolmHz\data\raw_v2\deepdetect2025\ddata\train\real\55335.jpg,0,dd2025_real,id,0.091018
R:\_Projects\Eurus_Workspace\HolmHz\data\raw_v2\diffusion_fakes\DALL-E\DALL-E_0868.jpg,1,dalle_fake,id,0.947745
R:\_Projects\Eurus_Workspace\HolmHz\data\raw_v2\diffusion_fakes\Real\REAL_2110.jpg,0,deepfake_collection_real,id,0.560689
R:\_Projects\Eurus_Workspace\HolmHz\data\raw_v2\rvf10k\rvf10k\train\fake\OCU1X1SFU5.jpg,1,rvf10k_train_fake,id,0.327892
R:\_Projects\Eurus_Workspace\HolmHz\data\raw_v2\rvf10k\rvf10k\train\real\29729.jpg,0,rvf10k_train_real,id,0.288640
R:\_Projects\Eurus_Workspace\HolmHz\data\raw_v2\deepdetect2025\ddata\train\fake\fake_012550.jpg,1,dd2025_fake,id,0.066106
R:\_Projects\Eurus_Workspace\HolmHz\data\raw_v2\diffusion_fakes\DALL-E\DALL-E_1626.jpg,1,dalle_fake,id,0.434239
R:\_Projects\Eurus_Workspace\HolmHz\data\raw_v2\deepdetect2025\ddata\train\real\52661.jpg,0,dd2025_real,id,0.179204
R:\_Projects\Eurus_Workspace\HolmHz\data\raw_v2\deepdetect2025\ddata\train\fake\fake_002313.jpg,1,dd2025_fake,id,0.035061
R:\_Projects\Eurus_Workspace\HolmHz\data\raw_v2\ciplab_faces\real_and_fake_face\training_real\real_00394.jpg,0,ciplab_training_real,id,0.015638
R:\_Projects\Eurus_Workspace\HolmHz\data\raw_v2\diffusion_fakes\DALL-E\DALL-E_1982.jpg,1,dalle_fake,id,0.903903
R:\_Projects\Eurus_Workspace\HolmHz\data\raw_v2\diffusion_fakes\Real\REAL_1837.jpg,0,deepfake_collection_real,id,0.010869
R:\_Projects\Eurus_Workspace\HolmHz\data\raw_v2\deepdetect2025\ddata\train\fake\fake_010013.jpg,1,dd2025_fake,id,0.092613
R:\_Projects\Eurus_Workspace\HolmHz\data\raw_v2\diffusion_fakes\Midjourney\Midjourney_0600.png,1,midjourney_fake,id,0.026394
R:\_Projects\Eurus_Workspace\HolmHz\data\raw_v2\deepdetect2025\ddata\train\fake\fake_029587.jpg,1,dd2025_fake,id,0.001355
R:\_Projects\Eurus_Workspace\HolmHz\data\raw_v2\deepdetect2025\ddata\train\real\50769.jpg,0,dd2025_real,id,0.925214
R:\_Projects\Eurus_Workspace\HolmHz\data\raw_v2\rvf10k\rvf10k\train\real\12879.jpg,0,rvf10k_train_real,id,0.573455
R:\_Projects\Eurus_Workspace\HolmHz\data\raw_v2\diffusion_fakes\Stable Diffusion\Stable_Diffusion_1577.jpg,1,sd_fake,id,0.698927
R:\_Projects\Eurus_Workspace\HolmHz\data\raw_v2\diffusion_fakes\Real\REAL_4334.jpg,0,deepfake_collection_real,id,0.978990
R:\_Projects\Eurus_Workspace\HolmHz\data\raw_v2\rvf10k\rvf10k\train\fake\QYIIBKRQEQ.jpg,1,rvf10k_train_fake,id,0.126258
R:\_Projects\Eurus_Workspace\HolmHz\data\raw_v2\rvf10k\rvf10k\train\real\61414.jpg,0,rvf10k_train_real,id,0.272374
R:\_Projects\Eurus_Workspace\HolmHz\data\raw_v2\rvf10k\rvf10k\train\fake\RXUCXMIA2N.jpg,1,rvf10k_train_fake,id,0.265609
R:\_Projects\Eurus_Workspace\HolmHz\data\raw_v2\rvf10k\rvf10k\train\fake\4VKPMUSDPG.jpg,1,rvf10k_train_fake,id,0.090405
R:\_Projects\Eurus_Workspace\HolmHz\data\raw_v2\deepdetect2025\ddata\train\real\56701.jpg,0,dd2025_real,id,0.010060
R:\_Projects\Eurus_Workspace\HolmHz\data\raw_v2\rvf10k\rvf10k\valid\fake\F9DI3WV7SS.jpg,1,rvf10k_valid_fake,id,0.025440
R:\_Projects\Eurus_Workspace\HolmHz\data\raw_v2\diffusion_fakes\Real\REAL_1845.jpg,0,deepfake_collection_real,id,0.010490
R:\_Projects\Eurus_Workspace\HolmHz\data\raw_v2\deepdetect2025\ddata\train\fake\fake_015643.jpg,1,dd2025_fake,id,0.010786
R:\_Projects\Eurus_Workspace\HolmHz\data\raw_v2\ciplab_faces\real_and_fake_face_detection\real_and_fake_face\training_fake\easy_135_0011.jpg,1,ciplab_training_fake,id,0.998916
R:\_Projects\Eurus_Workspace\HolmHz\data\raw_v2\diffusion_fakes\Midjourney\Midjourney_0833.png,1,midjourney_fake,id,0.781439
R:\_Projects\Eurus_Workspace\HolmHz\data\raw_v2\ciplab_faces\real_and_fake_face\training_fake\hard_61_0011.jpg,1,ciplab_training_fake,id,0.085264
R:\_Projects\Eurus_Workspace\HolmHz\data\raw_v2\deepdetect2025\ddata\train\fake\fake_023176.jpg,1,dd2025_fake,id,0.987944
R:\_Projects\Eurus_Workspace\HolmHz\data\raw_v2\deepdetect2025\ddata\train\fake\fake_004212.jpg,1,dd2025_fake,id,0.634683
R:\_Projects\Eurus_Workspace\HolmHz\data\raw_v2\diffusion_fakes\Real\REAL_3032.jpg,0,deepfake_collection_real,id,0.044723
R:\_Projects\Eurus_Workspace\HolmHz\data\raw_v2\deepdetect2025\ddata\train\fake\fake_011689.jpg,1,dd2025_fake,id,0.000265
R:\_Projects\Eurus_Workspace\HolmHz\data\raw_v2\deepdetect2025\ddata\train\fake\fake_027391.jpg,1,dd2025_fake,id,0.061591
R:\_Projects\Eurus_Workspace\HolmHz\data\raw_v2\deepdetect2025\ddata\train\fake\fake_019082.jpg,1,dd2025_fake,id,0.788202
R:\_Projects\Eurus_Workspace\HolmHz\data\raw_v2\diffusion_fakes\Real\REAL_1434.jpg,0,deepfake_collection_real,id,0.963719
R:\_Projects\Eurus_Workspace\HolmHz\data\raw_v2\rvf10k\rvf10k\valid\fake\UFW10OLJ9K.jpg,1,rvf10k_valid_fake,id,0.950079
R:\_Projects\Eurus_Workspace\HolmHz\data\raw_v2\deepdetect2025\ddata\train\fake\fake_036390.jpg,1,dd2025_fake,id,0.245992
R:\_Projects\Eurus_Workspace\HolmHz\data\raw_v2\deepdetect2025\ddata\train\real\27626.jpg,0,dd2025_real,id,0.052780
R:\_Projects\Eurus_Workspace\HolmHz\data\raw_v2\deepdetect2025\ddata\train\real\35282.jpg,0,dd2025_real,id,0.101966
R:\_Projects\Eurus_Workspace\HolmHz\data\raw_v2\deepdetect2025\ddata\train\fake\fake_035214.jpg,1,dd2025_fake,id,0.006063
R:\_Projects\Eurus_Workspace\HolmHz\data\raw_v2\diffusion_fakes\Real\REAL_4307.jpg,0,deepfake_collection_real,id,0.968632
R:\_Projects\Eurus_Workspace\HolmHz\data\raw_v2\deepdetect2025\ddata\train\fake\fake_036186.jpg,1,dd2025_fake,id,0.006304
R:\_Projects\Eurus_Workspace\HolmHz\data\raw_v2\diffusion_fakes\Real\REAL_4146.jpg,0,deepfake_collection_real,id,0.509424
R:\_Projects\Eurus_Workspace\HolmHz\data\raw_v2\deepdetect2025\ddata\train\fake\fake_010652.jpg,1,dd2025_fake,id,0.085910
R:\_Projects\Eurus_Workspace\HolmHz\data\raw_v2\diffusion_fakes\Real\REAL_5636.jpg,0,deepfake_collection_real,id,0.640730
R:\_Projects\Eurus_Workspace\HolmHz\data\raw_v2\rvf10k\rvf10k\train\fake\JINOG3EEFQ.jpg,1,rvf10k_train_fake,id,0.545686
R:\_Projects\Eurus_Workspace\HolmHz\data\raw_v2\rvf10k\rvf10k\valid\fake\7DSFTVG470.jpg,1,rvf10k_valid_fake,id,0.057106
R:\_Projects\Eurus_Workspace\HolmHz\data\raw_v2\diffusion_fakes\Real\REAL_5058.jpg,0,deepfake_collection_real,id,0.900069
R:\_Projects\Eurus_Workspace\HolmHz\data\raw_v2\diffusion_fakes\Midjourney\Midjourney_0335.png,1,midjourney_fake,id,0.070726
R:\_Projects\Eurus_Workspace\HolmHz\data\raw_v2\ciplab_faces\real_and_fake_face\training_real\real_00752.jpg,0,ciplab_training_real,id,0.993398
R:\_Projects\Eurus_Workspace\HolmHz\data\raw_v2\diffusion_fakes\Real\REAL_1471.jpg,0,deepfake_collection_real,id,0.593967
R:\_Projects\Eurus_Workspace\HolmHz\data\raw_v2\rvf10k\rvf10k\valid\fake\QRU9NNBJQY.jpg,1,rvf10k_valid_fake,id,0.615103
R:\_Projects\Eurus_Workspace\HolmHz\data\raw_v2\rvf10k\rvf10k\train\real\60595.jpg,0,rvf10k_train_real,id,0.962688
R:\_Projects\Eurus_Workspace\HolmHz\data\raw_v2\diffusion_fakes\DALL-E\DALL-E_0797.jpg,1,dalle_fake,id,0.259461
R:\_Projects\Eurus_Workspace\HolmHz\data\raw_v2\deepdetect2025\ddata\train\fake\fake_038307.jpg,1,dd2025_fake,id,0.181876
R:\_Projects\Eurus_Workspace\HolmHz\data\raw_v2\diffusion_fakes\Real\REAL_2807.jpg,0,deepfake_collection_real,id,0.196363
R:\_Projects\Eurus_Workspace\HolmHz\data\raw_v2\deepdetect2025\ddata\train\real\19556.jpg,0,dd2025_real,id,0.087618
R:\_Projects\Eurus_Workspace\HolmHz\data\raw_v2\diffusion_fakes\DALL-E\DALL-E_1946.jpg,1,dalle_fake,id,0.204692
R:\_Projects\Eurus_Workspace\HolmHz\data\raw_v2\rvf10k\rvf10k\valid\real\44077.jpg,0,rvf10k_valid_real,id,0.401398
R:\_Projects\Eurus_Workspace\HolmHz\data\raw_v2\rvf10k\rvf10k\valid\fake\WE0TQBP2EY.jpg,1,rvf10k_valid_fake,id,0.016778
R:\_Projects\Eurus_Workspace\HolmHz\data\raw_v2\rvf10k\rvf10k\train\real\29101.jpg,0,rvf10k_train_real,id,0.337084
R:\_Projects\Eurus_Workspace\HolmHz\data\raw_v2\rvf10k\rvf10k\train\fake\XOF0GRPHZI.jpg,1,rvf10k_train_fake,id,0.476783
R:\_Projects\Eurus_Workspace\HolmHz\data\raw_v2\diffusion_fakes\Real\REAL_4498.jpg,0,deepfake_collection_real,id,0.387874
R:\_Projects\Eurus_Workspace\HolmHz\data\raw_v2\deepdetect2025\ddata\train\real\40684.jpg,0,dd2025_real,id,0.445819
R:\_Projects\Eurus_Workspace\HolmHz\data\raw_v2\deepdetect2025\ddata\train\real\56472.jpg,0,dd2025_real,id,0.369540
R:\_Projects\Eurus_Workspace\HolmHz\data\raw_v2\rvf10k\rvf10k\train\real\61945.jpg,0,rvf10k_train_real,id,0.059605
R:\_Projects\Eurus_Workspace\HolmHz\data\raw_v2\diffusion_fakes\Real\REAL_4177.jpg,0,deepfake_collection_real,id,0.852895
R:\_Projects\Eurus_Workspace\HolmHz\data\raw_v2\rvf10k\rvf10k\train\fake\W6ZHWSE6KV.jpg,1,rvf10k_train_fake,id,0.237558
R:\_Projects\Eurus_Workspace\HolmHz\data\raw_v2\ciplab_faces\real_and_fake_face_detection\real_and_fake_face\training_fake\mid_460_1111.jpg,1,ciplab_training_fake,id,0.342409
R:\_Projects\Eurus_Workspace\HolmHz\data\raw_v2\deepdetect2025\ddata\train\real\44755.jpg,0,dd2025_real,id,0.866271
R:\_Projects\Eurus_Workspace\HolmHz\data\raw_v2\diffusion_fakes\Real\REAL_3936.jpg,0,deepfake_collection_real,id,0.753839
R:\_Projects\Eurus_Workspace\HolmHz\data\raw_v2\diffusion_fakes\DALL-E\DALL-E_1451.jpg,1,dalle_fake,id,0.248644
R:\_Projects\Eurus_Workspace\HolmHz\data\raw_v2\rvf10k\rvf10k\valid\real\11859.jpg,0,rvf10k_valid_real,id,0.972353
R:\_Projects\Eurus_Workspace\HolmHz\data\raw_v2\diffusion_fakes\Midjourney\Midjourney_0550.png,1,midjourney_fake,id,0.714139
R:\_Projects\Eurus_Workspace\HolmHz\data\raw_v2\diffusion_fakes\Real\REAL_1669.jpg,0,deepfake_collection_real,id,0.004015
R:\_Projects\Eurus_Workspace\HolmHz\data\raw_v2\diffusion_fakes\Real\REAL_1854.jpg,0,deepfake_collection_real,id,0.706136
R:\_Projects\Eurus_Workspace\HolmHz\data\raw_v2\rvf10k\rvf10k\train\real\07212.jpg,0,rvf10k_train_real,id,0.989327
R:\_Projects\Eurus_Workspace\HolmHz\data\raw_v2\rvf10k\rvf10k\train\real\54839.jpg,0,rvf10k_train_real,id,0.072835
R:\_Projects\Eurus_Workspace\HolmHz\data\raw_v2\rvf10k\rvf10k\train\real\00968.jpg,0,rvf10k_train_real,id,0.991354
R:\_Projects\Eurus_Workspace\HolmHz\data\raw_v2\rvf10k\rvf10k\train\real\28644.jpg,0,rvf10k_train_real,id,0.982652
R:\_Projects\Eurus_Workspace\HolmHz\data\raw_v2\diffusion_fakes\Real\REAL_2214.jpg,0,deepfake_collection_real,id,0.293330
R:\_Projects\Eurus_Workspace\HolmHz\data\raw_v2\rvf10k\rvf10k\train\real\67629.jpg,0,rvf10k_train_real,id,0.993283
R:\_Projects\Eurus_Workspace\HolmHz\data\raw_v2\rvf10k\rvf10k\train\real\10922.jpg,0,rvf10k_train_real,id,0.632493
R:\_Projects\Eurus_Workspace\HolmHz\data\raw_v2\diffusion_fakes\Real\REAL_1890.jpg,0,deepfake_collection_real,id,0.096552
R:\_Projects\Eurus_Workspace\HolmHz\data\raw_v2\deepdetect2025\ddata\train\real\02702.jpg,0,dd2025_real,id,0.840402
R:\_Projects\Eurus_Workspace\HolmHz\data\raw_v2\rvf10k\rvf10k\train\fake\QFRHP5Y9G9.jpg,1,rvf10k_train_fake,id,0.930923
R:\_Projects\Eurus_Workspace\HolmHz\data\raw_v2\diffusion_fakes\Midjourney\Midjourney_0268.png,1,midjourney_fake,id,0.228865
R:\_Projects\Eurus_Workspace\HolmHz\data\raw_v2\deepdetect2025\ddata\train\real\24779.jpg,0,dd2025_real,id,0.906856
R:\_Projects\Eurus_Workspace\HolmHz\data\raw_v2\deepdetect2025\ddata\train\fake\fake_009963.jpg,1,dd2025_fake,id,0.854006
R:\_Projects\Eurus_Workspace\HolmHz\data\raw_v2\rvf10k\rvf10k\train\fake\009X14ED19.jpg,1,rvf10k_train_fake,id,0.322997
R:\_Projects\Eurus_Workspace\HolmHz\data\raw_v2\deepdetect2025\ddata\train\real\12412.jpg,0,dd2025_real,id,0.010321
R:\_Projects\Eurus_Workspace\HolmHz\data\raw_v2\diffusion_fakes\Real\REAL_3276.jpg,0,deepfake_collection_real,id,0.267542
R:\_Projects\Eurus_Workspace\HolmHz\data\raw_v2\ciplab_faces\real_and_fake_face\training_real\real_00132.jpg,0,ciplab_training_real,id,0.341467
R:\_Projects\Eurus_Workspace\HolmHz\data\raw_v2\deepdetect2025\ddata\train\real\21508.jpg,0,dd2025_real,id,0.553283
R:\_Projects\Eurus_Workspace\HolmHz\data\raw_v2\deepdetect2025\ddata\train\fake\fake_012374.jpg,1,dd2025_fake,id,0.392824
R:\_Projects\Eurus_Workspace\HolmHz\data\raw_v2\diffusion_fakes\Real\REAL_2809.jpg,0,deepfake_collection_real,id,0.097290
R:\_Projects\Eurus_Workspace\HolmHz\data\raw_v2\ciplab_faces\real_and_fake_face_detection\real_and_fake_face\training_real\real_00152.jpg,0,ciplab_training_real,id,0.772648
R:\_Projects\Eurus_Workspace\HolmHz\data\raw_v2\diffusion_fakes\Real\REAL_3966.jpg,0,deepfake_collection_real,id,0.351887
R:\_Projects\Eurus_Workspace\HolmHz\data\raw_v2\deepdetect2025\ddata\train\real\32810.jpg,0,dd2025_real,id,0.329265
R:\_Projects\Eurus_Workspace\HolmHz\data\raw_v2\diffusion_fakes\Stable Diffusion\Stable_Diffusion_1906.jpg,1,sd_fake,id,0.257158
R:\_Projects\Eurus_Workspace\HolmHz\data\raw_v2\deepdetect2025\ddata\train\fake\fake_014922.jpg,1,dd2025_fake,id,0.737869
R:\_Projects\Eurus_Workspace\HolmHz\data\raw_v2\ciplab_faces\real_and_fake_face_detection\real_and_fake_face\training_fake\mid_247_1111.jpg,1,ciplab_training_fake,id,0.981450
R:\_Projects\Eurus_Workspace\HolmHz\data\raw_v2\deepdetect2025\ddata\train\real\00129.jpg,0,dd2025_real,id,0.126647
R:\_Projects\Eurus_Workspace\HolmHz\data\raw_v2\rvf10k\rvf10k\train\fake\KNE5WUSDLJ.jpg,1,rvf10k_train_fake,id,0.458991
R:\_Projects\Eurus_Workspace\HolmHz\data\raw_v2\diffusion_fakes\Real\REAL_5002.jpg,0,deepfake_collection_real,id,0.875835
R:\_Projects\Eurus_Workspace\HolmHz\data\raw_v2\rvf10k\rvf10k\train\real\30466.jpg,0,rvf10k_train_real,id,0.597178
R:\_Projects\Eurus_Workspace\HolmHz\data\raw_v2\deepdetect2025\ddata\train\real\00993.jpg,0,dd2025_real,id,0.535014
R:\_Projects\Eurus_Workspace\HolmHz\data\raw_v2\rvf10k\rvf10k\train\real\54674.jpg,0,rvf10k_train_real,id,0.661398
R:\_Projects\Eurus_Workspace\HolmHz\data\raw_v2\diffusion_fakes\Real\REAL_1918.jpg,0,deepfake_collection_real,id,0.918532
R:\_Projects\Eurus_Workspace\HolmHz\data\raw_v2\diffusion_fakes\Real\REAL_0719.jpg,0,deepfake_collection_real,id,0.842654
R:\_Projects\Eurus_Workspace\HolmHz\data\raw_v2\diffusion_fakes\Stable Diffusion\Stable_Diffusion_995.jpg,1,sd_fake,id,0.731337
R:\_Projects\Eurus_Workspace\HolmHz\data\raw_v2\diffusion_fakes\Real\REAL_4700.jpg,0,deepfake_collection_real,id,0.708049
R:\_Projects\Eurus_Workspace\HolmHz\data\raw_v2\ciplab_faces\real_and_fake_face\training_real\real_00238.jpg,0,ciplab_training_real,id,0.715492
R:\_Projects\Eurus_Workspace\HolmHz\data\raw_v2\deepdetect2025\ddata\train\real\11267.jpg,0,dd2025_real,id,0.161531
R:\_Projects\Eurus_Workspace\HolmHz\data\raw_v2\diffusion_fakes\Real\REAL_1492.jpg,0,deepfake_collection_real,id,0.231804
R:\_Projects\Eurus_Workspace\HolmHz\data\raw_v2\ciplab_faces\real_and_fake_face\training_real\real_00105.jpg,0,ciplab_training_real,id,0.488155
R:\_Projects\Eurus_Workspace\HolmHz\data\raw_v2\rvf10k\rvf10k\train\real\69939.jpg,0,rvf10k_train_real,id,0.715032
R:\_Projects\Eurus_Workspace\HolmHz\data\raw_v2\diffusion_fakes\Real\REAL_5547.jpg,0,deepfake_collection_real,id,0.099557
R:\_Projects\Eurus_Workspace\HolmHz\data\raw_v2\diffusion_fakes\Real\REAL_1428.jpg,0,deepfake_collection_real,id,0.070877
R:\_Projects\Eurus_Workspace\HolmHz\data\raw_v2\diffusion_fakes\DALL-E\DALL-E_0482.jpg,1,dalle_fake,id,0.926976
R:\_Projects\Eurus_Workspace\HolmHz\data\raw_v2\deepdetect2025\ddata\train\real\05871.jpg,0,dd2025_real,id,0.043979
R:\_Projects\Eurus_Workspace\HolmHz\data\raw_v2\rvf10k\rvf10k\train\fake\3KCFVBLVLM.jpg,1,rvf10k_train_fake,id,0.295593
R:\_Projects\Eurus_Workspace\HolmHz\data\raw_v2\diffusion_fakes\Stable Diffusion\Stable_Diffusion_1648.jpg,1,sd_fake,id,0.599154
R:\_Projects\Eurus_Workspace\HolmHz\data\raw_v2\diffusion_fakes\Real\REAL_2674.jpg,0,deepfake_collection_real,id,0.892821
R:\_Projects\Eurus_Workspace\HolmHz\data\raw_v2\rvf10k\rvf10k\train\real\22915.jpg,0,rvf10k_train_real,id,0.128506
R:\_Projects\Eurus_Workspace\HolmHz\data\raw_v2\diffusion_fakes\Real\REAL_1888.jpg,0,deepfake_collection_real,id,0.512908
R:\_Projects\Eurus_Workspace\HolmHz\data\raw_v2\rvf10k\rvf10k\valid\fake\8WPQ35ZISG.jpg,1,rvf10k_valid_fake,id,0.911358
R:\_Projects\Eurus_Workspace\HolmHz\data\raw_v2\rvf10k\rvf10k\train\real\56240.jpg,0,rvf10k_train_real,id,0.840964
R:\_Projects\Eurus_Workspace\HolmHz\data\raw_v2\ciplab_faces\real_and_fake_face_detection\real_and_fake_face\training_fake\easy_93_1010.jpg,1,ciplab_training_fake,id,0.329314
R:\_Projects\Eurus_Workspace\HolmHz\data\raw_v2\diffusion_fakes\Stable Diffusion\Stable_Diffusion_1785.jpg,1,sd_fake,id,0.784709
R:\_Projects\Eurus_Workspace\HolmHz\data\raw_v2\diffusion_fakes\Real\REAL_4536.jpg,0,deepfake_collection_real,id,0.885082
R:\_Projects\Eurus_Workspace\HolmHz\data\raw_v2\deepdetect2025\ddata\train\fake\fake_001825.jpg,1,dd2025_fake,id,0.014188
R:\_Projects\Eurus_Workspace\HolmHz\data\raw_v2\deepdetect2025\ddata\train\fake\fake_010880.jpg,1,dd2025_fake,id,0.965818
R:\_Projects\Eurus_Workspace\HolmHz\data\raw_v2\deepdetect2025\ddata\train\fake\fake_004494.jpg,1,dd2025_fake,id,0.901985
R:\_Projects\Eurus_Workspace\HolmHz\data\raw_v2\ciplab_faces\real_and_fake_face_detection\real_and_fake_face\training_fake\hard_14_1111.jpg,1,ciplab_training_fake,id,0.025526
R:\_Projects\Eurus_Workspace\HolmHz\data\raw_v2\deepdetect2025\ddata\train\fake\fake_022495.jpg,1,dd2025_fake,id,0.061013
R:\_Projects\Eurus_Workspace\HolmHz\data\raw_v2\deepdetect2025\ddata\train\real\34003.jpg,0,dd2025_real,id,0.987252
R:\_Projects\Eurus_Workspace\HolmHz\data\raw_v2\deepdetect2025\ddata\train\fake\fake_014561.jpg,1,dd2025_fake,id,0.010571
R:\_Projects\Eurus_Workspace\HolmHz\data\raw_v2\diffusion_fakes\DALL-E\DALL-E_0186.jpg,1,dalle_fake,id,0.136307
R:\_Projects\Eurus_Workspace\HolmHz\data\raw_v2\deepdetect2025\ddata\train\real\21314.jpg,0,dd2025_real,id,0.266605
R:\_Projects\Eurus_Workspace\HolmHz\data\raw_v2\deepdetect2025\ddata\train\fake\fake_040091.jpg,1,dd2025_fake,id,0.022386
R:\_Projects\Eurus_Workspace\HolmHz\data\raw_v2\ciplab_faces\real_and_fake_face_detection\real_and_fake_face\training_fake\mid_230_1110.jpg,1,ciplab_training_fake,id,0.993765
R:\_Projects\Eurus_Workspace\HolmHz\data\raw_v2\deepdetect2025\ddata\train\real\06397.jpg,0,dd2025_real,id,0.028657
R:\_Projects\Eurus_Workspace\HolmHz\data\raw_v2\ciplab_faces\real_and_fake_face_detection\real_and_fake_face\training_real\real_00532.jpg,0,ciplab_training_real,id,0.605694
R:\_Projects\Eurus_Workspace\HolmHz\data\raw_v2\diffusion_fakes\DALL-E\DALL-E_1629.jpg,1,dalle_fake,id,0.080764
R:\_Projects\Eurus_Workspace\HolmHz\data\raw_v2\diffusion_fakes\Stable Diffusion\Stable_Diffusion_22.jpg,1,sd_fake,id,0.091081
R:\_Projects\Eurus_Workspace\HolmHz\data\raw_v2\rvf10k\rvf10k\train\fake\GEJLBTVJA8.jpg,1,rvf10k_train_fake,id,0.920034
R:\_Projects\Eurus_Workspace\HolmHz\data\raw_v2\deepdetect2025\ddata\train\real\56605.jpg,0,dd2025_real,id,0.062340
R:\_Projects\Eurus_Workspace\HolmHz\data\raw_v2\diffusion_fakes\Real\REAL_0692.jpg,0,deepfake_collection_real,id,0.271519
R:\_Projects\Eurus_Workspace\HolmHz\data\raw_v2\rvf10k\rvf10k\train\fake\LU83XHTYJE.jpg,1,rvf10k_train_fake,id,0.024302
R:\_Projects\Eurus_Workspace\HolmHz\data\raw_v2\deepdetect2025\ddata\train\fake\fake_008793.jpg,1,dd2025_fake,id,0.139152
R:\_Projects\Eurus_Workspace\HolmHz\data\raw_v2\diffusion_fakes\Real\REAL_4541.jpg,0,deepfake_collection_real,id,0.048832
R:\_Projects\Eurus_Workspace\HolmHz\data\raw_v2\diffusion_fakes\Stable Diffusion\Stable_Diffusion_1613.jpg,1,sd_fake,id,0.096142
R:\_Projects\Eurus_Workspace\HolmHz\data\raw_v2\rvf10k\rvf10k\valid\fake\J43FS32FMP.jpg,1,rvf10k_valid_fake,id,0.166614
R:\_Projects\Eurus_Workspace\HolmHz\data\raw_v2\ciplab_faces\real_and_fake_face_detection\real_and_fake_face\training_fake\easy_181_1110.jpg,1,ciplab_training_fake,id,0.996369
R:\_Projects\Eurus_Workspace\HolmHz\data\raw_v2\deepdetect2025\ddata\train\real\46009.jpg,0,dd2025_real,id,0.529961
R:\_Projects\Eurus_Workspace\HolmHz\data\raw_v2\deepdetect2025\ddata\train\real\63504.jpg,0,dd2025_real,id,0.908585
R:\_Projects\Eurus_Workspace\HolmHz\data\raw_v2\deepdetect2025\ddata\train\fake\fake_031942.jpg,1,dd2025_fake,id,0.004612
R:\_Projects\Eurus_Workspace\HolmHz\data\raw_v2\diffusion_fakes\Real\REAL_5752.jpg,0,deepfake_collection_real,id,0.999196
R:\_Projects\Eurus_Workspace\HolmHz\data\raw_v2\rvf10k\rvf10k\train\fake\FWQJ5Z2OUA.jpg,1,rvf10k_train_fake,id,0.993087
R:\_Projects\Eurus_Workspace\HolmHz\data\raw_v2\deepdetect2025\ddata\train\real\42680.jpg,0,dd2025_real,id,0.134946
R:\_Projects\Eurus_Workspace\HolmHz\data\raw_v2\deepdetect2025\ddata\train\real\01760.jpg,0,dd2025_real,id,0.475068
R:\_Projects\Eurus_Workspace\HolmHz\data\raw_v2\rvf10k\rvf10k\train\fake\E9NKC1X893.jpg,1,rvf10k_train_fake,id,0.016212
R:\_Projects\Eurus_Workspace\HolmHz\data\raw_v2\rvf10k\rvf10k\train\fake\LDO8A66UZB.jpg,1,rvf10k_train_fake,id,0.100746
R:\_Projects\Eurus_Workspace\HolmHz\data\raw_v2\rvf10k\rvf10k\train\fake\KE85XOZ6IF.jpg,1,rvf10k_train_fake,id,0.524178
R:\_Projects\Eurus_Workspace\HolmHz\data\raw_v2\deepdetect2025\ddata\train\real\60322.jpg,0,dd2025_real,id,0.096982
R:\_Projects\Eurus_Workspace\HolmHz\data\raw_v2\ciplab_faces\real_and_fake_face_detection\real_and_fake_face\training_real\real_00679.jpg,0,ciplab_training_real,id,0.752044
R:\_Projects\Eurus_Workspace\HolmHz\data\raw_v2\rvf10k\rvf10k\valid\fake\TRG3GW8UIN.jpg,1,rvf10k_valid_fake,id,0.652255
R:\_Projects\Eurus_Workspace\HolmHz\data\raw_v2\diffusion_fakes\Real\REAL_4522.jpg,0,deepfake_collection_real,id,0.944981
R:\_Projects\Eurus_Workspace\HolmHz\data\raw_v2\ciplab_faces\real_and_fake_face\training_fake\easy_153_1110.jpg,1,ciplab_training_fake,id,0.413083
R:\_Projects\Eurus_Workspace\HolmHz\data\raw_v2\rvf10k\rvf10k\valid\real\55645.jpg,0,rvf10k_valid_real,id,0.050755
R:\_Projects\Eurus_Workspace\HolmHz\data\raw_v2\rvf10k\rvf10k\train\real\29129.jpg,0,rvf10k_train_real,id,0.787326
R:\_Projects\Eurus_Workspace\HolmHz\data\raw_v2\ciplab_faces\real_and_fake_face_detection\real_and_fake_face\training_fake\hard_28_1111.jpg,1,ciplab_training_fake,id,0.976448
R:\_Projects\Eurus_Workspace\HolmHz\data\raw_v2\deepdetect2025\ddata\train\real\38981.jpg,0,dd2025_real,id,0.045735
R:\_Projects\Eurus_Workspace\HolmHz\data\raw_v2\ciplab_faces\real_and_fake_face_detection\real_and_fake_face\training_fake\mid_316_1111.jpg,1,ciplab_training_fake,id,0.349020
R:\_Projects\Eurus_Workspace\HolmHz\data\raw_v2\rvf10k\rvf10k\train\fake\JH88JOYOLU.jpg,1,rvf10k_train_fake,id,0.118689
R:\_Projects\Eurus_Workspace\HolmHz\data\raw_v2\rvf10k\rvf10k\train\fake\M5FDVFAR5O.jpg,1,rvf10k_train_fake,id,0.997670
R:\_Projects\Eurus_Workspace\HolmHz\data\raw_v2\rvf10k\rvf10k\train\real\08308.jpg,0,rvf10k_train_real,id,0.180677
R:\_Projects\Eurus_Workspace\HolmHz\data\raw_v2\deepdetect2025\ddata\train\fake\fake_003440.jpg,1,dd2025_fake,id,0.525523
R:\_Projects\Eurus_Workspace\HolmHz\data\raw_v2\rvf10k\rvf10k\valid\real\10451.jpg,0,rvf10k_valid_real,id,0.327411
R:\_Projects\Eurus_Workspace\HolmHz\data\raw_v2\diffusion_fakes\DALL-E\DALL-E_1954.jpg,1,dalle_fake,id,0.992096
R:\_Projects\Eurus_Workspace\HolmHz\data\raw_v2\diffusion_fakes\Stable Diffusion\Stable_Diffusion_63.jpg,1,sd_fake,id,0.021588
R:\_Projects\Eurus_Workspace\HolmHz\data\raw_v2\rvf10k\rvf10k\train\fake\15M8LWAUW7.jpg,1,rvf10k_train_fake,id,0.108893
R:\_Projects\Eurus_Workspace\HolmHz\data\raw_v2\rvf10k\rvf10k\train\real\24847.jpg,0,rvf10k_train_real,id,0.308365
R:\_Projects\Eurus_Workspace\HolmHz\data\raw_v2\ciplab_faces\real_and_fake_face_detection\real_and_fake_face\training_real\real_00076.jpg,0,ciplab_training_real,id,0.390527
R:\_Projects\Eurus_Workspace\HolmHz\data\raw_v2\deepdetect2025\ddata\train\real\62997.jpg,0,dd2025_real,id,0.630043
R:\_Projects\Eurus_Workspace\HolmHz\data\raw_v2\diffusion_fakes\Real\REAL_3670.jpg,0,deepfake_collection_real,id,0.141002
R:\_Projects\Eurus_Workspace\HolmHz\data\raw_v2\rvf10k\rvf10k\train\fake\9IN1CD3TBF.jpg,1,rvf10k_train_fake,id,0.902979
R:\_Projects\Eurus_Workspace\HolmHz\data\raw_v2\deepdetect2025\ddata\train\fake\fake_010837.jpg,1,dd2025_fake,id,0.037792
R:\_Projects\Eurus_Workspace\HolmHz\data\raw_v2\deepdetect2025\ddata\train\fake\fake_022454.jpg,1,dd2025_fake,id,0.131550
R:\_Projects\Eurus_Workspace\HolmHz\data\raw_v2\deepdetect2025\ddata\train\real\28238.jpg,0,dd2025_real,id,0.036787
R:\_Projects\Eurus_Workspace\HolmHz\data\raw_v2\diffusion_fakes\Real\REAL_4139.jpg,0,deepfake_collection_real,id,0.497381
R:\_Projects\Eurus_Workspace\HolmHz\data\raw_v2\deepdetect2025\ddata\train\fake\fake_039744.jpg,1,dd2025_fake,id,0.185971
R:\_Projects\Eurus_Workspace\HolmHz\data\raw_v2\diffusion_fakes\Real\REAL_0491.jpg,0,deepfake_collection_real,id,0.358650
R:\_Projects\Eurus_Workspace\HolmHz\data\raw_v2\deepdetect2025\ddata\train\fake\fake_031521.jpg,1,dd2025_fake,id,0.987344
R:\_Projects\Eurus_Workspace\HolmHz\data\raw_v2\diffusion_fakes\DALL-E\DALL-E_1351.jpg,1,dalle_fake,id,0.114248
R:\_Projects\Eurus_Workspace\HolmHz\data\raw_v2\rvf10k\rvf10k\valid\fake\HHWRKBPIMR.jpg,1,rvf10k_valid_fake,id,0.260920
R:\_Projects\Eurus_Workspace\HolmHz\data\raw_v2\diffusion_fakes\DALL-E\DALL-E_1847.jpg,1,dalle_fake,id,0.911043
R:\_Projects\Eurus_Workspace\HolmHz\data\raw_v2\deepdetect2025\ddata\train\real\68379.jpg,0,dd2025_real,id,0.833246
R:\_Projects\Eurus_Workspace\HolmHz\data\raw_v2\diffusion_fakes\Real\REAL_5570.jpg,0,deepfake_collection_real,id,0.852766
R:\_Projects\Eurus_Workspace\HolmHz\data\raw_v2\deepdetect2025\ddata\train\real\20851.jpg,0,dd2025_real,id,0.635982
R:\_Projects\Eurus_Workspace\HolmHz\data\raw_v2\rvf10k\rvf10k\train\real\43725.jpg,0,rvf10k_train_real,id,0.971115
R:\_Projects\Eurus_Workspace\HolmHz\data\raw_v2\rvf10k\rvf10k\train\real\43539.jpg,0,rvf10k_train_real,id,0.988971
R:\_Projects\Eurus_Workspace\HolmHz\data\raw_v2\rvf10k\rvf10k\train\real\44825.jpg,0,rvf10k_train_real,id,0.893824
R:\_Projects\Eurus_Workspace\HolmHz\data\raw_v2\diffusion_fakes\Real\REAL_5520.jpg,0,deepfake_collection_real,id,0.350285
R:\_Projects\Eurus_Workspace\HolmHz\data\raw_v2\ciplab_faces\real_and_fake_face_detection\real_and_fake_face\training_real\real_00557.jpg,0,ciplab_training_real,id,0.794477
R:\_Projects\Eurus_Workspace\HolmHz\data\raw_v2\diffusion_fakes\Midjourney\Midjourney_0199.png,1,midjourney_fake,id,0.392849
R:\_Projects\Eurus_Workspace\HolmHz\data\raw_v2\rvf10k\rvf10k\train\real\30235.jpg,0,rvf10k_train_real,id,0.043173
R:\_Projects\Eurus_Workspace\HolmHz\data\raw_v2\deepdetect2025\ddata\train\real\63383.jpg,0,dd2025_real,id,0.875971
R:\_Projects\Eurus_Workspace\HolmHz\data\raw_v2\diffusion_fakes\Midjourney\Midjourney_0836.png,1,midjourney_fake,id,0.520166
R:\_Projects\Eurus_Workspace\HolmHz\data\raw_v2\diffusion_fakes\Stable Diffusion\Stable_Diffusion_208.jpg,1,sd_fake,id,0.147912
R:\_Projects\Eurus_Workspace\HolmHz\data\raw_v2\rvf10k\rvf10k\valid\real\06927.jpg,0,rvf10k_valid_real,id,0.928056
R:\_Projects\Eurus_Workspace\HolmHz\data\raw_v2\diffusion_fakes\Stable Diffusion\Stable_Diffusion_1939.jpg,1,sd_fake,id,0.124242
R:\_Projects\Eurus_Workspace\HolmHz\data\raw_v2\ciplab_faces\real_and_fake_face\training_real\real_01069.jpg,0,ciplab_training_real,id,0.709432
R:\_Projects\Eurus_Workspace\HolmHz\data\raw_v2\diffusion_fakes\Stable Diffusion\Stable_Diffusion_81.jpg,1,sd_fake,id,0.279624
R:\_Projects\Eurus_Workspace\HolmHz\data\raw_v2\diffusion_fakes\Real\REAL_2133.jpg,0,deepfake_collection_real,id,0.890569
R:\_Projects\Eurus_Workspace\HolmHz\data\raw_v2\deepdetect2025\ddata\train\fake\fake_020756.jpg,1,dd2025_fake,id,0.008491
R:\_Projects\Eurus_Workspace\HolmHz\data\raw_v2\deepdetect2025\ddata\train\fake\fake_039542.jpg,1,dd2025_fake,id,0.311770
R:\_Projects\Eurus_Workspace\HolmHz\data\raw_v2\deepdetect2025\ddata\train\real\14555.jpg,0,dd2025_real,id,0.048593
R:\_Projects\Eurus_Workspace\HolmHz\data\raw_v2\ciplab_faces\real_and_fake_face\training_fake\mid_260_1111.jpg,1,ciplab_training_fake,id,0.956014
R:\_Projects\Eurus_Workspace\HolmHz\data\raw_v2\deepdetect2025\ddata\train\fake\fake_011116.jpg,1,dd2025_fake,id,0.877844
R:\_Projects\Eurus_Workspace\HolmHz\data\raw_v2\ciplab_faces\real_and_fake_face_detection\real_and_fake_face\training_real\real_00248.jpg,0,ciplab_training_real,id,0.747949
R:\_Projects\Eurus_Workspace\HolmHz\data\raw_v2\rvf10k\rvf10k\train\real\31876.jpg,0,rvf10k_train_real,id,0.046984
R:\_Projects\Eurus_Workspace\HolmHz\data\raw_v2\diffusion_fakes\Midjourney\Midjourney_0777.png,1,midjourney_fake,id,0.112809
R:\_Projects\Eurus_Workspace\HolmHz\data\raw_v2\ciplab_faces\real_and_fake_face\training_fake\hard_109_1100.jpg,1,ciplab_training_fake,id,0.316371
R:\_Projects\Eurus_Workspace\HolmHz\data\raw_v2\diffusion_fakes\Real\REAL_5003.jpg,0,deepfake_collection_real,id,0.992331
R:\_Projects\Eurus_Workspace\HolmHz\data\raw_v2\deepdetect2025\ddata\train\real\29165.jpg,0,dd2025_real,id,0.151186
R:\_Projects\Eurus_Workspace\HolmHz\data\raw_v2\rvf10k\rvf10k\train\fake\569VNVR164.jpg,1,rvf10k_train_fake,id,0.363903
R:\_Projects\Eurus_Workspace\HolmHz\data\raw_v2\diffusion_fakes\Real\REAL_3931.jpg,0,deepfake_collection_real,id,0.977134
R:\_Projects\Eurus_Workspace\HolmHz\data\raw_v2\deepdetect2025\ddata\train\real\56325.jpg,0,dd2025_real,id,0.999088
R:\_Projects\Eurus_Workspace\HolmHz\data\raw_v2\ciplab_faces\real_and_fake_face_detection\real_and_fake_face\training_real\real_00179.jpg,0,ciplab_training_real,id,0.801558
R:\_Projects\Eurus_Workspace\HolmHz\data\raw_v2\diffusion_fakes\Midjourney\Midjourney_0288.png,1,midjourney_fake,id,0.051440
R:\_Projects\Eurus_Workspace\HolmHz\data\raw_v2\rvf10k\rvf10k\train\fake\CUSDU3B474.jpg,1,rvf10k_train_fake,id,0.430431
R:\_Projects\Eurus_Workspace\HolmHz\data\raw_v2\rvf10k\rvf10k\train\fake\48K6AU9U3V.jpg,1,rvf10k_train_fake,id,0.403120
R:\_Projects\Eurus_Workspace\HolmHz\data\raw_v2\rvf10k\rvf10k\train\real\54519.jpg,0,rvf10k_train_real,id,0.038554
R:\_Projects\Eurus_Workspace\HolmHz\data\raw_v2\rvf10k\rvf10k\train\real\49113.jpg,0,rvf10k_train_real,id,0.130474
R:\_Projects\Eurus_Workspace\HolmHz\data\raw_v2\deepdetect2025\ddata\train\fake\fake_032568.jpg,1,dd2025_fake,id,0.043071
R:\_Projects\Eurus_Workspace\HolmHz\data\raw_v2\rvf10k\rvf10k\train\fake\PG0PVA6JC0.jpg,1,rvf10k_train_fake,id,0.006819
R:\_Projects\Eurus_Workspace\HolmHz\data\raw_v2\diffusion_fakes\DALL-E\DALL-E_0072.jpg,1,dalle_fake,id,0.999878
R:\_Projects\Eurus_Workspace\HolmHz\data\raw_v2\rvf10k\rvf10k\train\fake\494J5CDLHV.jpg,1,rvf10k_train_fake,id,0.348881
R:\_Projects\Eurus_Workspace\HolmHz\data\raw_v2\rvf10k\rvf10k\train\real\66253.jpg,0,rvf10k_train_real,id,0.423973
R:\_Projects\Eurus_Workspace\HolmHz\data\raw_v2\diffusion_fakes\Real\REAL_1106.jpg,0,deepfake_collection_real,id,0.917953
R:\_Projects\Eurus_Workspace\HolmHz\data\raw_v2\rvf10k\rvf10k\train\real\09232.jpg,0,rvf10k_train_real,id,0.786335
R:\_Projects\Eurus_Workspace\HolmHz\data\raw_v2\rvf10k\rvf10k\valid\real\67656.jpg,0,rvf10k_valid_real,id,0.116794
R:\_Projects\Eurus_Workspace\HolmHz\data\raw_v2\diffusion_fakes\DALL-E\DALL-E_0647.jpg,1,dalle_fake,id,0.992413
R:\_Projects\Eurus_Workspace\HolmHz\data\raw_v2\rvf10k\rvf10k\train\real\57021.jpg,0,rvf10k_train_real,id,0.616699
R:\_Projects\Eurus_Workspace\HolmHz\data\raw_v2\diffusion_fakes\Real\REAL_5148.jpg,0,deepfake_collection_real,id,0.385016
R:\_Projects\Eurus_Workspace\HolmHz\data\raw_v2\diffusion_fakes\Midjourney\Midjourney_0875.png,1,midjourney_fake,id,0.050019
R:\_Projects\Eurus_Workspace\HolmHz\data\raw_v2\rvf10k\rvf10k\train\real\10139.jpg,0,rvf10k_train_real,id,0.784420
R:\_Projects\Eurus_Workspace\HolmHz\data\raw_v2\diffusion_fakes\Real\REAL_4624.jpg,0,deepfake_collection_real,id,0.974122
R:\_Projects\Eurus_Workspace\HolmHz\data\raw_v2\diffusion_fakes\Stable Diffusion\Stable_Diffusion_898.jpg,1,sd_fake,id,0.284885
R:\_Projects\Eurus_Workspace\HolmHz\data\raw_v2\rvf10k\rvf10k\valid\real\16927.jpg,0,rvf10k_valid_real,id,0.008697
R:\_Projects\Eurus_Workspace\HolmHz\data\raw_v2\deepdetect2025\ddata\train\fake\fake_033330.jpg,1,dd2025_fake,id,0.190383
R:\_Projects\Eurus_Workspace\HolmHz\data\raw_v2\ciplab_faces\real_and_fake_face_detection\real_and_fake_face\training_real\real_00612.jpg,0,ciplab_training_real,id,0.369979
R:\_Projects\Eurus_Workspace\HolmHz\data\raw_v2\deepdetect2025\ddata\train\real\02124.jpg,0,dd2025_real,id,0.996709
R:\_Projects\Eurus_Workspace\HolmHz\data\raw_v2\rvf10k\rvf10k\train\fake\58EGNTSBYD.jpg,1,rvf10k_train_fake,id,0.491457
R:\_Projects\Eurus_Workspace\HolmHz\data\raw_v2\deepdetect2025\ddata\train\real\39704.jpg,0,dd2025_real,id,0.897407
R:\_Projects\Eurus_Workspace\HolmHz\data\raw_v2\rvf10k\rvf10k\train\real\59555.jpg,0,rvf10k_train_real,id,0.068621
R:\_Projects\Eurus_Workspace\HolmHz\data\raw_v2\deepdetect2025\ddata\train\real\30783.jpg,0,dd2025_real,id,0.003716
R:\_Projects\Eurus_Workspace\HolmHz\data\raw_v2\deepdetect2025\ddata\train\real\47615.jpg,0,dd2025_real,id,0.289874
R:\_Projects\Eurus_Workspace\HolmHz\data\raw_v2\diffusion_fakes\Real\REAL_3271.jpg,0,deepfake_collection_real,id,0.487588
R:\_Projects\Eurus_Workspace\HolmHz\data\raw_v2\diffusion_fakes\Stable Diffusion\Stable_Diffusion_106.jpg,1,sd_fake,id,0.057528
R:\_Projects\Eurus_Workspace\HolmHz\data\raw_v2\rvf10k\rvf10k\train\fake\YCWJBYOS10.jpg,1,rvf10k_train_fake,id,0.091106
R:\_Projects\Eurus_Workspace\HolmHz\data\raw_v2\diffusion_fakes\Real\REAL_5665.jpg,0,deepfake_collection_real,id,0.430391
R:\_Projects\Eurus_Workspace\HolmHz\data\raw_v2\rvf10k\rvf10k\train\real\51207.jpg,0,rvf10k_train_real,id,0.326764
R:\_Projects\Eurus_Workspace\HolmHz\data\raw_v2\rvf10k\rvf10k\valid\real\01689.jpg,0,rvf10k_valid_real,id,0.008672
R:\_Projects\Eurus_Workspace\HolmHz\data\raw_v2\diffusion_fakes\Midjourney\Midjourney_0764.png,1,midjourney_fake,id,0.513701
R:\_Projects\Eurus_Workspace\HolmHz\data\raw_v2\deepdetect2025\ddata\train\fake\fake_004250.jpg,1,dd2025_fake,id,0.220609
R:\_Projects\Eurus_Workspace\HolmHz\data\raw_v2\deepdetect2025\ddata\train\fake\fake_037255.jpg,1,dd2025_fake,id,0.286625
R:\_Projects\Eurus_Workspace\HolmHz\data\raw_v2\diffusion_fakes\Stable Diffusion\Stable_Diffusion_1292.jpg,1,sd_fake,id,0.399492
R:\_Projects\Eurus_Workspace\HolmHz\data\raw_v2\rvf10k\rvf10k\train\real\31898.jpg,0,rvf10k_train_real,id,0.081152
R:\_Projects\Eurus_Workspace\HolmHz\data\raw_v2\ciplab_faces\real_and_fake_face\training_fake\hard_70_1100.jpg,1,ciplab_training_fake,id,0.923950
R:\_Projects\Eurus_Workspace\HolmHz\data\raw_v2\deepdetect2025\ddata\train\real\13358.jpg,0,dd2025_real,id,0.858603
R:\_Projects\Eurus_Workspace\HolmHz\data\raw_v2\rvf10k\rvf10k\valid\fake\FSMMYMPZKZ.jpg,1,rvf10k_valid_fake,id,0.038620
R:\_Projects\Eurus_Workspace\HolmHz\data\raw_v2\diffusion_fakes\Real\REAL_5831.jpg,0,deepfake_collection_real,id,0.650614
R:\_Projects\Eurus_Workspace\HolmHz\data\raw_v2\deepdetect2025\ddata\train\fake\fake_031786.jpg,1,dd2025_fake,id,0.530960
R:\_Projects\Eurus_Workspace\HolmHz\data\raw_v2\diffusion_fakes\Real\REAL_0993.jpg,0,deepfake_collection_real,id,0.597146
R:\_Projects\Eurus_Workspace\HolmHz\data\raw_v2\deepdetect2025\ddata\train\fake\fake_009285.jpg,1,dd2025_fake,id,0.024696
R:\_Projects\Eurus_Workspace\HolmHz\data\raw_v2\rvf10k\rvf10k\valid\real\15113.jpg,0,rvf10k_valid_real,id,0.049668
R:\_Projects\Eurus_Workspace\HolmHz\data\raw_v2\rvf10k\rvf10k\train\real\19159.jpg,0,rvf10k_train_real,id,0.998427
R:\_Projects\Eurus_Workspace\HolmHz\data\raw_v2\deepdetect2025\ddata\train\real\44118.jpg,0,dd2025_real,id,0.116903
R:\_Projects\Eurus_Workspace\HolmHz\data\raw_v2\rvf10k\rvf10k\valid\fake\4H8OASZBQX.jpg,1,rvf10k_valid_fake,id,0.007434
R:\_Projects\Eurus_Workspace\HolmHz\data\raw_v2\diffusion_fakes\DALL-E\DALL-E_0826.jpg,1,dalle_fake,id,0.265204
R:\_Projects\Eurus_Workspace\HolmHz\data\raw_v2\rvf10k\rvf10k\train\real\69015.jpg,0,rvf10k_train_real,id,0.983887
R:\_Projects\Eurus_Workspace\HolmHz\data\raw_v2\diffusion_fakes\Real\REAL_4106.jpg,0,deepfake_collection_real,id,0.252133
R:\_Projects\Eurus_Workspace\HolmHz\data\raw_v2\diffusion_fakes\Midjourney\Midjourney_0365.png,1,midjourney_fake,id,0.419072
R:\_Projects\Eurus_Workspace\HolmHz\data\raw_v2\ciplab_faces\real_and_fake_face\training_fake\hard_204_0011.jpg,1,ciplab_training_fake,id,0.071436
R:\_Projects\Eurus_Workspace\HolmHz\data\raw_v2\diffusion_fakes\Real\REAL_1801.jpg,0,deepfake_collection_real,id,0.618056
R:\_Projects\Eurus_Workspace\HolmHz\data\raw_v2\diffusion_fakes\Real\REAL_5494.jpg,0,deepfake_collection_real,id,0.688564
R:\_Projects\Eurus_Workspace\HolmHz\data\raw_v2\ciplab_faces\real_and_fake_face\training_real\real_00590.jpg,0,ciplab_training_real,id,0.137816
R:\_Projects\Eurus_Workspace\HolmHz\data\raw_v2\deepdetect2025\ddata\train\real\31427.jpg,0,dd2025_real,id,0.337415
R:\_Projects\Eurus_Workspace\HolmHz\data\raw_v2\ciplab_faces\real_and_fake_face_detection\real_and_fake_face\training_fake\mid_292_1000.jpg,1,ciplab_training_fake,id,0.316104
R:\_Projects\Eurus_Workspace\HolmHz\data\raw_v2\deepdetect2025\ddata\train\real\03371.jpg,0,dd2025_real,id,0.761452
R:\_Projects\Eurus_Workspace\HolmHz\data\raw_v2\diffusion_fakes\Stable Diffusion\Stable_Diffusion_1186.jpg,1,sd_fake,id,0.184896
R:\_Projects\Eurus_Workspace\HolmHz\data\raw_v2\diffusion_fakes\DALL-E\DALL-E_1325.jpg,1,dalle_fake,id,0.229678
R:\_Projects\Eurus_Workspace\HolmHz\data\raw_v2\ciplab_faces\real_and_fake_face\training_fake\hard_195_1000.jpg,1,ciplab_training_fake,id,0.044128
R:\_Projects\Eurus_Workspace\HolmHz\data\raw_v2\rvf10k\rvf10k\valid\real\11373.jpg,0,rvf10k_valid_real,id,0.883279
R:\_Projects\Eurus_Workspace\HolmHz\data\raw_v2\deepdetect2025\ddata\train\real\25626.jpg,0,dd2025_real,id,0.273193
R:\_Projects\Eurus_Workspace\HolmHz\data\raw_v2\diffusion_fakes\Stable Diffusion\Stable_Diffusion_876.jpg,1,sd_fake,id,0.013104
R:\_Projects\Eurus_Workspace\HolmHz\data\raw_v2\diffusion_fakes\DALL-E\DALL-E_1335.jpg,1,dalle_fake,id,0.084289
R:\_Projects\Eurus_Workspace\HolmHz\data\raw_v2\deepdetect2025\ddata\train\fake\fake_001459.jpg,1,dd2025_fake,id,0.933269
R:\_Projects\Eurus_Workspace\HolmHz\data\raw_v2\diffusion_fakes\Midjourney\Midjourney_0047.png,1,midjourney_fake,id,0.142022
R:\_Projects\Eurus_Workspace\HolmHz\data\raw_v2\ciplab_faces\real_and_fake_face_detection\real_and_fake_face\training_fake\easy_173_0111.jpg,1,ciplab_training_fake,id,0.906166
R:\_Projects\Eurus_Workspace\HolmHz\data\raw_v2\rvf10k\rvf10k\valid\real\20281.jpg,0,rvf10k_valid_real,id,0.060646
R:\_Projects\Eurus_Workspace\HolmHz\data\raw_v2\rvf10k\rvf10k\train\real\33796.jpg,0,rvf10k_train_real,id,0.001786
R:\_Projects\Eurus_Workspace\HolmHz\data\raw_v2\deepdetect2025\ddata\train\real\06566.jpg,0,dd2025_real,id,0.011185
R:\_Projects\Eurus_Workspace\HolmHz\data\raw_v2\rvf10k\rvf10k\train\real\12745.jpg,0,rvf10k_train_real,id,0.531591
R:\_Projects\Eurus_Workspace\HolmHz\data\raw_v2\diffusion_fakes\Real\REAL_1986.jpg,0,deepfake_collection_real,id,0.987692
R:\_Projects\Eurus_Workspace\HolmHz\data\raw_v2\ciplab_faces\real_and_fake_face_detection\real_and_fake_face\training_real\real_01069.jpg,0,ciplab_training_real,id,0.709432
R:\_Projects\Eurus_Workspace\HolmHz\data\raw_v2\deepdetect2025\ddata\train\fake\fake_017404.jpg,1,dd2025_fake,id,0.005534
R:\_Projects\Eurus_Workspace\HolmHz\data\raw_v2\ciplab_faces\real_and_fake_face\training_fake\mid_201_1111.jpg,1,ciplab_training_fake,id,0.600332
R:\_Projects\Eurus_Workspace\HolmHz\data\raw_v2\deepdetect2025\ddata\train\real\40519.jpg,0,dd2025_real,id,0.027902
R:\_Projects\Eurus_Workspace\HolmHz\data\raw_v2\rvf10k\rvf10k\valid\fake\RRUNQEDUFU.jpg,1,rvf10k_valid_fake,id,0.145622
R:\_Projects\Eurus_Workspace\HolmHz\data\raw_v2\rvf10k\rvf10k\train\real\30854.jpg,0,rvf10k_train_real,id,0.861702
R:\_Projects\Eurus_Workspace\HolmHz\data\raw_v2\diffusion_fakes\Real\REAL_4241.jpg,0,deepfake_collection_real,id,0.868058
R:\_Projects\Eurus_Workspace\HolmHz\data\raw_v2\rvf10k\rvf10k\train\real\19235.jpg,0,rvf10k_train_real,id,0.055687
R:\_Projects\Eurus_Workspace\HolmHz\data\raw_v2\deepdetect2025\ddata\train\real\61458.jpg,0,dd2025_real,id,0.713905
R:\_Projects\Eurus_Workspace\HolmHz\data\raw_v2\ciplab_faces\real_and_fake_face_detection\real_and_fake_face\training_fake\mid_386_1110.jpg,1,ciplab_training_fake,id,0.966145
R:\_Projects\Eurus_Workspace\HolmHz\data\raw_v2\diffusion_fakes\Real\REAL_1176.jpg,0,deepfake_collection_real,id,0.093980
R:\_Projects\Eurus_Workspace\HolmHz\data\raw_v2\deepdetect2025\ddata\train\fake\fake_015405.png,1,dd2025_fake,id,0.001337
R:\_Projects\Eurus_Workspace\HolmHz\data\raw_v2\ciplab_faces\real_and_fake_face_detection\real_and_fake_face\training_fake\hard_236_1001.jpg,1,ciplab_training_fake,id,0.064969
R:\_Projects\Eurus_Workspace\HolmHz\data\raw_v2\diffusion_fakes\Stable Diffusion\Stable_Diffusion_1973.jpg,1,sd_fake,id,0.625550
R:\_Projects\Eurus_Workspace\HolmHz\data\raw_v2\rvf10k\rvf10k\train\real\33568.jpg,0,rvf10k_train_real,id,0.014273
R:\_Projects\Eurus_Workspace\HolmHz\data\raw_v2\rvf10k\rvf10k\valid\fake\CYBS47GQAU.jpg,1,rvf10k_valid_fake,id,0.084816
R:\_Projects\Eurus_Workspace\HolmHz\data\raw_v2\ciplab_faces\real_and_fake_face\training_fake\mid_69_1111.jpg,1,ciplab_training_fake,id,0.988799
R:\_Projects\Eurus_Workspace\HolmHz\data\raw_v2\rvf10k\rvf10k\train\fake\GJIIEKLDBS.jpg,1,rvf10k_train_fake,id,0.457986
R:\_Projects\Eurus_Workspace\HolmHz\data\raw_v2\deepdetect2025\ddata\train\real\05376.jpg,0,dd2025_real,id,0.279084
R:\_Projects\Eurus_Workspace\HolmHz\data\raw_v2\deepdetect2025\ddata\train\fake\fake_011873.jpg,1,dd2025_fake,id,0.996831
R:\_Projects\Eurus_Workspace\HolmHz\data\raw_v2\diffusion_fakes\Real\REAL_0720.jpg,0,deepfake_collection_real,id,0.978798
R:\_Projects\Eurus_Workspace\HolmHz\data\raw_v2\deepdetect2025\ddata\train\fake\fake_022675.png,1,dd2025_fake,id,0.049507
R:\_Projects\Eurus_Workspace\HolmHz\data\raw_v2\diffusion_fakes\Real\REAL_4479.jpg,0,deepfake_collection_real,id,0.939084
R:\_Projects\Eurus_Workspace\HolmHz\data\raw_v2\ciplab_faces\real_and_fake_face_detection\real_and_fake_face\training_fake\mid_437_1101.jpg,1,ciplab_training_fake,id,0.227376
R:\_Projects\Eurus_Workspace\HolmHz\data\raw_v2\diffusion_fakes\Real\REAL_4798.jpg,0,deepfake_collection_real,id,0.996160
R:\_Projects\Eurus_Workspace\HolmHz\data\raw_v2\rvf10k\rvf10k\train\real\41462.jpg,0,rvf10k_train_real,id,0.367206
R:\_Projects\Eurus_Workspace\HolmHz\data\raw_v2\diffusion_fakes\DALL-E\DALL-E_1767.jpg,1,dalle_fake,id,0.035298
R:\_Projects\Eurus_Workspace\HolmHz\data\raw_v2\diffusion_fakes\DALL-E\DALL-E_0139.jpg,1,dalle_fake,id,0.362207
R:\_Projects\Eurus_Workspace\HolmHz\data\raw_v2\ciplab_faces\real_and_fake_face_detection\real_and_fake_face\training_real\real_00306.jpg,0,ciplab_training_real,id,0.243804
R:\_Projects\Eurus_Workspace\HolmHz\data\raw_v2\deepdetect2025\ddata\train\real\08344.jpg,0,dd2025_real,id,0.556910
R:\_Projects\Eurus_Workspace\HolmHz\data\raw_v2\rvf10k\rvf10k\valid\real\45014.jpg,0,rvf10k_valid_real,id,0.130256
R:\_Projects\Eurus_Workspace\HolmHz\data\raw_v2\ciplab_faces\real_and_fake_face\training_fake\mid_224_1111.jpg,1,ciplab_training_fake,id,0.341187
R:\_Projects\Eurus_Workspace\HolmHz\data\raw_v2\deepdetect2025\ddata\train\real\04431.jpg,0,dd2025_real,id,0.971649
R:\_Projects\Eurus_Workspace\HolmHz\data\raw_v2\deepdetect2025\ddata\train\fake\fake_021732.jpg,1,dd2025_fake,id,0.999345
R:\_Projects\Eurus_Workspace\HolmHz\data\raw_v2\ciplab_faces\real_and_fake_face\training_real\real_00027.jpg,0,ciplab_training_real,id,0.998111
R:\_Projects\Eurus_Workspace\HolmHz\data\raw_v2\rvf10k\rvf10k\train\real\34425.jpg,0,rvf10k_train_real,id,0.287705
R:\_Projects\Eurus_Workspace\HolmHz\data\raw_v2\ciplab_faces\real_and_fake_face_detection\real_and_fake_face\training_real\real_00222.jpg,0,ciplab_training_real,id,0.625318
R:\_Projects\Eurus_Workspace\HolmHz\data\raw_v2\diffusion_fakes\Real\REAL_5302.jpg,0,deepfake_collection_real,id,0.048066
R:\_Projects\Eurus_Workspace\HolmHz\data\raw_v2\diffusion_fakes\Real\REAL_2298.jpg,0,deepfake_collection_real,id,0.317677
R:\_Projects\Eurus_Workspace\HolmHz\data\raw_v2\rvf10k\rvf10k\train\real\27355.jpg,0,rvf10k_train_real,id,0.949503
R:\_Projects\Eurus_Workspace\HolmHz\data\raw_v2\diffusion_fakes\Real\REAL_1354.jpg,0,deepfake_collection_real,id,0.748289
R:\_Projects\Eurus_Workspace\HolmHz\data\raw_v2\diffusion_fakes\Real\REAL_4926.jpg,0,deepfake_collection_real,id,0.185162
R:\_Projects\Eurus_Workspace\HolmHz\data\raw_v2\rvf10k\rvf10k\valid\fake\MOF42RA0EY.jpg,1,rvf10k_valid_fake,id,0.019162
R:\_Projects\Eurus_Workspace\HolmHz\data\raw_v2\diffusion_fakes\Real\REAL_1467.jpg,0,deepfake_collection_real,id,0.592334
R:\_Projects\Eurus_Workspace\HolmHz\data\raw_v2\deepdetect2025\ddata\train\fake\fake_034980.jpg,1,dd2025_fake,id,0.039673
R:\_Projects\Eurus_Workspace\HolmHz\data\raw_v2\ciplab_faces\real_and_fake_face_detection\real_and_fake_face\training_real\real_00283.jpg,0,ciplab_training_real,id,0.992057
R:\_Projects\Eurus_Workspace\HolmHz\data\raw_v2\deepdetect2025\ddata\train\fake\fake_012255.jpg,1,dd2025_fake,id,0.564218
R:\_Projects\Eurus_Workspace\HolmHz\data\raw_v2\rvf10k\rvf10k\valid\fake\5O4UGVXPID.jpg,1,rvf10k_valid_fake,id,0.969128
R:\_Projects\Eurus_Workspace\HolmHz\data\raw_v2\deepdetect2025\ddata\train\fake\fake_030083.jpg,1,dd2025_fake,id,0.149598
R:\_Projects\Eurus_Workspace\HolmHz\data\raw_v2\ciplab_faces\real_and_fake_face\training_real\real_01009.jpg,0,ciplab_training_real,id,0.733355
R:\_Projects\Eurus_Workspace\HolmHz\data\raw_v2\ciplab_faces\real_and_fake_face\training_fake\easy_174_1110.jpg,1,ciplab_training_fake,id,0.162215
R:\_Projects\Eurus_Workspace\HolmHz\data\raw_v2\diffusion_fakes\Real\REAL_0623.jpg,0,deepfake_collection_real,id,0.629676
R:\_Projects\Eurus_Workspace\HolmHz\data\raw_v2\rvf10k\rvf10k\train\real\51346.jpg,0,rvf10k_train_real,id,0.998619
R:\_Projects\Eurus_Workspace\HolmHz\data\raw_v2\deepdetect2025\ddata\train\real\28892.jpg,0,dd2025_real,id,0.673984
R:\_Projects\Eurus_Workspace\HolmHz\data\raw_v2\rvf10k\rvf10k\valid\real\18815.jpg,0,rvf10k_valid_real,id,0.152702
R:\_Projects\Eurus_Workspace\HolmHz\data\raw_v2\rvf10k\rvf10k\valid\fake\92JGC1GNGS.jpg,1,rvf10k_valid_fake,id,0.032670
R:\_Projects\Eurus_Workspace\HolmHz\data\raw_v2\rvf10k\rvf10k\valid\fake\DH1N84K61B.jpg,1,rvf10k_valid_fake,id,0.081685
R:\_Projects\Eurus_Workspace\HolmHz\data\raw_v2\deepdetect2025\ddata\train\real\28653.jpg,0,dd2025_real,id,0.244138
R:\_Projects\Eurus_Workspace\HolmHz\data\raw_v2\rvf10k\rvf10k\train\fake\677KS8B0Z6.jpg,1,rvf10k_train_fake,id,0.759928
R:\_Projects\Eurus_Workspace\HolmHz\data\raw_v2\diffusion_fakes\Real\REAL_5292.jpg,0,deepfake_collection_real,id,0.992437
R:\_Projects\Eurus_Workspace\HolmHz\data\raw_v2\rvf10k\rvf10k\train\real\15819.jpg,0,rvf10k_train_real,id,0.185707
R:\_Projects\Eurus_Workspace\HolmHz\data\raw_v2\deepdetect2025\ddata\train\fake\fake_017717.jpg,1,dd2025_fake,id,0.133119
R:\_Projects\Eurus_Workspace\HolmHz\data\raw_v2\rvf10k\rvf10k\train\real\49219.jpg,0,rvf10k_train_real,id,0.039254
R:\_Projects\Eurus_Workspace\HolmHz\data\raw_v2\rvf10k\rvf10k\train\real\46008.jpg,0,rvf10k_train_real,id,0.532896
R:\_Projects\Eurus_Workspace\HolmHz\data\raw_v2\deepdetect2025\ddata\train\real\47469.jpg,0,dd2025_real,id,0.418678
R:\_Projects\Eurus_Workspace\HolmHz\data\raw_v2\deepdetect2025\ddata\train\real\48545.jpg,0,dd2025_real,id,0.120953
R:\_Projects\Eurus_Workspace\HolmHz\data\raw_v2\rvf10k\rvf10k\train\fake\0G83XR0D0A.jpg,1,rvf10k_train_fake,id,0.330372
R:\_Projects\Eurus_Workspace\HolmHz\data\raw_v2\diffusion_fakes\DALL-E\DALL-E_0713.jpg,1,dalle_fake,id,0.119904
R:\_Projects\Eurus_Workspace\HolmHz\data\raw_v2\diffusion_fakes\Stable Diffusion\Stable_Diffusion_642.jpg,1,sd_fake,id,0.470888
R:\_Projects\Eurus_Workspace\HolmHz\data\raw_v2\diffusion_fakes\Real\REAL_0524.jpg,0,deepfake_collection_real,id,0.535378
R:\_Projects\Eurus_Workspace\HolmHz\data\raw_v2\diffusion_fakes\Real\REAL_0961.jpg,0,deepfake_collection_real,id,0.783530
R:\_Projects\Eurus_Workspace\HolmHz\data\raw_v2\diffusion_fakes\Stable Diffusion\Stable_Diffusion_269.jpg,1,sd_fake,id,0.011024
R:\_Projects\Eurus_Workspace\HolmHz\data\raw_v2\diffusion_fakes\Real\REAL_0944.jpg,0,deepfake_collection_real,id,0.813199
R:\_Projects\Eurus_Workspace\HolmHz\data\raw_v2\deepdetect2025\ddata\train\fake\fake_033677.jpg,1,dd2025_fake,id,0.270974
R:\_Projects\Eurus_Workspace\HolmHz\data\raw_v2\deepdetect2025\ddata\train\real\61213.jpg,0,dd2025_real,id,0.404451
R:\_Projects\Eurus_Workspace\HolmHz\data\raw_v2\deepdetect2025\ddata\train\fake\fake_037054.jpg,1,dd2025_fake,id,0.552881
R:\_Projects\Eurus_Workspace\HolmHz\data\raw_v2\deepdetect2025\ddata\train\real\29785.jpg,0,dd2025_real,id,0.047622
R:\_Projects\Eurus_Workspace\HolmHz\data\raw_v2\rvf10k\rvf10k\train\real\02077.jpg,0,rvf10k_train_real,id,0.827337
R:\_Projects\Eurus_Workspace\HolmHz\data\raw_v2\rvf10k\rvf10k\train\real\09872.jpg,0,rvf10k_train_real,id,0.057498
R:\_Projects\Eurus_Workspace\HolmHz\data\raw_v2\deepdetect2025\ddata\train\fake\fake_025875.png,1,dd2025_fake,id,0.005715
R:\_Projects\Eurus_Workspace\HolmHz\data\raw_v2\deepdetect2025\ddata\train\real\29335.jpg,0,dd2025_real,id,0.271361
R:\_Projects\Eurus_Workspace\HolmHz\data\raw_v2\diffusion_fakes\Stable Diffusion\Stable_Diffusion_455.jpg,1,sd_fake,id,0.169675
R:\_Projects\Eurus_Workspace\HolmHz\data\raw_v2\rvf10k\rvf10k\valid\real\17104.jpg,0,rvf10k_valid_real,id,0.991275
R:\_Projects\Eurus_Workspace\HolmHz\data\raw_v2\deepdetect2025\ddata\train\real\19490.jpg,0,dd2025_real,id,0.532915
R:\_Projects\Eurus_Workspace\HolmHz\data\raw_v2\diffusion_fakes\Stable Diffusion\Stable_Diffusion_1884.jpg,1,sd_fake,id,0.412184
R:\_Projects\Eurus_Workspace\HolmHz\data\raw_v2\ciplab_faces\real_and_fake_face\training_fake\easy_143_0011.jpg,1,ciplab_training_fake,id,0.490764
R:\_Projects\Eurus_Workspace\HolmHz\data\raw_v2\rvf10k\rvf10k\valid\real\19408.jpg,0,rvf10k_valid_real,id,0.782224
R:\_Projects\Eurus_Workspace\HolmHz\data\raw_v2\diffusion_fakes\Real\REAL_5222.jpg,0,deepfake_collection_real,id,0.510433
R:\_Projects\Eurus_Workspace\HolmHz\data\raw_v2\deepdetect2025\ddata\train\fake\fake_021016.jpg,1,dd2025_fake,id,0.722342
R:\_Projects\Eurus_Workspace\HolmHz\data\raw_v2\diffusion_fakes\DALL-E\DALL-E_1110.jpg,1,dalle_fake,id,0.999509
R:\_Projects\Eurus_Workspace\HolmHz\data\raw_v2\deepdetect2025\ddata\train\fake\fake_030315.jpg,1,dd2025_fake,id,0.387090
R:\_Projects\Eurus_Workspace\HolmHz\data\raw_v2\ciplab_faces\real_and_fake_face\training_real\real_00641.jpg,0,ciplab_training_real,id,0.438325
R:\_Projects\Eurus_Workspace\HolmHz\data\raw_v2\diffusion_fakes\Stable Diffusion\Stable_Diffusion_1135.jpg,1,sd_fake,id,0.765059
R:\_Projects\Eurus_Workspace\HolmHz\data\raw_v2\rvf10k\rvf10k\train\fake\RYPKHI77YZ.jpg,1,rvf10k_train_fake,id,0.006366
R:\_Projects\Eurus_Workspace\HolmHz\data\raw_v2\rvf10k\rvf10k\train\real\02823.jpg,0,rvf10k_train_real,id,0.163372
R:\_Projects\Eurus_Workspace\HolmHz\data\raw_v2\deepdetect2025\ddata\train\fake\fake_024979.jpg,1,dd2025_fake,id,0.008396
R:\_Projects\Eurus_Workspace\HolmHz\data\raw_v2\rvf10k\rvf10k\train\real\23340.jpg,0,rvf10k_train_real,id,0.285207
R:\_Projects\Eurus_Workspace\HolmHz\data\raw_v2\deepdetect2025\ddata\train\fake\fake_026026.jpg,1,dd2025_fake,id,0.052895
R:\_Projects\Eurus_Workspace\HolmHz\data\raw_v2\rvf10k\rvf10k\train\real\63472.jpg,0,rvf10k_train_real,id,0.271402
R:\_Projects\Eurus_Workspace\HolmHz\data\raw_v2\deepdetect2025\ddata\train\real\19394.jpg,0,dd2025_real,id,0.022586
R:\_Projects\Eurus_Workspace\HolmHz\data\raw_v2\rvf10k\rvf10k\valid\real\39647.jpg,0,rvf10k_valid_real,id,0.372744
R:\_Projects\Eurus_Workspace\HolmHz\data\raw_v2\deepdetect2025\ddata\train\real\13256.jpg,0,dd2025_real,id,0.672700
R:\_Projects\Eurus_Workspace\HolmHz\data\raw_v2\deepdetect2025\ddata\train\real\55777.jpg,0,dd2025_real,id,0.990427
R:\_Projects\Eurus_Workspace\HolmHz\data\raw_v2\diffusion_fakes\Stable Diffusion\Stable_Diffusion_1014.jpg,1,sd_fake,id,0.090774
R:\_Projects\Eurus_Workspace\HolmHz\data\raw_v2\ciplab_faces\real_and_fake_face\training_real\real_00307.jpg,0,ciplab_training_real,id,0.056363
R:\_Projects\Eurus_Workspace\HolmHz\data\raw_v2\rvf10k\rvf10k\train\fake\A8731PSKNN.jpg,1,rvf10k_train_fake,id,0.049865
R:\_Projects\Eurus_Workspace\HolmHz\data\raw_v2\deepdetect2025\ddata\train\real\60064.jpg,0,dd2025_real,id,0.999867
R:\_Projects\Eurus_Workspace\HolmHz\data\raw_v2\rvf10k\rvf10k\valid\real\15739.jpg,0,rvf10k_valid_real,id,0.158953
R:\_Projects\Eurus_Workspace\HolmHz\data\raw_v2\deepdetect2025\ddata\train\real\08622.jpg,0,dd2025_real,id,0.996583
R:\_Projects\Eurus_Workspace\HolmHz\data\raw_v2\rvf10k\rvf10k\train\fake\0DR4G8RBXE.jpg,1,rvf10k_train_fake,id,0.221946
R:\_Projects\Eurus_Workspace\HolmHz\data\raw_v2\diffusion_fakes\Midjourney\Midjourney_0008.png,1,midjourney_fake,id,0.170434
R:\_Projects\Eurus_Workspace\HolmHz\data\raw_v2\rvf10k\rvf10k\valid\fake\M45U1N8VXZ.jpg,1,rvf10k_valid_fake,id,0.306374
R:\_Projects\Eurus_Workspace\HolmHz\data\raw_v2\rvf10k\rvf10k\train\real\22978.jpg,0,rvf10k_train_real,id,0.803345
R:\_Projects\Eurus_Workspace\HolmHz\data\raw_v2\rvf10k\rvf10k\train\fake\CPRM47ZIJV.jpg,1,rvf10k_train_fake,id,0.001211
R:\_Projects\Eurus_Workspace\HolmHz\data\raw_v2\diffusion_fakes\Stable Diffusion\Stable_Diffusion_57.jpg,1,sd_fake,id,0.084946
R:\_Projects\Eurus_Workspace\HolmHz\data\raw_v2\deepdetect2025\ddata\train\real\35694.jpg,0,dd2025_real,id,0.660438
R:\_Projects\Eurus_Workspace\HolmHz\data\raw_v2\ciplab_faces\real_and_fake_face\training_fake\hard_7_1111.jpg,1,ciplab_training_fake,id,0.691346
R:\_Projects\Eurus_Workspace\HolmHz\data\raw_v2\diffusion_fakes\Stable Diffusion\Stable_Diffusion_1392.jpg,1,sd_fake,id,0.811900
R:\_Projects\Eurus_Workspace\HolmHz\data\raw_v2\deepdetect2025\ddata\train\real\49136.jpg,0,dd2025_real,id,0.024117
R:\_Projects\Eurus_Workspace\HolmHz\data\raw_v2\rvf10k\rvf10k\train\real\35573.jpg,0,rvf10k_train_real,id,0.997564
R:\_Projects\Eurus_Workspace\HolmHz\data\raw_v2\ciplab_faces\real_and_fake_face_detection\real_and_fake_face\training_fake\hard_165_1000.jpg,1,ciplab_training_fake,id,0.286559
R:\_Projects\Eurus_Workspace\HolmHz\data\raw_v2\ciplab_faces\real_and_fake_face\training_fake\mid_75_1111.jpg,1,ciplab_training_fake,id,0.015178
R:\_Projects\Eurus_Workspace\HolmHz\data\raw_v2\diffusion_fakes\Real\REAL_2722.jpg,0,deepfake_collection_real,id,0.901258
R:\_Projects\Eurus_Workspace\HolmHz\data\raw_v2\rvf10k\rvf10k\train\real\38214.jpg,0,rvf10k_train_real,id,0.023781
R:\_Projects\Eurus_Workspace\HolmHz\data\raw_v2\diffusion_fakes\Stable Diffusion\Stable_Diffusion_1911.jpg,1,sd_fake,id,0.034447
R:\_Projects\Eurus_Workspace\HolmHz\data\raw_v2\diffusion_fakes\Midjourney\Midjourney_0706.png,1,midjourney_fake,id,0.350934
R:\_Projects\Eurus_Workspace\HolmHz\data\raw_v2\deepdetect2025\ddata\train\real\12515.jpg,0,dd2025_real,id,0.032882
R:\_Projects\Eurus_Workspace\HolmHz\data\raw_v2\rvf10k\rvf10k\valid\real\52349.jpg,0,rvf10k_valid_real,id,0.113169
R:\_Projects\Eurus_Workspace\HolmHz\data\raw_v2\deepdetect2025\ddata\train\real\33573.jpg,0,dd2025_real,id,0.009994
R:\_Projects\Eurus_Workspace\HolmHz\data\raw_v2\rvf10k\rvf10k\valid\fake\SCVOAYJ68P.jpg,1,rvf10k_valid_fake,id,0.875723
R:\_Projects\Eurus_Workspace\HolmHz\data\raw_v2\deepdetect2025\ddata\train\fake\fake_021931.jpg,1,dd2025_fake,id,0.881958
R:\_Projects\Eurus_Workspace\HolmHz\data\raw_v2\ciplab_faces\real_and_fake_face\training_real\real_00791.jpg,0,ciplab_training_real,id,0.381502
R:\_Projects\Eurus_Workspace\HolmHz\data\raw_v2\deepdetect2025\ddata\train\fake\fake_031530.jpg,1,dd2025_fake,id,0.089656
R:\_Projects\Eurus_Workspace\HolmHz\data\raw_v2\diffusion_fakes\Real\REAL_1973.jpg,0,deepfake_collection_real,id,0.599059
R:\_Projects\Eurus_Workspace\HolmHz\data\raw_v2\diffusion_fakes\DALL-E\DALL-E_1688.jpg,1,dalle_fake,id,0.503500
R:\_Projects\Eurus_Workspace\HolmHz\data\raw_v2\deepdetect2025\ddata\train\real\23803.jpg,0,dd2025_real,id,0.302494
R:\_Projects\Eurus_Workspace\HolmHz\data\raw_v2\deepdetect2025\ddata\train\fake\fake_026158.jpg,1,dd2025_fake,id,0.032233
R:\_Projects\Eurus_Workspace\HolmHz\data\raw_v2\deepdetect2025\ddata\train\real\05637.jpg,0,dd2025_real,id,0.805408
R:\_Projects\Eurus_Workspace\HolmHz\data\raw_v2\deepdetect2025\ddata\train\fake\fake_036880.jpg,1,dd2025_fake,id,0.004034
R:\_Projects\Eurus_Workspace\HolmHz\data\raw_v2\rvf10k\rvf10k\train\fake\8JN241D2KO.jpg,1,rvf10k_train_fake,id,0.080082
R:\_Projects\Eurus_Workspace\HolmHz\data\raw_v2\diffusion_fakes\Real\REAL_0544.jpg,0,deepfake_collection_real,id,0.831950
R:\_Projects\Eurus_Workspace\HolmHz\data\raw_v2\ciplab_faces\real_and_fake_face_detection\real_and_fake_face\training_real\real_01033.jpg,0,ciplab_training_real,id,0.119310
R:\_Projects\Eurus_Workspace\HolmHz\data\raw_v2\diffusion_fakes\Stable Diffusion\Stable_Diffusion_1568.jpg,1,sd_fake,id,0.086490
R:\_Projects\Eurus_Workspace\HolmHz\data\raw_v2\rvf10k\rvf10k\train\real\18298.jpg,0,rvf10k_train_real,id,0.199356
R:\_Projects\Eurus_Workspace\HolmHz\data\raw_v2\ciplab_faces\real_and_fake_face\training_fake\mid_124_1110.jpg,1,ciplab_training_fake,id,0.998993
R:\_Projects\Eurus_Workspace\HolmHz\data\raw_v2\diffusion_fakes\Midjourney\Midjourney_0403.png,1,midjourney_fake,id,0.375354
R:\_Projects\Eurus_Workspace\HolmHz\data\raw_v2\diffusion_fakes\Real\REAL_0581.jpg,0,deepfake_collection_real,id,0.702689
R:\_Projects\Eurus_Workspace\HolmHz\data\raw_v2\deepdetect2025\ddata\train\real\29628.jpg,0,dd2025_real,id,0.091525
R:\_Projects\Eurus_Workspace\HolmHz\data\raw_v2\diffusion_fakes\Stable Diffusion\Stable_Diffusion_688.jpg,1,sd_fake,id,0.500619
R:\_Projects\Eurus_Workspace\HolmHz\data\raw_v2\deepdetect2025\ddata\train\fake\fake_000185.jpg,1,dd2025_fake,id,0.010654
R:\_Projects\Eurus_Workspace\HolmHz\data\raw_v2\deepdetect2025\ddata\train\real\01502.jpg,0,dd2025_real,id,0.453963
R:\_Projects\Eurus_Workspace\HolmHz\data\raw_v2\deepdetect2025\ddata\train\fake\fake_012647.jpg,1,dd2025_fake,id,0.787921
R:\_Projects\Eurus_Workspace\HolmHz\data\raw_v2\ciplab_faces\real_and_fake_face_detection\real_and_fake_face\training_real\real_00294.jpg,0,ciplab_training_real,id,0.958453
R:\_Projects\Eurus_Workspace\HolmHz\data\raw_v2\rvf10k\rvf10k\valid\real\53464.jpg,0,rvf10k_valid_real,id,0.372060
R:\_Projects\Eurus_Workspace\HolmHz\data\raw_v2\ciplab_faces\real_and_fake_face\training_real\real_00852.jpg,0,ciplab_training_real,id,0.370017
R:\_Projects\Eurus_Workspace\HolmHz\data\raw_v2\ciplab_faces\real_and_fake_face_detection\real_and_fake_face\training_real\real_00745.jpg,0,ciplab_training_real,id,0.918191
R:\_Projects\Eurus_Workspace\HolmHz\data\raw_v2\rvf10k\rvf10k\train\real\34434.jpg,0,rvf10k_train_real,id,0.172772
R:\_Projects\Eurus_Workspace\HolmHz\data\raw_v2\rvf10k\rvf10k\valid\real\28499.jpg,0,rvf10k_valid_real,id,0.554114
R:\_Projects\Eurus_Workspace\HolmHz\data\raw_v2\deepdetect2025\ddata\train\real\04424.jpg,0,dd2025_real,id,0.705146
R:\_Projects\Eurus_Workspace\HolmHz\data\raw_v2\rvf10k\rvf10k\train\real\34045.jpg,0,rvf10k_train_real,id,0.196280
R:\_Projects\Eurus_Workspace\HolmHz\data\raw_v2\deepdetect2025\ddata\train\fake\fake_011030.jpg,1,dd2025_fake,id,0.436644
R:\_Projects\Eurus_Workspace\HolmHz\data\raw_v2\deepdetect2025\ddata\train\real\42018.jpg,0,dd2025_real,id,0.180070
R:\_Projects\Eurus_Workspace\HolmHz\data\raw_v2\ciplab_faces\real_and_fake_face\training_real\real_00539.jpg,0,ciplab_training_real,id,0.788723
R:\_Projects\Eurus_Workspace\HolmHz\data\raw_v2\rvf10k\rvf10k\train\fake\MWW87V9A75.jpg,1,rvf10k_train_fake,id,0.041506
R:\_Projects\Eurus_Workspace\HolmHz\data\raw_v2\deepdetect2025\ddata\train\real\08004.jpg,0,dd2025_real,id,0.989807
R:\_Projects\Eurus_Workspace\HolmHz\data\raw_v2\deepdetect2025\ddata\train\fake\fake_037823.jpg,1,dd2025_fake,id,0.856667
R:\_Projects\Eurus_Workspace\HolmHz\data\raw_v2\diffusion_fakes\Midjourney\Midjourney_0832.png,1,midjourney_fake,id,0.502869
R:\_Projects\Eurus_Workspace\HolmHz\data\raw_v2\rvf10k\rvf10k\train\real\41416.jpg,0,rvf10k_train_real,id,0.035177
R:\_Projects\Eurus_Workspace\HolmHz\data\raw_v2\ciplab_faces\real_and_fake_face\training_fake\easy_32_1100.jpg,1,ciplab_training_fake,id,0.993942
R:\_Projects\Eurus_Workspace\HolmHz\data\raw_v2\rvf10k\rvf10k\train\real\08279.jpg,0,rvf10k_train_real,id,0.048368
R:\_Projects\Eurus_Workspace\HolmHz\data\raw_v2\deepdetect2025\ddata\train\real\24119.jpg,0,dd2025_real,id,0.850936
R:\_Projects\Eurus_Workspace\HolmHz\data\raw_v2\rvf10k\rvf10k\train\fake\MWZEAEG5DJ.jpg,1,rvf10k_train_fake,id,0.101225
R:\_Projects\Eurus_Workspace\HolmHz\data\raw_v2\diffusion_fakes\Stable Diffusion\Stable_Diffusion_807.jpg,1,sd_fake,id,0.038381
R:\_Projects\Eurus_Workspace\HolmHz\data\raw_v2\diffusion_fakes\Real\REAL_2972.jpg,0,deepfake_collection_real,id,0.025400
R:\_Projects\Eurus_Workspace\HolmHz\data\raw_v2\diffusion_fakes\Real\REAL_5403.jpg,0,deepfake_collection_real,id,0.843508
R:\_Projects\Eurus_Workspace\HolmHz\data\raw_v2\rvf10k\rvf10k\train\real\04256.jpg,0,rvf10k_train_real,id,0.993953
R:\_Projects\Eurus_Workspace\HolmHz\data\raw_v2\ciplab_faces\real_and_fake_face\training_real\real_00426.jpg,0,ciplab_training_real,id,0.498553
R:\_Projects\Eurus_Workspace\HolmHz\data\raw_v2\diffusion_fakes\Real\REAL_4239.jpg,0,deepfake_collection_real,id,0.532553
R:\_Projects\Eurus_Workspace\HolmHz\data\raw_v2\rvf10k\rvf10k\valid\fake\TZMOF115F3.jpg,1,rvf10k_valid_fake,id,0.223295
R:\_Projects\Eurus_Workspace\HolmHz\data\raw_v2\deepdetect2025\ddata\train\fake\fake_000404.jpg,1,dd2025_fake,id,0.146379
R:\_Projects\Eurus_Workspace\HolmHz\data\raw_v2\diffusion_fakes\Stable Diffusion\Stable_Diffusion_626.jpg,1,sd_fake,id,0.071191
R:\_Projects\Eurus_Workspace\HolmHz\data\raw_v2\diffusion_fakes\Real\REAL_0027.jpg,0,deepfake_collection_real,id,0.745313
R:\_Projects\Eurus_Workspace\HolmHz\data\raw_v2\diffusion_fakes\DALL-E\DALL-E_0535.jpg,1,dalle_fake,id,0.545650
R:\_Projects\Eurus_Workspace\HolmHz\data\raw_v2\rvf10k\rvf10k\valid\real\01792.jpg,0,rvf10k_valid_real,id,0.066866
R:\_Projects\Eurus_Workspace\HolmHz\data\raw_v2\diffusion_fakes\Stable Diffusion\Stable_Diffusion_347.jpg,1,sd_fake,id,0.773365
R:\_Projects\Eurus_Workspace\HolmHz\data\raw_v2\diffusion_fakes\Real\REAL_1612.jpg,0,deepfake_collection_real,id,0.849642
R:\_Projects\Eurus_Workspace\HolmHz\data\raw_v2\diffusion_fakes\Real\REAL_3370.jpg,0,deepfake_collection_real,id,0.727865
R:\_Projects\Eurus_Workspace\HolmHz\data\raw_v2\rvf10k\rvf10k\train\real\22749.jpg,0,rvf10k_train_real,id,0.817865
R:\_Projects\Eurus_Workspace\HolmHz\data\raw_v2\diffusion_fakes\Stable Diffusion\Stable_Diffusion_1227.jpg,1,sd_fake,id,0.460717
R:\_Projects\Eurus_Workspace\HolmHz\data\raw_v2\deepdetect2025\ddata\train\real\41466.jpg,0,dd2025_real,id,0.952397
R:\_Projects\Eurus_Workspace\HolmHz\data\raw_v2\rvf10k\rvf10k\train\fake\K2LOVNTT8C.jpg,1,rvf10k_train_fake,id,0.866611
R:\_Projects\Eurus_Workspace\HolmHz\data\raw_v2\deepdetect2025\ddata\train\real\42872.jpg,0,dd2025_real,id,0.234877
R:\_Projects\Eurus_Workspace\HolmHz\data\raw_v2\diffusion_fakes\DALL-E\DALL-E_1657.jpg,1,dalle_fake,id,0.327760
R:\_Projects\Eurus_Workspace\HolmHz\data\raw_v2\diffusion_fakes\Stable Diffusion\Stable_Diffusion_1444.jpg,1,sd_fake,id,0.819437
R:\_Projects\Eurus_Workspace\HolmHz\data\raw_v2\deepdetect2025\ddata\train\real\42345.jpg,0,dd2025_real,id,0.061251
R:\_Projects\Eurus_Workspace\HolmHz\data\raw_v2\deepdetect2025\ddata\train\real\39126.jpg,0,dd2025_real,id,0.990494
R:\_Projects\Eurus_Workspace\HolmHz\data\raw_v2\diffusion_fakes\Real\REAL_4082.jpg,0,deepfake_collection_real,id,0.927324
R:\_Projects\Eurus_Workspace\HolmHz\data\raw_v2\ciplab_faces\real_and_fake_face_detection\real_and_fake_face\training_fake\mid_275_1100.jpg,1,ciplab_training_fake,id,0.077483
R:\_Projects\Eurus_Workspace\HolmHz\data\raw_v2\rvf10k\rvf10k\train\fake\V1J9OLDZCH.jpg,1,rvf10k_train_fake,id,0.245992
R:\_Projects\Eurus_Workspace\HolmHz\data\raw_v2\ciplab_faces\real_and_fake_face_detection\real_and_fake_face\training_real\real_00250.jpg,0,ciplab_training_real,id,0.525761
R:\_Projects\Eurus_Workspace\HolmHz\data\raw_v2\camera_vs_ai\ai vs real photos\Camera_images\49.jpg,0,camera_train_real,id,0.272791
R:\_Projects\Eurus_Workspace\HolmHz\data\raw_v2\deepdetect2025\ddata\train\real\11070.jpg,0,dd2025_real,id,0.832122
R:\_Projects\Eurus_Workspace\HolmHz\data\raw_v2\diffusion_fakes\Midjourney\Midjourney_0888.png,1,midjourney_fake,id,0.324829
R:\_Projects\Eurus_Workspace\HolmHz\data\raw_v2\ciplab_faces\real_and_fake_face\training_real\real_00526.jpg,0,ciplab_training_real,id,0.736731
R:\_Projects\Eurus_Workspace\HolmHz\data\raw_v2\deepdetect2025\ddata\train\fake\fake_034990.jpg,1,dd2025_fake,id,0.362534
R:\_Projects\Eurus_Workspace\HolmHz\data\raw_v2\deepdetect2025\ddata\train\fake\fake_011481.jpg,1,dd2025_fake,id,0.021470
R:\_Projects\Eurus_Workspace\HolmHz\data\raw_v2\camera_vs_ai\ai vs real photos\Camera_images\33.jpg,0,camera_train_real,id,0.145322
R:\_Projects\Eurus_Workspace\HolmHz\data\raw_v2\diffusion_fakes\Real\REAL_3839.jpg,0,deepfake_collection_real,id,0.743475
R:\_Projects\Eurus_Workspace\HolmHz\data\raw_v2\rvf10k\rvf10k\train\real\38976.jpg,0,rvf10k_train_real,id,0.918756
R:\_Projects\Eurus_Workspace\HolmHz\data\raw_v2\rvf10k\rvf10k\train\real\09466.jpg,0,rvf10k_train_real,id,0.193763
R:\_Projects\Eurus_Workspace\HolmHz\data\raw_v2\deepdetect2025\ddata\train\fake\fake_007251.jpg,1,dd2025_fake,id,0.213735
R:\_Projects\Eurus_Workspace\HolmHz\data\raw_v2\deepdetect2025\ddata\train\fake\fake_012001.jpg,1,dd2025_fake,id,0.293162
R:\_Projects\Eurus_Workspace\HolmHz\data\raw_v2\diffusion_fakes\Real\REAL_4643.jpg,0,deepfake_collection_real,id,0.197971
R:\_Projects\Eurus_Workspace\HolmHz\data\raw_v2\deepdetect2025\ddata\train\real\57905.jpg,0,dd2025_real,id,0.991788
R:\_Projects\Eurus_Workspace\HolmHz\data\raw_v2\diffusion_fakes\Real\REAL_1881.jpg,0,deepfake_collection_real,id,0.224427
R:\_Projects\Eurus_Workspace\HolmHz\data\raw_v2\deepdetect2025\ddata\train\real\33832.jpg,0,dd2025_real,id,0.026935
R:\_Projects\Eurus_Workspace\HolmHz\data\raw_v2\diffusion_fakes\Stable Diffusion\Stable_Diffusion_1768.jpg,1,sd_fake,id,0.468000
R:\_Projects\Eurus_Workspace\HolmHz\data\raw_v2\rvf10k\rvf10k\train\real\64573.jpg,0,rvf10k_train_real,id,0.018504
R:\_Projects\Eurus_Workspace\HolmHz\data\raw_v2\ciplab_faces\real_and_fake_face\training_real\real_00716.jpg,0,ciplab_training_real,id,0.703352
R:\_Projects\Eurus_Workspace\HolmHz\data\raw_v2\deepdetect2025\ddata\train\real\52073.jpg,0,dd2025_real,id,0.475763
R:\_Projects\Eurus_Workspace\HolmHz\data\raw_v2\diffusion_fakes\Real\REAL_5430.jpg,0,deepfake_collection_real,id,0.576700
R:\_Projects\Eurus_Workspace\HolmHz\data\raw_v2\rvf10k\rvf10k\train\fake\ZXNGBQ0XR5.jpg,1,rvf10k_train_fake,id,0.026972
R:\_Projects\Eurus_Workspace\HolmHz\data\raw_v2\deepdetect2025\ddata\train\real\44328.jpg,0,dd2025_real,id,0.999739
R:\_Projects\Eurus_Workspace\HolmHz\data\raw_v2\deepdetect2025\ddata\train\real\42605.jpg,0,dd2025_real,id,0.429721
R:\_Projects\Eurus_Workspace\HolmHz\data\raw_v2\rvf10k\rvf10k\train\fake\939UO5V13C.jpg,1,rvf10k_train_fake,id,0.989754
R:\_Projects\Eurus_Workspace\HolmHz\data\raw_v2\diffusion_fakes\Real\REAL_1244.jpg,0,deepfake_collection_real,id,0.131434
R:\_Projects\Eurus_Workspace\HolmHz\data\raw_v2\camera_vs_ai\ai vs real photos\Camera_images\185.jpg,0,camera_train_real,id,0.163185
R:\_Projects\Eurus_Workspace\HolmHz\data\raw_v2\diffusion_fakes\Stable Diffusion\Stable_Diffusion_1247.jpg,1,sd_fake,id,0.081858
R:\_Projects\Eurus_Workspace\HolmHz\data\raw_v2\rvf10k\rvf10k\train\real\36930.jpg,0,rvf10k_train_real,id,0.036546
R:\_Projects\Eurus_Workspace\HolmHz\data\raw_v2\deepdetect2025\ddata\train\real\03326.jpg,0,dd2025_real,id,0.023534
R:\_Projects\Eurus_Workspace\HolmHz\data\raw_v2\rvf10k\rvf10k\valid\fake\AJVN6IOIZW.jpg,1,rvf10k_valid_fake,id,0.354528
R:\_Projects\Eurus_Workspace\HolmHz\data\raw_v2\ciplab_faces\real_and_fake_face_detection\real_and_fake_face\training_fake\easy_130_1101.jpg,1,ciplab_training_fake,id,0.084547
R:\_Projects\Eurus_Workspace\HolmHz\data\raw_v2\diffusion_fakes\DALL-E\DALL-E_0808.jpg,1,dalle_fake,id,0.745250
R:\_Projects\Eurus_Workspace\HolmHz\data\raw_v2\rvf10k\rvf10k\train\real\44673.jpg,0,rvf10k_train_real,id,0.730847
R:\_Projects\Eurus_Workspace\HolmHz\data\raw_v2\deepdetect2025\ddata\train\fake\fake_020188.jpg,1,dd2025_fake,id,0.035477
R:\_Projects\Eurus_Workspace\HolmHz\data\raw_v2\diffusion_fakes\DALL-E\DALL-E_1509.jpg,1,dalle_fake,id,0.199111
R:\_Projects\Eurus_Workspace\HolmHz\data\raw_v2\deepdetect2025\ddata\train\fake\fake_028217.jpg,1,dd2025_fake,id,0.031600
R:\_Projects\Eurus_Workspace\HolmHz\data\raw_v2\diffusion_fakes\Real\REAL_1611.jpg,0,deepfake_collection_real,id,0.806269
R:\_Projects\Eurus_Workspace\HolmHz\data\raw_v2\diffusion_fakes\Stable Diffusion\Stable_Diffusion_486.jpg,1,sd_fake,id,0.600342
R:\_Projects\Eurus_Workspace\HolmHz\data\raw_v2\deepdetect2025\ddata\train\fake\fake_018331.jpg,1,dd2025_fake,id,0.183084
R:\_Projects\Eurus_Workspace\HolmHz\data\raw_v2\ciplab_faces\real_and_fake_face_detection\real_and_fake_face\training_fake\hard_112_1111.jpg,1,ciplab_training_fake,id,0.984184
R:\_Projects\Eurus_Workspace\HolmHz\data\raw_v2\ciplab_faces\real_and_fake_face_detection\real_and_fake_face\training_fake\mid_189_0011.jpg,1,ciplab_training_fake,id,0.998882
R:\_Projects\Eurus_Workspace\HolmHz\data\raw_v2\rvf10k\rvf10k\train\fake\UDC5QKLYQC.jpg,1,rvf10k_train_fake,id,0.057676
R:\_Projects\Eurus_Workspace\HolmHz\data\raw_v2\rvf10k\rvf10k\train\fake\62OYOLI1AS.jpg,1,rvf10k_train_fake,id,0.035381
R:\_Projects\Eurus_Workspace\HolmHz\data\raw_v2\deepdetect2025\ddata\train\real\54874.jpg,0,dd2025_real,id,0.147756
R:\_Projects\Eurus_Workspace\HolmHz\data\raw_v2\deepdetect2025\ddata\train\fake\fake_002569.jpg,1,dd2025_fake,id,0.243658
R:\_Projects\Eurus_Workspace\HolmHz\data\raw_v2\rvf10k\rvf10k\valid\fake\AMJZJ2ZFZ8.jpg,1,rvf10k_valid_fake,id,0.621800
R:\_Projects\Eurus_Workspace\HolmHz\data\raw_v2\diffusion_fakes\DALL-E\DALL-E_1993.jpg,1,dalle_fake,id,0.133301
R:\_Projects\Eurus_Workspace\HolmHz\data\raw_v2\deepdetect2025\ddata\train\fake\fake_030753.jpg,1,dd2025_fake,id,0.148131
R:\_Projects\Eurus_Workspace\HolmHz\data\raw_v2\diffusion_fakes\Real\REAL_3185.jpg,0,deepfake_collection_real,id,0.235968
R:\_Projects\Eurus_Workspace\HolmHz\data\raw_v2\deepdetect2025\ddata\train\fake\fake_025753.jpg,1,dd2025_fake,id,0.318055
R:\_Projects\Eurus_Workspace\HolmHz\data\raw_v2\diffusion_fakes\Real\REAL_2852.jpg,0,deepfake_collection_real,id,0.570602
R:\_Projects\Eurus_Workspace\HolmHz\data\raw_v2\diffusion_fakes\Real\REAL_2547.jpg,0,deepfake_collection_real,id,0.665355
R:\_Projects\Eurus_Workspace\HolmHz\data\raw_v2\deepdetect2025\ddata\train\fake\fake_009922.jpg,1,dd2025_fake,id,0.801268
R:\_Projects\Eurus_Workspace\HolmHz\data\raw_v2\rvf10k\rvf10k\train\real\25023.jpg,0,rvf10k_train_real,id,0.960591
R:\_Projects\Eurus_Workspace\HolmHz\data\raw_v2\rvf10k\rvf10k\train\real\38528.jpg,0,rvf10k_train_real,id,0.215695
R:\_Projects\Eurus_Workspace\HolmHz\data\raw_v2\deepdetect2025\ddata\train\fake\fake_000326.jpg,1,dd2025_fake,id,0.136753
R:\_Projects\Eurus_Workspace\HolmHz\data\raw_v2\rvf10k\rvf10k\train\real\64542.jpg,0,rvf10k_train_real,id,0.147735
R:\_Projects\Eurus_Workspace\HolmHz\data\raw_v2\diffusion_fakes\DALL-E\DALL-E_0358.jpg,1,dalle_fake,id,0.974442
R:\_Projects\Eurus_Workspace\HolmHz\data\raw_v2\deepdetect2025\ddata\train\fake\fake_011514.jpg,1,dd2025_fake,id,0.947755
R:\_Projects\Eurus_Workspace\HolmHz\data\raw_v2\rvf10k\rvf10k\train\real\63574.jpg,0,rvf10k_train_real,id,0.401554
R:\_Projects\Eurus_Workspace\HolmHz\data\raw_v2\rvf10k\rvf10k\train\fake\JONMCS7FBV.jpg,1,rvf10k_train_fake,id,0.998213
R:\_Projects\Eurus_Workspace\HolmHz\data\raw_v2\deepdetect2025\ddata\train\real\47529.jpg,0,dd2025_real,id,0.272209
R:\_Projects\Eurus_Workspace\HolmHz\data\raw_v2\diffusion_fakes\Real\REAL_1390.jpg,0,deepfake_collection_real,id,0.904385
R:\_Projects\Eurus_Workspace\HolmHz\data\raw_v2\diffusion_fakes\Real\REAL_4117.jpg,0,deepfake_collection_real,id,0.989845
R:\_Projects\Eurus_Workspace\HolmHz\data\raw_v2\ciplab_faces\real_and_fake_face_detection\real_and_fake_face\training_real\real_00899.jpg,0,ciplab_training_real,id,0.944353
R:\_Projects\Eurus_Workspace\HolmHz\data\raw_v2\diffusion_fakes\DALL-E\DALL-E_1360.jpg,1,dalle_fake,id,0.987271
R:\_Projects\Eurus_Workspace\HolmHz\data\raw_v2\camera_vs_ai\ai vs real photos\Camera_images\141.jpg,0,camera_real,ood,0.345013
R:\_Projects\Eurus_Workspace\HolmHz\data\raw_v2\camera_vs_ai\ai vs real photos\Camera_images\196.jpg,0,camera_real,ood,0.354247
R:\_Projects\Eurus_Workspace\HolmHz\data\raw_v2\camera_vs_ai\ai vs real photos\Camera_images\27.jpg,0,camera_real,ood,0.470390
R:\_Projects\Eurus_Workspace\HolmHz\data\raw_v2\camera_vs_ai\ai vs real photos\Camera_images\129.jpg,0,camera_real,ood,0.198100
R:\_Projects\Eurus_Workspace\HolmHz\data\raw_v2\camera_vs_ai\ai vs real photos\Ai_Images\132.jpg,1,camera_ai,ood,0.411148
R:\_Projects\Eurus_Workspace\HolmHz\data\raw_v2\camera_vs_ai\ai vs real photos\Ai_Images\98.jpg,1,camera_ai,ood,0.223583
R:\_Projects\Eurus_Workspace\HolmHz\data\raw_v2\camera_vs_ai\ai vs real photos\Camera_images\77.jpg,0,camera_real,ood,0.478745
R:\_Projects\Eurus_Workspace\HolmHz\data\raw_v2\camera_vs_ai\ai vs real photos\Ai_Images\110.jpg,1,camera_ai,ood,0.382746
R:\_Projects\Eurus_Workspace\HolmHz\data\raw_v2\camera_vs_ai\ai vs real photos\Camera_images\132.jpg,0,camera_real,ood,0.503378
R:\_Projects\Eurus_Workspace\HolmHz\data\raw_v2\camera_vs_ai\ai vs real photos\Ai_Images\165.jpg,1,camera_ai,ood,0.137084
R:\_Projects\Eurus_Workspace\HolmHz\data\raw_v2\camera_vs_ai\ai vs real photos\Camera_images\74.jpg,0,camera_real,ood,0.352405
R:\_Projects\Eurus_Workspace\HolmHz\data\raw_v2\camera_vs_ai\ai vs real photos\Camera_images\199.jpg,0,camera_real,ood,0.271675
R:\_Projects\Eurus_Workspace\HolmHz\data\raw_v2\camera_vs_ai\ai vs real photos\Camera_images\240.jpg,0,camera_real,ood,0.532793
R:\_Projects\Eurus_Workspace\HolmHz\data\raw_v2\camera_vs_ai\ai vs real photos\Camera_images\178.jpg,0,camera_real,ood,0.520748
R:\_Projects\Eurus_Workspace\HolmHz\data\raw_v2\camera_vs_ai\ai vs real photos\Ai_Images\123.jpg,1,camera_ai,ood,0.273875
R:\_Projects\Eurus_Workspace\HolmHz\data\raw_v2\camera_vs_ai\ai vs real photos\Ai_Images\130.jpg,1,camera_ai,ood,0.315813
R:\_Projects\Eurus_Workspace\HolmHz\data\raw_v2\camera_vs_ai\ai vs real photos\Camera_images\177.jpg,0,camera_real,ood,0.135040
R:\_Projects\Eurus_Workspace\HolmHz\data\raw_v2\camera_vs_ai\ai vs real photos\Ai_Images\41.jpg,1,camera_ai,ood,0.255763
R:\_Projects\Eurus_Workspace\HolmHz\data\raw_v2\camera_vs_ai\ai vs real photos\Camera_images\101.jpg,0,camera_real,ood,0.315164
R:\_Projects\Eurus_Workspace\HolmHz\data\raw_v2\camera_vs_ai\ai vs real photos\Camera_images\Image_16.jpg,0,camera_real,ood,0.709259
R:\_Projects\Eurus_Workspace\HolmHz\data\raw_v2\camera_vs_ai\ai vs real photos\Ai_Images\53.jpg,1,camera_ai,ood,0.796204
R:\_Projects\Eurus_Workspace\HolmHz\data\raw_v2\camera_vs_ai\ai vs real photos\Ai_Images\121.jpg,1,camera_ai,ood,0.687672
R:\_Projects\Eurus_Workspace\HolmHz\data\raw_v2\camera_vs_ai\ai vs real photos\Ai_Images\8.jpg,1,camera_ai,ood,0.473492
R:\_Projects\Eurus_Workspace\HolmHz\data\raw_v2\camera_vs_ai\ai vs real photos\Camera_images\218.jpg,0,camera_real,ood,0.896843
R:\_Projects\Eurus_Workspace\HolmHz\data\raw_v2\camera_vs_ai\ai vs real photos\Ai_Images\82.jpg,1,camera_ai,ood,0.553198
R:\_Projects\Eurus_Workspace\HolmHz\data\raw_v2\camera_vs_ai\ai vs real photos\Camera_images\Image_10.jpg,0,camera_real,ood,0.236807
R:\_Projects\Eurus_Workspace\HolmHz\data\raw_v2\camera_vs_ai\ai vs real photos\Camera_images\87.jpg,0,camera_real,ood,0.142614
R:\_Projects\Eurus_Workspace\HolmHz\data\raw_v2\camera_vs_ai\ai vs real photos\Camera_images\43.jpg,0,camera_real,ood,0.270529
R:\_Projects\Eurus_Workspace\HolmHz\data\raw_v2\camera_vs_ai\ai vs real photos\Ai_Images\99.jpg,1,camera_ai,ood,0.628193
R:\_Projects\Eurus_Workspace\HolmHz\data\raw_v2\camera_vs_ai\ai vs real photos\Ai_Images\32.jpg,1,camera_ai,ood,0.369806
R:\_Projects\Eurus_Workspace\HolmHz\data\raw_v2\camera_vs_ai\ai vs real photos\Camera_images\122.jpg,0,camera_real,ood,0.171156
R:\_Projects\Eurus_Workspace\HolmHz\data\raw_v2\camera_vs_ai\ai vs real photos\Camera_images\165.jpg,0,camera_real,ood,0.667123
R:\_Projects\Eurus_Workspace\HolmHz\data\raw_v2\camera_vs_ai\ai vs real photos\Camera_images\201.jpg,0,camera_real,ood,0.259412
R:\_Projects\Eurus_Workspace\HolmHz\data\raw_v2\camera_vs_ai\ai vs real photos\Ai_Images\161.jpg,1,camera_ai,ood,0.323809
R:\_Projects\Eurus_Workspace\HolmHz\data\raw_v2\camera_vs_ai\ai vs real photos\Camera_images\84.jpg,0,camera_real,ood,0.552232
R:\_Projects\Eurus_Workspace\HolmHz\data\raw_v2\camera_vs_ai\ai vs real photos\Ai_Images\57.jpg,1,camera_ai,ood,0.061099
R:\_Projects\Eurus_Workspace\HolmHz\data\raw_v2\camera_vs_ai\ai vs real photos\Camera_images\161.jpg,0,camera_real,ood,0.350641
R:\_Projects\Eurus_Workspace\HolmHz\data\raw_v2\camera_vs_ai\ai vs real photos\Camera_images\188.jpg,0,camera_real,ood,0.491773
R:\_Projects\Eurus_Workspace\HolmHz\data\raw_v2\camera_vs_ai\ai vs real photos\Camera_images\Image_4.jpg,0,camera_real,ood,0.473627
R:\_Projects\Eurus_Workspace\HolmHz\data\raw_v2\camera_vs_ai\ai vs real photos\Camera_images\39.jpg,0,camera_real,ood,0.395932
R:\_Projects\Eurus_Workspace\HolmHz\data\raw_v2\camera_vs_ai\ai vs real photos\Camera_images\Image_19.jpg,0,camera_real,ood,0.093717
R:\_Projects\Eurus_Workspace\HolmHz\data\raw_v2\camera_vs_ai\ai vs real photos\Camera_images\118.jpg,0,camera_real,ood,0.603555
R:\_Projects\Eurus_Workspace\HolmHz\data\raw_v2\camera_vs_ai\ai vs real photos\Ai_Images\54.jpg,1,camera_ai,ood,0.707001
R:\_Projects\Eurus_Workspace\HolmHz\data\raw_v2\camera_vs_ai\ai vs real photos\Ai_Images\48.jpg,1,camera_ai,ood,0.611291
R:\_Projects\Eurus_Workspace\HolmHz\data\raw_v2\camera_vs_ai\ai vs real photos\Ai_Images\Image_8.jpg,1,camera_ai,ood,0.982956
R:\_Projects\Eurus_Workspace\HolmHz\data\raw_v2\camera_vs_ai\ai vs real photos\Camera_images\79.jpg,0,camera_real,ood,0.668659
R:\_Projects\Eurus_Workspace\HolmHz\data\raw_v2\camera_vs_ai\ai vs real photos\Ai_Images\63.jpg,1,camera_ai,ood,0.226939
R:\_Projects\Eurus_Workspace\HolmHz\data\raw_v2\camera_vs_ai\ai vs real photos\Ai_Images\139.jpg,1,camera_ai,ood,0.349994
R:\_Projects\Eurus_Workspace\HolmHz\data\raw_v2\camera_vs_ai\ai vs real photos\Ai_Images\152.jpg,1,camera_ai,ood,0.345619
R:\_Projects\Eurus_Workspace\HolmHz\data\raw_v2\camera_vs_ai\ai vs real photos\Ai_Images\160.jpg,1,camera_ai,ood,0.860775
R:\_Projects\Eurus_Workspace\HolmHz\data\raw_v2\camera_vs_ai\ai vs real photos\Ai_Images\189.jpg,1,camera_ai,ood,0.682643
R:\_Projects\Eurus_Workspace\HolmHz\data\raw_v2\camera_vs_ai\ai vs real photos\Camera_images\152.jpg,0,camera_real,ood,0.699899
R:\_Projects\Eurus_Workspace\HolmHz\data\raw_v2\camera_vs_ai\ai vs real photos\Camera_images\125.jpeg,0,camera_real,ood,0.646229
R:\_Projects\Eurus_Workspace\HolmHz\data\raw_v2\camera_vs_ai\ai vs real photos\Ai_Images\94.jpg,1,camera_ai,ood,0.342522
R:\_Projects\Eurus_Workspace\HolmHz\data\raw_v2\camera_vs_ai\ai vs real photos\Camera_images\106.jpg,0,camera_real,ood,0.444970
R:\_Projects\Eurus_Workspace\HolmHz\data\raw_v2\camera_vs_ai\ai vs real photos\Ai_Images\111.jpg,1,camera_ai,ood,0.379920
R:\_Projects\Eurus_Workspace\HolmHz\data\raw_v2\camera_vs_ai\ai vs real photos\Camera_images\159.jpg,0,camera_real,ood,0.685210
R:\_Projects\Eurus_Workspace\HolmHz\data\raw_v2\camera_vs_ai\ai vs real photos\Camera_images\107.jpg,0,camera_real,ood,0.151562
R:\_Projects\Eurus_Workspace\HolmHz\data\raw_v2\camera_vs_ai\ai vs real photos\Camera_images\137.jpg,0,camera_real,ood,0.259901
R:\_Projects\Eurus_Workspace\HolmHz\data\raw_v2\camera_vs_ai\ai vs real photos\Camera_images\Image_1.jpg,0,camera_real,ood,0.406932
R:\_Projects\Eurus_Workspace\HolmHz\data\raw_v2\camera_vs_ai\ai vs real photos\Ai_Images\51.jpg,1,camera_ai,ood,0.930792
R:\_Projects\Eurus_Workspace\HolmHz\data\raw_v2\camera_vs_ai\ai vs real photos\Ai_Images\4.jpg,1,camera_ai,ood,0.559589
R:\_Projects\Eurus_Workspace\HolmHz\data\raw_v2\camera_vs_ai\ai vs real photos\Ai_Images\Image_24.png,1,camera_ai,ood,0.464137
R:\_Projects\Eurus_Workspace\HolmHz\data\raw_v2\camera_vs_ai\ai vs real photos\Camera_images\231.jpg,0,camera_real,ood,0.218463
R:\_Projects\Eurus_Workspace\HolmHz\data\raw_v2\camera_vs_ai\ai vs real photos\Ai_Images\28.jpg,1,camera_ai,ood,0.571957
R:\_Projects\Eurus_Workspace\HolmHz\data\raw_v2\camera_vs_ai\ai vs real photos\Ai_Images\24.jpg,1,camera_ai,ood,0.195049
R:\_Projects\Eurus_Workspace\HolmHz\data\raw_v2\camera_vs_ai\ai vs real photos\Ai_Images\25.jpg,1,camera_ai,ood,0.883245
R:\_Projects\Eurus_Workspace\HolmHz\data\raw_v2\camera_vs_ai\ai vs real photos\Camera_images\174.jpg,0,camera_real,ood,0.192887
R:\_Projects\Eurus_Workspace\HolmHz\data\raw_v2\camera_vs_ai\ai vs real photos\Camera_images\193.jpg,0,camera_real,ood,0.636316
R:\_Projects\Eurus_Workspace\HolmHz\data\raw_v2\camera_vs_ai\ai vs real photos\Ai_Images\Image_26.jpg,1,camera_ai,ood,0.683600
R:\_Projects\Eurus_Workspace\HolmHz\data\raw_v2\camera_vs_ai\ai vs real photos\Ai_Images\Image_16.jpg,1,camera_ai,ood,0.502796
R:\_Projects\Eurus_Workspace\HolmHz\data\raw_v2\camera_vs_ai\ai vs real photos\Camera_images\Image_13.jpg,0,camera_real,ood,0.934431
R:\_Projects\Eurus_Workspace\HolmHz\data\raw_v2\camera_vs_ai\ai vs real photos\Camera_images\28.jpg,0,camera_real,ood,0.195755
R:\_Projects\Eurus_Workspace\HolmHz\data\raw_v2\camera_vs_ai\ai vs real photos\Ai_Images\40.jpg,1,camera_ai,ood,0.098667
R:\_Projects\Eurus_Workspace\HolmHz\data\raw_v2\camera_vs_ai\ai vs real photos\Camera_images\120.jpg,0,camera_real,ood,0.330123
R:\_Projects\Eurus_Workspace\HolmHz\data\raw_v2\camera_vs_ai\ai vs real photos\Camera_images\60.jpg,0,camera_real,ood,0.545482
R:\_Projects\Eurus_Workspace\HolmHz\data\raw_v2\camera_vs_ai\ai vs real photos\Ai_Images\Image_13.png,1,camera_ai,ood,0.187328
R:\_Projects\Eurus_Workspace\HolmHz\data\raw_v2\camera_vs_ai\ai vs real photos\Camera_images\170.jpg,0,camera_real,ood,0.425633
R:\_Projects\Eurus_Workspace\HolmHz\data\raw_v2\camera_vs_ai\ai vs real photos\Camera_images\211.jpg,0,camera_real,ood,0.509915
R:\_Projects\Eurus_Workspace\HolmHz\data\raw_v2\camera_vs_ai\ai vs real photos\Camera_images\151.jpg,0,camera_real,ood,0.619623
R:\_Projects\Eurus_Workspace\HolmHz\data\raw_v2\camera_vs_ai\ai vs real photos\Ai_Images\102.jpg,1,camera_ai,ood,0.668188
R:\_Projects\Eurus_Workspace\HolmHz\data\raw_v2\camera_vs_ai\ai vs real photos\Ai_Images\75.jpg,1,camera_ai,ood,0.959983
R:\_Projects\Eurus_Workspace\HolmHz\data\raw_v2\camera_vs_ai\ai vs real photos\Ai_Images\62.jpg,1,camera_ai,ood,0.219635
R:\_Projects\Eurus_Workspace\HolmHz\data\raw_v2\camera_vs_ai\ai vs real photos\Ai_Images\170.jpg,1,camera_ai,ood,0.850330
R:\_Projects\Eurus_Workspace\HolmHz\data\raw_v2\camera_vs_ai\ai vs real photos\Camera_images\114.jpg,0,camera_real,ood,0.310126
R:\_Projects\Eurus_Workspace\HolmHz\data\raw_v2\camera_vs_ai\ai vs real photos\Camera_images\238.jpg,0,camera_real,ood,0.577725
R:\_Projects\Eurus_Workspace\HolmHz\data\raw_v2\camera_vs_ai\ai vs real photos\Camera_images\96.jpg,0,camera_real,ood,0.426600
R:\_Projects\Eurus_Workspace\HolmHz\data\raw_v2\camera_vs_ai\ai vs real photos\Ai_Images\14.jpg,1,camera_ai,ood,0.673665
R:\_Projects\Eurus_Workspace\HolmHz\data\raw_v2\camera_vs_ai\ai vs real photos\Ai_Images\159.jpg,1,camera_ai,ood,0.337987
R:\_Projects\Eurus_Workspace\HolmHz\data\raw_v2\camera_vs_ai\ai vs real photos\Ai_Images\148.jpg,1,camera_ai,ood,0.627692
R:\_Projects\Eurus_Workspace\HolmHz\data\raw_v2\camera_vs_ai\ai vs real photos\Camera_images\221.jpg,0,camera_real,ood,0.154064
R:\_Projects\Eurus_Workspace\HolmHz\data\raw_v2\camera_vs_ai\ai vs real photos\Ai_Images\58.jpg,1,camera_ai,ood,0.337858
R:\_Projects\Eurus_Workspace\HolmHz\data\raw_v2\camera_vs_ai\ai vs real photos\Camera_images\48.jpg,0,camera_real,ood,0.291271
R:\_Projects\Eurus_Workspace\HolmHz\data\raw_v2\camera_vs_ai\ai vs real photos\Ai_Images\38.jpg,1,camera_ai,ood,0.819559
R:\_Projects\Eurus_Workspace\HolmHz\data\raw_v2\camera_vs_ai\ai vs real photos\Camera_images\111.jpg,0,camera_real,ood,0.704846
R:\_Projects\Eurus_Workspace\HolmHz\data\raw_v2\camera_vs_ai\ai vs real photos\Camera_images\36.jpg,0,camera_real,ood,0.234724
R:\_Projects\Eurus_Workspace\HolmHz\data\raw_v2\camera_vs_ai\ai vs real photos\Camera_images\172.jpg,0,camera_real,ood,0.208854
R:\_Projects\Eurus_Workspace\HolmHz\data\raw_v2\camera_vs_ai\ai vs real photos\Ai_Images\169.jpg,1,camera_ai,ood,0.665465
R:\_Projects\Eurus_Workspace\HolmHz\data\raw_v2\camera_vs_ai\ai vs real photos\Camera_images\156.jpg,0,camera_real,ood,0.828433
R:\_Projects\Eurus_Workspace\HolmHz\data\raw_v2\camera_vs_ai\ai vs real photos\Ai_Images\196.jpg,1,camera_ai,ood,0.339082
R:\_Projects\Eurus_Workspace\HolmHz\data\raw_v2\camera_vs_ai\ai vs real photos\Camera_images\Image_7.jpg,0,camera_real,ood,0.648060
R:\_Projects\Eurus_Workspace\HolmHz\data\raw_v2\camera_vs_ai\ai vs real photos\Ai_Images\3.jpg,1,camera_ai,ood,0.319873
R:\_Projects\Eurus_Workspace\HolmHz\data\raw_v2\camera_vs_ai\ai vs real photos\Camera_images\162.jpg,0,camera_real,ood,0.649525
R:\_Projects\Eurus_Workspace\HolmHz\data\raw_v2\camera_vs_ai\ai vs real photos\Camera_images\Image_6.jpg,0,camera_real,ood,0.831855
R:\_Projects\Eurus_Workspace\HolmHz\data\raw_v2\camera_vs_ai\ai vs real photos\Camera_images\108.jpg,0,camera_real,ood,0.193059
R:\_Projects\Eurus_Workspace\HolmHz\data\raw_v2\camera_vs_ai\ai vs real photos\Ai_Images\46.png,1,camera_ai,ood,0.238825
R:\_Projects\Eurus_Workspace\HolmHz\data\raw_v2\camera_vs_ai\ai vs real photos\Ai_Images\10.jpg,1,camera_ai,ood,0.190180
R:\_Projects\Eurus_Workspace\HolmHz\data\raw_v2\camera_vs_ai\ai vs real photos\Ai_Images\141.jpg,1,camera_ai,ood,0.527749
R:\_Projects\Eurus_Workspace\HolmHz\data\raw_v2\camera_vs_ai\ai vs real photos\Ai_Images\Image_27.jpg,1,camera_ai,ood,0.755368
R:\_Projects\Eurus_Workspace\HolmHz\data\raw_v2\camera_vs_ai\ai vs real photos\Camera_images\145.jpg,0,camera_real,ood,0.216934
R:\_Projects\Eurus_Workspace\HolmHz\data\raw_v2\camera_vs_ai\ai vs real photos\Ai_Images\118.jpg,1,camera_ai,ood,0.227147
R:\_Projects\Eurus_Workspace\HolmHz\data\raw_v2\camera_vs_ai\ai vs real photos\Camera_images\32.jpg,0,camera_real,ood,0.292711
R:\_Projects\Eurus_Workspace\HolmHz\data\raw_v2\camera_vs_ai\ai vs real photos\Camera_images\35.jpg,0,camera_real,ood,0.161954
R:\_Projects\Eurus_Workspace\HolmHz\data\raw_v2\camera_vs_ai\ai vs real photos\Ai_Images\198.jpg,1,camera_ai,ood,0.092281
R:\_Projects\Eurus_Workspace\HolmHz\data\raw_v2\camera_vs_ai\ai vs real photos\Ai_Images\125.jpg,1,camera_ai,ood,0.244484
R:\_Projects\Eurus_Workspace\HolmHz\data\raw_v2\camera_vs_ai\ai vs real photos\Camera_images\197.jpg,0,camera_real,ood,0.440027
R:\_Projects\Eurus_Workspace\HolmHz\data\raw_v2\camera_vs_ai\ai vs real photos\Ai_Images\117.jpg,1,camera_ai,ood,0.463227
R:\_Projects\Eurus_Workspace\HolmHz\data\raw_v2\camera_vs_ai\ai vs real photos\Camera_images\195.jpg,0,camera_real,ood,0.561507
R:\_Projects\Eurus_Workspace\HolmHz\data\raw_v2\camera_vs_ai\ai vs real photos\Camera_images\143.jpg,0,camera_real,ood,0.559877
R:\_Projects\Eurus_Workspace\HolmHz\data\raw_v2\camera_vs_ai\ai vs real photos\Ai_Images\80.jpg,1,camera_ai,ood,0.112289
R:\_Projects\Eurus_Workspace\HolmHz\data\raw_v2\camera_vs_ai\ai vs real photos\Ai_Images\184.jpg,1,camera_ai,ood,0.404071
R:\_Projects\Eurus_Workspace\HolmHz\data\raw_v2\camera_vs_ai\ai vs real photos\Ai_Images\146.jpg,1,camera_ai,ood,0.877891
R:\_Projects\Eurus_Workspace\HolmHz\data\raw_v2\camera_vs_ai\ai vs real photos\Camera_images\22.jpg,0,camera_real,ood,0.038837
R:\_Projects\Eurus_Workspace\HolmHz\data\raw_v2\camera_vs_ai\ai vs real photos\Camera_images\63.jpg,0,camera_real,ood,0.611339
R:\_Projects\Eurus_Workspace\HolmHz\data\raw_v2\camera_vs_ai\ai vs real photos\Ai_Images\79.jpg,1,camera_ai,ood,0.638131
R:\_Projects\Eurus_Workspace\HolmHz\data\raw_v2\camera_vs_ai\ai vs real photos\Camera_images\58.jpg,0,camera_real,ood,0.467958
R:\_Projects\Eurus_Workspace\HolmHz\data\raw_v2\camera_vs_ai\ai vs real photos\Ai_Images\112.jpg,1,camera_ai,ood,0.154664
R:\_Projects\Eurus_Workspace\HolmHz\data\raw_v2\camera_vs_ai\ai vs real photos\Ai_Images\35.jpg,1,camera_ai,ood,0.947042
R:\_Projects\Eurus_Workspace\HolmHz\data\raw_v2\camera_vs_ai\ai vs real photos\Camera_images\191.jpg,0,camera_real,ood,0.483191
R:\_Projects\Eurus_Workspace\HolmHz\data\raw_v2\camera_vs_ai\ai vs real photos\Camera_images\124.jpg,0,camera_real,ood,0.481655
R:\_Projects\Eurus_Workspace\HolmHz\data\raw_v2\camera_vs_ai\ai vs real photos\Ai_Images\147.jpg,1,camera_ai,ood,0.423088
R:\_Projects\Eurus_Workspace\HolmHz\data\raw_v2\camera_vs_ai\ai vs real photos\Ai_Images\153.jpg,1,camera_ai,ood,0.414279
R:\_Projects\Eurus_Workspace\HolmHz\data\raw_v2\camera_vs_ai\ai vs real photos\Ai_Images\33.jpg,1,camera_ai,ood,0.669215
R:\_Projects\Eurus_Workspace\HolmHz\data\raw_v2\camera_vs_ai\ai vs real photos\Ai_Images\21.jpg,1,camera_ai,ood,0.196609
R:\_Projects\Eurus_Workspace\HolmHz\data\raw_v2\camera_vs_ai\ai vs real photos\Camera_images\126.jpg,0,camera_real,ood,0.299139
R:\_Projects\Eurus_Workspace\HolmHz\data\raw_v2\camera_vs_ai\ai vs real photos\Ai_Images\37.jpg,1,camera_ai,ood,0.513914
R:\_Projects\Eurus_Workspace\HolmHz\data\raw_v2\camera_vs_ai\ai vs real photos\Ai_Images\Image_25.jpg,1,camera_ai,ood,0.479939
R:\_Projects\Eurus_Workspace\HolmHz\data\raw_v2\camera_vs_ai\ai vs real photos\Camera_images\117.jpg,0,camera_real,ood,0.727035
R:\_Projects\Eurus_Workspace\HolmHz\data\raw_v2\camera_vs_ai\ai vs real photos\Camera_images\171.jpg,0,camera_real,ood,0.373628
R:\_Projects\Eurus_Workspace\HolmHz\data\raw_v2\camera_vs_ai\ai vs real photos\Camera_images\212.jpg,0,camera_real,ood,0.466081
R:\_Projects\Eurus_Workspace\HolmHz\data\raw_v2\camera_vs_ai\ai vs real photos\Ai_Images\Image_19.png,1,camera_ai,ood,0.833246
R:\_Projects\Eurus_Workspace\HolmHz\data\raw_v2\camera_vs_ai\ai vs real photos\Camera_images\142.jpg,0,camera_real,ood,0.221249
R:\_Projects\Eurus_Workspace\HolmHz\data\raw_v2\camera_vs_ai\ai vs real photos\Ai_Images\81.jpg,1,camera_ai,ood,0.578757
R:\_Projects\Eurus_Workspace\HolmHz\data\raw_v2\camera_vs_ai\ai vs real photos\Camera_images\64.jpg,0,camera_real,ood,0.599344
R:\_Projects\Eurus_Workspace\HolmHz\data\raw_v2\camera_vs_ai\ai vs real photos\Ai_Images\Image_6.png,1,camera_ai,ood,0.539669
R:\_Projects\Eurus_Workspace\HolmHz\data\raw_v2\camera_vs_ai\ai vs real photos\Camera_images\45.jpg,0,camera_real,ood,0.560411
R:\_Projects\Eurus_Workspace\HolmHz\data\raw_v2\camera_vs_ai\ai vs real photos\Ai_Images\179.jpg,1,camera_ai,ood,0.195896
R:\_Projects\Eurus_Workspace\HolmHz\data\raw_v2\camera_vs_ai\ai vs real photos\Ai_Images\Image_18.jpg,1,camera_ai,ood,0.362635
R:\_Projects\Eurus_Workspace\HolmHz\data\raw_v2\camera_vs_ai\ai vs real photos\Camera_images\99.jpg,0,camera_real,ood,0.226809
R:\_Projects\Eurus_Workspace\HolmHz\data\raw_v2\camera_vs_ai\ai vs real photos\Ai_Images\200.jpg,1,camera_ai,ood,0.253644
R:\_Projects\Eurus_Workspace\HolmHz\data\raw_v2\camera_vs_ai\ai vs real photos\Camera_images\158.jpg,0,camera_real,ood,0.705557
R:\_Projects\Eurus_Workspace\HolmHz\data\raw_v2\camera_vs_ai\ai vs real photos\Camera_images\202.jpg,0,camera_real,ood,0.481798
R:\_Projects\Eurus_Workspace\HolmHz\data\raw_v2\camera_vs_ai\ai vs real photos\Ai_Images\Image_4.jpg,1,camera_ai,ood,0.189259
R:\_Projects\Eurus_Workspace\HolmHz\data\raw_v2\camera_vs_ai\ai vs real photos\Camera_images\71.jpg,0,camera_real,ood,0.563992
R:\_Projects\Eurus_Workspace\HolmHz\data\raw_v2\camera_vs_ai\ai vs real photos\Ai_Images\120.jpg,1,camera_ai,ood,0.558043
R:\_Projects\Eurus_Workspace\HolmHz\data\raw_v2\camera_vs_ai\ai vs real photos\Ai_Images\Image_1 - Copy.jpg,1,camera_ai,ood,0.588800
R:\_Projects\Eurus_Workspace\HolmHz\data\raw_v2\camera_vs_ai\ai vs real photos\Camera_images\65.jpg,0,camera_real,ood,0.442929
R:\_Projects\Eurus_Workspace\HolmHz\data\raw_v2\camera_vs_ai\ai vs real photos\Camera_images\192.jpg,0,camera_real,ood,0.247127
R:\_Projects\Eurus_Workspace\HolmHz\data\raw_v2\camera_vs_ai\ai vs real photos\Camera_images\239.jpg,0,camera_real,ood,0.317099
R:\_Projects\Eurus_Workspace\HolmHz\data\raw_v2\camera_vs_ai\ai vs real photos\Camera_images\198.JPG,0,camera_real,ood,0.234901
R:\_Projects\Eurus_Workspace\HolmHz\data\raw_v2\camera_vs_ai\ai vs real photos\Ai_Images\Image_13.jpg,1,camera_ai,ood,0.196609
R:\_Projects\Eurus_Workspace\HolmHz\data\raw_v2\camera_vs_ai\ai vs real photos\Ai_Images\Image_2.png,1,camera_ai,ood,0.465077
R:\_Projects\Eurus_Workspace\HolmHz\data\raw_v2\camera_vs_ai\ai vs real photos\Camera_images\173.jpg,0,camera_real,ood,0.032972
R:\_Projects\Eurus_Workspace\HolmHz\data\raw_v2\camera_vs_ai\ai vs real photos\Camera_images\41.jpeg,0,camera_real,ood,0.502045
R:\_Projects\Eurus_Workspace\HolmHz\data\raw_v2\camera_vs_ai\ai vs real photos\Camera_images\160.jpg,0,camera_real,ood,0.710671
R:\_Projects\Eurus_Workspace\HolmHz\data\raw_v2\camera_vs_ai\ai vs real photos\Camera_images\73.jpg,0,camera_real,ood,0.435521
R:\_Projects\Eurus_Workspace\HolmHz\data\raw_v2\camera_vs_ai\ai vs real photos\Ai_Images\Image_9.jpg,1,camera_ai,ood,0.572508
R:\_Projects\Eurus_Workspace\HolmHz\data\raw_v2\camera_vs_ai\ai vs real photos\Ai_Images\43.jpg,1,camera_ai,ood,0.770069
R:\_Projects\Eurus_Workspace\HolmHz\data\raw_v2\camera_vs_ai\ai vs real photos\Camera_images\51.jpg,0,camera_real,ood,0.422759
R:\_Projects\Eurus_Workspace\HolmHz\data\raw_v2\camera_vs_ai\ai vs real photos\Ai_Images\84.jpg,1,camera_ai,ood,0.766373
R:\_Projects\Eurus_Workspace\HolmHz\data\raw_v2\camera_vs_ai\ai vs real photos\Camera_images\220.jpg,0,camera_real,ood,0.717459
R:\_Projects\Eurus_Workspace\HolmHz\data\raw_v2\camera_vs_ai\ai vs real photos\Ai_Images\145.jpg,1,camera_ai,ood,0.476605
R:\_Projects\Eurus_Workspace\HolmHz\data\raw_v2\camera_vs_ai\ai vs real photos\Camera_images\127.jpg,0,camera_real,ood,0.543604
R:\_Projects\Eurus_Workspace\HolmHz\data\raw_v2\camera_vs_ai\ai vs real photos\Ai_Images\85.jpg,1,camera_ai,ood,0.584438
R:\_Projects\Eurus_Workspace\HolmHz\data\raw_v2\camera_vs_ai\ai vs real photos\Ai_Images\86.jpg,1,camera_ai,ood,0.515540
R:\_Projects\Eurus_Workspace\HolmHz\data\raw_v2\camera_vs_ai\ai vs real photos\Ai_Images\56.jpg,1,camera_ai,ood,0.023847
R:\_Projects\Eurus_Workspace\HolmHz\data\raw_v2\camera_vs_ai\ai vs real photos\Camera_images\26.jpg,0,camera_real,ood,0.396444
R:\_Projects\Eurus_Workspace\HolmHz\data\raw_v2\camera_vs_ai\ai vs real photos\Ai_Images\172.jpg,1,camera_ai,ood,0.670871
R:\_Projects\Eurus_Workspace\HolmHz\data\raw_v2\camera_vs_ai\ai vs real photos\Camera_images\57.jpg,0,camera_real,ood,0.485997
R:\_Projects\Eurus_Workspace\HolmHz\data\raw_v2\camera_vs_ai\ai vs real photos\Ai_Images\113.jpg,1,camera_ai,ood,0.413137
R:\_Projects\Eurus_Workspace\HolmHz\data\raw_v2\camera_vs_ai\ai vs real photos\Ai_Images\61.jpg,1,camera_ai,ood,0.257156
R:\_Projects\Eurus_Workspace\HolmHz\data\raw_v2\camera_vs_ai\ai vs real photos\Camera_images\68.jpg,0,camera_real,ood,0.610456
