image_path,label,source,split,prob_fake
data/processed/train/real/diverse_real/35225.png,0,diverse_real,id,0.000000
data/processed/train/real/cifake/train_2906.png,0,cifake,id,0.388853
data/processed/train/real/cifake/train_2767 (7).png,0,cifake,id,0.000281
data/processed/train/real/cifake/train_2710 (4).png,0,cifake,id,0.027661
data/processed/train/real/real_camera_train/000000158744.png,0,real_camera_train,id,0.000000
data/processed/train/real/cifake/train_2811 (7).png,0,cifake,id,0.000012
data/processed/train/real/ffhq/49078.png,0,ffhq,id,0.000000
data/processed/train/real/cifake/train_2527 (9).png,0,cifake,id,0.000001
data/processed/train/fake_diffusion/cifake/train_2581 (7).png,1,cifake,id,0.000072
data/processed/train/fake_diffusion/cifake/train_3698 (4).png,1,cifake,id,0.007728
data/processed/train/fake_diffusion/cifake/train_3917 (6).png,1,cifake,id,0.003138
data/processed/train/fake_diffusion/sd15/sd15_02180.png,1,sd15,id,0.000000
data/processed/train/real/diverse_real/14352.png,0,diverse_real,id,0.000000
data/processed/train/real/ffhq/45435.png,0,ffhq,id,0.000000
data/processed/train/fake_gan/stylegan/3SDKVKKEI0.png,1,stylegan,id,0.000131
data/processed/train/real/ffhq/25617.png,0,ffhq,id,0.000000
data/processed/train/fake_diffusion/cifake/train_2424.png,1,cifake,id,0.000807
data/processed/train/real/diverse_real/41462.png,0,diverse_real,id,0.000000
data/processed/train/real/ffhq/50685.png,0,ffhq,id,0.000000
data/processed/train/fake_diffusion/cifake/train_1332 (5).png,1,cifake,id,0.000001
data/processed/train/fake_gan/stylegan/34C6JIPGAR.png,1,stylegan,id,0.000042
data/processed/train/real/ffhq/02022.png,0,ffhq,id,0.000003
data/processed/train/fake_diffusion/sd15/sd15_01435.png,1,sd15,id,0.000000
data/processed/train/real/diverse_real/07392.png,0,diverse_real,id,0.000000
data/processed/train/real/ffhq/18962.png,0,ffhq,id,0.000000
data/processed/train/real/diverse_real/64068.png,0,diverse_real,id,0.000000
data/processed/train/fake_gan/stylegan/01VV22XXKG.png,1,stylegan,id,0.000077
data/processed/train/real/cifake/train_2068 (3).png,0,cifake,id,0.000000
data/processed/train/real/ffhq/52174.png,0,ffhq,id,0.000003
data/processed/train/real/diverse_real/39395.png,0,diverse_real,id,0.000000
data/processed/train/fake_diffusion/cifake/test_360 (5).png,1,cifake,id,0.000000
data/processed/train/real/cifake/train_0059.png,0,cifake,id,0.001535
data/processed/train/real/ffhq/05028.png,0,ffhq,id,0.000000
data/processed/train/fake_diffusion/sd15/sd15_00454.png,1,sd15,id,0.000000
data/processed/train/fake_diffusion/sd15/sd15_01515.png,1,sd15,id,0.000000
data/processed/train/real/ffhq/35153.png,0,ffhq,id,0.000000
data/processed/train/real/diverse_real/42622.png,0,diverse_real,id,0.000000
data/processed/train/fake_diffusion/sd15/sd15_00666.png,1,sd15,id,0.000005
data/processed/train/fake_gan/stylegan/ACV8IA5IJZ.png,1,stylegan,id,0.000000
data/processed/train/real/cifake/train_4571 (2).png,0,cifake,id,0.000000
data/processed/train/fake_diffusion/cifake/train_2304 (2).png,1,cifake,id,0.000008
data/processed/train/real/cifake/train_0475 (5).png,0,cifake,id,0.299584
data/processed/train/fake_gan/stylegan/2JZWMRP0M5.png,1,stylegan,id,0.000008
data/processed/train/real/cifake/train_3877 (8).png,0,cifake,id,0.002171
data/processed/train/real/real_camera_train/000000186637.png,0,real_camera_train,id,0.000000
data/processed/train/real/ffhq/32478.png,0,ffhq,id,0.000307
data/processed/train/real/cifake/test_0509 (7).png,0,cifake,id,0.000040
data/processed/train/fake_diffusion/cifake/train_1478 (8).png,1,cifake,id,0.000000
data/processed/train/real/cifake/train_1515 (6).png,0,cifake,id,0.000066
data/processed/train/real/ffhq/29300.png,0,ffhq,id,0.000000
data/processed/train/real/diverse_real/69974.png,0,diverse_real,id,0.000005
data/processed/train/real/cifake/test_0954 (9).png,0,cifake,id,0.369105
data/processed/train/fake_diffusion/cifake/test_288 (9).png,1,cifake,id,0.000073
data/processed/train/fake_diffusion/cifake/train_1124 (7).png,1,cifake,id,0.000000
data/processed/train/real/ffhq/40828.png,0,ffhq,id,0.000000
data/processed/train/real/cifake/train_2894 (9).png,0,cifake,id,0.000010
data/processed/train/real/diverse_real/67166.png,0,diverse_real,id,0.000000
data/processed/train/fake_diffusion/sd15/sd15_02435.png,1,sd15,id,0.000058
data/processed/train/fake_diffusion/cifake/train_3798 (3).png,1,cifake,id,0.000000
data/processed/train/real/cifake/test_0466 (5).png,0,cifake,id,0.000334
data/processed/train/real/cifake/train_1726 (2).png,0,cifake,id,0.000139
data/processed/train/real/diverse_real/34115.png,0,diverse_real,id,0.000000
data/processed/train/fake_diffusion/cifake/train_5239 (7).png,1,cifake,id,0.000432
data/processed/train/real/cifake/train_3792 (5).png,0,cifake,id,0.328710
data/processed/train/fake_gan/stylegan/2D4C7TRKVG.png,1,stylegan,id,0.000000
data/processed/train/fake_gan/stylegan/MZT5X0Q3IJ.png,1,stylegan,id,0.000000
data/processed/train/real/ffhq/29143.png,0,ffhq,id,0.000000
data/processed/train/fake_gan/stylegan/6N0QLLVB6R.png,1,stylegan,id,0.000000
data/processed/train/fake_gan/stylegan/RZQZVG7L5G.png,1,stylegan,id,0.004474
data/processed/train/fake_diffusion/cifake/train_2546 (5).png,1,cifake,id,0.000002
data/processed/train/fake_gan/stylegan/6NXGY6LAEQ.png,1,stylegan,id,0.000000
data/processed/train/real/cifake/train_2308 (9).png,0,cifake,id,0.002575
data/processed/train/real/cifake/train_1368.png,0,cifake,id,0.000267
data/processed/train/fake_diffusion/sd15/sd15_01840.png,1,sd15,id,0.000000
data/processed/train/fake_diffusion/cifake/train_5483 (2).png,1,cifake,id,0.000000
data/processed/train/real/diverse_real/19941.png,0,diverse_real,id,0.000000
data/processed/train/fake_diffusion/sd15/sd15_00498.png,1,sd15,id,0.000000
data/processed/train/real/cifake/train_0036.png,0,cifake,id,0.000046
data/processed/train/fake_diffusion/sd15/sd15_00378.png,1,sd15,id,0.000000
data/processed/train/real/ffhq/53125.png,0,ffhq,id,0.000000
data/processed/train/real/real_camera_train/000000054592.png,0,real_camera_train,id,0.000000
data/processed/train/real/diverse_real/56554.png,0,diverse_real,id,0.000000
data/processed/train/fake_diffusion/cifake/train_2393 (2).png,1,cifake,id,0.002626
data/processed/train/fake_gan/stylegan/VX8Y2CO1WZ.png,1,stylegan,id,0.000006
data/processed/train/real/ffhq/37851.png,0,ffhq,id,0.000020
data/processed/train/fake_diffusion/cifake/train_4030 (9).png,1,cifake,id,0.328915
data/processed/train/real/ffhq/19391.png,0,ffhq,id,0.000000
data/processed/train/real/cifake/test_0404 (7).png,0,cifake,id,0.000000
data/processed/train/fake_gan/stylegan/HJDRBU91MO.png,1,stylegan,id,0.001240
data/processed/train/real/diverse_real/31292.png,0,diverse_real,id,0.000000
data/processed/train/fake_diffusion/cifake/train_5057 (6).png,1,cifake,id,0.000305
data/processed/train/fake_gan/stylegan/UD26AUQR7P.png,1,stylegan,id,0.000137
data/processed/train/real/diverse_real/03816.png,0,diverse_real,id,0.000000
data/processed/train/real/cifake/train_4890.png,0,cifake,id,0.000459
data/processed/train/fake_diffusion/cifake/train_5185 (3).png,1,cifake,id,0.074005
data/processed/train/real/cifake/train_3417 (4).png,0,cifake,id,0.000008
data/processed/train/real/cifake/test_0717 (6).png,0,cifake,id,0.009761
data/processed/train/real/cifake/train_3430 (8).png,0,cifake,id,0.053863
data/processed/train/real/diverse_real/56864.png,0,diverse_real,id,0.000000
data/processed/train/real/ffhq/53494.png,0,ffhq,id,0.000000
data/processed/train/real/real_pexels_train/3893.png,0,real_pexels_train,id,0.000003
data/processed/train/fake_diffusion/cifake/train_4940 (8).png,1,cifake,id,0.001606
data/processed/train/fake_gan/stylegan/RWO11W98K5.png,1,stylegan,id,0.000000
data/processed/train/fake_diffusion/cifake/train_3333 (3).png,1,cifake,id,0.000024
data/processed/train/fake_diffusion/sd15/sd15_01044.png,1,sd15,id,0.000000
data/processed/train/real/cifake/test_0957.png,0,cifake,id,0.000014
data/processed/train/real/cifake/train_3205 (4).png,0,cifake,id,0.000000
data/processed/train/fake_diffusion/sd15/sd15_00552.png,1,sd15,id,0.000000
data/processed/train/real/cifake/train_2325 (3).png,0,cifake,id,0.000500
data/processed/train/real/diverse_real/01717.png,0,diverse_real,id,0.000000
data/processed/train/real/ffhq/15048.png,0,ffhq,id,0.000000
data/processed/train/fake_diffusion/cifake/train_3826 (7).png,1,cifake,id,0.000000
data/processed/train/fake_gan/stylegan/MRGX9TVAG7.png,1,stylegan,id,0.000000
data/processed/train/fake_gan/stylegan/UT6JTU3TVF.png,1,stylegan,id,0.000941
data/processed/train/real/ffhq/46323.png,0,ffhq,id,0.000000
data/processed/train/real/diverse_real/33205.png,0,diverse_real,id,0.000000
data/processed/train/fake_diffusion/sd15/sd15_01719.png,1,sd15,id,0.000000
data/processed/train/fake_gan/stylegan/PNX90AIQKS.png,1,stylegan,id,0.000000
data/processed/train/real/ffhq/22535.png,0,ffhq,id,0.000000
data/processed/train/fake_diffusion/cifake/train_5550 (6).png,1,cifake,id,0.000000
data/processed/train/fake_diffusion/cifake/train_3833 (6).png,1,cifake,id,0.000003
data/processed/train/fake_diffusion/cifake/train_2170 (8).png,1,cifake,id,0.000660
data/processed/train/real/diverse_real/37322.png,0,diverse_real,id,0.000000
data/processed/train/fake_diffusion/cifake/test_568.png,1,cifake,id,0.000366
data/processed/train/fake_gan/stylegan/JVAA5RIF7N.png,1,stylegan,id,0.000000
data/processed/train/real/cifake/test_0076 (5).png,0,cifake,id,0.001215
data/processed/train/real/cifake/train_1833 (4).png,0,cifake,id,0.000000
data/processed/train/fake_diffusion/cifake/test_14 (9).png,1,cifake,id,0.001979
data/processed/train/fake_gan/stylegan/71VEGFLZK5.png,1,stylegan,id,0.000000
data/processed/train/fake_gan/stylegan/FGB5V8038U.png,1,stylegan,id,0.000001
data/processed/train/fake_diffusion/tristanzhang_train/4820.png,1,tristanzhang_train,id,0.000109
data/processed/train/fake_diffusion/cifake/train_2322 (3).png,1,cifake,id,0.000534
data/processed/train/fake_gan/stylegan/7HIMEILJQ5.png,1,stylegan,id,0.000001
data/processed/train/real/ffhq/47651.png,0,ffhq,id,0.000000
data/processed/train/real/cifake/train_2521 (7).png,0,cifake,id,0.000001
data/processed/train/real/cifake/train_1732 (5).png,0,cifake,id,0.000000
data/processed/train/real/ffhq/05775.png,0,ffhq,id,0.000000
data/processed/train/real/cifake/train_2802 (4).png,0,cifake,id,0.621636
data/processed/train/real/cifake/train_2582 (7).png,0,cifake,id,0.000000
data/processed/train/fake_diffusion/cifake/train_4165 (6).png,1,cifake,id,0.000923
data/processed/train/fake_diffusion/sd15/sd15_02464.png,1,sd15,id,0.000000
data/processed/train/real/diverse_real/18157.png,0,diverse_real,id,0.000000
data/processed/train/fake_diffusion/sd15/sd15_01960.png,1,sd15,id,0.000000
data/processed/train/fake_gan/stylegan/BPJMSI87O5.png,1,stylegan,id,0.000064
data/processed/train/real/diverse_real/18633.png,0,diverse_real,id,0.000000
data/processed/train/fake_diffusion/cifake/test_730.png,1,cifake,id,0.000443
data/processed/train/real/cifake/train_1041 (9).png,0,cifake,id,0.000188
data/processed/train/real/diverse_real/17979.png,0,diverse_real,id,0.000000
data/processed/train/real/diverse_real/07898.png,0,diverse_real,id,0.000000
data/processed/train/real/cifake/train_2049 (10).png,0,cifake,id,0.000025
data/processed/train/real/ffhq/48121.png,0,ffhq,id,0.000000
data/processed/train/fake_gan/stylegan/JTWMW4YS24.png,1,stylegan,id,0.000000
data/processed/train/fake_diffusion/cifake/train_5233.png,1,cifake,id,0.000884
data/processed/train/real/cifake/train_2371 (5).png,0,cifake,id,0.040083
data/processed/train/fake_diffusion/cifake/test_495 (3).png,1,cifake,id,0.000066
data/processed/train/fake_diffusion/sd15/sd15_02233.png,1,sd15,id,0.000000
data/processed/train/real/cifake/train_1308 (6).png,0,cifake,id,0.000012
data/processed/train/real/cifake/train_1565 (10).png,0,cifake,id,0.000000
data/processed/train/fake_diffusion/cifake/train_2725 (9).png,1,cifake,id,0.000000
data/processed/train/real/ffhq/41943.png,0,ffhq,id,0.000000
data/processed/train/fake_gan/stylegan/7GV0T241V1.png,1,stylegan,id,0.895936
data/processed/train/real/ffhq/46370.png,0,ffhq,id,0.000000
data/processed/train/real/ffhq/45916.png,0,ffhq,id,0.000001
data/processed/train/fake_diffusion/cifake/train_5248 (8).png,1,cifake,id,0.000001
data/processed/train/real/cifake/train_1784 (9).png,0,cifake,id,0.000590
data/processed/train/fake_diffusion/cifake/train_5166 (10).png,1,cifake,id,0.000000
data/processed/train/real/cifake/train_1238 (8).png,0,cifake,id,0.000000
data/processed/train/real/ffhq/21492.png,0,ffhq,id,0.000000
data/processed/train/real/cifake/train_4599 (4).png,0,cifake,id,0.000000
data/processed/train/real/ffhq/44666.png,0,ffhq,id,0.000004
data/processed/train/fake_diffusion/cifake/train_4105 (9).png,1,cifake,id,0.001732
data/processed/train/fake_diffusion/sd15/sd15_00014.png,1,sd15,id,0.000007
data/processed/train/real/ffhq/00443.png,0,ffhq,id,0.000000
data/processed/train/fake_diffusion/sd15/sd15_01182.png,1,sd15,id,0.000000
data/processed/train/real/cifake/test_0894.png,0,cifake,id,0.000030
data/processed/train/real/cifake/train_0517 (3).png,0,cifake,id,0.000062
data/processed/train/fake_gan/stylegan/DIIAWUD4JS.png,1,stylegan,id,0.934802
data/processed/train/fake_diffusion/cifake/train_1055 (6).png,1,cifake,id,0.001155
data/processed/train/real/cifake/train_1923.png,0,cifake,id,0.118523
data/processed/train/fake_diffusion/cifake/train_3669 (2).png,1,cifake,id,0.000089
data/processed/train/real/cifake/train_3305 (4).png,0,cifake,id,0.001729
data/processed/train/real/cifake/train_4644 (8).png,0,cifake,id,0.000000
data/processed/train/fake_diffusion/cifake/train_3242 (4).png,1,cifake,id,0.000041
data/processed/train/real/diverse_real/50314.png,0,diverse_real,id,0.000000
data/processed/train/fake_diffusion/cifake/test_46.png,1,cifake,id,0.000009
data/processed/train/real/cifake/train_2956 (6).png,0,cifake,id,0.000000
data/processed/train/real/ffhq/26048.png,0,ffhq,id,0.000000
data/processed/train/fake_diffusion/cifake/train_4850 (2).png,1,cifake,id,0.000000
data/processed/train/real/ffhq/49204.png,0,ffhq,id,0.000000
data/processed/train/real/diverse_real/58110.png,0,diverse_real,id,0.000000
data/processed/train/real/ffhq/29730.png,0,ffhq,id,0.000000
data/processed/train/fake_diffusion/sd15/sd15_02404.png,1,sd15,id,0.001196
data/processed/train/real/diverse_real/69848.png,0,diverse_real,id,0.000000
data/processed/train/real/ffhq/41111.png,0,ffhq,id,0.000000
data/processed/train/real/cifake/train_3773 (3).png,0,cifake,id,0.009634
data/processed/train/fake_diffusion/cifake/train_2156 (3).png,1,cifake,id,0.000224
data/processed/train/real/ffhq/18542.png,0,ffhq,id,0.000000
data/processed/train/fake_diffusion/cifake/train_5285 (10).png,1,cifake,id,0.000000
data/processed/train/fake_diffusion/sd15/sd15_01922.png,1,sd15,id,0.000000
data/processed/train/real/ffhq/29373.png,0,ffhq,id,0.000001
data/processed/train/fake_diffusion/sd15/sd15_02191.png,1,sd15,id,0.000000
data/processed/train/fake_gan/stylegan/4WCA6QY0WV.png,1,stylegan,id,0.991984
data/processed/train/fake_gan/stylegan/K5IOH7Y7G5.png,1,stylegan,id,0.144316
data/processed/train/fake_diffusion/sd15/sd15_00252.png,1,sd15,id,0.000000
data/processed/train/fake_gan/stylegan/ACHQK01EEH.png,1,stylegan,id,0.957076
data/processed/train/real/ffhq/36860.png,0,ffhq,id,0.000000
data/processed/train/fake_diffusion/cifake/train_2983 (4).png,1,cifake,id,0.000009
data/processed/train/fake_diffusion/cifake/train_2257 (8).png,1,cifake,id,0.000000
data/processed/train/fake_gan/stylegan/9H8BNHD6QK.png,1,stylegan,id,0.000000
data/processed/train/fake_gan/stylegan/20SQCH74NT.png,1,stylegan,id,0.000675
data/processed/train/fake_diffusion/cifake/train_3352 (3).png,1,cifake,id,0.000000
data/processed/train/fake_diffusion/cifake/train_2776 (4).png,1,cifake,id,0.000001
data/processed/train/real/cifake/train_1054 (6).png,0,cifake,id,0.010809
data/processed/train/real/cifake/test_0009 (2).png,0,cifake,id,0.000000
data/processed/train/fake_diffusion/cifake/train_2396 (9).png,1,cifake,id,0.048835
data/processed/train/real/real_camera_train/000000561889.png,0,real_camera_train,id,0.000000
data/processed/train/fake_diffusion/cifake/train_5575 (3).png,1,cifake,id,0.002845
data/processed/train/fake_diffusion/sd15/sd15_01553.png,1,sd15,id,0.000000
data/processed/train/fake_gan/stylegan/AJU5R8BUDB.png,1,stylegan,id,0.000057
data/processed/train/fake_diffusion/cifake/train_3547 (9).png,1,cifake,id,0.220966
data/processed/train/fake_diffusion/cifake/train_4960 (3).png,1,cifake,id,0.000023
data/processed/train/real/ffhq/19656.png,0,ffhq,id,0.000000
data/processed/train/fake_gan/stylegan/XDP9LPHFJM.png,1,stylegan,id,0.000000
data/processed/train/real/cifake/train_0661.png,0,cifake,id,0.000003
data/processed/train/real/cifake/train_3918 (6).png,0,cifake,id,0.000003
data/processed/train/real/diverse_real/31992.png,0,diverse_real,id,0.000003
data/processed/train/real/cifake/train_4817 (3).png,0,cifake,id,0.014923
data/processed/train/real/cifake/test_0901 (5).png,0,cifake,id,0.000000
data/processed/train/real/cifake/train_2112 (8).png,0,cifake,id,0.187282
data/processed/train/fake_diffusion/cifake/train_2138 (3).png,1,cifake,id,0.000000
data/processed/train/real/ffhq/44139.png,0,ffhq,id,0.000000
data/processed/train/fake_diffusion/cifake/train_1298 (2).png,1,cifake,id,0.000035
data/processed/train/real/diverse_real/55086.png,0,diverse_real,id,0.000034
data/processed/train/real/cifake/train_4358 (9).png,0,cifake,id,0.890722
data/processed/train/real/cifake/train_2726 (5).png,0,cifake,id,0.000004
data/processed/train/fake_gan/stylegan/SMSDDO44YN.png,1,stylegan,id,0.000002
data/processed/train/real/cifake/train_3978 (6).png,0,cifake,id,0.030730
data/processed/train/fake_diffusion/cifake/train_5255.png,1,cifake,id,0.000033
data/processed/train/real/cifake/test_0968 (2).png,0,cifake,id,0.000001
data/processed/train/fake_diffusion/sd15/sd15_00813.png,1,sd15,id,0.000000
data/processed/train/fake_diffusion/cifake/train_2275 (4).png,1,cifake,id,0.106903
data/processed/train/real/diverse_real/65138.png,0,diverse_real,id,0.000000
data/processed/train/fake_gan/stylegan/5GUIK59EWC.png,1,stylegan,id,0.038203
data/processed/train/fake_gan/stylegan/0WQPMZVI1A.png,1,stylegan,id,0.000000
data/processed/train/fake_gan/stylegan/VVIVB3WQQX.png,1,stylegan,id,0.000234
data/processed/train/fake_gan/stylegan/0ZNBZK48L5.png,1,stylegan,id,0.000000
data/processed/train/real/ffhq/11362.png,0,ffhq,id,0.000000
data/processed/train/fake_diffusion/sd15/sd15_01761.png,1,sd15,id,0.000000
data/processed/train/real/cifake/train_3259 (7).png,0,cifake,id,0.006778
data/processed/train/fake_diffusion/cifake/train_2024 (5).png,1,cifake,id,0.000414
data/processed/train/fake_diffusion/cifake/train_5113.png,1,cifake,id,0.000529
data/processed/train/real/ffhq/22644.png,0,ffhq,id,0.000000
data/processed/train/fake_diffusion/sd15/sd15_01525.png,1,sd15,id,0.000000
data/processed/train/real/ffhq/35023.png,0,ffhq,id,0.000000
data/processed/train/real/real_pexels_train/2867.png,0,real_pexels_train,id,0.000000
data/processed/train/fake_diffusion/sd15/sd15_01416.png,1,sd15,id,0.000000
data/processed/train/real/cifake/test_0960 (3).png,0,cifake,id,0.803060
data/processed/train/fake_gan/stylegan/AQ9D0SUWL7.png,1,stylegan,id,0.000005
data/processed/train/fake_diffusion/cifake/test_110 (8).png,1,cifake,id,0.000000
data/processed/train/fake_gan/stylegan/HJUFNU7ZI5.png,1,stylegan,id,0.337671
data/processed/train/fake_diffusion/cifake/train_2307 (4).png,1,cifake,id,0.006034
data/processed/train/real/cifake/train_1233 (7).png,0,cifake,id,0.000000
data/processed/train/real/ffhq/01776.png,0,ffhq,id,0.000000
data/processed/train/fake_diffusion/cifake/train_1365 (7).png,1,cifake,id,0.000072
data/processed/train/real/ffhq/30074.png,0,ffhq,id,0.000000
data/processed/train/fake_diffusion/cifake/train_4762 (4).png,1,cifake,id,0.815462
data/processed/train/real/cifake/train_1922 (7).png,0,cifake,id,0.007513
data/processed/train/real/cifake/test_0982.png,0,cifake,id,0.000001
data/processed/train/real/cifake/test_0871 (5).png,0,cifake,id,0.007686
data/processed/train/fake_diffusion/sd15/sd15_01169.png,1,sd15,id,0.000000
data/processed/train/fake_diffusion/sd15/sd15_02419.png,1,sd15,id,0.000000
data/processed/train/fake_diffusion/cifake/train_2692 (4).png,1,cifake,id,0.000162
data/processed/train/fake_gan/stylegan/18S0GFDVBQ.png,1,stylegan,id,0.000175
data/processed/train/fake_diffusion/cifake/train_3405 (8).png,1,cifake,id,0.000397
data/processed/train/fake_diffusion/cifake/train_1782 (3).png,1,cifake,id,0.000008
data/processed/train/fake_diffusion/cifake/train_5198 (2).png,1,cifake,id,0.000093
data/processed/train/fake_diffusion/cifake/test_669.png,1,cifake,id,0.001169
data/processed/train/real/ffhq/07736.png,0,ffhq,id,0.000000
data/processed/train/fake_gan/stylegan/J52ITG0X9R.png,1,stylegan,id,0.000002
data/processed/train/fake_diffusion/tristanzhang_train/5745.png,1,tristanzhang_train,id,0.000000
data/processed/train/real/cifake/train_1506 (2).png,0,cifake,id,0.000000
data/processed/train/real/ffhq/01030.png,0,ffhq,id,0.000000
data/processed/train/fake_diffusion/cifake/train_3430 (4).png,1,cifake,id,0.002724
data/processed/train/fake_diffusion/cifake/train_5393 (9).png,1,cifake,id,0.000435
data/processed/train/fake_diffusion/cifake/train_5466 (4).png,1,cifake,id,0.162922
data/processed/train/fake_gan/stylegan/VW3JMY0309.png,1,stylegan,id,0.190562
data/processed/train/real/cifake/train_4292 (5).png,0,cifake,id,0.000000
data/processed/train/real/diverse_real/52306.png,0,diverse_real,id,0.000000
data/processed/train/fake_diffusion/tristanzhang_train/0946.png,1,tristanzhang_train,id,0.000006
data/processed/train/real/cifake/train_2429 (5).png,0,cifake,id,0.014740
data/processed/train/fake_diffusion/cifake/test_301 (8).png,1,cifake,id,0.000079
data/processed/train/fake_diffusion/cifake/train_4625 (9).png,1,cifake,id,0.000373
data/processed/train/fake_diffusion/cifake/train_2744 (6).png,1,cifake,id,0.002788
data/processed/train/real/ffhq/23449.png,0,ffhq,id,0.000000
data/processed/train/fake_diffusion/cifake/train_1312.png,1,cifake,id,0.032094
data/processed/train/real/cifake/train_2978 (4).png,0,cifake,id,0.228810
data/processed/train/fake_diffusion/cifake/train_4759 (9).png,1,cifake,id,0.183423
data/processed/train/real/cifake/test_0230 (8).png,0,cifake,id,0.006831
data/processed/train/fake_diffusion/cifake/train_3347 (3).png,1,cifake,id,0.000000
data/processed/train/fake_gan/stylegan/VBLA0LFK5H.png,1,stylegan,id,0.000005
data/processed/train/fake_diffusion/cifake/train_2863 (10).png,1,cifake,id,0.771244
data/processed/train/real/real_camera_train/000000445602.png,0,real_camera_train,id,0.000112
data/processed/train/real/real_pexels_train/1470.png,0,real_pexels_train,id,0.000000
data/processed/train/fake_diffusion/sd15/sd15_00484.png,1,sd15,id,0.000000
data/processed/train/real/cifake/train_1192 (6).png,0,cifake,id,0.000001
data/processed/train/fake_gan/stylegan/WL6AM0PIWB.png,1,stylegan,id,0.000002
data/processed/train/fake_diffusion/cifake/train_4498 (3).png,1,cifake,id,0.944500
data/processed/train/fake_diffusion/sd15/sd15_01326.png,1,sd15,id,0.000000
data/processed/train/fake_diffusion/sd15/sd15_00185.png,1,sd15,id,0.000019
data/processed/train/fake_gan/stylegan/ZE81DSHJL0.png,1,stylegan,id,0.000000
data/processed/train/fake_diffusion/cifake/train_5084 (5).png,1,cifake,id,0.000001
data/processed/train/fake_diffusion/cifake/train_4588 (6).png,1,cifake,id,0.104926
data/processed/train/fake_gan/stylegan/G4QIP0BUDN.png,1,stylegan,id,0.000020
data/processed/train/real/cifake/train_2437 (10).png,0,cifake,id,0.000018
data/processed/train/fake_gan/stylegan/JIDOY2U7DQ.png,1,stylegan,id,0.027360
data/processed/train/fake_gan/stylegan/IO8HOS3G0D.png,1,stylegan,id,0.000061
data/processed/train/real/ffhq/39316.png,0,ffhq,id,0.000000
data/processed/train/fake_diffusion/cifake/train_1013 (5).png,1,cifake,id,0.015849
data/processed/train/real/diverse_real/58647.png,0,diverse_real,id,0.000014
data/processed/train/real/ffhq/20119.png,0,ffhq,id,0.000000
data/processed/train/fake_diffusion/cifake/train_5375 (10).png,1,cifake,id,0.000000
data/processed/train/real/cifake/train_0481 (7).png,0,cifake,id,0.003218
data/processed/train/real/cifake/test_0592 (5).png,0,cifake,id,0.010941
data/processed/train/real/ffhq/44421.png,0,ffhq,id,0.000000
data/processed/train/real/cifake/train_4384 (3).png,0,cifake,id,0.435822
data/processed/train/fake_diffusion/cifake/train_4354 (10).png,1,cifake,id,0.000000
data/processed/train/fake_diffusion/sd15/sd15_02213.png,1,sd15,id,0.000000
data/processed/train/fake_diffusion/cifake/train_5244 (2).png,1,cifake,id,0.000064
data/processed/train/fake_diffusion/cifake/train_1878 (8).png,1,cifake,id,0.398504
data/processed/train/fake_diffusion/cifake/train_1422 (3).png,1,cifake,id,0.000000
data/processed/train/fake_diffusion/cifake/train_1763.png,1,cifake,id,0.000557
data/processed/train/real/cifake/test_0438 (3).png,0,cifake,id,0.000048
data/processed/train/real/ffhq/01721.png,0,ffhq,id,0.000000
data/processed/train/fake_diffusion/sd15/sd15_01756.png,1,sd15,id,0.000000
data/processed/train/real/cifake/train_0595.png,0,cifake,id,0.004423
data/processed/train/real/cifake/train_3515 (3).png,0,cifake,id,0.000060
data/processed/train/real/cifake/train_3203 (4).png,0,cifake,id,0.006476
data/processed/train/fake_diffusion/cifake/train_3360 (7).png,1,cifake,id,0.000000
data/processed/train/real/ffhq/47211.png,0,ffhq,id,0.000000
data/processed/train/fake_diffusion/cifake/train_3173.png,1,cifake,id,0.241035
data/processed/train/fake_gan/stylegan/L65IYPR9EY.png,1,stylegan,id,0.000000
data/processed/train/real/cifake/train_2141 (2).png,0,cifake,id,0.000013
data/processed/train/fake_gan/stylegan/IIV4FITN44.png,1,stylegan,id,0.000000
data/processed/train/real/diverse_real/56984.png,0,diverse_real,id,0.000000
data/processed/train/real/real_pexels_train/4462.png,0,real_pexels_train,id,0.183987
data/processed/train/fake_diffusion/cifake/train_1961 (6).png,1,cifake,id,0.026290
data/processed/train/fake_gan/stylegan/UV08ZNCV8Q.png,1,stylegan,id,0.000005
data/processed/train/fake_gan/stylegan/18H635BCRY.png,1,stylegan,id,0.925844
data/processed/train/fake_diffusion/cifake/train_4033 (8).png,1,cifake,id,0.000004
data/processed/train/fake_diffusion/sd15/sd15_01204.png,1,sd15,id,0.000000
data/processed/train/fake_diffusion/cifake/train_5812 (2).png,1,cifake,id,0.000005
data/processed/train/fake_diffusion/cifake/test_435 (5).png,1,cifake,id,0.000004
data/processed/train/fake_diffusion/sd15/sd15_00652.png,1,sd15,id,0.000000
data/processed/train/real/ffhq/18457.png,0,ffhq,id,0.000000
data/processed/train/fake_diffusion/cifake/train_4503.png,1,cifake,id,0.000000
data/processed/train/fake_diffusion/cifake/train_4431 (7).png,1,cifake,id,0.000028
data/processed/train/real/cifake/test_0853 (5).png,0,cifake,id,0.378503
data/processed/train/real/ffhq/48462.png,0,ffhq,id,0.000000
data/processed/train/fake_diffusion/cifake/train_3628 (3).png,1,cifake,id,0.000000
data/processed/train/fake_diffusion/sd15/sd15_00323.png,1,sd15,id,0.000000
data/processed/train/real/cifake/train_1086 (9).png,0,cifake,id,0.000000
data/processed/train/real/cifake/train_2225 (10).png,0,cifake,id,0.000018
data/processed/train/fake_diffusion/cifake/train_5358 (7).png,1,cifake,id,0.000394
data/processed/train/fake_diffusion/cifake/train_1484.png,1,cifake,id,0.000173
data/processed/train/fake_diffusion/cifake/train_1190 (10).png,1,cifake,id,0.000050
data/processed/train/real/cifake/test_0101 (5).png,0,cifake,id,0.000028
data/processed/train/real/diverse_real/60666.png,0,diverse_real,id,0.000000
data/processed/train/real/ffhq/35500.png,0,ffhq,id,0.000000
data/processed/train/real/diverse_real/30732.png,0,diverse_real,id,0.000000
data/processed/train/fake_gan/stylegan/U1PVZLISZZ.png,1,stylegan,id,0.000006
data/processed/train/real/ffhq/04847.png,0,ffhq,id,0.000000
data/processed/train/fake_diffusion/sd15/sd15_00183.png,1,sd15,id,0.000000
data/processed/train/fake_gan/stylegan/SGODPLQ3B9.png,1,stylegan,id,0.000017
data/processed/train/fake_diffusion/cifake/test_879 (8).png,1,cifake,id,0.000001
data/processed/train/real/ffhq/19479.png,0,ffhq,id,0.000001
data/processed/train/fake_diffusion/cifake/train_2239 (3).png,1,cifake,id,0.000000
data/processed/train/real/cifake/train_1556 (7).png,0,cifake,id,0.000000
data/processed/train/real/cifake/train_2374 (2).png,0,cifake,id,0.030386
data/processed/train/fake_diffusion/cifake/train_4701 (8).png,1,cifake,id,0.000000
data/processed/train/fake_diffusion/cifake/train_2407 (9).png,1,cifake,id,0.312092
data/processed/train/fake_gan/stylegan/78HI89EK14.png,1,stylegan,id,0.000107
data/processed/train/real/cifake/train_1680 (7).png,0,cifake,id,0.000030
data/processed/train/fake_diffusion/cifake/train_3308.png,1,cifake,id,0.000005
data/processed/train/fake_diffusion/cifake/train_1769 (10).png,1,cifake,id,0.000000
data/processed/train/fake_gan/stylegan/FNL9IUJ6MH.png,1,stylegan,id,0.008617
data/processed/train/fake_gan/stylegan/UVW4SCEWY6.png,1,stylegan,id,0.000000
data/processed/train/fake_gan/stylegan/BFGRDZR1X4.png,1,stylegan,id,0.000000
data/processed/train/real/real_pexels_train/3623.png,0,real_pexels_train,id,0.000001
data/processed/train/fake_diffusion/sd15/sd15_01202.png,1,sd15,id,0.000000
data/processed/train/real/cifake/train_0631 (2).png,0,cifake,id,0.000000
data/processed/train/real/diverse_real/69940.png,0,diverse_real,id,0.000000
data/processed/train/real/ffhq/18601.png,0,ffhq,id,0.000000
data/processed/train/real/cifake/train_2006 (8).png,0,cifake,id,0.000003
data/processed/train/fake_diffusion/cifake/train_3710 (4).png,1,cifake,id,0.000001
data/processed/train/fake_diffusion/cifake/train_1799 (5).png,1,cifake,id,0.000000
data/processed/train/fake_gan/stylegan/HDL8W83WFO.png,1,stylegan,id,0.000004
data/processed/train/fake_gan/stylegan/HTZVJQCY5J.png,1,stylegan,id,0.000000
data/processed/train/real/ffhq/05852.png,0,ffhq,id,0.000000
data/processed/train/real/ffhq/15886.png,0,ffhq,id,0.000000
data/processed/train/real/real_pexels_train/1895.png,0,real_pexels_train,id,0.022605
data/processed/train/real/cifake/train_3823 (10).png,0,cifake,id,0.000469
data/processed/train/fake_diffusion/sd15/sd15_02438.png,1,sd15,id,0.000000
data/processed/train/fake_gan/stylegan/AODKVK0LLF.png,1,stylegan,id,0.000000
data/processed/train/real/diverse_real/24271.png,0,diverse_real,id,0.000001
data/processed/train/real/cifake/train_4152 (6).png,0,cifake,id,0.152023
data/processed/train/fake_gan/stylegan/R4J0RQWFZM.png,1,stylegan,id,0.000062
data/processed/train/real/ffhq/04860.png,0,ffhq,id,0.000000
data/processed/train/fake_diffusion/cifake/train_1907 (10).png,1,cifake,id,0.000000
data/processed/train/fake_diffusion/cifake/train_4151 (3).png,1,cifake,id,0.000009
data/processed/train/fake_gan/stylegan/NPEO08T473.png,1,stylegan,id,0.000011
data/processed/train/real/ffhq/15203.png,0,ffhq,id,0.000000
data/processed/train/fake_gan/stylegan/0AAY6DBXJA.png,1,stylegan,id,0.000030
data/processed/train/real/diverse_real/45466.png,0,diverse_real,id,0.000000
data/processed/train/real/diverse_real/07797.png,0,diverse_real,id,0.000000
data/processed/train/real/cifake/train_1163 (10).png,0,cifake,id,0.000000
data/processed/train/real/cifake/train_3498.png,0,cifake,id,0.913982
data/processed/train/fake_diffusion/tristanzhang_train/2033.png,1,tristanzhang_train,id,0.000000
data/processed/train/fake_diffusion/cifake/train_1799 (9).png,1,cifake,id,0.000001
data/processed/train/real/diverse_real/59943.png,0,diverse_real,id,0.000000
data/processed/train/fake_diffusion/cifake/train_3692 (7).png,1,cifake,id,0.000000
data/processed/train/fake_diffusion/cifake/train_1650 (8).png,1,cifake,id,0.000006
data/processed/train/real/diverse_real/04272.png,0,diverse_real,id,0.000000
data/processed/train/fake_diffusion/sd15/sd15_00135.png,1,sd15,id,0.000000
data/processed/train/fake_gan/stylegan/69FK0KRTOH.png,1,stylegan,id,0.000000
data/processed/train/real/ffhq/52072.png,0,ffhq,id,0.000078
data/processed/train/real/cifake/train_2568 (8).png,0,cifake,id,0.000001
data/processed/train/fake_diffusion/cifake/train_3018 (4).png,1,cifake,id,0.001040
data/processed/train/real/diverse_real/46748.png,0,diverse_real,id,0.000000
data/processed/train/fake_diffusion/cifake/train_3143 (8).png,1,cifake,id,0.000000
data/processed/train/fake_gan/stylegan/H61ZDBZCMG.png,1,stylegan,id,0.000076
data/processed/train/fake_diffusion/cifake/train_4155 (6).png,1,cifake,id,0.000946
data/processed/train/real/cifake/train_2882 (8).png,0,cifake,id,0.000000
data/processed/train/real/ffhq/21611.png,0,ffhq,id,0.000000
data/processed/train/fake_diffusion/cifake/train_1942 (9).png,1,cifake,id,0.003048
data/processed/train/real/ffhq/26421.png,0,ffhq,id,0.000000
data/processed/train/fake_diffusion/sd15/sd15_02456.png,1,sd15,id,0.000000
data/processed/train/fake_diffusion/cifake/train_1901 (5).png,1,cifake,id,0.003508
data/processed/train/real/ffhq/30122.png,0,ffhq,id,0.001560
data/processed/train/fake_diffusion/cifake/train_3180 (6).png,1,cifake,id,0.000002
data/processed/train/fake_gan/stylegan/PRM8UWJ3T4.png,1,stylegan,id,0.000000
data/processed/train/real/real_pexels_train/3889.png,0,real_pexels_train,id,0.000000
data/processed/train/real/cifake/train_2895 (3).png,0,cifake,id,0.003687
data/processed/train/real/ffhq/24122.png,0,ffhq,id,0.000000
data/processed/train/real/cifake/train_4830 (4).png,0,cifake,id,0.000000
data/processed/train/real/cifake/train_3575 (9).png,0,cifake,id,0.004720
data/processed/train/fake_diffusion/cifake/test_52 (7).png,1,cifake,id,0.000021
data/processed/train/fake_gan/stylegan/J76HJWT1UP.png,1,stylegan,id,0.000929
data/processed/train/fake_gan/stylegan/VK3JQJ0JR1.png,1,stylegan,id,0.000000
data/processed/train/real/ffhq/16485.png,0,ffhq,id,0.000000
data/processed/train/real/cifake/train_2213 (6).png,0,cifake,id,0.012005
data/processed/train/real/cifake/test_0843 (10).png,0,cifake,id,0.000003
data/processed/train/real/ffhq/16267.png,0,ffhq,id,0.000000
data/processed/train/real/cifake/train_1725 (6).png,0,cifake,id,0.829397
data/processed/train/real/ffhq/00522.png,0,ffhq,id,0.000000
data/processed/train/fake_diffusion/cifake/train_3797 (6).png,1,cifake,id,0.000000
data/processed/train/real/cifake/train_1138 (5).png,0,cifake,id,0.007257
data/processed/train/fake_gan/stylegan/X6D4VTK41P.png,1,stylegan,id,0.000002
data/processed/train/fake_diffusion/cifake/train_5312 (10).png,1,cifake,id,0.000000
data/processed/train/real/diverse_real/50522.png,0,diverse_real,id,0.000000
data/processed/train/real/cifake/test_0266 (9).png,0,cifake,id,0.004596
data/processed/train/fake_diffusion/sd15/sd15_00275.png,1,sd15,id,0.000000
data/processed/train/real/cifake/train_1577 (3).png,0,cifake,id,0.000000
data/processed/train/real/ffhq/39383.png,0,ffhq,id,0.000000
data/processed/train/fake_diffusion/cifake/train_2841 (4).png,1,cifake,id,0.000057
data/processed/train/real/ffhq/20049.png,0,ffhq,id,0.000000
data/processed/train/real/ffhq/12350.png,0,ffhq,id,0.000000
data/processed/train/real/diverse_real/11743.png,0,diverse_real,id,0.000000
data/processed/train/fake_diffusion/cifake/train_1130 (5).png,1,cifake,id,0.000000
data/processed/train/real/ffhq/13174.png,0,ffhq,id,0.000000
data/processed/train/fake_diffusion/sd15/sd15_00797.png,1,sd15,id,0.000000
data/processed/train/fake_diffusion/cifake/train_2209 (2).png,1,cifake,id,0.000000
data/processed/train/real/real_pexels_train/4611.png,0,real_pexels_train,id,0.000184
data/processed/train/real/cifake/train_0643 (7).png,0,cifake,id,0.001389
data/processed/train/real/ffhq/36031.png,0,ffhq,id,0.000001
data/processed/train/real/diverse_real/68152.png,0,diverse_real,id,0.000000
data/processed/train/real/cifake/test_0189 (3).png,0,cifake,id,0.008826
data/processed/train/real/diverse_real/33577.png,0,diverse_real,id,0.000000
data/processed/train/real/cifake/train_2947 (8).png,0,cifake,id,0.014563
data/processed/train/real/diverse_real/48107.png,0,diverse_real,id,0.000000
data/processed/train/fake_diffusion/cifake/train_2791 (3).png,1,cifake,id,0.000090
data/processed/train/fake_gan/stylegan/VYPT9GU8Z0.png,1,stylegan,id,0.008785
data/processed/train/fake_gan/stylegan/TESDHOJYIJ.png,1,stylegan,id,0.000367
data/processed/train/real/ffhq/26596.png,0,ffhq,id,0.000000
data/processed/train/real/diverse_real/54171.png,0,diverse_real,id,0.000000
data/processed/train/fake_diffusion/cifake/train_2014 (10).png,1,cifake,id,0.000000
data/processed/train/fake_gan/stylegan/1XOJ7WB238.png,1,stylegan,id,0.003233
data/processed/train/real/cifake/train_0852 (8).png,0,cifake,id,0.000001
data/processed/train/fake_diffusion/cifake/train_2061 (7).png,1,cifake,id,0.001054
data/processed/train/fake_diffusion/sd15/sd15_02491.png,1,sd15,id,0.000010
data/processed/train/real/diverse_real/49376.png,0,diverse_real,id,0.000000
data/processed/train/real/diverse_real/01257.png,0,diverse_real,id,0.000000
data/processed/train/real/cifake/train_2104 (9).png,0,cifake,id,0.183677
data/processed/train/fake_diffusion/sd15/sd15_01205.png,1,sd15,id,0.000000
data/processed/train/real/cifake/train_4379 (3).png,0,cifake,id,0.114523
data/processed/train/real/cifake/train_0639 (8).png,0,cifake,id,0.003793
data/processed/train/real/cifake/train_2415 (6).png,0,cifake,id,0.000000
data/processed/train/fake_gan/stylegan/O434GHE1FX.png,1,stylegan,id,0.000000
data/processed/train/fake_gan/stylegan/RA7CNA1JIR.png,1,stylegan,id,0.000003
data/processed/train/fake_diffusion/cifake/train_1594 (2).png,1,cifake,id,0.000412
data/processed/train/fake_gan/stylegan/YCQV75TVTZ.png,1,stylegan,id,0.000000
data/processed/train/real/diverse_real/59447.png,0,diverse_real,id,0.000000
data/processed/train/real/diverse_real/65034.png,0,diverse_real,id,0.000000
data/processed/train/fake_diffusion/sd15/sd15_00298.png,1,sd15,id,0.000000
data/processed/train/real/real_pexels_train/1252.png,0,real_pexels_train,id,0.000000
data/processed/train/fake_diffusion/cifake/train_3574 (8).png,1,cifake,id,0.000539
data/processed/train/fake_diffusion/cifake/train_4510 (5).png,1,cifake,id,0.002892
data/processed/train/fake_diffusion/sd15/sd15_01092.png,1,sd15,id,0.000000
data/processed/train/fake_diffusion/cifake/train_4676 (8).png,1,cifake,id,0.999447
data/processed/train/real/ffhq/47444.png,0,ffhq,id,0.000000
data/processed/train/real/cifake/train_2775 (9).png,0,cifake,id,0.699068
data/processed/train/fake_diffusion/cifake/train_5168.png,1,cifake,id,0.234481
data/processed/train/real/cifake/train_2254 (7).png,0,cifake,id,0.000009
data/processed/train/fake_gan/stylegan/51DK3HFA7M.png,1,stylegan,id,0.000005
data/processed/train/real/cifake/train_3225 (9).png,0,cifake,id,0.001549
data/processed/train/fake_diffusion/cifake/test_224 (10).png,1,cifake,id,0.000001
data/processed/train/fake_diffusion/cifake/train_1058 (6).png,1,cifake,id,0.000230
data/processed/train/fake_diffusion/cifake/train_3994 (4).png,1,cifake,id,0.000469
data/processed/train/fake_diffusion/sd15/sd15_02409.png,1,sd15,id,0.000000
data/processed/train/fake_diffusion/cifake/test_71 (10).png,1,cifake,id,0.000000
data/processed/train/fake_gan/stylegan/7TL49JDTTS.png,1,stylegan,id,0.000053
data/processed/train/real/cifake/train_2548 (5).png,0,cifake,id,0.000022
data/processed/train/real/ffhq/29402.png,0,ffhq,id,0.000000
data/processed/train/fake_diffusion/sd15/sd15_02430.png,1,sd15,id,0.000019
data/processed/train/fake_gan/stylegan/BBEPAEEDDW.png,1,stylegan,id,0.378615
data/processed/train/real/cifake/train_1761 (4).png,0,cifake,id,0.000001
data/processed/train/fake_diffusion/cifake/train_4038 (2).png,1,cifake,id,0.000000
data/processed/train/real/ffhq/17566.png,0,ffhq,id,0.000000
data/processed/train/real/cifake/train_0760 (2).png,0,cifake,id,0.000007
data/processed/train/fake_diffusion/cifake/train_4042 (7).png,1,cifake,id,0.000000
data/processed/train/real/cifake/train_1162 (8).png,0,cifake,id,0.000000
data/processed/train/real/cifake/train_3081 (10).png,0,cifake,id,0.000000
data/processed/train/fake_diffusion/sd15/sd15_00861.png,1,sd15,id,0.000007
data/processed/train/fake_gan/stylegan/Z865SLZP0K.png,1,stylegan,id,0.000000
data/processed/train/real/cifake/train_4125 (6).png,0,cifake,id,0.000213
data/processed/train/real/cifake/train_3714.png,0,cifake,id,0.000586
data/processed/train/real/diverse_real/28381.png,0,diverse_real,id,0.000000
data/processed/train/real/ffhq/13092.png,0,ffhq,id,0.000000
data/processed/train/fake_diffusion/sd15/sd15_00424.png,1,sd15,id,0.000000
data/processed/train/real/cifake/train_0439.png,0,cifake,id,0.052603
data/processed/train/fake_gan/stylegan/HZX5V4O3FJ.png,1,stylegan,id,0.000007
data/processed/train/fake_gan/stylegan/WK3PDMDMMX.png,1,stylegan,id,0.000143
data/processed/train/real/diverse_real/27745.png,0,diverse_real,id,0.000000
data/processed/train/fake_diffusion/cifake/test_44 (10).png,1,cifake,id,0.000326
data/processed/train/fake_gan/stylegan/CCVOC4YOB5.png,1,stylegan,id,0.000000
data/processed/train/fake_diffusion/cifake/test_582 (8).png,1,cifake,id,0.000927
data/processed/train/fake_gan/stylegan/8FUAUEZXOK.png,1,stylegan,id,0.003319
data/processed/train/real/cifake/train_4562 (2).png,0,cifake,id,0.000008
data/processed/train/fake_gan/stylegan/YY6KP2S4HE.png,1,stylegan,id,0.023278
data/processed/train/real/cifake/train_3966 (10).png,0,cifake,id,0.000430
data/processed/train/real/ffhq/05679.png,0,ffhq,id,0.000000
data/processed/train/real/ffhq/23606.png,0,ffhq,id,0.001241
data/processed/train/fake_gan/stylegan/S3Y5MD2NA1.png,1,stylegan,id,0.000000
data/processed/train/fake_diffusion/cifake/train_3899 (4).png,1,cifake,id,0.541143
data/processed/train/real/cifake/train_3861 (9).png,0,cifake,id,0.043959
data/processed/train/real/diverse_real/22982.png,0,diverse_real,id,0.000000
data/processed/train/fake_gan/stylegan/1VAXNFVDWO.png,1,stylegan,id,0.000000
data/processed/train/fake_gan/stylegan/F02POAIQ4F.png,1,stylegan,id,0.000000
data/processed/train/fake_diffusion/cifake/train_4794 (4).png,1,cifake,id,0.001977
data/processed/train/real/ffhq/01306.png,0,ffhq,id,0.000000
data/processed/train/real/ffhq/38530.png,0,ffhq,id,0.000000
data/processed/train/real/cifake/train_2918 (7).png,0,cifake,id,0.000000
data/processed/train/real/ffhq/38308.png,0,ffhq,id,0.000000
data/processed/train/fake_diffusion/sd15/sd15_00643.png,1,sd15,id,0.001615
data/processed/train/real/ffhq/19050.png,0,ffhq,id,0.000000
data/processed/train/fake_gan/stylegan/QFGMFYPO63.png,1,stylegan,id,0.000005
data/processed/train/real/cifake/train_1640.png,0,cifake,id,0.044673
data/processed/train/fake_diffusion/sd15/sd15_00596.png,1,sd15,id,0.000000
data/processed/train/fake_gan/stylegan/W1HHYF6D92.png,1,stylegan,id,0.000017
data/processed/train/real/real_camera_train/000000270386.png,0,real_camera_train,id,0.000000
data/processed/train/fake_diffusion/cifake/train_3880 (7).png,1,cifake,id,0.000000
data/processed/train/fake_gan/stylegan/1GX1MYXN66.png,1,stylegan,id,0.001667
data/processed/train/fake_diffusion/cifake/test_122 (3).png,1,cifake,id,0.084336
data/processed/train/real/cifake/train_0331 (6).png,0,cifake,id,0.000019
data/processed/train/real/cifake/train_0552 (2).png,0,cifake,id,0.000000
data/processed/train/real/real_camera_train/000000343976.png,0,real_camera_train,id,0.000000
data/processed/train/real/real_pexels_train/3534.png,0,real_pexels_train,id,0.000000
data/processed/train/real/ffhq/16452.png,0,ffhq,id,0.000000
data/processed/train/real/cifake/train_2481.png,0,cifake,id,0.000001
data/processed/train/fake_gan/stylegan/9N5O67YOYK.png,1,stylegan,id,0.000000
data/processed/train/fake_diffusion/cifake/train_2832 (6).png,1,cifake,id,0.001421
data/processed/train/fake_diffusion/cifake/train_2721 (5).png,1,cifake,id,0.006396
data/processed/train/fake_diffusion/cifake/train_4993.png,1,cifake,id,0.003849
data/processed/train/real/cifake/train_3837 (6).png,0,cifake,id,0.000011
data/processed/train/real/cifake/train_0701 (4).png,0,cifake,id,0.000000
data/processed/train/fake_diffusion/sd15/sd15_02012.png,1,sd15,id,0.000000
data/processed/train/fake_gan/stylegan/79LVI4D7XM.png,1,stylegan,id,0.000000
data/processed/train/real/diverse_real/69155.png,0,diverse_real,id,0.000000
data/processed/train/fake_gan/stylegan/I670EYJ7UJ.png,1,stylegan,id,0.031995
data/processed/train/real/real_camera_train/000000230008.png,0,real_camera_train,id,0.000000
data/processed/train/real/ffhq/47253.png,0,ffhq,id,0.000000
data/processed/train/fake_gan/stylegan/HT2OH968XC.png,1,stylegan,id,0.000000
data/processed/train/fake_gan/stylegan/ZOQ0ALAGJN.png,1,stylegan,id,0.000003
data/processed/train/fake_diffusion/cifake/train_4538 (5).png,1,cifake,id,0.000000
data/processed/train/real/cifake/train_0418 (6).png,0,cifake,id,0.000000
data/processed/train/fake_diffusion/cifake/train_2557 (5).png,1,cifake,id,0.013138
data/processed/train/real/ffhq/50867.png,0,ffhq,id,0.000000
data/processed/train/fake_diffusion/cifake/train_1591 (10).png,1,cifake,id,0.000002
data/processed/train/fake_gan/stylegan/S3PLURZL81.png,1,stylegan,id,0.000000
data/processed/train/fake_gan/stylegan/GFWERTQAJT.png,1,stylegan,id,0.000033
data/processed/train/fake_diffusion/cifake/train_1183 (4).png,1,cifake,id,0.000000
data/processed/train/fake_diffusion/cifake/train_3949 (6).png,1,cifake,id,0.000000
data/processed/train/fake_diffusion/sd15/sd15_02463.png,1,sd15,id,0.000008
data/processed/train/real/ffhq/42615.png,0,ffhq,id,0.000000
data/processed/train/fake_diffusion/cifake/train_2955 (9).png,1,cifake,id,0.015481
data/processed/train/real/ffhq/44889.png,0,ffhq,id,0.000000
data/processed/train/fake_diffusion/cifake/train_1993 (6).png,1,cifake,id,0.000008
data/processed/train/real/ffhq/47127.png,0,ffhq,id,0.000000
data/processed/train/real/cifake/train_0155 (7).png,0,cifake,id,0.003034
data/processed/train/fake_gan/stylegan/VEVKA7ZCI7.png,1,stylegan,id,0.000318
data/processed/train/fake_gan/stylegan/NA4S63AAKZ.png,1,stylegan,id,0.000316
data/processed/train/real/diverse_real/27538.png,0,diverse_real,id,0.000000
data/processed/train/real/cifake/train_0873 (9).png,0,cifake,id,0.076933
data/processed/train/fake_diffusion/cifake/train_5037 (3).png,1,cifake,id,0.000225
data/processed/train/real/ffhq/38903.png,0,ffhq,id,0.000000
data/processed/train/fake_diffusion/sd15/sd15_01969.png,1,sd15,id,0.000000
data/processed/train/fake_diffusion/cifake/train_4686 (3).png,1,cifake,id,0.000411
data/processed/train/fake_diffusion/cifake/train_1283 (7).png,1,cifake,id,0.000007
data/processed/train/fake_diffusion/sd15/sd15_00342.png,1,sd15,id,0.000000
data/processed/train/fake_gan/stylegan/T17NSCH7HG.png,1,stylegan,id,0.000000
data/processed/train/real/ffhq/50103.png,0,ffhq,id,0.000000
data/processed/train/real/ffhq/30552.png,0,ffhq,id,0.000000
data/processed/train/real/diverse_real/11332.png,0,diverse_real,id,0.000000
data/processed/train/fake_diffusion/cifake/train_1945.png,1,cifake,id,0.000013
data/processed/train/real/ffhq/02507.png,0,ffhq,id,0.000000
data/processed/train/fake_diffusion/cifake/train_2878 (10).png,1,cifake,id,0.000000
data/processed/train/fake_gan/stylegan/O0JT2GOOCT.png,1,stylegan,id,0.000000
data/processed/train/real/ffhq/34174.png,0,ffhq,id,0.000000
data/processed/train/real/cifake/test_0037.png,0,cifake,id,0.000003
data/processed/train/real/cifake/train_4290 (10).png,0,cifake,id,0.000000
data/processed/train/fake_diffusion/cifake/test_89 (6).png,1,cifake,id,0.033684
data/processed/train/real/cifake/train_1164 (2).png,0,cifake,id,0.000000
data/processed/train/real/ffhq/49259.png,0,ffhq,id,0.000000
data/processed/train/real/diverse_real/28775.png,0,diverse_real,id,0.000000
data/processed/train/real/ffhq/03440.png,0,ffhq,id,0.000000
data/processed/train/real/cifake/train_0555 (8).png,0,cifake,id,0.000000
data/processed/train/fake_diffusion/cifake/train_4724 (10).png,1,cifake,id,0.000000
data/processed/train/real/ffhq/49111.png,0,ffhq,id,0.000000
data/processed/train/fake_diffusion/cifake/test_344 (3).png,1,cifake,id,0.000004
data/processed/train/real/cifake/train_3330 (9).png,0,cifake,id,0.000010
data/processed/train/real/ffhq/07267.png,0,ffhq,id,0.000000
data/processed/train/fake_diffusion/cifake/train_4483 (7).png,1,cifake,id,0.000005
data/processed/train/fake_diffusion/cifake/train_3122 (9).png,1,cifake,id,0.000868
data/processed/train/real/cifake/test_0705 (10).png,0,cifake,id,0.000000
data/processed/train/real/cifake/test_0246 (9).png,0,cifake,id,0.000000
data/processed/train/fake_diffusion/cifake/train_4907 (4).png,1,cifake,id,0.000015
data/processed/train/real/cifake/train_2396 (10).png,0,cifake,id,0.000000
data/processed/train/fake_diffusion/sd15/sd15_00802.png,1,sd15,id,0.000000
data/processed/train/real/diverse_real/07918.png,0,diverse_real,id,0.000000
data/processed/train/real/ffhq/37490.png,0,ffhq,id,0.000000
data/processed/train/fake_gan/stylegan/UU4QTSTJTF.png,1,stylegan,id,0.000000
data/processed/train/real/diverse_real/10469.png,0,diverse_real,id,0.000000
data/processed/train/real/ffhq/11884.png,0,ffhq,id,0.000000
data/processed/train/fake_gan/stylegan/CG3N7T9Z57.png,1,stylegan,id,0.000000
data/processed/train/real/cifake/train_4774 (6).png,0,cifake,id,0.000000
data/processed/train/fake_gan/stylegan/BI0JYGFK4A.png,1,stylegan,id,0.956717
data/processed/train/real/cifake/train_0528 (10).png,0,cifake,id,0.000000
data/processed/train/fake_diffusion/cifake/train_1220 (4).png,1,cifake,id,0.000004
data/processed/train/real/ffhq/35384.png,0,ffhq,id,0.000000
data/processed/train/real/cifake/train_0091 (3).png,0,cifake,id,0.000000
data/processed/train/real/cifake/train_4323 (10).png,0,cifake,id,0.000416
data/processed/train/real/cifake/train_4028 (9).png,0,cifake,id,0.000000
data/processed/train/fake_gan/stylegan/N1F0G1V50D.png,1,stylegan,id,0.000082
data/processed/train/fake_diffusion/sd15/sd15_00248.png,1,sd15,id,0.000001
data/processed/train/fake_diffusion/sd15/sd15_02273.png,1,sd15,id,0.000000
data/processed/train/real/ffhq/41909.png,0,ffhq,id,0.000000
data/processed/train/real/cifake/train_0671 (7).png,0,cifake,id,0.000031
data/processed/train/fake_diffusion/cifake/train_3174.png,1,cifake,id,0.000024
data/processed/train/fake_diffusion/sd15/sd15_00576.png,1,sd15,id,0.000000
data/processed/train/real/ffhq/31712.png,0,ffhq,id,0.000000
data/processed/train/fake_diffusion/cifake/train_1194 (6).png,1,cifake,id,0.000002
data/processed/train/real/ffhq/47760.png,0,ffhq,id,0.000000
data/processed/train/real/diverse_real/36674.png,0,diverse_real,id,0.000000
data/processed/train/fake_gan/stylegan/TJ7V5N6TBV.png,1,stylegan,id,0.000000
data/processed/train/fake_gan/stylegan/5FEISCTDW3.png,1,stylegan,id,0.000156
data/processed/train/real/ffhq/29759.png,0,ffhq,id,0.001559
data/processed/train/fake_diffusion/sd15/sd15_00008.png,1,sd15,id,0.000000
data/processed/train/real/real_pexels_train/5549.png,0,real_pexels_train,id,0.000000
data/processed/train/fake_diffusion/sd15/sd15_02459.png,1,sd15,id,0.000000
data/processed/train/fake_diffusion/cifake/train_1030 (5).png,1,cifake,id,0.000000
data/processed/train/fake_diffusion/cifake/train_1863 (8).png,1,cifake,id,0.000000
data/processed/train/fake_gan/stylegan/8B8NPTQO0E.png,1,stylegan,id,0.000000
data/processed/train/fake_diffusion/cifake/test_627 (10).png,1,cifake,id,0.000000
data/processed/train/fake_gan/stylegan/AY5L3UDIB7.png,1,stylegan,id,0.001256
data/processed/train/fake_gan/stylegan/EITB53WC00.png,1,stylegan,id,0.000000
data/processed/train/real/cifake/train_2584 (5).png,0,cifake,id,0.000000
data/processed/train/fake_diffusion/sd15/sd15_02114.png,1,sd15,id,0.000000
data/processed/train/real/cifake/train_1355 (8).png,0,cifake,id,0.927561
data/processed/train/fake_diffusion/cifake/train_3607 (6).png,1,cifake,id,0.000247
data/processed/train/real/ffhq/06109.png,0,ffhq,id,0.000000
data/processed/train/fake_gan/stylegan/OOUKWZ21LM.png,1,stylegan,id,0.000000
data/processed/train/real/cifake/train_4083 (8).png,0,cifake,id,0.000001
data/processed/train/fake_diffusion/tristanzhang_train/1974.png,1,tristanzhang_train,id,0.000000
data/processed/train/real/cifake/train_0069 (2).png,0,cifake,id,0.000028
data/processed/train/real/diverse_real/69731.png,0,diverse_real,id,0.000001
data/processed/train/fake_gan/stylegan/M1OBK4JGDU.png,1,stylegan,id,0.000002
data/processed/train/real/cifake/train_2507 (10).png,0,cifake,id,0.000000
data/processed/train/real/ffhq/52263.png,0,ffhq,id,0.000000
data/processed/train/fake_gan/stylegan/ANTG5740SK.png,1,stylegan,id,0.916609
data/processed/train/real/ffhq/05496.png,0,ffhq,id,0.000000
data/processed/train/fake_diffusion/cifake/train_3041.png,1,cifake,id,0.733171
data/processed/train/fake_diffusion/cifake/test_323 (7).png,1,cifake,id,0.000000
data/processed/train/real/ffhq/23821.png,0,ffhq,id,0.000000
data/processed/train/fake_diffusion/cifake/train_1576 (9).png,1,cifake,id,0.000005
data/processed/train/real/ffhq/51226.png,0,ffhq,id,0.000000
data/processed/train/real/diverse_real/06168.png,0,diverse_real,id,0.000000
data/processed/train/fake_diffusion/cifake/test_631 (5).png,1,cifake,id,0.000001
data/processed/train/real/ffhq/29193.png,0,ffhq,id,0.000000
data/processed/train/fake_diffusion/cifake/train_5423.png,1,cifake,id,0.098520
data/processed/train/fake_diffusion/cifake/train_4773 (7).png,1,cifake,id,0.000000
data/processed/train/fake_diffusion/cifake/test_614 (3).png,1,cifake,id,0.000814
data/processed/train/real/cifake/train_4144 (6).png,0,cifake,id,0.000000
data/processed/train/real/diverse_real/61606.png,0,diverse_real,id,0.000043
data/processed/train/fake_gan/stylegan/JKW6VZ45JR.png,1,stylegan,id,0.000026
data/processed/train/real/ffhq/07075.png,0,ffhq,id,0.000000
data/processed/train/real/ffhq/27534.png,0,ffhq,id,0.000000
data/processed/train/fake_diffusion/cifake/test_366 (5).png,1,cifake,id,0.000037
data/processed/train/real/diverse_real/11130.png,0,diverse_real,id,0.000000
data/processed/train/real/cifake/train_3156 (7).png,0,cifake,id,0.211318
data/processed/train/fake_diffusion/cifake/train_1166 (3).png,1,cifake,id,0.000000
data/processed/train/real/real_camera_train/000000211674.png,0,real_camera_train,id,0.000000
data/processed/train/fake_diffusion/cifake/train_5666 (5).png,1,cifake,id,0.000711
data/processed/train/real/cifake/train_4590 (10).png,0,cifake,id,0.000040
data/processed/train/real/diverse_real/65198.png,0,diverse_real,id,0.000000
data/processed/train/fake_diffusion/cifake/train_3625 (6).png,1,cifake,id,0.019997
data/processed/train/fake_diffusion/cifake/train_2963 (6).png,1,cifake,id,0.012801
data/processed/train/real/cifake/train_3397 (7).png,0,cifake,id,0.000001
data/processed/train/fake_gan/stylegan/9Q2Y7VV4VS.png,1,stylegan,id,0.169035
data/processed/train/fake_diffusion/sd15/sd15_01042.png,1,sd15,id,0.000000
data/processed/train/real/cifake/train_3606 (8).png,0,cifake,id,0.000515
data/processed/train/real/cifake/train_2170 (9).png,0,cifake,id,0.000000
data/processed/train/real/ffhq/53563.png,0,ffhq,id,0.000000
data/processed/train/real/cifake/train_2414 (10).png,0,cifake,id,0.000000
data/processed/train/real/cifake/train_3800 (6).png,0,cifake,id,0.000000
data/processed/train/real/cifake/train_3020 (10).png,0,cifake,id,0.000000
data/processed/train/fake_diffusion/sd15/sd15_01580.png,1,sd15,id,0.000000
data/processed/train/real/cifake/train_2407 (4).png,0,cifake,id,0.000584
data/processed/train/real/cifake/test_0201 (6).png,0,cifake,id,0.000000
data/processed/train/real/cifake/train_0633 (9).png,0,cifake,id,0.061510
data/processed/train/real/cifake/train_3867 (8).png,0,cifake,id,0.000247
data/processed/train/fake_gan/stylegan/04O0I3V7X9.png,1,stylegan,id,0.000001
data/processed/train/fake_gan/stylegan/MYBYGGJWYE.png,1,stylegan,id,0.000003
data/processed/train/fake_gan/stylegan/RE44JWQWVT.png,1,stylegan,id,0.000105
data/processed/train/fake_diffusion/cifake/train_3472 (9).png,1,cifake,id,0.000006
data/processed/train/fake_gan/stylegan/2X1YP8855F.png,1,stylegan,id,0.000000
data/processed/train/real/ffhq/26867.png,0,ffhq,id,0.000000
data/processed/train/fake_diffusion/cifake/train_1175 (9).png,1,cifake,id,0.918309
data/processed/train/real/diverse_real/26302.png,0,diverse_real,id,0.000000
data/processed/train/fake_diffusion/cifake/train_4400 (2).png,1,cifake,id,0.000002
data/processed/train/fake_diffusion/sd15/sd15_01963.png,1,sd15,id,0.000000
data/processed/train/real/cifake/train_3999 (8).png,0,cifake,id,0.000016
data/processed/train/fake_diffusion/sd15/sd15_01598.png,1,sd15,id,0.000000
data/processed/train/fake_diffusion/cifake/test_559 (9).png,1,cifake,id,0.227362
data/processed/train/fake_diffusion/sd15/sd15_00566.png,1,sd15,id,0.000000
data/processed/train/fake_gan/stylegan/AEJMZXWWJ4.png,1,stylegan,id,0.000326
data/processed/train/real/diverse_real/56033.png,0,diverse_real,id,0.000000
data/processed/train/fake_diffusion/sd15/sd15_00920.png,1,sd15,id,0.000000
data/processed/train/real/diverse_real/03256.png,0,diverse_real,id,0.000000
data/processed/train/real/ffhq/33827.png,0,ffhq,id,0.000000
data/processed/train/fake_diffusion/cifake/train_2280 (7).png,1,cifake,id,0.000001
data/processed/train/real/ffhq/15505.png,0,ffhq,id,0.000000
data/processed/train/real/ffhq/11663.png,0,ffhq,id,0.000000
data/processed/train/fake_diffusion/cifake/train_4516 (5).png,1,cifake,id,0.000799
data/processed/train/real/ffhq/03903.png,0,ffhq,id,0.000000
data/processed/train/real/cifake/train_2121 (9).png,0,cifake,id,0.000004
data/processed/train/fake_diffusion/cifake/train_5331 (2).png,1,cifake,id,0.000003
data/processed/train/fake_diffusion/cifake/train_5910 (9).png,1,cifake,id,0.000031
data/processed/train/fake_gan/stylegan/RH1X5WHHFL.png,1,stylegan,id,0.000001
data/processed/train/fake_diffusion/cifake/test_125 (4).png,1,cifake,id,0.000001
data/processed/train/real/ffhq/40564.png,0,ffhq,id,0.000000
data/processed/train/fake_diffusion/cifake/train_2952 (9).png,1,cifake,id,0.000009
data/processed/train/real/ffhq/53413.png,0,ffhq,id,0.000000
data/processed/train/fake_diffusion/sd15/sd15_01590.png,1,sd15,id,0.000000
data/processed/train/real/ffhq/18475.png,0,ffhq,id,0.000098
data/processed/train/fake_diffusion/cifake/train_3834 (5).png,1,cifake,id,0.000008
data/processed/train/real/cifake/train_1245 (4).png,0,cifake,id,0.000346
data/processed/train/real/ffhq/51876.png,0,ffhq,id,0.000000
data/processed/train/real/ffhq/20965.png,0,ffhq,id,0.000000
data/processed/train/fake_gan/stylegan/DGRR5CXYDY.png,1,stylegan,id,0.000000
data/processed/train/real/cifake/train_2659 (8).png,0,cifake,id,0.000003
data/processed/train/real/cifake/train_4930 (9).png,0,cifake,id,0.005044
data/processed/train/real/ffhq/02058.png,0,ffhq,id,0.000000
data/processed/train/real/cifake/train_4980 (7).png,0,cifake,id,0.068257
data/processed/train/fake_diffusion/cifake/train_3915 (4).png,1,cifake,id,0.000000
data/processed/train/real/cifake/train_0451 (8).png,0,cifake,id,0.000000
data/processed/train/fake_gan/stylegan/Z1YBR4U7V2.png,1,stylegan,id,0.002201
data/processed/train/real/cifake/train_0242 (7).png,0,cifake,id,0.000005
data/processed/train/real/cifake/train_0815 (8).png,0,cifake,id,0.101612
data/processed/train/real/cifake/train_2006 (2).png,0,cifake,id,0.000006
data/processed/train/fake_diffusion/sd15/sd15_00202.png,1,sd15,id,0.000000
data/processed/train/fake_diffusion/cifake/train_3876 (9).png,1,cifake,id,0.000012
data/processed/train/real/cifake/test_0455 (5).png,0,cifake,id,0.000932
data/processed/train/real/real_camera_train/000000186632.png,0,real_camera_train,id,0.000000
data/processed/train/fake_gan/stylegan/ZVS3RSO6FF.png,1,stylegan,id,0.000002
data/processed/train/real/cifake/train_4995 (6).png,0,cifake,id,0.000119
data/processed/train/real/ffhq/26962.png,0,ffhq,id,0.000000
data/processed/train/real/cifake/test_0113 (6).png,0,cifake,id,0.034385
data/processed/train/real/cifake/train_3097 (7).png,0,cifake,id,0.000000
data/processed/train/fake_diffusion/cifake/train_1851 (4).png,1,cifake,id,0.000000
data/processed/train/real/cifake/train_2051 (7).png,0,cifake,id,0.000251
data/processed/train/real/cifake/train_4731.png,0,cifake,id,0.000000
data/processed/train/real/cifake/train_2758 (3).png,0,cifake,id,0.003590
data/processed/train/real/diverse_real/05207.png,0,diverse_real,id,0.000000
data/processed/train/real/ffhq/21768.png,0,ffhq,id,0.000000
data/processed/train/real/cifake/train_3486 (10).png,0,cifake,id,0.000000
data/processed/train/real/ffhq/26855.png,0,ffhq,id,0.000000
data/processed/train/fake_diffusion/cifake/test_315 (7).png,1,cifake,id,0.670870
data/processed/train/fake_gan/stylegan/RZJE4VRLDZ.png,1,stylegan,id,0.934377
data/processed/train/real/ffhq/02381.png,0,ffhq,id,0.000000
data/processed/train/real/ffhq/45531.png,0,ffhq,id,0.000005
data/processed/train/real/cifake/test_0110 (2).png,0,cifake,id,0.000337
data/processed/train/fake_diffusion/cifake/train_3158.png,1,cifake,id,0.627282
data/processed/train/real/ffhq/42993.png,0,ffhq,id,0.000000
data/processed/train/fake_diffusion/sd15/sd15_01571.png,1,sd15,id,0.000027
data/processed/train/fake_diffusion/cifake/train_1910 (10).png,1,cifake,id,0.000000
data/processed/train/fake_diffusion/cifake/train_2122 (4).png,1,cifake,id,0.000133
data/processed/train/fake_diffusion/cifake/train_4426 (8).png,1,cifake,id,0.000000
data/processed/train/fake_gan/stylegan/MVN5ALOYK4.png,1,stylegan,id,0.001061
data/processed/train/real/ffhq/40275.png,0,ffhq,id,0.000000
data/processed/train/fake_gan/stylegan/JOID2O5DSC.png,1,stylegan,id,0.000000
data/processed/train/real/cifake/train_3683 (3).png,0,cifake,id,0.000372
data/processed/train/real/ffhq/00628.png,0,ffhq,id,0.000000
data/processed/train/fake_diffusion/cifake/train_3380 (10).png,1,cifake,id,0.000069
data/processed/train/fake_diffusion/sd15/sd15_00123.png,1,sd15,id,0.000000
data/processed/train/real/ffhq/29238.png,0,ffhq,id,0.000000
data/processed/train/real/cifake/test_0994 (2).png,0,cifake,id,0.000000
data/processed/train/fake_diffusion/cifake/train_1591 (2).png,1,cifake,id,0.002788
data/processed/train/real/cifake/train_0046 (7).png,0,cifake,id,0.000006
data/processed/train/fake_diffusion/cifake/train_3970 (5).png,1,cifake,id,0.000019
data/processed/train/fake_diffusion/cifake/train_4929 (4).png,1,cifake,id,0.000273
data/processed/train/fake_diffusion/cifake/train_1687 (2).png,1,cifake,id,0.000000
data/processed/train/fake_diffusion/sd15/sd15_00716.png,1,sd15,id,0.000000
data/processed/train/fake_gan/stylegan/31MGF5R0E1.png,1,stylegan,id,0.000001
data/processed/train/real/ffhq/35158.png,0,ffhq,id,0.000000
data/processed/train/fake_gan/stylegan/HPLN9W29UE.png,1,stylegan,id,0.000018
data/processed/train/fake_gan/stylegan/4D071D9EZH.png,1,stylegan,id,0.000000
data/processed/train/fake_gan/stylegan/8IOD3MJGQI.png,1,stylegan,id,0.000000
data/processed/train/real/real_camera_train/000000322352.png,0,real_camera_train,id,0.000000
data/processed/train/fake_diffusion/cifake/train_3079.png,1,cifake,id,0.000000
data/processed/train/real/cifake/train_1704.png,0,cifake,id,0.444434
data/processed/train/real/cifake/train_4038 (10).png,0,cifake,id,0.000000
data/processed/train/real/ffhq/51820.png,0,ffhq,id,0.000000
data/processed/train/real/ffhq/44713.png,0,ffhq,id,0.000000
data/processed/train/fake_diffusion/sd15/sd15_01039.png,1,sd15,id,0.002442
data/processed/train/fake_diffusion/cifake/train_1085 (8).png,1,cifake,id,0.011990
data/processed/train/fake_diffusion/cifake/train_3423 (4).png,1,cifake,id,0.757004
data/processed/train/fake_gan/stylegan/P8TR73P0HC.png,1,stylegan,id,0.000000
data/processed/train/fake_gan/stylegan/YQT6I94NFF.png,1,stylegan,id,0.000000
data/processed/train/fake_gan/stylegan/B8Y0CKQJQN.png,1,stylegan,id,0.000013
data/processed/train/real/real_pexels_train/0022.png,0,real_pexels_train,id,0.000000
data/processed/train/fake_gan/stylegan/86T5FYX871.png,1,stylegan,id,0.000003
data/processed/train/fake_gan/stylegan/MZA9EE35FB.png,1,stylegan,id,0.000000
data/processed/train/real/cifake/train_4241 (9).png,0,cifake,id,0.000001
data/processed/train/fake_diffusion/sd15/sd15_01944.png,1,sd15,id,0.000000
data/processed/train/fake_diffusion/cifake/train_4738 (8).png,1,cifake,id,0.012105
data/processed/train/fake_diffusion/cifake/train_5326 (6).png,1,cifake,id,0.103833
data/processed/train/real/ffhq/44694.png,0,ffhq,id,0.000013
data/processed/train/fake_diffusion/cifake/train_5734 (9).png,1,cifake,id,0.000696
data/processed/train/real/cifake/train_0648.png,0,cifake,id,0.000008
data/processed/train/real/ffhq/06985.png,0,ffhq,id,0.000000
data/processed/train/fake_diffusion/cifake/train_4884 (7).png,1,cifake,id,0.000001
data/processed/train/fake_diffusion/sd15/sd15_00025.png,1,sd15,id,0.000000
data/processed/train/real/cifake/train_2472 (10).png,0,cifake,id,0.000086
data/processed/train/real/real_camera_train/000000026926.png,0,real_camera_train,id,0.000000
data/processed/train/fake_diffusion/cifake/train_4601 (9).png,1,cifake,id,0.414241
data/processed/train/real/cifake/train_3173 (5).png,0,cifake,id,0.000007
data/processed/train/fake_diffusion/cifake/train_3899 (10).png,1,cifake,id,0.000012
data/processed/train/real/cifake/test_0566 (4).png,0,cifake,id,0.000000
data/processed/train/real/cifake/train_3477 (10).png,0,cifake,id,0.000000
data/processed/train/real/ffhq/27146.png,0,ffhq,id,0.000000
data/processed/train/fake_diffusion/sd15/sd15_00835.png,1,sd15,id,0.000000
data/processed/train/fake_diffusion/cifake/train_4333 (3).png,1,cifake,id,0.000002
data/processed/train/fake_diffusion/cifake/test_130 (6).png,1,cifake,id,0.000892
data/processed/train/real/diverse_real/03653.png,0,diverse_real,id,0.000000
data/processed/train/fake_diffusion/cifake/test_588 (5).png,1,cifake,id,0.000000
data/processed/train/fake_diffusion/cifake/train_5595 (3).png,1,cifake,id,0.926377
data/processed/train/real/cifake/test_0829 (7).png,0,cifake,id,0.000005
data/processed/train/fake_diffusion/sd15/sd15_02365.png,1,sd15,id,0.000000
data/processed/train/real/ffhq/16076.png,0,ffhq,id,0.000000
data/processed/train/fake_gan/stylegan/24KK81J1G3.png,1,stylegan,id,0.004474
data/processed/train/real/cifake/train_4612 (10).png,0,cifake,id,0.000000
data/processed/train/fake_gan/stylegan/JF1BK2HYDD.png,1,stylegan,id,0.000044
data/processed/train/real/cifake/train_0942 (8).png,0,cifake,id,0.368589
data/processed/train/fake_gan/stylegan/DZ9ZF6KB39.png,1,stylegan,id,0.000000
data/processed/train/real/real_pexels_train/2556.png,0,real_pexels_train,id,0.000000
data/processed/train/fake_diffusion/cifake/test_18 (2).png,1,cifake,id,0.191580
data/processed/train/real/ffhq/39610.png,0,ffhq,id,0.000000
data/processed/train/fake_diffusion/cifake/train_5683 (8).png,1,cifake,id,0.000034
data/processed/train/real/cifake/train_2835 (3).png,0,cifake,id,0.003195
data/processed/train/fake_diffusion/cifake/train_1611 (10).png,1,cifake,id,0.000007
data/processed/train/fake_gan/stylegan/6JMD9JD3MH.png,1,stylegan,id,0.168976
data/processed/train/real/diverse_real/14443.png,0,diverse_real,id,0.000000
data/processed/train/real/cifake/train_0624.png,0,cifake,id,0.030208
data/processed/train/real/cifake/train_1817 (4).png,0,cifake,id,0.901156
data/processed/train/real/ffhq/39676.png,0,ffhq,id,0.000000
data/processed/train/real/real_pexels_train/5157.png,0,real_pexels_train,id,0.000000
data/processed/train/real/diverse_real/17414.png,0,diverse_real,id,0.000000
data/processed/train/real/cifake/train_0127 (10).png,0,cifake,id,0.011338
data/processed/train/real/ffhq/02899.png,0,ffhq,id,0.000000
data/processed/train/fake_diffusion/cifake/train_1989 (3).png,1,cifake,id,0.000001
data/processed/train/fake_diffusion/cifake/train_3705 (5).png,1,cifake,id,0.000256
data/processed/train/real/ffhq/11171.png,0,ffhq,id,0.000000
data/processed/train/real/ffhq/51462.png,0,ffhq,id,0.000000
data/processed/train/real/ffhq/31014.png,0,ffhq,id,0.000000
data/processed/train/real/cifake/train_3049 (10).png,0,cifake,id,0.001729
data/processed/train/fake_gan/stylegan/VYJ7K2C1E4.png,1,stylegan,id,0.016187
data/processed/train/fake_diffusion/sd15/sd15_02334.png,1,sd15,id,0.000000
data/processed/train/real/cifake/test_0899 (8).png,0,cifake,id,0.000506
data/processed/train/real/cifake/train_0160.png,0,cifake,id,0.000000
data/processed/train/real/cifake/test_0971 (8).png,0,cifake,id,0.000000
data/processed/train/real/cifake/test_0710 (4).png,0,cifake,id,0.000171
data/processed/train/fake_diffusion/sd15/sd15_00860.png,1,sd15,id,0.000000
data/processed/train/real/diverse_real/18455.png,0,diverse_real,id,0.000000
data/processed/train/real/cifake/train_3511 (10).png,0,cifake,id,0.000000
data/processed/train/real/ffhq/15163.png,0,ffhq,id,0.000000
data/processed/train/fake_diffusion/cifake/train_4577 (6).png,1,cifake,id,0.000001
data/processed/train/fake_gan/stylegan/UGMASD9GKX.png,1,stylegan,id,0.000001
data/processed/train/fake_gan/stylegan/EQUE1QDR0M.png,1,stylegan,id,0.000000
data/processed/train/real/cifake/train_0344 (8).png,0,cifake,id,0.000000
data/processed/train/fake_diffusion/sd15/sd15_00602.png,1,sd15,id,0.000000
data/processed/train/real/diverse_real/16337.png,0,diverse_real,id,0.000000
data/processed/train/fake_gan/stylegan/VYGUJQ4DDR.png,1,stylegan,id,0.730074
data/processed/train/fake_diffusion/sd15/sd15_01942.png,1,sd15,id,0.000120
data/processed/train/fake_diffusion/cifake/train_3744 (6).png,1,cifake,id,0.070314
data/processed/train/real/diverse_real/20689.png,0,diverse_real,id,0.000000
data/processed/train/real/diverse_real/53312.png,0,diverse_real,id,0.000032
data/processed/train/real/diverse_real/19925.png,0,diverse_real,id,0.000204
data/processed/train/real/ffhq/41660.png,0,ffhq,id,0.000001
data/processed/train/fake_gan/stylegan/VK0Z8PHWGP.png,1,stylegan,id,0.000238
data/processed/train/real/cifake/train_0128 (10).png,0,cifake,id,0.000000
data/processed/train/real/ffhq/04183.png,0,ffhq,id,0.000000
data/processed/train/fake_diffusion/cifake/train_2432 (4).png,1,cifake,id,0.020367
data/processed/train/real/cifake/train_0403.png,0,cifake,id,0.000009
data/processed/train/real/ffhq/26598.png,0,ffhq,id,0.000000
data/processed/train/fake_gan/stylegan/VMEGKHIKJW.png,1,stylegan,id,0.000000
data/processed/train/fake_diffusion/cifake/test_197 (7).png,1,cifake,id,0.000034
data/processed/train/fake_gan/stylegan/VRFZDSED26.png,1,stylegan,id,0.000000
data/processed/train/real/cifake/train_3216 (7).png,0,cifake,id,0.000075
data/processed/train/real/ffhq/20957.png,0,ffhq,id,0.000000
data/processed/train/real/cifake/train_1875 (10).png,0,cifake,id,0.000078
data/processed/train/fake_diffusion/cifake/train_5897 (5).png,1,cifake,id,0.000155
data/processed/train/real/diverse_real/50756.png,0,diverse_real,id,0.000000
data/processed/train/real/ffhq/21753.png,0,ffhq,id,0.000000
data/processed/train/fake_gan/stylegan/D26R4PQO9F.png,1,stylegan,id,0.001960
data/processed/train/real/cifake/train_3762 (2).png,0,cifake,id,0.000241
data/processed/train/fake_diffusion/cifake/train_2299 (4).png,1,cifake,id,0.094150
data/processed/train/fake_diffusion/cifake/train_5125 (9).png,1,cifake,id,0.580132
data/processed/train/real/cifake/train_0679 (7).png,0,cifake,id,0.918646
data/processed/train/real/cifake/train_3274 (10).png,0,cifake,id,0.000239
data/processed/train/fake_diffusion/sd15/sd15_01785.png,1,sd15,id,0.000000
data/processed/train/fake_diffusion/cifake/train_1247 (4).png,1,cifake,id,0.001367
data/processed/train/fake_gan/stylegan/URFJW44J45.png,1,stylegan,id,0.000000
data/processed/train/real/diverse_real/69094.png,0,diverse_real,id,0.000000
data/processed/train/real/cifake/train_0127.png,0,cifake,id,0.000422
data/processed/train/real/cifake/train_4021 (2).png,0,cifake,id,0.009694
data/processed/train/fake_diffusion/cifake/train_3081 (10).png,1,cifake,id,0.000000
data/processed/train/real/ffhq/21692.png,0,ffhq,id,0.000000
data/processed/train/real/ffhq/33035.png,0,ffhq,id,0.000000
data/processed/train/fake_diffusion/cifake/train_3583 (3).png,1,cifake,id,0.000008
data/processed/train/fake_gan/stylegan/O1409UHOQV.png,1,stylegan,id,0.068299
data/processed/train/fake_diffusion/cifake/train_3367 (3).png,1,cifake,id,0.000020
data/processed/train/real/cifake/train_0165 (7).png,0,cifake,id,0.985511
data/processed/train/real/diverse_real/42840.png,0,diverse_real,id,0.000000
data/processed/train/fake_diffusion/sd15/sd15_01101.png,1,sd15,id,0.000000
data/processed/train/fake_gan/stylegan/I5249DPQ1Z.png,1,stylegan,id,0.000002
data/processed/train/real/cifake/test_0522 (10).png,0,cifake,id,0.000002
data/processed/train/fake_gan/stylegan/TZ25JZ19Y5.png,1,stylegan,id,0.000179
data/processed/train/fake_gan/stylegan/0DKTHHA6TX.png,1,stylegan,id,0.000297
data/processed/train/fake_diffusion/cifake/train_4438 (6).png,1,cifake,id,0.000000
data/processed/train/fake_diffusion/cifake/train_4118 (4).png,1,cifake,id,0.000000
data/processed/train/real/cifake/train_2338 (5).png,0,cifake,id,0.991841
data/processed/train/real/ffhq/26327.png,0,ffhq,id,0.000000
data/processed/train/real/ffhq/15312.png,0,ffhq,id,0.000000
data/processed/train/real/cifake/train_2927 (9).png,0,cifake,id,0.002275
data/processed/train/fake_diffusion/sd15/sd15_02106.png,1,sd15,id,0.000000
data/processed/train/real/diverse_real/25057.png,0,diverse_real,id,0.000000
data/processed/train/fake_diffusion/sd15/sd15_00347.png,1,sd15,id,0.000000
data/processed/train/real/diverse_real/54924.png,0,diverse_real,id,0.000000
data/processed/train/fake_gan/stylegan/TIRL9Z93BG.png,1,stylegan,id,0.595753
data/processed/train/real/cifake/train_2598 (3).png,0,cifake,id,0.000035
data/processed/train/real/cifake/train_2716 (10).png,0,cifake,id,0.000000
data/processed/train/real/cifake/train_2248 (4).png,0,cifake,id,0.000330
data/processed/train/fake_gan/stylegan/6FC1P6EOOC.png,1,stylegan,id,0.000009
data/processed/train/fake_diffusion/cifake/train_4181 (10).png,1,cifake,id,0.000001
data/processed/train/real/cifake/test_0446 (8).png,0,cifake,id,0.000006
data/processed/train/fake_gan/stylegan/TUX6A3MVHM.png,1,stylegan,id,0.000291
data/processed/train/real/ffhq/02423.png,0,ffhq,id,0.000000
data/processed/train/real/ffhq/50034.png,0,ffhq,id,0.000000
data/processed/train/real/cifake/train_3643 (5).png,0,cifake,id,0.000003
data/processed/train/real/ffhq/43601.png,0,ffhq,id,0.000000
data/processed/train/fake_diffusion/cifake/train_2375 (5).png,1,cifake,id,0.000351
data/processed/train/real/real_pexels_train/2534.png,0,real_pexels_train,id,0.000000
data/processed/train/fake_diffusion/cifake/train_1356 (10).png,1,cifake,id,0.000000
data/processed/train/fake_diffusion/sd15/sd15_01294.png,1,sd15,id,0.000000
data/processed/train/real/cifake/train_1301 (9).png,0,cifake,id,0.121117
data/processed/train/fake_diffusion/cifake/train_2166 (2).png,1,cifake,id,0.000000
data/processed/train/real/diverse_real/28139.png,0,diverse_real,id,0.000000
data/processed/train/real/ffhq/18267.png,0,ffhq,id,0.000000
data/processed/train/fake_diffusion/cifake/train_4908 (7).png,1,cifake,id,0.001983
data/processed/train/real/ffhq/21783.png,0,ffhq,id,0.000000
data/processed/train/fake_diffusion/cifake/train_3539 (3).png,1,cifake,id,0.003029
data/processed/train/fake_diffusion/cifake/train_5203 (5).png,1,cifake,id,0.000000
data/processed/train/fake_diffusion/cifake/train_3363 (2).png,1,cifake,id,0.000000
data/processed/train/real/cifake/train_1493.png,0,cifake,id,0.000001
data/processed/train/fake_diffusion/sd15/sd15_00249.png,1,sd15,id,0.000001
data/processed/train/real/diverse_real/66287.png,0,diverse_real,id,0.000008
data/processed/train/fake_diffusion/cifake/test_208 (7).png,1,cifake,id,0.000154
data/processed/train/fake_diffusion/cifake/train_5822 (9).png,1,cifake,id,0.000012
data/processed/train/fake_gan/stylegan/KML5EEKMZR.png,1,stylegan,id,0.000003
data/processed/train/fake_diffusion/cifake/train_1348 (8).png,1,cifake,id,0.000000
data/processed/train/real/ffhq/24703.png,0,ffhq,id,0.000000
data/processed/train/fake_diffusion/cifake/test_847 (2).png,1,cifake,id,0.000000
data/processed/train/real/cifake/train_1138.png,0,cifake,id,0.000008
data/processed/train/real/diverse_real/33193.png,0,diverse_real,id,0.000000
data/processed/train/real/real_pexels_train/0585.png,0,real_pexels_train,id,0.000000
data/processed/train/fake_gan/stylegan/B2BW9WIOGN.png,1,stylegan,id,0.000000
data/processed/train/fake_diffusion/cifake/test_875 (7).png,1,cifake,id,0.015678
data/processed/train/real/ffhq/19589.png,0,ffhq,id,0.000000
data/processed/train/real/real_pexels_train/2883.png,0,real_pexels_train,id,0.000009
data/processed/train/fake_diffusion/cifake/train_3300.png,1,cifake,id,0.766820
data/processed/train/fake_gan/stylegan/0OR6EBPK3S.png,1,stylegan,id,0.000000
data/processed/train/real/ffhq/41610.png,0,ffhq,id,0.000000
data/processed/train/fake_diffusion/cifake/train_4655 (10).png,1,cifake,id,0.000000
data/processed/train/real/cifake/train_3956 (6).png,0,cifake,id,0.000000
data/processed/train/real/cifake/train_2010 (7).png,0,cifake,id,0.000000
data/processed/train/fake_diffusion/sd15/sd15_00354.png,1,sd15,id,0.000007
data/processed/train/fake_diffusion/sd15/sd15_01605.png,1,sd15,id,0.000000
data/processed/train/real/cifake/train_4681 (4).png,0,cifake,id,0.000014
data/processed/train/real/cifake/train_4868 (6).png,0,cifake,id,0.103774
data/processed/train/real/ffhq/33807.png,0,ffhq,id,0.000000
data/processed/train/fake_diffusion/cifake/train_3239.png,1,cifake,id,0.099023
data/processed/train/fake_diffusion/sd15/sd15_00784.png,1,sd15,id,0.000000
data/processed/train/real/diverse_real/57212.png,0,diverse_real,id,0.000000
data/processed/train/real/ffhq/48502.png,0,ffhq,id,0.000000
data/processed/train/real/cifake/train_1252 (5).png,0,cifake,id,0.041362
data/processed/train/real/cifake/test_0289 (6).png,0,cifake,id,0.226852
data/processed/train/real/ffhq/03994.png,0,ffhq,id,0.000000
data/processed/train/real/diverse_real/53407.png,0,diverse_real,id,0.000000
data/processed/train/real/cifake/train_4956 (3).png,0,cifake,id,0.438088
data/processed/train/real/cifake/train_4620 (3).png,0,cifake,id,0.000000
data/processed/train/real/ffhq/49032.png,0,ffhq,id,0.000000
data/processed/train/fake_diffusion/sd15/sd15_01349.png,1,sd15,id,0.000000
data/processed/train/real/diverse_real/10743.png,0,diverse_real,id,0.000000
data/processed/train/real/cifake/train_2488 (4).png,0,cifake,id,0.002238
data/processed/train/fake_gan/stylegan/WD79PP9GFX.png,1,stylegan,id,0.000000
data/processed/train/fake_gan/stylegan/92HA7XE7NU.png,1,stylegan,id,0.005897
data/processed/train/fake_diffusion/cifake/train_5764 (3).png,1,cifake,id,0.000015
data/processed/train/fake_diffusion/cifake/train_1862 (3).png,1,cifake,id,0.000216
data/processed/train/real/ffhq/26928.png,0,ffhq,id,0.000000
data/processed/train/real/ffhq/29885.png,0,ffhq,id,0.000000
data/processed/train/real/ffhq/07463.png,0,ffhq,id,0.000000
data/processed/train/real/ffhq/02041.png,0,ffhq,id,0.000000
data/processed/train/real/ffhq/33826.png,0,ffhq,id,0.000001
data/processed/train/fake_diffusion/cifake/train_1396 (5).png,1,cifake,id,0.000002
data/processed/train/fake_diffusion/cifake/train_5271 (4).png,1,cifake,id,0.164713
data/processed/train/fake_gan/stylegan/X4K2C0DCX3.png,1,stylegan,id,0.000390
data/processed/train/fake_gan/stylegan/B5R2X5C0Y0.png,1,stylegan,id,0.000192
data/processed/train/fake_gan/stylegan/5XWKEFVH0B.png,1,stylegan,id,0.000001
data/processed/train/real/diverse_real/02217.png,0,diverse_real,id,0.000000
data/processed/train/fake_gan/stylegan/5DF7VHQ6YG.png,1,stylegan,id,0.000005
data/processed/train/fake_gan/stylegan/6ZG0XHFXVT.png,1,stylegan,id,0.014914
data/processed/train/real/cifake/train_2939 (6).png,0,cifake,id,0.000000
data/processed/train/fake_diffusion/cifake/test_805 (6).png,1,cifake,id,0.000002
data/processed/train/fake_diffusion/cifake/train_4150 (7).png,1,cifake,id,0.000033
data/processed/train/fake_diffusion/cifake/train_2482.png,1,cifake,id,0.960054
data/processed/train/fake_diffusion/cifake/train_4455 (6).png,1,cifake,id,0.000100
data/processed/train/real/ffhq/32534.png,0,ffhq,id,0.000000
data/processed/train/fake_diffusion/cifake/train_1124 (4).png,1,cifake,id,0.000077
data/processed/train/fake_diffusion/cifake/train_2047.png,1,cifake,id,0.011633
data/processed/train/real/ffhq/15448.png,0,ffhq,id,0.000000
data/processed/train/real/diverse_real/24000.png,0,diverse_real,id,0.000001
data/processed/train/real/ffhq/49874.png,0,ffhq,id,0.000000
data/processed/train/real/cifake/train_0701 (5).png,0,cifake,id,0.000010
data/processed/train/real/real_camera_train/000000401250.png,0,real_camera_train,id,0.000000
data/processed/train/real/ffhq/50713.png,0,ffhq,id,0.000003
data/processed/train/fake_diffusion/sd15/sd15_00456.png,1,sd15,id,0.000000
data/processed/train/fake_diffusion/sd15/sd15_00952.png,1,sd15,id,0.000000
data/processed/train/fake_diffusion/cifake/train_1602 (6).png,1,cifake,id,0.000897
data/processed/train/fake_gan/stylegan/HJO0P42BMR.png,1,stylegan,id,0.000050
data/processed/train/fake_diffusion/sd15/sd15_00274.png,1,sd15,id,0.000024
data/processed/train/real/ffhq/41758.png,0,ffhq,id,0.000000
data/processed/train/real/ffhq/13120.png,0,ffhq,id,0.000000
data/processed/train/fake_gan/stylegan/D7RG4YRJC5.png,1,stylegan,id,0.000000
data/processed/train/fake_gan/stylegan/MOJGCOWT7P.png,1,stylegan,id,0.000000
data/processed/train/real/ffhq/42583.png,0,ffhq,id,0.000000
data/processed/train/fake_diffusion/sd15/sd15_02496.png,1,sd15,id,0.000000
data/processed/train/fake_diffusion/sd15/sd15_00828.png,1,sd15,id,0.000003
data/processed/train/fake_gan/stylegan/UMASF44XSJ.png,1,stylegan,id,0.000000
data/processed/train/fake_diffusion/sd15/sd15_00461.png,1,sd15,id,0.000000
data/processed/train/real/diverse_real/22959.png,0,diverse_real,id,0.000000
data/processed/train/fake_gan/stylegan/NJPP22H82T.png,1,stylegan,id,0.000717
data/processed/train/real/diverse_real/28170.png,0,diverse_real,id,0.000000
data/processed/train/real/cifake/train_1152 (7).png,0,cifake,id,0.000000
data/processed/train/fake_gan/stylegan/T3QNVH2EM0.png,1,stylegan,id,0.000000
data/processed/train/fake_diffusion/cifake/train_2345 (6).png,1,cifake,id,0.000012
data/processed/train/fake_diffusion/cifake/test_236 (6).png,1,cifake,id,0.765856
data/processed/train/fake_gan/stylegan/X2ZMDWHSU2.png,1,stylegan,id,0.000000
data/processed/train/fake_diffusion/sd15/sd15_00080.png,1,sd15,id,0.000000
data/processed/train/real/ffhq/26358.png,0,ffhq,id,0.000000
data/processed/train/fake_diffusion/sd15/sd15_01609.png,1,sd15,id,0.000000
data/processed/train/fake_diffusion/cifake/train_3994 (5).png,1,cifake,id,0.000081
data/processed/train/fake_diffusion/cifake/test_516 (7).png,1,cifake,id,0.000000
data/processed/train/real/cifake/train_2436.png,0,cifake,id,0.063963
data/processed/train/fake_diffusion/cifake/test_356 (8).png,1,cifake,id,0.000045
data/processed/train/fake_diffusion/cifake/train_3594 (6).png,1,cifake,id,0.000011
data/processed/train/fake_diffusion/cifake/train_5050 (8).png,1,cifake,id,0.000466
data/processed/train/real/diverse_real/53016.png,0,diverse_real,id,0.000000
data/processed/train/fake_diffusion/sd15/sd15_01028.png,1,sd15,id,0.000000
data/processed/train/fake_diffusion/cifake/test_913 (7).png,1,cifake,id,0.000038
data/processed/train/real/cifake/train_3658 (6).png,0,cifake,id,0.005881
data/processed/train/fake_gan/stylegan/KPW3JJ91N6.png,1,stylegan,id,0.000165
data/processed/train/real/ffhq/43401.png,0,ffhq,id,0.000000
data/processed/train/fake_diffusion/sd15/sd15_00719.png,1,sd15,id,0.000000
data/processed/train/fake_diffusion/cifake/train_3792 (6).png,1,cifake,id,0.000000
data/processed/train/real/diverse_real/30757.png,0,diverse_real,id,0.000000
data/processed/train/real/ffhq/15079.png,0,ffhq,id,0.000000
data/processed/train/real/ffhq/15689.png,0,ffhq,id,0.000000
data/processed/train/real/cifake/train_4232 (9).png,0,cifake,id,0.003863
data/processed/train/real/ffhq/31111.png,0,ffhq,id,0.000000
data/processed/train/real/cifake/train_4427 (8).png,0,cifake,id,0.000009
data/processed/train/fake_diffusion/sd15/sd15_00758.png,1,sd15,id,0.000000
data/processed/train/fake_diffusion/cifake/train_1615 (8).png,1,cifake,id,0.000046
data/processed/train/fake_diffusion/cifake/train_4170 (4).png,1,cifake,id,0.000000
data/processed/train/real/cifake/train_4347 (4).png,0,cifake,id,0.496774
data/processed/train/real/cifake/train_0795 (4).png,0,cifake,id,0.012748
data/processed/train/real/diverse_real/41727.png,0,diverse_real,id,0.000000
data/processed/train/fake_gan/stylegan/4ULRCRZRZW.png,1,stylegan,id,0.000000
data/processed/train/fake_diffusion/cifake/test_168 (10).png,1,cifake,id,0.000041
data/processed/train/fake_diffusion/sd15/sd15_01772.png,1,sd15,id,0.000000
data/processed/train/real/cifake/train_1535 (8).png,0,cifake,id,0.001270
data/processed/train/fake_diffusion/cifake/train_5240 (8).png,1,cifake,id,0.000000
data/processed/train/real/cifake/train_4737 (5).png,0,cifake,id,0.000001
data/processed/train/fake_diffusion/cifake/train_2596 (8).png,1,cifake,id,0.000000
data/processed/train/real/ffhq/15340.png,0,ffhq,id,0.000000
data/processed/train/real/diverse_real/38162.png,0,diverse_real,id,0.000000
data/processed/train/fake_diffusion/cifake/test_544 (4).png,1,cifake,id,0.000415
data/processed/train/fake_diffusion/cifake/train_3590 (7).png,1,cifake,id,0.000000
data/processed/train/real/diverse_real/10577.png,0,diverse_real,id,0.000000
data/processed/train/real/diverse_real/05513.png,0,diverse_real,id,0.000000
data/processed/train/fake_diffusion/cifake/train_2679 (3).png,1,cifake,id,0.002104
data/processed/train/fake_diffusion/cifake/train_3427 (6).png,1,cifake,id,0.000000
data/processed/train/fake_diffusion/cifake/train_2373 (6).png,1,cifake,id,0.000010
data/processed/train/real/diverse_real/62426.png,0,diverse_real,id,0.000000
data/processed/train/real/cifake/train_1748 (6).png,0,cifake,id,0.867422
data/processed/train/real/cifake/train_0063 (4).png,0,cifake,id,0.000677
data/processed/train/fake_diffusion/sd15/sd15_02406.png,1,sd15,id,0.000000
data/processed/train/fake_diffusion/cifake/train_4404 (5).png,1,cifake,id,0.002221
data/processed/train/real/cifake/train_3198 (5).png,0,cifake,id,0.006453
data/processed/train/real/diverse_real/28458.png,0,diverse_real,id,0.000001
data/processed/train/real/diverse_real/62672.png,0,diverse_real,id,0.000000
data/processed/train/real/diverse_real/33229.png,0,diverse_real,id,0.000000
data/processed/train/real/ffhq/22899.png,0,ffhq,id,0.000000
data/processed/train/real/ffhq/36497.png,0,ffhq,id,0.000001
data/processed/train/fake_diffusion/sd15/sd15_00964.png,1,sd15,id,0.000000
data/processed/train/fake_gan/stylegan/DW1TNFOI8B.png,1,stylegan,id,0.000001
data/processed/train/fake_diffusion/cifake/test_42 (2).png,1,cifake,id,0.000006
data/processed/train/real/cifake/train_2948 (7).png,0,cifake,id,0.000000
data/processed/train/real/cifake/train_1000 (7).png,0,cifake,id,0.023866
data/processed/train/fake_diffusion/cifake/train_4126 (6).png,1,cifake,id,0.000000
data/processed/train/real/diverse_real/49531.png,0,diverse_real,id,0.000000
data/processed/train/fake_gan/stylegan/NUWR8YXEY9.png,1,stylegan,id,0.000000
data/processed/train/real/ffhq/51971.png,0,ffhq,id,0.000000
data/processed/train/real/cifake/train_3659 (2).png,0,cifake,id,0.000000
data/processed/train/real/cifake/train_4578 (9).png,0,cifake,id,0.000019
data/processed/train/fake_diffusion/sd15/sd15_01581.png,1,sd15,id,0.000000
data/processed/train/real/ffhq/45540.png,0,ffhq,id,0.000000
data/processed/train/real/ffhq/11017.png,0,ffhq,id,0.000000
data/processed/train/fake_diffusion/cifake/train_3376 (2).png,1,cifake,id,0.000011
data/processed/train/real/diverse_real/59552.png,0,diverse_real,id,0.000000
data/processed/train/fake_diffusion/cifake/train_2864 (5).png,1,cifake,id,0.001317
data/processed/train/real/ffhq/01130.png,0,ffhq,id,0.000000
data/processed/train/real/cifake/train_0868 (4).png,0,cifake,id,0.000001
data/processed/train/real/cifake/train_3480 (2).png,0,cifake,id,0.000493
data/processed/train/fake_diffusion/cifake/train_5819 (10).png,1,cifake,id,0.000000
data/processed/train/fake_gan/stylegan/471DHIZNJW.png,1,stylegan,id,0.035882
data/processed/train/real/cifake/train_4610 (8).png,0,cifake,id,0.000000
data/processed/train/real/ffhq/52629.png,0,ffhq,id,0.000000
data/processed/train/fake_diffusion/tristanzhang_train/3134.png,1,tristanzhang_train,id,0.000000
data/processed/train/real/ffhq/22793.png,0,ffhq,id,0.000000
data/processed/train/real/cifake/train_0147 (2).png,0,cifake,id,0.000000
data/processed/train/fake_diffusion/cifake/train_5465.png,1,cifake,id,0.000544
data/processed/train/real/ffhq/28436.png,0,ffhq,id,0.000000
data/processed/train/real/diverse_real/60838.png,0,diverse_real,id,0.000000
data/processed/train/fake_gan/stylegan/08FDG3WWVE.png,1,stylegan,id,0.000034
data/processed/train/fake_gan/stylegan/9T2BKJDYMI.png,1,stylegan,id,0.078409
data/processed/train/fake_diffusion/cifake/train_2095 (4).png,1,cifake,id,0.002443
data/processed/train/real/diverse_real/42560.png,0,diverse_real,id,0.000000
data/processed/train/real/ffhq/42311.png,0,ffhq,id,0.000000
data/processed/train/real/cifake/train_0877 (5).png,0,cifake,id,0.000083
data/processed/train/real/diverse_real/60688.png,0,diverse_real,id,0.000000
data/processed/train/fake_diffusion/cifake/train_4873 (5).png,1,cifake,id,0.000000
data/processed/train/real/ffhq/25018.png,0,ffhq,id,0.000000
data/processed/train/fake_diffusion/sd15/sd15_02223.png,1,sd15,id,0.000000
data/processed/train/fake_diffusion/cifake/train_3137 (3).png,1,cifake,id,0.013080
data/processed/train/real/ffhq/17306.png,0,ffhq,id,0.000000
data/processed/train/real/cifake/train_1592 (6).png,0,cifake,id,0.000073
data/processed/train/real/ffhq/36073.png,0,ffhq,id,0.000000
data/processed/train/fake_diffusion/cifake/train_3500 (8).png,1,cifake,id,0.405138
data/processed/train/fake_diffusion/sd15/sd15_01099.png,1,sd15,id,0.000000
data/processed/train/fake_diffusion/sd15/sd15_02057.png,1,sd15,id,0.000000
data/processed/train/real/ffhq/24634.png,0,ffhq,id,0.000000
data/processed/train/real/cifake/test_0854 (7).png,0,cifake,id,0.000643
data/processed/train/real/diverse_real/11599.png,0,diverse_real,id,0.000000
data/processed/train/fake_gan/stylegan/5N0SVX6Z72.png,1,stylegan,id,0.000083
data/processed/train/real/cifake/train_1821 (8).png,0,cifake,id,0.168053
data/processed/train/real/cifake/train_4091 (6).png,0,cifake,id,0.020006
data/processed/train/real/cifake/train_4404.png,0,cifake,id,0.938726
data/processed/train/fake_diffusion/sd15/sd15_02262.png,1,sd15,id,0.000000
data/processed/train/real/cifake/test_0456 (8).png,0,cifake,id,0.002103
data/processed/train/fake_diffusion/sd15/sd15_02184.png,1,sd15,id,0.000000
data/processed/train/real/cifake/train_1450 (8).png,0,cifake,id,0.000000
data/processed/train/fake_diffusion/sd15/sd15_01448.png,1,sd15,id,0.000000
data/processed/train/real/diverse_real/44757.png,0,diverse_real,id,0.000000
data/processed/train/real/cifake/train_2520.png,0,cifake,id,0.000334
data/processed/train/fake_gan/stylegan/DED9557FCA.png,1,stylegan,id,0.000000
data/processed/train/fake_diffusion/sd15/sd15_00409.png,1,sd15,id,0.000000
data/processed/train/real/cifake/train_3513 (10).png,0,cifake,id,0.000000
data/processed/train/fake_diffusion/cifake/train_4827 (2).png,1,cifake,id,0.000000
data/processed/train/fake_diffusion/cifake/train_4776 (4).png,1,cifake,id,0.000001
data/processed/train/fake_diffusion/cifake/train_1952 (5).png,1,cifake,id,0.000003
data/processed/train/fake_diffusion/sd15/sd15_01547.png,1,sd15,id,0.005672
data/processed/train/real/real_pexels_train/3840.png,0,real_pexels_train,id,0.000000
data/processed/train/real/ffhq/20369.png,0,ffhq,id,0.000000
data/processed/train/fake_diffusion/cifake/train_5850 (2).png,1,cifake,id,0.000000
data/processed/train/real/ffhq/22254.png,0,ffhq,id,0.000000
data/processed/train/real/ffhq/46377.png,0,ffhq,id,0.000000
data/processed/train/real/cifake/test_0154 (8).png,0,cifake,id,0.073474
data/processed/train/fake_gan/stylegan/U73GFQMVG3.png,1,stylegan,id,0.004636
data/processed/train/fake_gan/stylegan/ZHKHFH6OB9.png,1,stylegan,id,0.000022
data/processed/train/fake_gan/stylegan/2Y2GDMG6QV.png,1,stylegan,id,0.216723
data/processed/train/real/diverse_real/50336.png,0,diverse_real,id,0.000000
data/processed/train/real/ffhq/26370.png,0,ffhq,id,0.000000
data/processed/train/fake_diffusion/cifake/test_979.png,1,cifake,id,0.000062
data/processed/train/fake_diffusion/cifake/train_3860 (2).png,1,cifake,id,0.000084
data/processed/train/real/ffhq/29648.png,0,ffhq,id,0.000000
data/processed/train/real/cifake/train_1094 (6).png,0,cifake,id,0.000000
data/processed/train/fake_diffusion/cifake/train_1711.png,1,cifake,id,0.111564
data/processed/train/fake_diffusion/cifake/train_2967.png,1,cifake,id,0.107944
data/processed/train/fake_diffusion/sd15/sd15_01251.png,1,sd15,id,0.000000
data/processed/train/real/ffhq/38956.png,0,ffhq,id,0.000000
data/processed/train/fake_diffusion/cifake/train_3857 (8).png,1,cifake,id,0.000000
data/processed/train/real/cifake/train_0041 (9).png,0,cifake,id,0.000005
data/processed/train/real/cifake/train_4732.png,0,cifake,id,0.826480
data/processed/train/fake_diffusion/cifake/train_3543 (6).png,1,cifake,id,0.154459
data/processed/train/fake_diffusion/sd15/sd15_01543.png,1,sd15,id,0.000002
data/processed/train/fake_gan/stylegan/JA0FXL5VFQ.png,1,stylegan,id,0.000730
data/processed/train/real/ffhq/25402.png,0,ffhq,id,0.000000
data/processed/train/real/ffhq/34258.png,0,ffhq,id,0.000000
data/processed/train/real/ffhq/50804.png,0,ffhq,id,0.000000
data/processed/train/real/diverse_real/40755.png,0,diverse_real,id,0.000000
data/processed/train/fake_gan/stylegan/Y87JHBV8WF.png,1,stylegan,id,0.034340
data/processed/train/fake_gan/stylegan/RG3M0A88SL.png,1,stylegan,id,0.000001
data/processed/train/real/diverse_real/33821.png,0,diverse_real,id,0.000000
data/processed/train/real/cifake/train_2321 (9).png,0,cifake,id,0.000000
data/processed/train/fake_gan/stylegan/Z97QGHIZ4M.png,1,stylegan,id,0.000640
data/processed/train/fake_diffusion/cifake/train_2259 (7).png,1,cifake,id,0.000000
data/processed/train/fake_diffusion/cifake/test_415 (3).png,1,cifake,id,0.028017
data/processed/train/fake_diffusion/cifake/train_1254 (5).png,1,cifake,id,0.000061
data/processed/train/real/cifake/test_0978 (7).png,0,cifake,id,0.000003
data/processed/train/fake_diffusion/cifake/train_3617 (2).png,1,cifake,id,0.000002
data/processed/train/real/ffhq/16968.png,0,ffhq,id,0.000000
data/processed/train/real/cifake/train_4340 (9).png,0,cifake,id,0.377868
data/processed/train/real/cifake/train_0726 (8).png,0,cifake,id,0.000018
data/processed/train/fake_diffusion/cifake/train_2859 (5).png,1,cifake,id,0.000139
data/processed/train/fake_gan/stylegan/H162OE8VZY.png,1,stylegan,id,0.000000
data/processed/train/fake_diffusion/cifake/train_2836 (8).png,1,cifake,id,0.000021
data/processed/train/fake_diffusion/cifake/test_130 (4).png,1,cifake,id,0.330556
data/processed/train/fake_diffusion/cifake/train_5635 (3).png,1,cifake,id,0.000000
data/processed/train/real/ffhq/14630.png,0,ffhq,id,0.000000
data/processed/train/fake_diffusion/cifake/train_1079 (9).png,1,cifake,id,0.000038
data/processed/train/real/cifake/train_0176 (8).png,0,cifake,id,0.000002
data/processed/train/real/diverse_real/55745.png,0,diverse_real,id,0.000096
data/processed/train/fake_gan/stylegan/L83A1V65MV.png,1,stylegan,id,0.000002
data/processed/train/real/cifake/train_2575.png,0,cifake,id,0.007491
data/processed/train/fake_diffusion/sd15/sd15_01072.png,1,sd15,id,0.000000
data/processed/train/real/cifake/train_2064 (5).png,0,cifake,id,0.001198
data/processed/train/fake_gan/stylegan/2J6OJR0GJB.png,1,stylegan,id,0.024335
data/processed/train/fake_gan/stylegan/FJVQ344J8X.png,1,stylegan,id,0.000001
data/processed/train/fake_diffusion/cifake/train_3357 (6).png,1,cifake,id,0.000001
data/processed/train/real/cifake/test_0399.png,0,cifake,id,0.044983
data/processed/train/real/diverse_real/11379.png,0,diverse_real,id,0.000000
data/processed/train/real/real_pexels_train/2365.png,0,real_pexels_train,id,0.000008
data/processed/train/real/cifake/train_4671 (10).png,0,cifake,id,0.000000
data/processed/train/fake_diffusion/cifake/test_250 (5).png,1,cifake,id,0.000004
data/processed/train/real/cifake/train_0430 (9).png,0,cifake,id,0.000000
data/processed/train/real/ffhq/19807.png,0,ffhq,id,0.000000
data/processed/train/fake_gan/stylegan/8XZBNG5Z5H.png,1,stylegan,id,0.007454
data/processed/train/fake_gan/stylegan/OUUQLZME94.png,1,stylegan,id,0.000080
data/processed/train/real/cifake/train_0975 (9).png,0,cifake,id,0.000049
data/processed/train/real/cifake/train_0741.png,0,cifake,id,0.000409
data/processed/train/real/cifake/train_3086 (4).png,0,cifake,id,0.000005
data/processed/train/real/cifake/train_4475 (8).png,0,cifake,id,0.034150
data/processed/train/fake_diffusion/cifake/train_3345.png,1,cifake,id,0.984966
data/processed/train/fake_diffusion/sd15/sd15_00366.png,1,sd15,id,0.000000
data/processed/train/fake_diffusion/cifake/train_3725 (2).png,1,cifake,id,0.000000
data/processed/train/fake_diffusion/cifake/train_2432 (6).png,1,cifake,id,0.992640
data/processed/train/real/cifake/test_0974 (8).png,0,cifake,id,0.038428
data/processed/train/real/cifake/train_1629 (6).png,0,cifake,id,0.010626
data/processed/train/fake_diffusion/cifake/train_2768 (10).png,1,cifake,id,0.000000
data/processed/train/real/ffhq/11297.png,0,ffhq,id,0.000000
data/processed/train/real/cifake/train_0318 (4).png,0,cifake,id,0.000000
data/processed/train/fake_diffusion/cifake/train_3445 (9).png,1,cifake,id,0.000000
data/processed/train/fake_diffusion/cifake/train_2978 (2).png,1,cifake,id,0.000003
data/processed/train/fake_diffusion/cifake/train_1649 (5).png,1,cifake,id,0.000000
data/processed/train/fake_gan/stylegan/7X7ZFR2B2W.png,1,stylegan,id,0.000056
data/processed/train/real/real_camera_train/000000439994.png,0,real_camera_train,id,0.000000
data/processed/train/fake_diffusion/sd15/sd15_01142.png,1,sd15,id,0.000000
data/processed/train/real/ffhq/33735.png,0,ffhq,id,0.000000
data/processed/train/fake_gan/stylegan/NSDITN6JOR.png,1,stylegan,id,0.025024
data/processed/train/fake_diffusion/cifake/train_2726 (2).png,1,cifake,id,0.000002
data/processed/train/real/ffhq/05972.png,0,ffhq,id,0.000000
data/processed/train/fake_diffusion/cifake/train_4672 (8).png,1,cifake,id,0.000125
data/processed/train/real/diverse_real/40787.png,0,diverse_real,id,0.000000
data/processed/train/real/ffhq/19909.png,0,ffhq,id,0.000166
data/processed/train/real/diverse_real/12448.png,0,diverse_real,id,0.000000
data/processed/train/fake_diffusion/cifake/train_2366 (10).png,1,cifake,id,0.000000
data/processed/train/real/cifake/train_0959 (7).png,0,cifake,id,0.031400
data/processed/train/real/diverse_real/16713.png,0,diverse_real,id,0.000000
data/processed/train/real/ffhq/39083.png,0,ffhq,id,0.000000
data/processed/train/fake_gan/stylegan/NN1IE8CDB5.png,1,stylegan,id,0.000000
data/processed/train/real/ffhq/14352.png,0,ffhq,id,0.000000
data/processed/train/fake_gan/stylegan/UDZLAQG8MG.png,1,stylegan,id,0.001003
data/processed/train/real/cifake/train_0259 (2).png,0,cifake,id,0.000000
data/processed/train/fake_diffusion/cifake/train_4344 (5).png,1,cifake,id,0.000000
data/processed/train/fake_diffusion/tristanzhang_train/3470.png,1,tristanzhang_train,id,0.000000
data/processed/train/real/ffhq/12315.png,0,ffhq,id,0.000000
data/processed/train/real/cifake/test_0577 (6).png,0,cifake,id,0.000159
data/processed/train/real/cifake/train_0360 (7).png,0,cifake,id,0.003362
data/processed/train/real/cifake/train_4206 (9).png,0,cifake,id,0.021639
data/processed/train/fake_gan/stylegan/ZLJ2YJV2W6.png,1,stylegan,id,0.000000
data/processed/train/fake_gan/stylegan/OT9LKH1N6A.png,1,stylegan,id,0.000000
data/processed/train/fake_diffusion/cifake/train_5824 (2).png,1,cifake,id,0.000000
data/processed/train/real/cifake/train_2371 (3).png,0,cifake,id,0.001707
data/processed/train/real/ffhq/17748.png,0,ffhq,id,0.000000
data/processed/train/real/cifake/test_0209 (2).png,0,cifake,id,0.001130
data/processed/train/real/cifake/train_0976 (10).png,0,cifake,id,0.000000
data/processed/train/real/diverse_real/55223.png,0,diverse_real,id,0.000000
data/processed/train/fake_diffusion/tristanzhang_train/2188.png,1,tristanzhang_train,id,0.000000
data/processed/train/real/cifake/train_0635 (3).png,0,cifake,id,0.228340
data/processed/train/real/ffhq/26432.png,0,ffhq,id,0.000000
data/processed/train/fake_diffusion/cifake/train_1352 (8).png,1,cifake,id,0.000005
data/processed/train/fake_diffusion/cifake/train_5700 (3).png,1,cifake,id,0.004241
data/processed/train/real/cifake/train_4034 (5).png,0,cifake,id,0.096115
data/processed/train/fake_gan/stylegan/AQ3V4LVXM8.png,1,stylegan,id,0.000000
data/processed/train/real/diverse_real/06023.png,0,diverse_real,id,0.000000
data/processed/train/fake_gan/stylegan/J87O2TLKX8.png,1,stylegan,id,0.000000
data/processed/train/fake_gan/stylegan/6FOJ8R9P6D.png,1,stylegan,id,0.000000
data/processed/train/real/cifake/train_0301 (5).png,0,cifake,id,0.000061
data/processed/train/fake_gan/stylegan/KANW1RG5QZ.png,1,stylegan,id,0.000000
data/processed/train/real/diverse_real/31246.png,0,diverse_real,id,0.004336
data/processed/train/real/ffhq/14450.png,0,ffhq,id,0.000000
data/processed/train/fake_diffusion/sd15/sd15_01131.png,1,sd15,id,0.000000
data/processed/train/real/cifake/train_2961 (7).png,0,cifake,id,0.000000
data/processed/train/fake_diffusion/cifake/train_5520 (2).png,1,cifake,id,0.000002
data/processed/train/real/cifake/test_0723 (5).png,0,cifake,id,0.000031
data/processed/train/real/diverse_real/33599.png,0,diverse_real,id,0.000000
data/processed/train/real/ffhq/34958.png,0,ffhq,id,0.000000
data/processed/train/real/ffhq/32674.png,0,ffhq,id,0.000000
data/processed/train/real/cifake/train_4901.png,0,cifake,id,0.000000
data/processed/train/real/cifake/test_0039 (6).png,0,cifake,id,0.000001
data/processed/train/real/cifake/train_4895 (7).png,0,cifake,id,0.000000
data/processed/train/real/cifake/train_2394 (8).png,0,cifake,id,0.000001
data/processed/train/real/ffhq/12295.png,0,ffhq,id,0.000000
data/processed/train/fake_gan/stylegan/EHUTSZ5WRW.png,1,stylegan,id,0.000000
data/processed/train/fake_gan/stylegan/K5SU64H838.png,1,stylegan,id,0.016273
data/processed/train/fake_diffusion/sd15/sd15_00541.png,1,sd15,id,0.000000
data/processed/train/real/diverse_real/53592.png,0,diverse_real,id,0.000000
data/processed/train/real/ffhq/33108.png,0,ffhq,id,0.000000
data/processed/train/fake_diffusion/cifake/train_3225 (8).png,1,cifake,id,0.042505
data/processed/train/real/ffhq/03393.png,0,ffhq,id,0.000000
data/processed/train/fake_gan/stylegan/E1OMKHHYPK.png,1,stylegan,id,0.000003
data/processed/train/fake_diffusion/cifake/train_4813 (7).png,1,cifake,id,0.000000
data/processed/train/real/cifake/test_0998 (9).png,0,cifake,id,0.844026
data/processed/train/fake_diffusion/sd15/sd15_00999.png,1,sd15,id,0.000000
data/processed/train/real/cifake/train_4415 (9).png,0,cifake,id,0.000022
data/processed/train/real/diverse_real/46411.png,0,diverse_real,id,0.000000
data/processed/train/fake_diffusion/sd15/sd15_01307.png,1,sd15,id,0.000000
data/processed/train/fake_gan/stylegan/9AHYVLSZS3.png,1,stylegan,id,0.487522
data/processed/train/fake_gan/stylegan/OC7MK7DE12.png,1,stylegan,id,0.000005
data/processed/train/real/ffhq/19634.png,0,ffhq,id,0.000000
data/processed/train/fake_gan/stylegan/2OBGFKVXP2.png,1,stylegan,id,0.000000
data/processed/train/fake_diffusion/cifake/train_4442 (4).png,1,cifake,id,0.098129
data/processed/train/real/ffhq/41707.png,0,ffhq,id,0.000000
data/processed/train/real/diverse_real/11960.png,0,diverse_real,id,0.000000
data/processed/train/fake_diffusion/cifake/train_5200 (7).png,1,cifake,id,0.021402
data/processed/train/real/diverse_real/02639.png,0,diverse_real,id,0.000000
data/processed/train/fake_gan/stylegan/8DGHI03G39.png,1,stylegan,id,0.000001
data/processed/train/real/ffhq/29528.png,0,ffhq,id,0.000000
data/processed/train/real/ffhq/18238.png,0,ffhq,id,0.000000
data/processed/train/real/diverse_real/65568.png,0,diverse_real,id,0.000000
data/processed/train/real/real_camera_train/000000102411.png,0,real_camera_train,id,0.000000
data/processed/train/real/ffhq/34170.png,0,ffhq,id,0.000000
data/processed/train/fake_gan/stylegan/D118J9TMQD.png,1,stylegan,id,0.001426
data/processed/train/real/cifake/train_0769 (5).png,0,cifake,id,0.000080
data/processed/train/fake_diffusion/cifake/train_3496 (6).png,1,cifake,id,0.000990
data/processed/train/fake_diffusion/cifake/train_3573 (2).png,1,cifake,id,0.000078
data/processed/train/real/cifake/train_4624 (7).png,0,cifake,id,0.000025
data/processed/train/fake_gan/stylegan/CGQZ31IKC0.png,1,stylegan,id,0.000001
data/processed/train/real/ffhq/51562.png,0,ffhq,id,0.000000
data/processed/train/real/cifake/train_0351 (4).png,0,cifake,id,0.000004
data/processed/train/fake_gan/stylegan/NZSYL6WR3D.png,1,stylegan,id,0.000369
data/processed/train/fake_gan/stylegan/9UCC6BI098.png,1,stylegan,id,0.000000
data/processed/train/fake_diffusion/cifake/train_1815 (8).png,1,cifake,id,0.044712
data/processed/train/fake_diffusion/cifake/train_3272 (2).png,1,cifake,id,0.000000
data/processed/train/fake_diffusion/sd15/sd15_00411.png,1,sd15,id,0.000108
data/processed/train/fake_diffusion/cifake/train_4153 (10).png,1,cifake,id,0.000000
data/processed/train/real/ffhq/20634.png,0,ffhq,id,0.000000
data/processed/train/real/ffhq/37560.png,0,ffhq,id,0.000000
data/processed/train/real/ffhq/13477.png,0,ffhq,id,0.000000
data/processed/train/real/cifake/train_0502 (9).png,0,cifake,id,0.000000
data/processed/train/real/diverse_real/57448.png,0,diverse_real,id,0.000000
data/processed/train/fake_gan/stylegan/ZACA4DYBHE.png,1,stylegan,id,0.770973
data/processed/train/real/cifake/train_2101 (4).png,0,cifake,id,0.115026
data/processed/train/real/ffhq/37110.png,0,ffhq,id,0.000000
data/processed/train/real/cifake/train_3623 (3).png,0,cifake,id,0.000084
data/processed/train/fake_gan/stylegan/WQZUNEKZO1.png,1,stylegan,id,0.000034
data/processed/train/real/ffhq/01096.png,0,ffhq,id,0.000000
data/processed/train/real/cifake/train_4847.png,0,cifake,id,0.000000
data/processed/train/real/diverse_real/02064.png,0,diverse_real,id,0.000000
data/processed/train/fake_diffusion/cifake/train_5000 (4).png,1,cifake,id,0.000018
data/processed/train/fake_diffusion/sd15/sd15_02170.png,1,sd15,id,0.000000
data/processed/train/real/ffhq/04754.png,0,ffhq,id,0.000000
data/processed/train/fake_gan/stylegan/DUWQ273EYS.png,1,stylegan,id,0.000000
data/processed/train/real/ffhq/13353.png,0,ffhq,id,0.000000
data/processed/train/fake_gan/stylegan/GJEHWKVHU7.png,1,stylegan,id,0.007806
data/processed/train/real/diverse_real/58785.png,0,diverse_real,id,0.000000
data/processed/train/fake_diffusion/cifake/test_559.png,1,cifake,id,0.000000
data/processed/train/fake_gan/stylegan/PWTEDFMNIK.png,1,stylegan,id,0.000000
data/processed/train/real/cifake/train_1514.png,0,cifake,id,0.002371
data/processed/train/fake_diffusion/cifake/train_3056.png,1,cifake,id,0.000000
data/processed/train/fake_diffusion/cifake/train_4074 (2).png,1,cifake,id,0.000002
data/processed/train/fake_diffusion/sd15/sd15_02130.png,1,sd15,id,0.000000
data/processed/train/real/diverse_real/36537.png,0,diverse_real,id,0.000082
data/processed/train/real/diverse_real/54737.png,0,diverse_real,id,0.000007
data/processed/train/fake_gan/stylegan/JFMXR9AAX4.png,1,stylegan,id,0.000001
data/processed/train/fake_gan/stylegan/O94MFZKUHD.png,1,stylegan,id,0.000000
data/processed/train/real/ffhq/53871.png,0,ffhq,id,0.000000
data/processed/train/real/diverse_real/04299.png,0,diverse_real,id,0.000000
data/processed/train/real/ffhq/16127.png,0,ffhq,id,0.000000
data/processed/train/real/cifake/train_4680 (2).png,0,cifake,id,0.000069
data/processed/train/real/ffhq/15969.png,0,ffhq,id,0.000000
data/processed/train/fake_gan/stylegan/2FBC3UQ67D.png,1,stylegan,id,0.000110
data/processed/train/fake_diffusion/cifake/train_3192 (2).png,1,cifake,id,0.321024
data/processed/train/fake_diffusion/cifake/train_2769 (2).png,1,cifake,id,0.000013
data/processed/train/fake_diffusion/cifake/train_3358 (8).png,1,cifake,id,0.885888
data/processed/train/fake_diffusion/cifake/train_2121.png,1,cifake,id,0.001804
data/processed/train/real/cifake/train_4404 (8).png,0,cifake,id,0.000092
data/processed/train/real/diverse_real/38661.png,0,diverse_real,id,0.000000
data/processed/train/fake_diffusion/sd15/sd15_00069.png,1,sd15,id,0.000000
data/processed/train/real/cifake/train_0928 (4).png,0,cifake,id,0.011651
data/processed/train/real/ffhq/06193.png,0,ffhq,id,0.000000
data/processed/train/real/cifake/train_2649 (8).png,0,cifake,id,0.004922
data/processed/train/fake_gan/stylegan/2FZEK7I8VO.png,1,stylegan,id,0.000000
data/processed/train/fake_gan/stylegan/V5Q3SW707D.png,1,stylegan,id,0.003086
data/processed/train/real/ffhq/24991.png,0,ffhq,id,0.000000
data/processed/train/real/diverse_real/57167.png,0,diverse_real,id,0.000000
data/processed/train/real/ffhq/18623.png,0,ffhq,id,0.000000
data/processed/train/real/cifake/train_3827 (9).png,0,cifake,id,0.004035
data/processed/train/fake_gan/stylegan/X8VGFNIFLV.png,1,stylegan,id,0.000000
data/processed/train/real/cifake/train_4224.png,0,cifake,id,0.012083
data/processed/train/real/ffhq/26797.png,0,ffhq,id,0.000000
data/processed/train/fake_gan/stylegan/G788T141R3.png,1,stylegan,id,0.000000
data/processed/train/real/diverse_real/25150.png,0,diverse_real,id,0.000000
data/processed/train/fake_gan/stylegan/SPGEPHHP1M.png,1,stylegan,id,0.000000
data/processed/train/real/cifake/train_0490 (7).png,0,cifake,id,0.000213
data/processed/train/real/cifake/train_3103 (6).png,0,cifake,id,0.000000
data/processed/train/real/cifake/train_2878 (10).png,0,cifake,id,0.000017
data/processed/train/real/ffhq/33148.png,0,ffhq,id,0.000000
data/processed/train/real/cifake/train_2466 (4).png,0,cifake,id,0.000000
data/processed/train/fake_gan/stylegan/YP3LWP4E6M.png,1,stylegan,id,0.000000
data/processed/train/fake_diffusion/cifake/train_4744 (8).png,1,cifake,id,0.000272
data/processed/train/real/cifake/train_4767 (8).png,0,cifake,id,0.000000
data/processed/train/fake_diffusion/cifake/test_28 (6).png,1,cifake,id,0.037696
data/processed/train/fake_diffusion/cifake/train_4005 (8).png,1,cifake,id,0.000171
data/processed/train/fake_diffusion/cifake/train_5433 (7).png,1,cifake,id,0.003111
data/processed/train/fake_gan/stylegan/ZV903E5CMY.png,1,stylegan,id,0.000001
data/processed/train/real/cifake/train_3753 (4).png,0,cifake,id,0.000496
data/processed/train/real/ffhq/34717.png,0,ffhq,id,0.000000
data/processed/train/fake_gan/stylegan/3ZS95PQMSD.png,1,stylegan,id,0.000000
data/processed/train/fake_diffusion/sd15/sd15_00994.png,1,sd15,id,0.000000
data/processed/train/fake_diffusion/cifake/test_833 (5).png,1,cifake,id,0.002401
data/processed/train/fake_gan/stylegan/NRWY8I6GPH.png,1,stylegan,id,0.000000
data/processed/train/real/ffhq/46390.png,0,ffhq,id,0.000000
data/processed/train/real/cifake/test_0773 (2).png,0,cifake,id,0.001130
data/processed/train/fake_diffusion/cifake/train_1661 (3).png,1,cifake,id,0.000045
data/processed/train/fake_diffusion/cifake/train_2264 (8).png,1,cifake,id,0.000003
data/processed/train/fake_diffusion/sd15/sd15_01386.png,1,sd15,id,0.000000
data/processed/train/real/diverse_real/68587.png,0,diverse_real,id,0.000000
data/processed/train/real/diverse_real/64811.png,0,diverse_real,id,0.000000
data/processed/train/real/ffhq/50474.png,0,ffhq,id,0.000000
data/processed/train/real/cifake/train_2468 (7).png,0,cifake,id,0.924383
data/processed/train/fake_diffusion/cifake/train_3568 (10).png,1,cifake,id,0.000000
data/processed/train/real/cifake/train_3618 (2).png,0,cifake,id,0.000068
data/processed/train/real/cifake/train_2845 (6).png,0,cifake,id,0.000656
data/processed/train/real/cifake/train_1205 (9).png,0,cifake,id,0.001150
data/processed/train/fake_diffusion/cifake/train_2323 (8).png,1,cifake,id,0.000000
data/processed/train/real/ffhq/14440.png,0,ffhq,id,0.000000
data/processed/train/real/ffhq/21799.png,0,ffhq,id,0.000000
data/processed/train/real/cifake/test_0442 (10).png,0,cifake,id,0.003785
data/processed/train/real/ffhq/44443.png,0,ffhq,id,0.000000
data/processed/train/real/diverse_real/27588.png,0,diverse_real,id,0.000000
data/processed/train/fake_gan/stylegan/WWWZZ91BMF.png,1,stylegan,id,0.000004
data/processed/train/fake_diffusion/sd15/sd15_00055.png,1,sd15,id,0.000000
data/processed/train/fake_diffusion/cifake/test_555 (6).png,1,cifake,id,0.000000
data/processed/train/fake_diffusion/cifake/test_831 (4).png,1,cifake,id,0.000001
data/processed/train/fake_diffusion/sd15/sd15_01943.png,1,sd15,id,0.000000
data/processed/train/real/diverse_real/26194.png,0,diverse_real,id,0.000000
data/processed/train/fake_gan/stylegan/HN7KKW89L4.png,1,stylegan,id,0.000000
data/processed/train/real/cifake/train_2120 (8).png,0,cifake,id,0.001095
data/processed/train/real/cifake/train_0318 (9).png,0,cifake,id,0.034389
data/processed/train/real/cifake/train_0357 (4).png,0,cifake,id,0.154715
data/processed/train/fake_diffusion/cifake/train_2532 (2).png,1,cifake,id,0.006106
data/processed/train/fake_gan/stylegan/3K6CZ60BK1.png,1,stylegan,id,0.000123
data/processed/train/fake_gan/stylegan/9R1AEG1GOR.png,1,stylegan,id,0.000001
data/processed/train/fake_diffusion/cifake/train_3119 (9).png,1,cifake,id,0.000410
data/processed/train/fake_diffusion/sd15/sd15_02141.png,1,sd15,id,0.000000
data/processed/train/real/diverse_real/35551.png,0,diverse_real,id,0.000000
data/processed/train/fake_diffusion/sd15/sd15_02369.png,1,sd15,id,0.000000
data/processed/train/real/cifake/test_0649.png,0,cifake,id,0.008334
data/processed/train/real/ffhq/18003.png,0,ffhq,id,0.000000
data/processed/train/fake_gan/stylegan/PVBVMQY77A.png,1,stylegan,id,0.000000
data/processed/train/real/cifake/train_0835 (3).png,0,cifake,id,0.000000
data/processed/train/fake_diffusion/cifake/train_1658 (8).png,1,cifake,id,0.000001
data/processed/train/real/cifake/test_0977 (3).png,0,cifake,id,0.000044
data/processed/train/fake_gan/stylegan/BZFVRNEBNP.png,1,stylegan,id,0.000004
data/processed/train/real/ffhq/04483.png,0,ffhq,id,0.000000
data/processed/train/fake_gan/stylegan/TWWLKWK1CI.png,1,stylegan,id,0.000032
data/processed/train/fake_diffusion/cifake/train_4250 (2).png,1,cifake,id,0.000001
data/processed/train/fake_diffusion/sd15/sd15_01041.png,1,sd15,id,0.000000
data/processed/train/real/ffhq/29502.png,0,ffhq,id,0.000009
data/processed/train/fake_gan/stylegan/507D5331UK.png,1,stylegan,id,0.000000
data/processed/train/real/ffhq/41819.png,0,ffhq,id,0.000017
data/processed/train/real/ffhq/28677.png,0,ffhq,id,0.000000
data/processed/train/fake_diffusion/sd15/sd15_02368.png,1,sd15,id,0.000003
data/processed/train/real/cifake/train_0456 (10).png,0,cifake,id,0.000000
data/processed/train/fake_diffusion/cifake/train_2715 (8).png,1,cifake,id,0.001362
data/processed/train/real/cifake/train_4904 (9).png,0,cifake,id,0.000182
data/processed/train/real/ffhq/20340.png,0,ffhq,id,0.000000
data/processed/train/real/ffhq/08889.png,0,ffhq,id,0.000000
data/processed/train/fake_diffusion/cifake/train_2335 (2).png,1,cifake,id,0.000000
data/processed/train/fake_diffusion/cifake/train_1778 (4).png,1,cifake,id,0.971145
data/processed/train/real/diverse_real/27637.png,0,diverse_real,id,0.000000
data/processed/train/fake_diffusion/cifake/test_872 (8).png,1,cifake,id,0.000003
data/processed/train/real/ffhq/26654.png,0,ffhq,id,0.000000
data/processed/train/fake_gan/stylegan/6I2NPYOCBB.png,1,stylegan,id,0.000000
data/processed/train/real/diverse_real/04783.png,0,diverse_real,id,0.000000
data/processed/train/fake_gan/stylegan/45TZNAVBXN.png,1,stylegan,id,0.000093
data/processed/train/real/diverse_real/13768.png,0,diverse_real,id,0.000000
data/processed/train/fake_diffusion/cifake/train_1790 (7).png,1,cifake,id,0.000000
data/processed/train/real/cifake/train_0245 (6).png,0,cifake,id,0.000000
data/processed/train/real/ffhq/29627.png,0,ffhq,id,0.000000
data/processed/train/fake_gan/stylegan/2TS3M9G888.png,1,stylegan,id,0.000008
data/processed/train/fake_gan/stylegan/UPRQCTZAKI.png,1,stylegan,id,0.483235
data/processed/train/real/cifake/train_4651 (7).png,0,cifake,id,0.000012
data/processed/train/fake_diffusion/sd15/sd15_01504.png,1,sd15,id,0.000001
data/processed/train/real/diverse_real/65830.png,0,diverse_real,id,0.000000
data/processed/train/fake_diffusion/cifake/train_3437 (3).png,1,cifake,id,0.000000
data/processed/train/real/cifake/train_2643 (9).png,0,cifake,id,0.004251
data/processed/train/fake_diffusion/cifake/train_5532.png,1,cifake,id,0.000000
data/processed/train/real/ffhq/52726.png,0,ffhq,id,0.000104
data/processed/train/real/diverse_real/55695.png,0,diverse_real,id,0.000000
data/processed/train/fake_gan/stylegan/A32AZS97Z8.png,1,stylegan,id,0.242886
data/processed/train/fake_diffusion/cifake/train_1781 (4).png,1,cifake,id,0.000003
data/processed/train/real/diverse_real/15964.png,0,diverse_real,id,0.000000
data/processed/train/real/real_pexels_train/0159.png,0,real_pexels_train,id,0.016747
data/processed/train/fake_gan/stylegan/AP2ZVK2VDZ.png,1,stylegan,id,0.000000
data/processed/train/real/cifake/train_0003 (8).png,0,cifake,id,0.000001
data/processed/train/fake_gan/stylegan/5Q6D8UTP2L.png,1,stylegan,id,0.000000
data/processed/train/fake_diffusion/sd15/sd15_01830.png,1,sd15,id,0.000004
data/processed/train/fake_diffusion/sd15/sd15_01976.png,1,sd15,id,0.000000
data/processed/train/real/ffhq/39976.png,0,ffhq,id,0.000000
data/processed/train/real/diverse_real/28987.png,0,diverse_real,id,0.000001
data/processed/train/real/cifake/train_2911 (2).png,0,cifake,id,0.031835
data/processed/train/real/ffhq/03633.png,0,ffhq,id,0.000000
data/processed/train/real/cifake/train_1721.png,0,cifake,id,0.000014
data/processed/train/fake_diffusion/cifake/train_3951 (9).png,1,cifake,id,0.016899
data/processed/train/fake_gan/stylegan/DKW5IP4W3Y.png,1,stylegan,id,0.693650
data/processed/train/fake_gan/stylegan/4CMC0J44YF.png,1,stylegan,id,0.000133
data/processed/train/real/cifake/train_3953 (3).png,0,cifake,id,0.456698
data/processed/train/fake_diffusion/cifake/train_4445 (5).png,1,cifake,id,0.042401
data/processed/train/real/real_camera_train/000000134886.png,0,real_camera_train,id,0.000720
data/processed/train/fake_diffusion/cifake/train_4263 (3).png,1,cifake,id,0.000013
data/processed/train/real/cifake/train_4190 (9).png,0,cifake,id,0.002446
data/processed/train/real/ffhq/29513.png,0,ffhq,id,0.000000
data/processed/train/real/cifake/train_4606 (2).png,0,cifake,id,0.248592
data/processed/train/real/cifake/train_3450 (2).png,0,cifake,id,0.000000
data/processed/train/real/diverse_real/37661.png,0,diverse_real,id,0.000000
data/processed/train/fake_diffusion/cifake/train_2688 (8).png,1,cifake,id,0.000000
data/processed/train/fake_diffusion/sd15/sd15_00400.png,1,sd15,id,0.000000
data/processed/train/real/ffhq/43693.png,0,ffhq,id,0.000000
data/processed/train/real/diverse_real/26565.png,0,diverse_real,id,0.000000
data/processed/train/real/ffhq/49891.png,0,ffhq,id,0.000000
data/processed/train/fake_gan/stylegan/TKVTFKIM9L.png,1,stylegan,id,0.010317
data/processed/train/real/cifake/test_0341 (3).png,0,cifake,id,0.000003
data/processed/train/real/ffhq/39924.png,0,ffhq,id,0.000000
data/processed/train/fake_diffusion/cifake/test_798 (6).png,1,cifake,id,0.778246
data/processed/train/real/cifake/train_4846 (9).png,0,cifake,id,0.000196
data/processed/train/real/cifake/train_4273 (9).png,0,cifake,id,0.478442
data/processed/train/fake_gan/stylegan/FUJ27FSSAJ.png,1,stylegan,id,0.000000
data/processed/train/fake_diffusion/sd15/sd15_02080.png,1,sd15,id,0.000000
data/processed/train/real/cifake/train_2594 (9).png,0,cifake,id,0.000000
data/processed/train/real/ffhq/12996.png,0,ffhq,id,0.000334
data/processed/train/fake_gan/stylegan/312RBQR4HD.png,1,stylegan,id,0.000000
data/processed/train/fake_diffusion/tristanzhang_train/2283.png,1,tristanzhang_train,id,0.000000
data/processed/train/real/cifake/train_3903 (4).png,0,cifake,id,0.018759
data/processed/train/real/cifake/train_0062 (9).png,0,cifake,id,0.000000
data/processed/train/fake_gan/stylegan/GVPYY3E60R.png,1,stylegan,id,0.000003
data/processed/train/real/cifake/train_4938 (6).png,0,cifake,id,0.000000
data/processed/train/real/real_camera_train/000000430875.png,0,real_camera_train,id,0.000006
data/processed/train/real/cifake/train_3096 (3).png,0,cifake,id,0.002044
data/processed/train/fake_gan/stylegan/LVYSUJOEAO.png,1,stylegan,id,0.000000
data/processed/train/fake_gan/stylegan/RBEJ3X6TX7.png,1,stylegan,id,0.000000
data/processed/train/fake_gan/stylegan/8APVC09006.png,1,stylegan,id,0.000000
data/processed/train/real/cifake/train_4653.png,0,cifake,id,0.295728
data/processed/train/real/ffhq/50410.png,0,ffhq,id,0.000000
data/processed/train/real/ffhq/21569.png,0,ffhq,id,0.000000
data/processed/train/real/ffhq/38066.png,0,ffhq,id,0.000000
data/processed/train/real/ffhq/27009.png,0,ffhq,id,0.000000
data/processed/train/fake_gan/stylegan/FCSJ49OT19.png,1,stylegan,id,0.000001
data/processed/train/real/cifake/train_1725 (7).png,0,cifake,id,0.000001
data/processed/train/fake_gan/stylegan/WHIT941P43.png,1,stylegan,id,0.000012
data/processed/train/real/ffhq/35905.png,0,ffhq,id,0.000000
data/processed/train/real/ffhq/30089.png,0,ffhq,id,0.000000
data/processed/train/real/diverse_real/58654.png,0,diverse_real,id,0.000000
data/processed/train/fake_gan/stylegan/JCV04FO7XF.png,1,stylegan,id,0.000001
data/processed/train/fake_gan/stylegan/E28PRCKYAR.png,1,stylegan,id,0.000000
data/processed/train/real/cifake/train_3767 (7).png,0,cifake,id,0.000242
data/processed/train/fake_gan/stylegan/TLOWGCLR59.png,1,stylegan,id,0.000000
data/processed/train/real/cifake/train_2963 (6).png,0,cifake,id,0.008066
data/processed/train/fake_gan/stylegan/3VW6CLU88W.png,1,stylegan,id,0.000000
data/processed/train/real/cifake/train_2842 (4).png,0,cifake,id,0.033079
data/processed/train/real/ffhq/53173.png,0,ffhq,id,0.000000
data/processed/train/real/cifake/train_3775 (6).png,0,cifake,id,0.000030
data/processed/train/real/cifake/train_0397 (3).png,0,cifake,id,0.000000
data/processed/train/real/ffhq/18806.png,0,ffhq,id,0.000000
data/processed/train/fake_diffusion/cifake/train_4436 (6).png,1,cifake,id,0.000490
data/processed/train/real/cifake/train_3283 (7).png,0,cifake,id,0.520061
data/processed/train/fake_diffusion/tristanzhang_train/0618.png,1,tristanzhang_train,id,0.000000
data/processed/train/real/ffhq/27939.png,0,ffhq,id,0.000000
data/processed/train/fake_gan/stylegan/5969LQCDMZ.png,1,stylegan,id,0.000000
data/processed/train/real/cifake/train_0451 (2).png,0,cifake,id,0.000000
data/processed/train/real/cifake/train_1556.png,0,cifake,id,0.000001
data/processed/train/fake_diffusion/cifake/train_5019 (10).png,1,cifake,id,0.004076
data/processed/train/fake_diffusion/cifake/test_376 (6).png,1,cifake,id,0.000486
data/processed/train/fake_diffusion/cifake/train_5017 (7).png,1,cifake,id,0.000340
data/processed/train/real/diverse_real/12329.png,0,diverse_real,id,0.000000
data/processed/train/fake_gan/stylegan/QQCWVYZM9M.png,1,stylegan,id,0.000018
data/processed/train/real/ffhq/22562.png,0,ffhq,id,0.000000
data/processed/train/fake_gan/stylegan/68SI1X96JM.png,1,stylegan,id,0.000001
data/processed/train/fake_gan/stylegan/3JL6DRP0BB.png,1,stylegan,id,0.000001
data/processed/train/fake_gan/stylegan/AXM1CWTN2E.png,1,stylegan,id,0.018947
data/processed/train/real/ffhq/11427.png,0,ffhq,id,0.000000
data/processed/train/real/diverse_real/42960.png,0,diverse_real,id,0.000000
data/processed/train/fake_diffusion/cifake/train_4717 (5).png,1,cifake,id,0.000000
data/processed/train/fake_diffusion/tristanzhang_train/3287.png,1,tristanzhang_train,id,0.000001
data/processed/train/real/cifake/train_3769 (9).png,0,cifake,id,0.008524
data/processed/train/fake_diffusion/cifake/test_663 (6).png,1,cifake,id,0.000002
data/processed/train/fake_diffusion/sd15/sd15_02411.png,1,sd15,id,0.000000
data/processed/train/fake_gan/stylegan/QY8A8WKKO2.png,1,stylegan,id,0.000000
data/processed/train/real/cifake/test_0794 (3).png,0,cifake,id,0.698162
data/processed/train/real/cifake/train_3621 (10).png,0,cifake,id,0.000000
data/processed/train/real/cifake/train_3443.png,0,cifake,id,0.000034
data/processed/train/fake_gan/stylegan/KIAQP9PR7A.png,1,stylegan,id,0.001992
data/processed/train/fake_diffusion/cifake/train_5273 (2).png,1,cifake,id,0.000000
data/processed/train/real/cifake/train_4596 (3).png,0,cifake,id,0.000333
data/processed/train/real/cifake/train_1179 (6).png,0,cifake,id,0.036381
data/processed/train/real/real_pexels_train/5098.png,0,real_pexels_train,id,0.000000
data/processed/train/fake_diffusion/sd15/sd15_00006.png,1,sd15,id,0.000005
data/processed/train/fake_diffusion/cifake/train_2590 (5).png,1,cifake,id,0.001535
data/processed/train/real/cifake/test_0212 (8).png,0,cifake,id,0.000000
data/processed/train/real/cifake/train_0851.png,0,cifake,id,0.966794
data/processed/train/fake_gan/stylegan/I6YXMK02CG.png,1,stylegan,id,0.000000
data/processed/train/real/ffhq/18704.png,0,ffhq,id,0.000001
data/processed/train/real/cifake/train_3586 (7).png,0,cifake,id,0.000018
data/processed/train/fake_diffusion/cifake/train_1305 (9).png,1,cifake,id,0.000017
data/processed/train/fake_diffusion/cifake/test_882 (8).png,1,cifake,id,0.000108
data/processed/train/real/cifake/train_2245 (8).png,0,cifake,id,0.000056
data/processed/train/fake_diffusion/cifake/train_2404 (3).png,1,cifake,id,0.016634
data/processed/train/fake_gan/stylegan/OKJ7EUP77I.png,1,stylegan,id,0.000306
data/processed/train/real/cifake/test_0165 (10).png,0,cifake,id,0.000000
data/processed/train/real/ffhq/43876.png,0,ffhq,id,0.000000
data/processed/train/fake_diffusion/cifake/train_1907 (9).png,1,cifake,id,0.000009
data/processed/train/fake_diffusion/cifake/train_2820.png,1,cifake,id,0.511033
data/processed/train/fake_gan/stylegan/VGUFZMZ9W8.png,1,stylegan,id,0.000000
data/processed/train/real/ffhq/18295.png,0,ffhq,id,0.000000
data/processed/train/fake_diffusion/cifake/train_2512 (8).png,1,cifake,id,0.007126
data/processed/train/real/cifake/train_3139 (4).png,0,cifake,id,0.000002
data/processed/train/real/ffhq/35816.png,0,ffhq,id,0.000000
data/processed/train/fake_diffusion/cifake/train_1986 (2).png,1,cifake,id,0.000000
data/processed/train/fake_diffusion/cifake/train_3899.png,1,cifake,id,0.575296
data/processed/train/real/cifake/train_3057 (10).png,0,cifake,id,0.002037
data/processed/train/fake_diffusion/cifake/test_457 (3).png,1,cifake,id,0.001926
data/processed/train/real/cifake/train_2152 (8).png,0,cifake,id,0.000000
data/processed/train/real/diverse_real/69626.png,0,diverse_real,id,0.000000
data/processed/train/fake_diffusion/cifake/train_5151.png,1,cifake,id,0.001310
data/processed/train/fake_diffusion/cifake/train_4591 (10).png,1,cifake,id,0.000000
data/processed/train/real/ffhq/05901.png,0,ffhq,id,0.000000
data/processed/train/real/ffhq/05283.png,0,ffhq,id,0.000000
data/processed/train/fake_diffusion/sd15/sd15_00747.png,1,sd15,id,0.000000
data/processed/train/fake_diffusion/cifake/train_1788 (3).png,1,cifake,id,0.000000
data/processed/train/real/ffhq/17155.png,0,ffhq,id,0.000000
data/processed/train/real/cifake/train_0218.png,0,cifake,id,0.000258
data/processed/train/fake_diffusion/cifake/train_3365 (4).png,1,cifake,id,0.005601
data/processed/train/fake_diffusion/cifake/train_5681 (6).png,1,cifake,id,0.000007
data/processed/train/real/ffhq/04427.png,0,ffhq,id,0.000000
data/processed/train/real/ffhq/18162.png,0,ffhq,id,0.000000
data/processed/train/real/cifake/train_2965 (2).png,0,cifake,id,0.000000
data/processed/train/fake_diffusion/cifake/test_456 (7).png,1,cifake,id,0.000182
data/processed/train/real/ffhq/22281.png,0,ffhq,id,0.000000
data/processed/train/fake_diffusion/cifake/train_5348 (7).png,1,cifake,id,0.000000
data/processed/train/fake_diffusion/cifake/train_3471 (3).png,1,cifake,id,0.000004
data/processed/train/fake_diffusion/sd15/sd15_01633.png,1,sd15,id,0.000000
data/processed/train/real/cifake/test_0935.png,0,cifake,id,0.010497
data/processed/train/real/cifake/train_2758 (2).png,0,cifake,id,0.000000
data/processed/train/fake_diffusion/sd15/sd15_00927.png,1,sd15,id,0.000000
data/processed/train/fake_diffusion/cifake/train_5531.png,1,cifake,id,0.042632
data/processed/train/real/diverse_real/26174.png,0,diverse_real,id,0.000000
data/processed/train/fake_gan/stylegan/UUBPP98CVU.png,1,stylegan,id,0.000000
data/processed/train/real/cifake/train_4562 (6).png,0,cifake,id,0.032713
data/processed/train/real/diverse_real/41161.png,0,diverse_real,id,0.000000
data/processed/train/real/cifake/test_0320 (10).png,0,cifake,id,0.000000
data/processed/train/real/cifake/train_2141 (4).png,0,cifake,id,0.007629
data/processed/train/real/diverse_real/62512.png,0,diverse_real,id,0.000000
data/processed/train/real/cifake/test_0037 (6).png,0,cifake,id,0.002632
data/processed/train/fake_gan/stylegan/XLFPOYVSR9.png,1,stylegan,id,0.000000
data/processed/train/real/cifake/train_4761 (6).png,0,cifake,id,0.000004
data/processed/train/fake_diffusion/cifake/train_2184.png,1,cifake,id,0.000016
data/processed/train/fake_diffusion/cifake/train_5632 (10).png,1,cifake,id,0.000000
data/processed/train/fake_diffusion/cifake/train_2858 (7).png,1,cifake,id,0.000000
data/processed/train/real/cifake/train_2751 (4).png,0,cifake,id,0.000198
data/processed/train/fake_diffusion/sd15/sd15_02060.png,1,sd15,id,0.000000
data/processed/train/real/ffhq/50540.png,0,ffhq,id,0.000000
data/processed/train/real/cifake/train_3302 (4).png,0,cifake,id,0.951424
data/processed/train/real/cifake/test_0554 (2).png,0,cifake,id,0.000165
data/processed/train/fake_gan/stylegan/1E8H6XTYWL.png,1,stylegan,id,0.005956
data/processed/train/fake_diffusion/cifake/test_915 (4).png,1,cifake,id,0.000000
data/processed/train/real/diverse_real/04137.png,0,diverse_real,id,0.000000
data/processed/train/fake_diffusion/cifake/test_279 (2).png,1,cifake,id,0.000000
data/processed/train/real/diverse_real/53257.png,0,diverse_real,id,0.000000
data/processed/train/fake_diffusion/cifake/train_1568 (9).png,1,cifake,id,0.258395
data/processed/train/fake_gan/stylegan/FZPDQ2XUQA.png,1,stylegan,id,0.000047
data/processed/train/fake_diffusion/cifake/train_3732 (4).png,1,cifake,id,0.000000
data/processed/train/real/ffhq/26088.png,0,ffhq,id,0.000000
data/processed/train/fake_diffusion/cifake/train_2919 (2).png,1,cifake,id,0.395260
data/processed/train/fake_diffusion/cifake/train_5413 (3).png,1,cifake,id,0.000003
data/processed/train/real/cifake/train_0570 (4).png,0,cifake,id,0.000387
data/processed/train/fake_diffusion/cifake/test_72 (3).png,1,cifake,id,0.000000
data/processed/train/real/cifake/train_1517 (10).png,0,cifake,id,0.000000
data/processed/train/real/cifake/test_0341 (5).png,0,cifake,id,0.006271
data/processed/train/fake_gan/stylegan/42Y55DLMTG.png,1,stylegan,id,0.007670
data/processed/train/fake_diffusion/cifake/train_4126 (9).png,1,cifake,id,0.000441
data/processed/train/fake_diffusion/cifake/train_1149 (10).png,1,cifake,id,0.000000
data/processed/train/real/ffhq/19486.png,0,ffhq,id,0.000000
data/processed/train/fake_diffusion/cifake/test_501 (4).png,1,cifake,id,0.002788
data/processed/train/real/ffhq/42979.png,0,ffhq,id,0.000000
data/processed/train/real/cifake/train_1018 (3).png,0,cifake,id,0.014758
data/processed/train/fake_diffusion/cifake/train_2547 (6).png,1,cifake,id,0.000000
data/processed/train/fake_gan/stylegan/PAAI6DCP3P.png,1,stylegan,id,0.000337
data/processed/train/real/cifake/train_4457 (2).png,0,cifake,id,0.000166
data/processed/train/fake_diffusion/cifake/train_5456 (5).png,1,cifake,id,0.000001
data/processed/train/real/diverse_real/66055.png,0,diverse_real,id,0.000000
data/processed/train/real/cifake/train_2443 (3).png,0,cifake,id,0.000385
data/processed/train/fake_diffusion/cifake/test_948 (2).png,1,cifake,id,0.000000
data/processed/train/real/cifake/train_1344 (9).png,0,cifake,id,0.000115
data/processed/train/real/ffhq/47238.png,0,ffhq,id,0.000000
data/processed/train/real/cifake/train_3247 (2).png,0,cifake,id,0.000000
data/processed/train/fake_gan/stylegan/WF609HDCHO.png,1,stylegan,id,0.000029
data/processed/train/real/cifake/test_0006 (10).png,0,cifake,id,0.000002
data/processed/train/real/ffhq/28497.png,0,ffhq,id,0.000000
data/processed/train/real/diverse_real/15164.png,0,diverse_real,id,0.000000
data/processed/train/real/cifake/train_4841 (7).png,0,cifake,id,0.000004
data/processed/train/real/cifake/train_0442 (6).png,0,cifake,id,0.000268
data/processed/train/fake_diffusion/sd15/sd15_00193.png,1,sd15,id,0.000000
data/processed/train/fake_diffusion/sd15/sd15_01728.png,1,sd15,id,0.000000
data/processed/train/real/ffhq/14445.png,0,ffhq,id,0.000000
data/processed/train/real/cifake/test_0621 (3).png,0,cifake,id,0.000705
data/processed/train/real/ffhq/43874.png,0,ffhq,id,0.000000
data/processed/train/fake_diffusion/cifake/train_3964 (9).png,1,cifake,id,0.000128
data/processed/train/real/ffhq/40311.png,0,ffhq,id,0.000000
data/processed/train/real/ffhq/44486.png,0,ffhq,id,0.000000
data/processed/train/real/ffhq/45137.png,0,ffhq,id,0.000000
data/processed/train/real/cifake/train_0527 (2).png,0,cifake,id,0.000000
data/processed/train/real/ffhq/47857.png,0,ffhq,id,0.000013
data/processed/train/real/ffhq/40652.png,0,ffhq,id,0.000000
data/processed/train/real/diverse_real/53748.png,0,diverse_real,id,0.000000
data/processed/train/fake_diffusion/cifake/train_3501.png,1,cifake,id,0.000083
data/processed/train/fake_diffusion/sd15/sd15_00317.png,1,sd15,id,0.000000
data/processed/train/real/ffhq/18135.png,0,ffhq,id,0.000002
data/processed/train/real/ffhq/40591.png,0,ffhq,id,0.000000
data/processed/train/real/cifake/train_3016 (7).png,0,cifake,id,0.000000
data/processed/train/real/ffhq/02591.png,0,ffhq,id,0.000000
data/processed/train/real/cifake/test_0030 (10).png,0,cifake,id,0.000002
data/processed/train/real/ffhq/01698.png,0,ffhq,id,0.000000
data/processed/train/fake_diffusion/sd15/sd15_01913.png,1,sd15,id,0.000000
data/processed/train/fake_gan/stylegan/UAUSDEC9VF.png,1,stylegan,id,0.000000
data/processed/train/real/ffhq/41565.png,0,ffhq,id,0.000002
data/processed/train/fake_diffusion/cifake/train_3121 (3).png,1,cifake,id,0.040948
data/processed/train/real/diverse_real/21478.png,0,diverse_real,id,0.000000
data/processed/train/real/ffhq/41865.png,0,ffhq,id,0.000000
data/processed/train/fake_diffusion/cifake/train_1783 (8).png,1,cifake,id,0.000000
data/processed/train/real/cifake/train_2876 (8).png,0,cifake,id,0.000000
data/processed/train/fake_gan/stylegan/RZ8SG56WXD.png,1,stylegan,id,0.000006
data/processed/train/fake_gan/stylegan/HJXVUIOK78.png,1,stylegan,id,0.000025
data/processed/train/real/cifake/train_4470 (9).png,0,cifake,id,0.001093
data/processed/train/fake_diffusion/cifake/train_1680.png,1,cifake,id,0.019841
data/processed/train/real/cifake/train_4683 (9).png,0,cifake,id,0.041312
data/processed/train/fake_diffusion/cifake/train_4110 (3).png,1,cifake,id,0.000296
data/processed/train/fake_diffusion/cifake/train_2786 (5).png,1,cifake,id,0.000001
data/processed/train/real/cifake/train_4422 (7).png,0,cifake,id,0.000000
data/processed/train/fake_diffusion/cifake/train_4358 (9).png,1,cifake,id,0.118563
data/processed/train/fake_diffusion/sd15/sd15_01150.png,1,sd15,id,0.000000
data/processed/train/fake_gan/stylegan/PD0CRHNAN3.png,1,stylegan,id,0.000000
data/processed/train/fake_diffusion/cifake/test_291 (2).png,1,cifake,id,0.000000
data/processed/train/fake_diffusion/cifake/test_226 (4).png,1,cifake,id,0.000000
data/processed/train/real/cifake/train_0863 (8).png,0,cifake,id,0.000000
data/processed/train/real/ffhq/46508.png,0,ffhq,id,0.000000
data/processed/train/real/cifake/train_2892 (10).png,0,cifake,id,0.000030
data/processed/train/fake_diffusion/cifake/train_4792 (4).png,1,cifake,id,0.783307
data/processed/train/real/cifake/train_0989 (4).png,0,cifake,id,0.000018
data/processed/train/fake_diffusion/cifake/train_1901 (3).png,1,cifake,id,0.001711
data/processed/train/real/cifake/train_0261 (5).png,0,cifake,id,0.000561
data/processed/train/real/diverse_real/55637.png,0,diverse_real,id,0.000000
data/processed/train/real/ffhq/29386.png,0,ffhq,id,0.000002
data/processed/train/fake_gan/stylegan/YW4SO28GPN.png,1,stylegan,id,0.000000
data/processed/train/real/cifake/train_2344 (3).png,0,cifake,id,0.012065
data/processed/train/fake_diffusion/sd15/sd15_01253.png,1,sd15,id,0.000002
data/processed/train/fake_gan/stylegan/U1EF0ZKC26.png,1,stylegan,id,0.000271
data/processed/train/fake_gan/stylegan/6396CIKJ76.png,1,stylegan,id,0.000045
data/processed/train/real/ffhq/06922.png,0,ffhq,id,0.000000
data/processed/train/fake_diffusion/cifake/train_4645.png,1,cifake,id,0.050520
data/processed/train/fake_gan/stylegan/YKWLJSOPBK.png,1,stylegan,id,0.000000
data/processed/train/fake_gan/stylegan/0FIEF5AI1O.png,1,stylegan,id,0.000019
data/processed/train/real/cifake/train_1478 (4).png,0,cifake,id,0.000009
data/processed/train/real/diverse_real/51919.png,0,diverse_real,id,0.000000
data/processed/train/real/ffhq/17167.png,0,ffhq,id,0.000000
data/processed/train/real/cifake/train_3298 (7).png,0,cifake,id,0.000030
data/processed/train/fake_diffusion/cifake/train_5726 (6).png,1,cifake,id,0.005999
data/processed/train/real/cifake/test_0645 (8).png,0,cifake,id,0.000000
data/processed/train/fake_gan/stylegan/2TG4LHBFI0.png,1,stylegan,id,0.000000
data/processed/train/fake_gan/stylegan/X63Q1JFH6M.png,1,stylegan,id,0.000011
data/processed/train/fake_gan/stylegan/62VW1O0DQZ.png,1,stylegan,id,0.000000
data/processed/train/real/ffhq/18374.png,0,ffhq,id,0.000000
data/processed/train/real/diverse_real/43337.png,0,diverse_real,id,0.000000
data/processed/train/real/cifake/test_0524 (9).png,0,cifake,id,0.000003
data/processed/train/real/cifake/train_4234 (5).png,0,cifake,id,0.000000
data/processed/train/real/ffhq/02444.png,0,ffhq,id,0.000000
data/processed/train/real/ffhq/15159.png,0,ffhq,id,0.000000
data/processed/train/fake_diffusion/sd15/sd15_02200.png,1,sd15,id,0.000000
data/processed/train/fake_diffusion/cifake/train_1813 (10).png,1,cifake,id,0.001398
data/processed/train/real/cifake/train_3291 (9).png,0,cifake,id,0.980839
data/processed/train/real/ffhq/06924.png,0,ffhq,id,0.000000
data/processed/train/fake_gan/stylegan/3BBMA764Z8.png,1,stylegan,id,0.000000
data/processed/train/fake_gan/stylegan/OES06Y0TLU.png,1,stylegan,id,0.000002
data/processed/train/fake_gan/stylegan/WHQF1YT1IV.png,1,stylegan,id,0.000000
data/processed/train/fake_diffusion/cifake/train_3059 (7).png,1,cifake,id,0.000117
data/processed/train/fake_diffusion/cifake/test_203 (10).png,1,cifake,id,0.000001
data/processed/train/fake_gan/stylegan/OWHQYH5QDT.png,1,stylegan,id,0.000000
data/processed/train/real/diverse_real/24513.png,0,diverse_real,id,0.000000
data/processed/train/fake_diffusion/sd15/sd15_00219.png,1,sd15,id,0.000000
data/processed/train/fake_gan/stylegan/CMM5CAKSTE.png,1,stylegan,id,0.000119
data/processed/train/real/cifake/test_0619.png,0,cifake,id,0.000000
data/processed/train/fake_diffusion/sd15/sd15_01795.png,1,sd15,id,0.000000
data/processed/train/real/ffhq/15557.png,0,ffhq,id,0.000001
data/processed/train/real/cifake/train_2354 (4).png,0,cifake,id,0.038428
data/processed/train/fake_gan/stylegan/IL0ME91OF2.png,1,stylegan,id,0.040066
data/processed/train/real/ffhq/40916.png,0,ffhq,id,0.000002
data/processed/train/real/cifake/train_4370 (3).png,0,cifake,id,0.000093
data/processed/train/real/cifake/train_2159 (7).png,0,cifake,id,0.000325
data/processed/train/real/ffhq/39088.png,0,ffhq,id,0.000000
data/processed/train/fake_diffusion/cifake/train_5557 (4).png,1,cifake,id,0.000003
data/processed/train/fake_gan/stylegan/VQ4AO008P8.png,1,stylegan,id,0.000000
data/processed/train/fake_diffusion/cifake/train_2385 (3).png,1,cifake,id,0.000001
data/processed/train/real/ffhq/02156.png,0,ffhq,id,0.000000
data/processed/train/fake_diffusion/cifake/train_2912.png,1,cifake,id,0.057596
data/processed/train/fake_diffusion/cifake/train_2374 (6).png,1,cifake,id,0.000000
data/processed/train/fake_diffusion/cifake/train_2212.png,1,cifake,id,0.000014
data/processed/train/real/cifake/train_2243 (5).png,0,cifake,id,0.000001
data/processed/train/fake_diffusion/cifake/train_5320.png,1,cifake,id,0.009290
data/processed/train/fake_gan/stylegan/HIPTKCKBCH.png,1,stylegan,id,0.000850
data/processed/train/fake_diffusion/cifake/train_4817 (2).png,1,cifake,id,0.000000
data/processed/train/real/ffhq/14600.png,0,ffhq,id,0.004509
data/processed/train/real/cifake/test_0704 (3).png,0,cifake,id,0.000001
data/processed/train/fake_diffusion/cifake/train_4245.png,1,cifake,id,0.797947
data/processed/train/fake_diffusion/cifake/test_808 (8).png,1,cifake,id,0.000000
data/processed/train/real/diverse_real/34616.png,0,diverse_real,id,0.000002
data/processed/train/fake_gan/stylegan/UHFQP50Z9Z.png,1,stylegan,id,0.000079
data/processed/train/real/cifake/train_0515 (5).png,0,cifake,id,0.000763
data/processed/train/fake_diffusion/cifake/train_4876.png,1,cifake,id,0.000142
data/processed/train/fake_diffusion/cifake/train_3904 (3).png,1,cifake,id,0.000001
data/processed/train/fake_gan/stylegan/O7I4E3Y7DK.png,1,stylegan,id,0.000002
data/processed/train/real/ffhq/36459.png,0,ffhq,id,0.000000
data/processed/train/real/cifake/train_0449 (7).png,0,cifake,id,0.000044
data/processed/train/fake_gan/stylegan/I431ON1HTH.png,1,stylegan,id,0.030127
data/processed/train/real/cifake/train_1575 (2).png,0,cifake,id,0.000000
data/processed/train/real/ffhq/20284.png,0,ffhq,id,0.000078
data/processed/train/fake_diffusion/cifake/train_5186 (8).png,1,cifake,id,0.000000
data/processed/train/real/cifake/train_3694.png,0,cifake,id,0.000117
data/processed/train/fake_diffusion/cifake/train_5841 (9).png,1,cifake,id,0.000000
data/processed/train/fake_diffusion/sd15/sd15_02477.png,1,sd15,id,0.000000
data/processed/train/real/ffhq/27936.png,0,ffhq,id,0.000000
data/processed/train/fake_diffusion/tristanzhang_train/3755.png,1,tristanzhang_train,id,0.000000
data/processed/train/fake_diffusion/cifake/train_1152 (4).png,1,cifake,id,0.000000
data/processed/train/real/diverse_real/41456.png,0,diverse_real,id,0.000000
data/processed/train/real/diverse_real/07729.png,0,diverse_real,id,0.000000
data/processed/train/real/cifake/train_1191 (8).png,0,cifake,id,0.000036
data/processed/train/fake_diffusion/cifake/train_3074 (9).png,1,cifake,id,0.003073
data/processed/train/real/diverse_real/49258.png,0,diverse_real,id,0.000000
data/processed/train/real/ffhq/29597.png,0,ffhq,id,0.000000
data/processed/train/fake_diffusion/cifake/train_5392 (9).png,1,cifake,id,0.752736
data/processed/train/fake_gan/stylegan/63BJA629AF.png,1,stylegan,id,0.000009
data/processed/train/fake_gan/stylegan/72AMN2C2VK.png,1,stylegan,id,0.000000
data/processed/train/real/ffhq/30504.png,0,ffhq,id,0.000000
data/processed/train/real/cifake/train_2692 (10).png,0,cifake,id,0.000000
data/processed/train/real/ffhq/38026.png,0,ffhq,id,0.000000
data/processed/train/real/cifake/train_4959 (7).png,0,cifake,id,0.000023
data/processed/train/real/real_camera_train/000000002261.png,0,real_camera_train,id,0.000000
data/processed/train/real/real_pexels_train/4029.png,0,real_pexels_train,id,0.000000
data/processed/train/fake_diffusion/sd15/sd15_00687.png,1,sd15,id,0.000000
data/processed/train/real/diverse_real/13951.png,0,diverse_real,id,0.000000
data/processed/train/fake_diffusion/cifake/train_3588 (3).png,1,cifake,id,0.000000
data/processed/train/fake_diffusion/cifake/train_2544 (3).png,1,cifake,id,0.026963
data/processed/train/fake_diffusion/cifake/test_192 (5).png,1,cifake,id,0.000000
data/processed/train/fake_gan/stylegan/6MFKXQT6HI.png,1,stylegan,id,0.025270
data/processed/train/fake_gan/stylegan/XKPCTFZZVU.png,1,stylegan,id,0.000002
data/processed/train/real/diverse_real/32040.png,0,diverse_real,id,0.000000
data/processed/train/fake_gan/stylegan/L426TPGUVR.png,1,stylegan,id,0.208034
data/processed/train/fake_diffusion/cifake/test_242 (8).png,1,cifake,id,0.005832
data/processed/train/fake_diffusion/cifake/test_136 (2).png,1,cifake,id,0.000003
data/processed/train/fake_diffusion/cifake/train_2146.png,1,cifake,id,0.000167
data/processed/train/real/ffhq/47705.png,0,ffhq,id,0.000000
data/processed/train/real/ffhq/29588.png,0,ffhq,id,0.000000
data/processed/train/fake_diffusion/cifake/train_5584 (3).png,1,cifake,id,0.000000
data/processed/train/real/diverse_real/63049.png,0,diverse_real,id,0.000000
data/processed/train/real/cifake/test_0051 (3).png,0,cifake,id,0.005669
data/processed/train/real/cifake/train_2735.png,0,cifake,id,0.508017
data/processed/train/real/diverse_real/68683.png,0,diverse_real,id,0.000000
data/processed/train/real/cifake/train_3642 (3).png,0,cifake,id,0.884331
data/processed/train/real/cifake/train_0339 (4).png,0,cifake,id,0.000296
data/processed/train/fake_diffusion/cifake/train_2347.png,1,cifake,id,0.000000
data/processed/train/real/cifake/train_0726 (6).png,0,cifake,id,0.000490
data/processed/train/real/ffhq/15881.png,0,ffhq,id,0.000000
data/processed/train/fake_gan/stylegan/SDFDCQ20D0.png,1,stylegan,id,0.000001
data/processed/train/fake_diffusion/cifake/train_3479 (7).png,1,cifake,id,0.000033
data/processed/train/real/cifake/train_3069 (3).png,0,cifake,id,0.000001
data/processed/train/real/ffhq/52289.png,0,ffhq,id,0.000000
data/processed/train/fake_gan/stylegan/JATB3RBCEG.png,1,stylegan,id,0.006357
data/processed/train/fake_diffusion/sd15/sd15_01753.png,1,sd15,id,0.000000
data/processed/train/real/cifake/train_2758 (9).png,0,cifake,id,0.000098
data/processed/train/fake_gan/stylegan/SGO1L879CN.png,1,stylegan,id,0.000000
data/processed/train/real/diverse_real/49878.png,0,diverse_real,id,0.000000
data/processed/train/real/ffhq/01436.png,0,ffhq,id,0.000000
data/processed/train/real/diverse_real/15816.png,0,diverse_real,id,0.000000
data/processed/train/fake_diffusion/cifake/train_2282 (4).png,1,cifake,id,0.000005
data/processed/train/fake_diffusion/cifake/train_5068 (10).png,1,cifake,id,0.000000
data/processed/train/real/ffhq/23210.png,0,ffhq,id,0.000000
data/processed/train/fake_gan/stylegan/7OWMIFUM54.png,1,stylegan,id,0.000000
data/processed/train/fake_diffusion/cifake/train_4234 (2).png,1,cifake,id,0.000000
data/processed/train/fake_diffusion/cifake/train_2795.png,1,cifake,id,0.000000
data/processed/train/fake_diffusion/sd15/sd15_00422.png,1,sd15,id,0.000000
data/processed/train/fake_diffusion/cifake/train_3398 (2).png,1,cifake,id,0.000001
data/processed/train/fake_diffusion/tristanzhang_train/3944.png,1,tristanzhang_train,id,0.000000
data/processed/train/real/ffhq/42349.png,0,ffhq,id,0.000000
data/processed/train/real/cifake/train_3875.png,0,cifake,id,0.019887
data/processed/train/real/cifake/train_1781 (5).png,0,cifake,id,0.010912
data/processed/train/real/ffhq/39842.png,0,ffhq,id,0.000000
data/processed/train/real/ffhq/37185.png,0,ffhq,id,0.000000
data/processed/train/real/diverse_real/58840.png,0,diverse_real,id,0.000000
data/processed/train/fake_gan/stylegan/CZQ0B07RUW.png,1,stylegan,id,0.000010
data/processed/train/real/cifake/train_4178 (8).png,0,cifake,id,0.000000
data/processed/train/fake_diffusion/cifake/train_2553.png,1,cifake,id,0.018212
data/processed/train/fake_diffusion/cifake/train_4519 (10).png,1,cifake,id,0.000000
data/processed/train/fake_gan/stylegan/QZ0XYGUGO0.png,1,stylegan,id,0.000000
data/processed/train/real/cifake/train_2513 (9).png,0,cifake,id,0.000000
data/processed/train/fake_diffusion/cifake/train_2261 (5).png,1,cifake,id,0.000002
data/processed/train/real/diverse_real/21988.png,0,diverse_real,id,0.000000
data/processed/train/real/cifake/train_4258 (8).png,0,cifake,id,0.000000
data/processed/train/real/diverse_real/27908.png,0,diverse_real,id,0.000005
data/processed/train/fake_gan/stylegan/ZVIECE0NAK.png,1,stylegan,id,0.000549
data/processed/train/real/diverse_real/47985.png,0,diverse_real,id,0.000000
data/processed/train/real/ffhq/20001.png,0,ffhq,id,0.000000
data/processed/train/real/cifake/train_0575 (4).png,0,cifake,id,0.000000
data/processed/train/fake_gan/stylegan/911UAN60JP.png,1,stylegan,id,0.000000
data/processed/train/fake_diffusion/cifake/train_4001 (6).png,1,cifake,id,0.000128
data/processed/train/fake_diffusion/cifake/train_5966 (4).png,1,cifake,id,0.000035
data/processed/train/fake_diffusion/cifake/test_114 (4).png,1,cifake,id,0.000002
data/processed/train/real/ffhq/32130.png,0,ffhq,id,0.000003
data/processed/train/fake_diffusion/cifake/train_1020 (3).png,1,cifake,id,0.000003
data/processed/train/real/cifake/train_4179 (5).png,0,cifake,id,0.000000
data/processed/train/fake_diffusion/cifake/train_4953.png,1,cifake,id,0.000066
data/processed/train/fake_diffusion/cifake/train_5988 (2).png,1,cifake,id,0.000110
data/processed/train/real/diverse_real/54620.png,0,diverse_real,id,0.000000
data/processed/train/fake_gan/stylegan/6L1TDCLG4Z.png,1,stylegan,id,0.000000
data/processed/train/real/cifake/train_4540 (7).png,0,cifake,id,0.015271
data/processed/train/real/ffhq/34758.png,0,ffhq,id,0.000000
data/processed/train/fake_diffusion/sd15/sd15_01011.png,1,sd15,id,0.000000
data/processed/train/real/cifake/test_0560 (6).png,0,cifake,id,0.000000
data/processed/train/real/diverse_real/28816.png,0,diverse_real,id,0.000000
data/processed/train/real/cifake/train_3580 (10).png,0,cifake,id,0.000000
data/processed/train/real/diverse_real/64841.png,0,diverse_real,id,0.000000
data/processed/train/real/cifake/train_0027 (10).png,0,cifake,id,0.000000
data/processed/train/fake_diffusion/cifake/train_1798 (2).png,1,cifake,id,0.000000
data/processed/train/fake_gan/stylegan/0OX0N4CCRK.png,1,stylegan,id,0.000000
data/processed/train/real/cifake/train_1381 (6).png,0,cifake,id,0.000057
data/processed/train/fake_diffusion/cifake/test_101 (3).png,1,cifake,id,0.004044
data/processed/train/fake_gan/stylegan/19CCJ4JDP8.png,1,stylegan,id,0.001037
data/processed/train/fake_diffusion/cifake/train_4653 (6).png,1,cifake,id,0.000009
data/processed/train/fake_diffusion/cifake/train_2060 (4).png,1,cifake,id,0.000001
data/processed/train/real/cifake/train_2195 (8).png,0,cifake,id,0.000000
data/processed/train/fake_diffusion/cifake/train_4525 (9).png,1,cifake,id,0.001278
data/processed/train/fake_diffusion/cifake/train_3924 (2).png,1,cifake,id,0.000001
data/processed/train/fake_diffusion/cifake/train_3210 (9).png,1,cifake,id,0.000891
data/processed/train/fake_diffusion/cifake/train_5822 (8).png,1,cifake,id,0.000005
data/processed/train/real/ffhq/23757.png,0,ffhq,id,0.000000
data/processed/train/real/ffhq/31635.png,0,ffhq,id,0.000000
data/processed/train/fake_gan/stylegan/MHKLWHUQSN.png,1,stylegan,id,0.000000
data/processed/train/fake_gan/stylegan/JFKR5069M0.png,1,stylegan,id,0.000000
data/processed/train/real/cifake/train_1010 (2).png,0,cifake,id,0.000532
data/processed/train/real/ffhq/06958.png,0,ffhq,id,0.000000
data/processed/train/real/cifake/train_3488 (4).png,0,cifake,id,0.000000
data/processed/train/fake_diffusion/cifake/train_4114 (8).png,1,cifake,id,0.000001
data/processed/train/real/ffhq/38179.png,0,ffhq,id,0.000000
data/processed/train/fake_diffusion/sd15/sd15_00834.png,1,sd15,id,0.000000
data/processed/train/real/ffhq/50416.png,0,ffhq,id,0.000001
data/processed/train/fake_diffusion/cifake/test_434 (10).png,1,cifake,id,0.000027
data/processed/train/real/ffhq/40405.png,0,ffhq,id,0.000000
data/processed/train/fake_diffusion/cifake/train_1497 (4).png,1,cifake,id,0.000000
data/processed/train/real/cifake/test_0360 (9).png,0,cifake,id,0.881666
data/processed/train/real/diverse_real/61991.png,0,diverse_real,id,0.000000
data/processed/train/real/cifake/train_2744 (9).png,0,cifake,id,0.000206
data/processed/train/real/ffhq/15942.png,0,ffhq,id,0.000000
data/processed/train/real/cifake/train_4243 (8).png,0,cifake,id,0.000000
data/processed/train/fake_diffusion/cifake/train_1125 (10).png,1,cifake,id,0.000000
data/processed/train/real/diverse_real/57135.png,0,diverse_real,id,0.000000
data/processed/train/real/cifake/test_0255 (6).png,0,cifake,id,0.000012
data/processed/train/fake_gan/stylegan/YHEUE0LHM0.png,1,stylegan,id,0.000001
data/processed/train/fake_diffusion/cifake/train_1562 (8).png,1,cifake,id,0.000001
data/processed/train/real/ffhq/41503.png,0,ffhq,id,0.000000
data/processed/train/real/cifake/train_1160 (4).png,0,cifake,id,0.073083
data/processed/train/fake_gan/stylegan/Q3JMVUS50A.png,1,stylegan,id,0.957531
data/processed/train/real/diverse_real/67587.png,0,diverse_real,id,0.000000
data/processed/train/real/diverse_real/23239.png,0,diverse_real,id,0.000000
data/processed/train/fake_gan/stylegan/1DMX3OTXNR.png,1,stylegan,id,0.000002
data/processed/train/real/diverse_real/51636.png,0,diverse_real,id,0.000000
data/processed/train/real/cifake/train_3650 (3).png,0,cifake,id,0.098392
data/processed/train/real/cifake/train_2868 (9).png,0,cifake,id,0.000011
data/processed/train/fake_diffusion/sd15/sd15_00775.png,1,sd15,id,0.000115
data/processed/train/fake_diffusion/cifake/train_4258.png,1,cifake,id,0.000201
data/processed/train/real/cifake/train_2049 (4).png,0,cifake,id,0.000061
data/processed/train/real/cifake/train_2460 (7).png,0,cifake,id,0.000128
data/processed/train/fake_gan/stylegan/WEGA9R220U.png,1,stylegan,id,0.000219
data/processed/train/real/ffhq/20681.png,0,ffhq,id,0.000000
data/processed/train/real/cifake/train_0861 (3).png,0,cifake,id,0.000036
data/processed/train/real/diverse_real/20950.png,0,diverse_real,id,0.000000
data/processed/train/real/cifake/test_0700 (8).png,0,cifake,id,0.024446
data/processed/train/fake_diffusion/cifake/train_2344 (4).png,1,cifake,id,0.000000
data/processed/train/fake_gan/stylegan/ENAZVP7GCM.png,1,stylegan,id,0.000118
data/processed/train/real/cifake/test_0830 (9).png,0,cifake,id,0.000004
data/processed/train/real/ffhq/37235.png,0,ffhq,id,0.000000
data/processed/train/real/ffhq/39174.png,0,ffhq,id,0.000002
data/processed/train/real/ffhq/11065.png,0,ffhq,id,0.000000
data/processed/train/fake_gan/stylegan/AB02Y1D2CQ.png,1,stylegan,id,0.878757
data/processed/train/fake_gan/stylegan/0KKVL4RFIN.png,1,stylegan,id,0.000000
data/processed/train/real/cifake/train_2911 (10).png,0,cifake,id,0.000000
data/processed/train/fake_diffusion/cifake/train_3075 (8).png,1,cifake,id,0.000002
data/processed/train/real/cifake/train_3697 (9).png,0,cifake,id,0.097181
data/processed/train/fake_gan/stylegan/SGJUDL3DZ8.png,1,stylegan,id,0.000007
data/processed/train/fake_diffusion/sd15/sd15_01959.png,1,sd15,id,0.000000
data/processed/train/fake_diffusion/cifake/test_903 (5).png,1,cifake,id,0.003579
data/processed/train/real/cifake/train_4151 (7).png,0,cifake,id,0.000786
data/processed/train/fake_diffusion/cifake/train_4777 (7).png,1,cifake,id,0.000000
data/processed/train/fake_diffusion/cifake/train_3136.png,1,cifake,id,0.028476
data/processed/train/real/real_camera_train/000000437351.png,0,real_camera_train,id,0.000000
data/processed/train/real/cifake/train_3991 (5).png,0,cifake,id,0.641632
data/processed/train/fake_diffusion/cifake/train_5866 (7).png,1,cifake,id,0.000269
data/processed/train/fake_diffusion/cifake/train_1267 (4).png,1,cifake,id,0.000060
data/processed/train/real/cifake/test_0947 (7).png,0,cifake,id,0.916981
data/processed/train/fake_gan/stylegan/VQZ7C78IKF.png,1,stylegan,id,0.000001
data/processed/train/fake_gan/stylegan/FJ7SH87A8P.png,1,stylegan,id,0.000264
data/processed/train/fake_diffusion/cifake/train_2135 (7).png,1,cifake,id,0.000000
data/processed/train/fake_diffusion/cifake/train_4572 (5).png,1,cifake,id,0.000000
data/processed/train/fake_gan/stylegan/6MRJ9MN3UF.png,1,stylegan,id,0.000000
data/processed/train/real/cifake/train_3047 (4).png,0,cifake,id,0.248123
data/processed/train/fake_gan/stylegan/NF43VUMKYA.png,1,stylegan,id,0.000000
data/processed/train/fake_diffusion/cifake/test_266.png,1,cifake,id,0.000000
data/processed/train/fake_diffusion/cifake/train_2114.png,1,cifake,id,0.029677
data/processed/train/real/cifake/train_2352.png,0,cifake,id,0.000260
data/processed/train/fake_diffusion/cifake/train_4765 (3).png,1,cifake,id,0.001147
data/processed/train/fake_diffusion/cifake/train_5223 (4).png,1,cifake,id,0.002581
data/processed/train/real/cifake/train_4619 (7).png,0,cifake,id,0.000002
data/processed/train/real/cifake/train_2562 (5).png,0,cifake,id,0.169137
data/processed/train/fake_diffusion/cifake/train_3345 (10).png,1,cifake,id,0.000266
data/processed/train/real/diverse_real/47089.png,0,diverse_real,id,0.000000
data/processed/train/real/real_camera_train/000000017379.png,0,real_camera_train,id,0.000000
data/processed/train/real/cifake/train_0917 (6).png,0,cifake,id,0.000000
data/processed/train/fake_diffusion/cifake/train_5950 (6).png,1,cifake,id,0.000000
data/processed/train/real/ffhq/40135.png,0,ffhq,id,0.000008
data/processed/train/fake_gan/stylegan/6AC0XX0NY6.png,1,stylegan,id,0.007288
data/processed/train/real/cifake/train_0478 (3).png,0,cifake,id,0.014071
data/processed/train/fake_gan/stylegan/NDR5KCJZ2U.png,1,stylegan,id,0.000000
data/processed/train/fake_gan/stylegan/DRWMO21S6W.png,1,stylegan,id,0.000017
data/processed/train/real/cifake/train_2771 (8).png,0,cifake,id,0.000000
data/processed/train/real/ffhq/35248.png,0,ffhq,id,0.000000
data/processed/train/real/diverse_real/22377.png,0,diverse_real,id,0.000211
data/processed/train/real/cifake/train_1188 (6).png,0,cifake,id,0.000797
data/processed/train/real/diverse_real/07639.png,0,diverse_real,id,0.000023
data/processed/train/fake_diffusion/cifake/train_2215.png,1,cifake,id,0.017521
data/processed/train/fake_gan/stylegan/M84XCOJWG7.png,1,stylegan,id,0.022033
data/processed/train/fake_diffusion/cifake/test_37 (2).png,1,cifake,id,0.003626
data/processed/train/real/cifake/test_0187 (2).png,0,cifake,id,0.000000
data/processed/train/real/cifake/train_3421 (3).png,0,cifake,id,0.000368
data/processed/train/real/cifake/train_4349 (10).png,0,cifake,id,0.003139
data/processed/train/fake_diffusion/cifake/train_3424 (4).png,1,cifake,id,0.000000
data/processed/train/fake_diffusion/cifake/train_1292 (9).png,1,cifake,id,0.000231
data/processed/train/fake_diffusion/cifake/test_440.png,1,cifake,id,0.003892
data/processed/train/fake_gan/stylegan/SC69TQP1JL.png,1,stylegan,id,0.006006
data/processed/train/fake_gan/stylegan/HCZYXU3OXD.png,1,stylegan,id,0.000283
data/processed/train/fake_diffusion/cifake/train_4750 (10).png,1,cifake,id,0.000000
data/processed/train/fake_diffusion/sd15/sd15_01743.png,1,sd15,id,0.000000
data/processed/train/real/cifake/train_1622 (3).png,0,cifake,id,0.000122
data/processed/train/real/cifake/train_3100 (2).png,0,cifake,id,0.000000
data/processed/train/real/ffhq/22380.png,0,ffhq,id,0.000000
data/processed/train/fake_gan/stylegan/EIJJOH803F.png,1,stylegan,id,0.000000
data/processed/train/real/cifake/train_0031 (7).png,0,cifake,id,0.000004
data/processed/train/real/diverse_real/37825.png,0,diverse_real,id,0.000000
data/processed/train/fake_diffusion/sd15/sd15_01357.png,1,sd15,id,0.000000
data/processed/train/fake_diffusion/sd15/sd15_01872.png,1,sd15,id,0.000000
data/processed/train/real/diverse_real/14182.png,0,diverse_real,id,0.000000
data/processed/train/fake_gan/stylegan/4K8PEP7XGS.png,1,stylegan,id,0.000000
data/processed/train/real/ffhq/05104.png,0,ffhq,id,0.000000
data/processed/train/real/ffhq/36371.png,0,ffhq,id,0.000000
data/processed/train/real/diverse_real/30746.png,0,diverse_real,id,0.000000
data/processed/train/fake_diffusion/sd15/sd15_00113.png,1,sd15,id,0.000000
data/processed/train/real/diverse_real/40597.png,0,diverse_real,id,0.000000
data/processed/train/real/ffhq/47889.png,0,ffhq,id,0.000000
data/processed/train/real/diverse_real/01036.png,0,diverse_real,id,0.000000
data/processed/train/real/cifake/train_3785 (6).png,0,cifake,id,0.000000
data/processed/train/fake_diffusion/sd15/sd15_00792.png,1,sd15,id,0.000000
data/processed/train/fake_diffusion/sd15/sd15_01225.png,1,sd15,id,0.000019
data/processed/train/fake_diffusion/cifake/test_925 (3).png,1,cifake,id,0.000000
data/processed/train/fake_gan/stylegan/WS13S4OS14.png,1,stylegan,id,0.000000
data/processed/train/fake_diffusion/cifake/test_958 (6).png,1,cifake,id,0.000000
data/processed/train/real/cifake/train_2637 (9).png,0,cifake,id,0.000003
data/processed/train/fake_diffusion/cifake/train_3903 (9).png,1,cifake,id,0.000005
data/processed/train/real/cifake/test_0802.png,0,cifake,id,0.000868
data/processed/train/fake_diffusion/sd15/sd15_02138.png,1,sd15,id,0.000000
data/processed/train/real/diverse_real/33178.png,0,diverse_real,id,0.000000
data/processed/train/real/cifake/train_4995 (10).png,0,cifake,id,0.966702
data/processed/train/real/cifake/train_2597 (5).png,0,cifake,id,0.010336
data/processed/train/fake_diffusion/cifake/train_1520 (3).png,1,cifake,id,0.000000
data/processed/train/fake_diffusion/cifake/train_2009 (8).png,1,cifake,id,0.000041
data/processed/train/real/ffhq/15284.png,0,ffhq,id,0.000000
data/processed/train/fake_diffusion/sd15/sd15_01328.png,1,sd15,id,0.000000
data/processed/train/fake_gan/stylegan/ELT6C7J43D.png,1,stylegan,id,0.000067
data/processed/train/real/diverse_real/21895.png,0,diverse_real,id,0.000000
data/processed/train/real/ffhq/18476.png,0,ffhq,id,0.000000
data/processed/train/fake_gan/stylegan/P1P0K74IJT.png,1,stylegan,id,0.000001
data/processed/train/real/cifake/train_1846 (7).png,0,cifake,id,0.006802
data/processed/train/fake_diffusion/cifake/train_5831.png,1,cifake,id,0.013537
data/processed/train/fake_diffusion/cifake/train_5142 (10).png,1,cifake,id,0.000000
data/processed/train/real/diverse_real/04792.png,0,diverse_real,id,0.000000
data/processed/train/fake_gan/stylegan/YFB008A2R4.png,1,stylegan,id,0.000000
data/processed/train/real/cifake/train_4943.png,0,cifake,id,0.000884
data/processed/train/real/diverse_real/49208.png,0,diverse_real,id,0.000000
data/processed/train/fake_gan/stylegan/JCRSLJ7E2S.png,1,stylegan,id,0.000000
data/processed/train/real/cifake/train_4545 (4).png,0,cifake,id,0.003171
data/processed/train/fake_gan/stylegan/M9Q23CI2BG.png,1,stylegan,id,0.000000
data/processed/train/fake_gan/stylegan/UTIT9SVN77.png,1,stylegan,id,0.361215
data/processed/train/fake_diffusion/cifake/train_5552 (3).png,1,cifake,id,0.988377
data/processed/train/fake_diffusion/cifake/train_1953 (7).png,1,cifake,id,0.000034
data/processed/train/fake_gan/stylegan/VAXTDDCWN6.png,1,stylegan,id,0.000646
data/processed/train/real/ffhq/39303.png,0,ffhq,id,0.000000
data/processed/train/fake_diffusion/cifake/test_852 (7).png,1,cifake,id,0.000029
data/processed/train/fake_diffusion/tristanzhang_train/0992.png,1,tristanzhang_train,id,0.000000
data/processed/train/fake_gan/stylegan/CWAX4TMPZU.png,1,stylegan,id,0.000913
data/processed/train/fake_diffusion/cifake/test_497 (8).png,1,cifake,id,0.000000
data/processed/train/fake_gan/stylegan/6UQ89Q8QAP.png,1,stylegan,id,0.000000
data/processed/train/real/diverse_real/03965.png,0,diverse_real,id,0.000000
data/processed/train/real/ffhq/07167.png,0,ffhq,id,0.000000
data/processed/train/real/cifake/train_2114 (6).png,0,cifake,id,0.000752
data/processed/train/fake_gan/stylegan/YOWGZKI8UK.png,1,stylegan,id,0.000009
data/processed/train/real/cifake/test_0017 (5).png,0,cifake,id,0.000040
data/processed/train/fake_diffusion/sd15/sd15_00305.png,1,sd15,id,0.000000
data/processed/train/real/cifake/test_0350.png,0,cifake,id,0.000189
data/processed/train/real/cifake/train_4975 (2).png,0,cifake,id,0.000000
data/processed/train/fake_gan/stylegan/LPQNK2USD7.png,1,stylegan,id,0.000003
data/processed/train/fake_diffusion/cifake/train_2720 (7).png,1,cifake,id,0.000007
data/processed/train/real/diverse_real/32944.png,0,diverse_real,id,0.000000
data/processed/train/real/ffhq/36770.png,0,ffhq,id,0.000000
data/processed/train/fake_gan/stylegan/L533P2MFHD.png,1,stylegan,id,0.000000
data/processed/train/fake_diffusion/cifake/train_1069 (4).png,1,cifake,id,0.000000
data/processed/train/real/cifake/train_0394 (9).png,0,cifake,id,0.000001
data/processed/train/fake_diffusion/sd15/sd15_00485.png,1,sd15,id,0.000000
data/processed/train/real/cifake/train_2972 (4).png,0,cifake,id,0.001488
data/processed/train/real/cifake/train_4824 (9).png,0,cifake,id,0.039934
data/processed/train/fake_diffusion/cifake/train_4952.png,1,cifake,id,0.000140
data/processed/train/real/ffhq/26836.png,0,ffhq,id,0.000000
data/processed/train/real/cifake/train_0301 (10).png,0,cifake,id,0.000003
data/processed/train/fake_diffusion/sd15/sd15_00798.png,1,sd15,id,0.000000
data/processed/train/real/cifake/train_2137 (4).png,0,cifake,id,0.000004
data/processed/train/real/diverse_real/49532.png,0,diverse_real,id,0.000003
data/processed/train/fake_gan/stylegan/DD77MKH6QZ.png,1,stylegan,id,0.899348
data/processed/train/fake_diffusion/sd15/sd15_00691.png,1,sd15,id,0.000000
data/processed/train/fake_diffusion/cifake/train_1566 (8).png,1,cifake,id,0.114232
data/processed/train/real/cifake/train_1190.png,0,cifake,id,0.017982
data/processed/train/real/ffhq/40319.png,0,ffhq,id,0.000000
data/processed/train/real/cifake/train_0246 (5).png,0,cifake,id,0.000028
data/processed/train/real/cifake/train_4710 (6).png,0,cifake,id,0.000009
data/processed/train/fake_diffusion/cifake/train_1115 (7).png,1,cifake,id,0.000000
data/processed/train/real/cifake/test_0108 (8).png,0,cifake,id,0.000000
data/processed/train/fake_gan/stylegan/3UY71EAAEW.png,1,stylegan,id,0.000000
data/processed/train/fake_gan/stylegan/9WYIVATEO5.png,1,stylegan,id,0.926369
data/processed/train/fake_gan/stylegan/R55Q3SD11O.png,1,stylegan,id,0.000000
data/processed/train/fake_gan/stylegan/SEZQBCPHOM.png,1,stylegan,id,0.000000
data/processed/train/real/ffhq/29229.png,0,ffhq,id,0.000000
data/processed/train/real/real_camera_train/000000066561.png,0,real_camera_train,id,0.000000
data/processed/train/real/diverse_real/08630.png,0,diverse_real,id,0.000000
data/processed/train/real/cifake/train_3708 (9).png,0,cifake,id,0.000022
data/processed/train/fake_gan/stylegan/2GJ2J81O94.png,1,stylegan,id,0.005634
data/processed/train/fake_gan/stylegan/LP814FXDUM.png,1,stylegan,id,0.000001
data/processed/train/real/cifake/train_3419 (4).png,0,cifake,id,0.156867
data/processed/train/fake_gan/stylegan/P3J98EG62N.png,1,stylegan,id,0.000213
data/processed/train/real/cifake/train_1565 (6).png,0,cifake,id,0.000000
data/processed/train/fake_diffusion/cifake/train_5154 (6).png,1,cifake,id,0.000000
data/processed/train/real/ffhq/05594.png,0,ffhq,id,0.000000
data/processed/train/fake_gan/stylegan/5KTHU813CK.png,1,stylegan,id,0.000000
data/processed/train/fake_gan/stylegan/U3WL0JYCJ7.png,1,stylegan,id,0.000000
data/processed/train/real/diverse_real/06257.png,0,diverse_real,id,0.000000
data/processed/train/fake_gan/stylegan/H3V1A3IB1V.png,1,stylegan,id,0.000000
data/processed/train/fake_diffusion/cifake/train_4556 (9).png,1,cifake,id,0.000100
data/processed/train/real/diverse_real/49631.png,0,diverse_real,id,0.000000
data/processed/train/fake_gan/stylegan/L1706LXNIT.png,1,stylegan,id,0.000000
data/processed/train/real/cifake/train_1285 (8).png,0,cifake,id,0.000000
data/processed/train/fake_diffusion/sd15/sd15_02288.png,1,sd15,id,0.000000
data/processed/train/fake_diffusion/cifake/train_4429 (3).png,1,cifake,id,0.000971
data/processed/train/fake_diffusion/cifake/train_1152 (5).png,1,cifake,id,0.000112
data/processed/train/fake_gan/stylegan/NHU8COWKDE.png,1,stylegan,id,0.000008
data/processed/train/real/cifake/train_1756 (2).png,0,cifake,id,0.000000
data/processed/train/real/ffhq/43272.png,0,ffhq,id,0.000000
data/processed/train/fake_gan/stylegan/PIWE93PYXO.png,1,stylegan,id,0.000015
data/processed/train/real/ffhq/45513.png,0,ffhq,id,0.000000
data/processed/train/real/cifake/train_2111 (9).png,0,cifake,id,0.260717
data/processed/train/real/cifake/train_0525 (10).png,0,cifake,id,0.000000
data/processed/train/real/ffhq/44068.png,0,ffhq,id,0.000000
data/processed/train/fake_gan/stylegan/K3RIV1TXDY.png,1,stylegan,id,0.000007
data/processed/train/fake_gan/stylegan/10G9189AD6.png,1,stylegan,id,0.000000
data/processed/train/real/diverse_real/05576.png,0,diverse_real,id,0.000000
data/processed/train/fake_diffusion/sd15/sd15_01742.png,1,sd15,id,0.000000
data/processed/train/fake_gan/stylegan/W39AR29MIT.png,1,stylegan,id,0.000000
data/processed/train/fake_diffusion/cifake/test_284 (6).png,1,cifake,id,0.000012
data/processed/train/fake_diffusion/cifake/train_2539 (10).png,1,cifake,id,0.000010
data/processed/train/real/cifake/train_0937.png,0,cifake,id,0.000001
data/processed/train/fake_diffusion/cifake/train_3749 (4).png,1,cifake,id,0.077705
data/processed/train/real/cifake/train_4271 (4).png,0,cifake,id,0.000000
data/processed/train/fake_diffusion/cifake/train_4588 (9).png,1,cifake,id,0.040750
data/processed/train/real/cifake/train_0399 (7).png,0,cifake,id,0.000000
data/processed/train/fake_gan/stylegan/90HPKR8KMI.png,1,stylegan,id,0.000000
data/processed/train/fake_diffusion/cifake/test_271 (8).png,1,cifake,id,0.000003
data/processed/train/real/cifake/test_0025.png,0,cifake,id,0.610888
data/processed/train/fake_diffusion/cifake/train_2975 (10).png,1,cifake,id,0.011770
data/processed/train/fake_diffusion/cifake/train_3821.png,1,cifake,id,0.000010
data/processed/train/real/real_camera_train/000000188439.png,0,real_camera_train,id,0.000000
data/processed/train/fake_diffusion/sd15/sd15_01481.png,1,sd15,id,0.000000
data/processed/train/real/cifake/train_3990 (9).png,0,cifake,id,0.994785
data/processed/train/real/cifake/train_0566.png,0,cifake,id,0.004070
data/processed/train/real/ffhq/26395.png,0,ffhq,id,0.000000
data/processed/train/fake_diffusion/sd15/sd15_01841.png,1,sd15,id,0.000000
data/processed/train/real/ffhq/48687.png,0,ffhq,id,0.000000
data/processed/train/fake_diffusion/cifake/train_4446 (2).png,1,cifake,id,0.000000
data/processed/train/fake_diffusion/cifake/train_4452 (10).png,1,cifake,id,0.000000
data/processed/train/real/ffhq/53823.png,0,ffhq,id,0.000000
data/processed/train/fake_gan/stylegan/6P743LGIW7.png,1,stylegan,id,0.000000
data/processed/train/fake_gan/stylegan/PA19VL8PA1.png,1,stylegan,id,0.000000
data/processed/train/fake_gan/stylegan/QRWUTK50RJ.png,1,stylegan,id,0.003786
data/processed/train/real/diverse_real/67845.png,0,diverse_real,id,0.000000
data/processed/train/real/cifake/train_2959 (4).png,0,cifake,id,0.000010
data/processed/train/fake_diffusion/sd15/sd15_00142.png,1,sd15,id,0.000000
data/processed/train/real/cifake/train_4172 (2).png,0,cifake,id,0.000001
data/processed/train/real/cifake/train_3632 (8).png,0,cifake,id,0.027188
data/processed/train/real/ffhq/11943.png,0,ffhq,id,0.000000
data/processed/train/fake_diffusion/cifake/train_4537 (2).png,1,cifake,id,0.000084
data/processed/train/real/ffhq/05616.png,0,ffhq,id,0.000000
data/processed/train/real/real_pexels_train/3486.png,0,real_pexels_train,id,0.000000
data/processed/train/real/ffhq/05346.png,0,ffhq,id,0.000000
data/processed/train/fake_gan/stylegan/H6YFLVH7LG.png,1,stylegan,id,0.000000
data/processed/train/real/cifake/train_4727 (10).png,0,cifake,id,0.000000
data/processed/train/real/ffhq/50797.png,0,ffhq,id,0.000000
data/processed/train/real/diverse_real/62582.png,0,diverse_real,id,0.000000
data/processed/train/fake_diffusion/sd15/sd15_01421.png,1,sd15,id,0.000000
data/processed/train/fake_diffusion/cifake/train_4093 (4).png,1,cifake,id,0.000004
data/processed/train/real/cifake/train_1103 (5).png,0,cifake,id,0.000004
data/processed/train/real/cifake/train_1505 (2).png,0,cifake,id,0.000005
data/processed/train/real/cifake/train_4922 (7).png,0,cifake,id,0.001740
data/processed/train/fake_diffusion/cifake/train_5533 (9).png,1,cifake,id,0.197661
data/processed/train/real/diverse_real/30592.png,0,diverse_real,id,0.000000
data/processed/train/real/diverse_real/10480.png,0,diverse_real,id,0.000000
data/processed/train/real/cifake/train_3568 (6).png,0,cifake,id,0.000000
data/processed/train/real/cifake/test_0130 (9).png,0,cifake,id,0.000000
data/processed/train/real/diverse_real/64164.png,0,diverse_real,id,0.000000
data/processed/train/real/ffhq/17528.png,0,ffhq,id,0.000000
data/processed/train/real/cifake/train_2020 (3).png,0,cifake,id,0.000011
data/processed/train/fake_gan/stylegan/71C7FSGTL5.png,1,stylegan,id,0.000001
data/processed/train/fake_diffusion/cifake/train_2746 (6).png,1,cifake,id,0.279683
data/processed/train/real/diverse_real/37515.png,0,diverse_real,id,0.000000
data/processed/train/fake_diffusion/tristanzhang_train/2780.png,1,tristanzhang_train,id,0.000000
data/processed/train/fake_diffusion/cifake/train_1608.png,1,cifake,id,0.071050
data/processed/train/fake_diffusion/cifake/train_2916 (9).png,1,cifake,id,0.111499
data/processed/train/real/ffhq/28102.png,0,ffhq,id,0.000000
data/processed/train/real/diverse_real/24475.png,0,diverse_real,id,0.000000
data/processed/train/fake_diffusion/cifake/train_4159 (3).png,1,cifake,id,0.000000
data/processed/train/real/ffhq/30130.png,0,ffhq,id,0.000000
data/processed/train/real/cifake/train_4900 (4).png,0,cifake,id,0.000169
data/processed/train/real/cifake/train_4681 (8).png,0,cifake,id,0.000000
data/processed/train/fake_diffusion/sd15/sd15_02251.png,1,sd15,id,0.000000
data/processed/train/real/cifake/train_1043 (10).png,0,cifake,id,0.000000
data/processed/train/real/cifake/train_0130 (7).png,0,cifake,id,0.000792
data/processed/train/real/cifake/test_0136 (8).png,0,cifake,id,0.000000
data/processed/train/real/ffhq/20064.png,0,ffhq,id,0.000000
data/processed/train/fake_gan/stylegan/UHYXQDROK8.png,1,stylegan,id,0.000002
data/processed/train/real/cifake/test_0401 (8).png,0,cifake,id,0.000116
data/processed/train/real/ffhq/38759.png,0,ffhq,id,0.000000
data/processed/train/real/cifake/train_4298.png,0,cifake,id,0.024853
data/processed/train/fake_diffusion/cifake/train_5025 (9).png,1,cifake,id,0.004890
data/processed/train/real/cifake/train_2072 (10).png,0,cifake,id,0.000031
data/processed/train/real/diverse_real/68764.png,0,diverse_real,id,0.000000
data/processed/train/real/ffhq/17387.png,0,ffhq,id,0.000000
data/processed/train/real/cifake/test_0432 (7).png,0,cifake,id,0.000036
data/processed/train/real/diverse_real/69790.png,0,diverse_real,id,0.000000
data/processed/train/real/cifake/train_3407 (4).png,0,cifake,id,0.037682
data/processed/train/fake_gan/stylegan/CWL8GM0FEN.png,1,stylegan,id,0.000000
data/processed/train/real/cifake/train_0109 (4).png,0,cifake,id,0.000015
data/processed/train/real/diverse_real/34347.png,0,diverse_real,id,0.000000
data/processed/train/fake_diffusion/cifake/train_3746 (4).png,1,cifake,id,0.002581
data/processed/train/fake_diffusion/sd15/sd15_00311.png,1,sd15,id,0.000000
data/processed/train/fake_gan/stylegan/KLR90VWP3T.png,1,stylegan,id,0.095576
data/processed/train/fake_diffusion/cifake/train_2967 (9).png,1,cifake,id,0.000071
data/processed/train/real/ffhq/07310.png,0,ffhq,id,0.000000
data/processed/train/fake_diffusion/cifake/train_1000 (7).png,1,cifake,id,0.000000
data/processed/train/real/ffhq/44040.png,0,ffhq,id,0.000000
data/processed/train/real/diverse_real/54902.png,0,diverse_real,id,0.000000
data/processed/train/real/cifake/train_4832 (6).png,0,cifake,id,0.001347
data/processed/train/fake_diffusion/cifake/test_692 (6).png,1,cifake,id,0.000000
data/processed/train/real/ffhq/28427.png,0,ffhq,id,0.000000
data/processed/train/real/cifake/train_1317 (2).png,0,cifake,id,0.000000
data/processed/train/real/diverse_real/37338.png,0,diverse_real,id,0.000000
data/processed/train/real/ffhq/49119.png,0,ffhq,id,0.000000
data/processed/train/fake_gan/stylegan/AUF08JMH3A.png,1,stylegan,id,0.001769
data/processed/train/real/cifake/train_2488 (8).png,0,cifake,id,0.000004
data/processed/train/real/diverse_real/41036.png,0,diverse_real,id,0.000000
data/processed/train/real/diverse_real/28404.png,0,diverse_real,id,0.000000
data/processed/train/fake_gan/stylegan/CAY327LWDC.png,1,stylegan,id,0.168206
data/processed/train/fake_diffusion/cifake/train_3204 (5).png,1,cifake,id,0.581515
data/processed/train/real/ffhq/30925.png,0,ffhq,id,0.000000
data/processed/train/fake_diffusion/cifake/train_5331 (5).png,1,cifake,id,0.000000
data/processed/train/real/diverse_real/58946.png,0,diverse_real,id,0.000000
data/processed/train/fake_gan/stylegan/WFAIZYSJHZ.png,1,stylegan,id,0.007650
data/processed/train/fake_diffusion/cifake/train_2204 (2).png,1,cifake,id,0.000000
data/processed/train/real/cifake/train_3818 (5).png,0,cifake,id,0.002658
data/processed/train/fake_diffusion/sd15/sd15_01585.png,1,sd15,id,0.000000
data/processed/train/fake_diffusion/cifake/train_1533 (3).png,1,cifake,id,0.001397
data/processed/train/fake_diffusion/cifake/train_2222 (6).png,1,cifake,id,0.000019
data/processed/train/real/ffhq/30903.png,0,ffhq,id,0.000000
data/processed/train/fake_diffusion/cifake/train_5690 (3).png,1,cifake,id,0.004399
data/processed/train/real/diverse_real/20178.png,0,diverse_real,id,0.000000
data/processed/train/real/cifake/train_4740 (10).png,0,cifake,id,0.000000
data/processed/train/fake_diffusion/cifake/train_5234 (9).png,1,cifake,id,0.574836
data/processed/train/fake_diffusion/cifake/train_2492 (6).png,1,cifake,id,0.038277
data/processed/train/real/ffhq/05906.png,0,ffhq,id,0.000000
data/processed/train/real/cifake/train_0656 (7).png,0,cifake,id,0.000000
data/processed/train/fake_diffusion/sd15/sd15_01482.png,1,sd15,id,0.000000
data/processed/train/real/diverse_real/12216.png,0,diverse_real,id,0.000000
data/processed/train/fake_gan/stylegan/63QP4XJJVG.png,1,stylegan,id,0.000512
data/processed/train/real/ffhq/03382.png,0,ffhq,id,0.000000
data/processed/train/real/diverse_real/52605.png,0,diverse_real,id,0.000000
data/processed/train/real/cifake/train_4485 (4).png,0,cifake,id,0.000000
data/processed/train/real/cifake/train_3834 (7).png,0,cifake,id,0.001089
data/processed/train/fake_diffusion/cifake/train_4524 (2).png,1,cifake,id,0.000000
data/processed/train/fake_gan/stylegan/NIVYLBRYBM.png,1,stylegan,id,0.000018
data/processed/train/fake_diffusion/cifake/train_4923 (6).png,1,cifake,id,0.628841
data/processed/train/real/diverse_real/52155.png,0,diverse_real,id,0.000000
data/processed/train/fake_diffusion/sd15/sd15_00958.png,1,sd15,id,0.000000
data/processed/train/fake_diffusion/cifake/train_5284.png,1,cifake,id,0.000001
data/processed/train/fake_diffusion/cifake/train_2153.png,1,cifake,id,0.000322
data/processed/train/real/diverse_real/40829.png,0,diverse_real,id,0.000000
data/processed/train/real/cifake/train_2297 (9).png,0,cifake,id,0.000076
data/processed/train/real/cifake/train_1093 (10).png,0,cifake,id,0.000011
data/processed/train/real/cifake/train_4378 (8).png,0,cifake,id,0.000107
data/processed/train/fake_gan/stylegan/EYEYCE9NRN.png,1,stylegan,id,0.000000
data/processed/train/fake_gan/stylegan/RO47VNFHMD.png,1,stylegan,id,0.001182
data/processed/train/fake_diffusion/cifake/train_1388 (5).png,1,cifake,id,0.000000
data/processed/train/real/diverse_real/48910.png,0,diverse_real,id,0.000000
data/processed/train/fake_diffusion/cifake/train_2749 (4).png,1,cifake,id,0.000000
data/processed/train/real/cifake/train_2553 (5).png,0,cifake,id,0.034352
data/processed/train/fake_gan/stylegan/BF4J12TB3U.png,1,stylegan,id,0.294019
data/processed/train/fake_gan/stylegan/JO9N6R4AVJ.png,1,stylegan,id,0.000000
data/processed/train/real/cifake/train_1097 (10).png,0,cifake,id,0.000000
data/processed/train/fake_diffusion/sd15/sd15_01519.png,1,sd15,id,0.000000
data/processed/train/real/ffhq/26457.png,0,ffhq,id,0.000000
data/processed/train/real/cifake/train_1132 (3).png,0,cifake,id,0.000000
data/processed/train/real/diverse_real/43670.png,0,diverse_real,id,0.000000
data/processed/train/fake_gan/stylegan/868F877ZQ8.png,1,stylegan,id,0.000000
data/processed/train/fake_gan/stylegan/VTLI9YXKYY.png,1,stylegan,id,0.000494
data/processed/train/real/ffhq/03849.png,0,ffhq,id,0.000000
data/processed/train/fake_diffusion/cifake/train_4279 (7).png,1,cifake,id,0.000001
data/processed/train/fake_gan/stylegan/P3SD0PQPKX.png,1,stylegan,id,0.000000
data/processed/train/real/diverse_real/29973.png,0,diverse_real,id,0.000000
data/processed/train/fake_gan/stylegan/FOMNMMBJNW.png,1,stylegan,id,0.430494
data/processed/train/fake_diffusion/cifake/train_1157 (5).png,1,cifake,id,0.000000
data/processed/train/fake_diffusion/cifake/test_552 (8).png,1,cifake,id,0.000252
data/processed/train/fake_gan/stylegan/DDCYV7Z0D5.png,1,stylegan,id,0.000000
data/processed/train/fake_diffusion/cifake/train_1889 (9).png,1,cifake,id,0.000108
data/processed/train/real/ffhq/19600.png,0,ffhq,id,0.000000
data/processed/train/fake_diffusion/cifake/train_1102 (5).png,1,cifake,id,0.036753
data/processed/train/fake_diffusion/cifake/train_3473 (3).png,1,cifake,id,0.000324
data/processed/train/real/ffhq/18222.png,0,ffhq,id,0.000003
data/processed/train/real/cifake/train_0555 (5).png,0,cifake,id,0.001922
data/processed/train/real/cifake/train_3821 (8).png,0,cifake,id,0.000025
data/processed/train/real/ffhq/19467.png,0,ffhq,id,0.000000
data/processed/train/fake_diffusion/cifake/train_5339 (10).png,1,cifake,id,0.000000
data/processed/train/fake_gan/stylegan/OQP3VGA13F.png,1,stylegan,id,0.000000
data/processed/train/fake_gan/stylegan/4HP5K967ZY.png,1,stylegan,id,0.000045
data/processed/train/fake_gan/stylegan/W2OIUY59XU.png,1,stylegan,id,0.000000
data/processed/train/fake_diffusion/sd15/sd15_00940.png,1,sd15,id,0.000000
data/processed/train/fake_diffusion/cifake/train_2328 (10).png,1,cifake,id,0.004722
data/processed/train/real/ffhq/17674.png,0,ffhq,id,0.000000
data/processed/train/real/diverse_real/68034.png,0,diverse_real,id,0.000000
data/processed/train/fake_diffusion/sd15/sd15_01100.png,1,sd15,id,0.000000
data/processed/train/real/ffhq/14931.png,0,ffhq,id,0.000000
data/processed/train/real/cifake/train_1840 (4).png,0,cifake,id,0.005961
data/processed/train/real/diverse_real/07179.png,0,diverse_real,id,0.000000
data/processed/train/fake_diffusion/sd15/sd15_02322.png,1,sd15,id,0.000000
data/processed/train/fake_diffusion/sd15/sd15_00674.png,1,sd15,id,0.000000
data/processed/train/real/diverse_real/62883.png,0,diverse_real,id,0.000000
data/processed/train/fake_diffusion/cifake/train_4765.png,1,cifake,id,0.999636
data/processed/train/fake_gan/stylegan/HHEXHCXHW0.png,1,stylegan,id,0.000000
data/processed/train/fake_diffusion/cifake/train_3749 (8).png,1,cifake,id,0.000026
data/processed/train/fake_diffusion/sd15/sd15_01804.png,1,sd15,id,0.000002
data/processed/train/fake_diffusion/cifake/train_2922 (8).png,1,cifake,id,0.000000
data/processed/train/fake_gan/stylegan/ZJQCOXR9W5.png,1,stylegan,id,0.000063
data/processed/train/real/diverse_real/23906.png,0,diverse_real,id,0.000003
data/processed/train/fake_diffusion/sd15/sd15_00258.png,1,sd15,id,0.000000
data/processed/train/real/cifake/train_0785 (9).png,0,cifake,id,0.003208
data/processed/train/real/real_camera_train/000000228981.png,0,real_camera_train,id,0.000000
data/processed/train/fake_diffusion/cifake/test_347 (7).png,1,cifake,id,0.000000
data/processed/train/real/ffhq/43780.png,0,ffhq,id,0.000000
data/processed/train/fake_diffusion/cifake/train_1950 (8).png,1,cifake,id,0.000000
data/processed/train/fake_gan/stylegan/AVKH6YEP0O.png,1,stylegan,id,0.101549
data/processed/train/fake_gan/stylegan/KA59IYBA53.png,1,stylegan,id,0.000000
data/processed/train/real/ffhq/05923.png,0,ffhq,id,0.000000
data/processed/train/fake_diffusion/cifake/train_1418 (10).png,1,cifake,id,0.000002
data/processed/train/real/cifake/test_0705 (4).png,0,cifake,id,0.000004
data/processed/train/fake_diffusion/sd15/sd15_00479.png,1,sd15,id,0.000000
data/processed/train/real/ffhq/28085.png,0,ffhq,id,0.000000
data/processed/train/fake_diffusion/cifake/train_3850 (7).png,1,cifake,id,0.324131
data/processed/train/real/cifake/train_4446 (6).png,0,cifake,id,0.011701
data/processed/train/fake_diffusion/sd15/sd15_00708.png,1,sd15,id,0.000000
data/processed/train/real/ffhq/50772.png,0,ffhq,id,0.000000
data/processed/train/real/ffhq/06812.png,0,ffhq,id,0.000000
data/processed/train/real/diverse_real/34900.png,0,diverse_real,id,0.000000
data/processed/train/real/cifake/train_4901 (7).png,0,cifake,id,0.000176
data/processed/train/real/ffhq/44401.png,0,ffhq,id,0.000000
data/processed/train/fake_diffusion/cifake/train_3383 (7).png,1,cifake,id,0.000066
data/processed/train/real/diverse_real/66826.png,0,diverse_real,id,0.000000
data/processed/train/real/real_pexels_train/3626.png,0,real_pexels_train,id,0.920354
data/processed/train/real/cifake/test_0508 (4).png,0,cifake,id,0.235749
data/processed/train/real/diverse_real/40024.png,0,diverse_real,id,0.000000
data/processed/train/fake_diffusion/cifake/test_16 (3).png,1,cifake,id,0.000882
data/processed/train/real/cifake/train_1435 (3).png,0,cifake,id,0.000013
data/processed/train/fake_diffusion/cifake/train_4502 (10).png,1,cifake,id,0.000420
data/processed/train/fake_gan/stylegan/PDWGUEVVLO.png,1,stylegan,id,0.000000
data/processed/train/real/ffhq/28320.png,0,ffhq,id,0.000000
data/processed/train/fake_gan/stylegan/QTACZDWIMG.png,1,stylegan,id,0.000000
data/processed/train/real/ffhq/16776.png,0,ffhq,id,0.000000
data/processed/train/real/real_camera_train/000000255718.png,0,real_camera_train,id,0.000000
data/processed/train/real/ffhq/24699.png,0,ffhq,id,0.000000
data/processed/train/real/cifake/train_3669 (3).png,0,cifake,id,0.000000
data/processed/train/fake_diffusion/cifake/test_435 (4).png,1,cifake,id,0.000000
data/processed/train/real/ffhq/29045.png,0,ffhq,id,0.000000
data/processed/train/real/diverse_real/51160.png,0,diverse_real,id,0.000000
data/processed/train/real/cifake/train_0162 (5).png,0,cifake,id,0.000002
data/processed/train/fake_diffusion/sd15/sd15_00796.png,1,sd15,id,0.000000
data/processed/train/fake_diffusion/sd15/sd15_02117.png,1,sd15,id,0.000000
data/processed/train/real/diverse_real/42926.png,0,diverse_real,id,0.000000
data/processed/train/fake_gan/stylegan/E0PMEVY432.png,1,stylegan,id,0.000926
data/processed/train/real/diverse_real/09671.png,0,diverse_real,id,0.000930
data/processed/train/fake_diffusion/cifake/train_5909 (3).png,1,cifake,id,0.000027
data/processed/train/real/ffhq/05250.png,0,ffhq,id,0.000000
data/processed/train/fake_diffusion/cifake/train_2022 (8).png,1,cifake,id,0.000001
data/processed/train/real/cifake/train_3614.png,0,cifake,id,0.000021
data/processed/train/fake_diffusion/cifake/train_5167 (3).png,1,cifake,id,0.000000
data/processed/train/fake_gan/stylegan/X735H3ESQX.png,1,stylegan,id,0.000698
data/processed/train/real/cifake/train_1265 (7).png,0,cifake,id,0.000000
data/processed/train/fake_gan/stylegan/1HP1ELOUF0.png,1,stylegan,id,0.000000
data/processed/train/real/ffhq/21345.png,0,ffhq,id,0.000000
data/processed/train/real/cifake/train_1992 (9).png,0,cifake,id,0.000021
data/processed/train/real/ffhq/35103.png,0,ffhq,id,0.000000
data/processed/train/fake_diffusion/sd15/sd15_02207.png,1,sd15,id,0.000000
data/processed/train/fake_diffusion/sd15/sd15_00053.png,1,sd15,id,0.000000
data/processed/train/real/ffhq/12716.png,0,ffhq,id,0.000000
data/processed/train/real/ffhq/33758.png,0,ffhq,id,0.000000
data/processed/train/real/ffhq/35447.png,0,ffhq,id,0.000000
data/processed/train/real/cifake/train_2351 (10).png,0,cifake,id,0.003555
data/processed/train/fake_diffusion/sd15/sd15_02389.png,1,sd15,id,0.000082
data/processed/train/real/real_camera_train/000000533206.png,0,real_camera_train,id,0.000000
data/processed/train/real/cifake/train_1355 (6).png,0,cifake,id,0.033704
data/processed/train/real/ffhq/11679.png,0,ffhq,id,0.000000
data/processed/train/real/cifake/train_0240 (5).png,0,cifake,id,0.000000
data/processed/train/fake_gan/stylegan/C4AA4WZ4J9.png,1,stylegan,id,0.000006
data/processed/train/fake_gan/stylegan/6FGIDGH9GP.png,1,stylegan,id,0.000116
data/processed/train/fake_diffusion/cifake/train_1974 (10).png,1,cifake,id,0.000000
data/processed/train/fake_gan/stylegan/CBVJ8C4OY9.png,1,stylegan,id,0.000000
data/processed/train/fake_gan/stylegan/WIWOK5ZTC1.png,1,stylegan,id,0.012691
data/processed/train/real/cifake/test_0743 (4).png,0,cifake,id,0.027605
data/processed/train/real/cifake/train_4361 (7).png,0,cifake,id,0.000830
data/processed/train/real/ffhq/19590.png,0,ffhq,id,0.000000
data/processed/train/fake_diffusion/cifake/train_3463 (9).png,1,cifake,id,0.000001
data/processed/train/fake_diffusion/cifake/train_2251 (2).png,1,cifake,id,0.000355
data/processed/train/real/cifake/train_2513 (8).png,0,cifake,id,0.000050
data/processed/train/real/diverse_real/11489.png,0,diverse_real,id,0.000000
data/processed/train/real/ffhq/01378.png,0,ffhq,id,0.000000
data/processed/train/fake_diffusion/sd15/sd15_02004.png,1,sd15,id,0.000000
data/processed/train/fake_gan/stylegan/53ANUM9JD9.png,1,stylegan,id,0.000002
data/processed/train/fake_gan/stylegan/BCP9P7EUHN.png,1,stylegan,id,0.000145
data/processed/train/fake_gan/stylegan/ACI7OYH6AP.png,1,stylegan,id,0.000000
data/processed/train/real/cifake/train_1033 (9).png,0,cifake,id,0.000500
data/processed/train/fake_gan/stylegan/MXT2IGDNKP.png,1,stylegan,id,0.000000
data/processed/train/fake_diffusion/cifake/test_436 (5).png,1,cifake,id,0.000029
data/processed/train/real/ffhq/06493.png,0,ffhq,id,0.000000
data/processed/train/real/cifake/train_1740 (2).png,0,cifake,id,0.000000
data/processed/train/fake_diffusion/cifake/test_741 (7).png,1,cifake,id,0.000038
data/processed/train/fake_diffusion/cifake/train_1602 (4).png,1,cifake,id,0.000284
data/processed/train/real/cifake/test_0614 (7).png,0,cifake,id,0.000000
data/processed/train/fake_gan/stylegan/ZCCMDFLXU7.png,1,stylegan,id,0.000029
data/processed/train/real/cifake/train_4948 (7).png,0,cifake,id,0.003723
data/processed/train/fake_diffusion/cifake/train_1764 (7).png,1,cifake,id,0.000000
data/processed/train/fake_gan/stylegan/GXI05UH1Y2.png,1,stylegan,id,0.968899
data/processed/train/fake_diffusion/sd15/sd15_00618.png,1,sd15,id,0.000000
data/processed/train/real/ffhq/06099.png,0,ffhq,id,0.000000
data/processed/train/real/ffhq/25621.png,0,ffhq,id,0.000000
data/processed/train/real/diverse_real/23022.png,0,diverse_real,id,0.000000
data/processed/train/real/ffhq/34553.png,0,ffhq,id,0.000000
data/processed/train/real/cifake/train_3195 (5).png,0,cifake,id,0.000011
data/processed/train/real/diverse_real/47307.png,0,diverse_real,id,0.000000
data/processed/train/real/ffhq/18265.png,0,ffhq,id,0.000000
data/processed/train/fake_diffusion/cifake/train_4485 (6).png,1,cifake,id,0.000337
data/processed/train/fake_diffusion/cifake/test_746 (6).png,1,cifake,id,0.002239
data/processed/train/fake_diffusion/cifake/train_3523 (5).png,1,cifake,id,0.006667
data/processed/train/fake_diffusion/cifake/train_3858 (3).png,1,cifake,id,0.000298
data/processed/train/fake_diffusion/cifake/test_108 (5).png,1,cifake,id,0.000000
data/processed/train/real/cifake/train_4949 (7).png,0,cifake,id,0.000000
data/processed/train/fake_diffusion/cifake/train_1853 (4).png,1,cifake,id,0.000082
data/processed/train/real/ffhq/16506.png,0,ffhq,id,0.000000
data/processed/train/real/cifake/test_0691 (6).png,0,cifake,id,0.000687
data/processed/train/real/diverse_real/22463.png,0,diverse_real,id,0.000073
data/processed/train/real/cifake/train_2856 (7).png,0,cifake,id,0.000000
data/processed/train/fake_gan/stylegan/W9A0Q40XHH.png,1,stylegan,id,0.000403
data/processed/train/real/cifake/test_0377 (6).png,0,cifake,id,0.000002
data/processed/train/fake_gan/stylegan/LKB8UOJZ06.png,1,stylegan,id,0.000243
data/processed/train/fake_diffusion/cifake/train_3114 (8).png,1,cifake,id,0.000000
data/processed/train/fake_diffusion/sd15/sd15_00348.png,1,sd15,id,0.000021
data/processed/train/real/ffhq/44006.png,0,ffhq,id,0.000000
data/processed/train/real/cifake/train_4788 (5).png,0,cifake,id,0.032193
data/processed/train/real/cifake/train_3473 (4).png,0,cifake,id,0.017706
data/processed/train/fake_diffusion/sd15/sd15_00741.png,1,sd15,id,0.000000
data/processed/train/real/ffhq/01747.png,0,ffhq,id,0.000000
data/processed/train/fake_gan/stylegan/VY05IXU6O9.png,1,stylegan,id,0.000000
data/processed/train/real/cifake/train_1386 (2).png,0,cifake,id,0.000000
data/processed/train/real/diverse_real/41285.png,0,diverse_real,id,0.000000
data/processed/train/real/ffhq/42338.png,0,ffhq,id,0.000000
data/processed/train/fake_gan/stylegan/4KGC8PRJFG.png,1,stylegan,id,0.001844
data/processed/train/real/ffhq/01859.png,0,ffhq,id,0.000000
data/processed/train/real/cifake/train_1852 (8).png,0,cifake,id,0.000000
data/processed/train/fake_gan/stylegan/OBMZTQFBF8.png,1,stylegan,id,0.000000
data/processed/train/real/diverse_real/34070.png,0,diverse_real,id,0.000000
data/processed/train/real/ffhq/31039.png,0,ffhq,id,0.000000
data/processed/train/real/cifake/train_4588.png,0,cifake,id,0.000000
data/processed/train/fake_diffusion/cifake/train_3138 (5).png,1,cifake,id,0.000001
data/processed/train/real/diverse_real/37519.png,0,diverse_real,id,0.000000
data/processed/train/real/cifake/test_0641 (2).png,0,cifake,id,0.000165
data/processed/train/fake_gan/stylegan/KCLI2ZR0T5.png,1,stylegan,id,0.802104
data/processed/train/fake_gan/stylegan/QEHBGDOZ8V.png,1,stylegan,id,0.000001
data/processed/train/real/cifake/train_4148 (10).png,0,cifake,id,0.000004
data/processed/train/real/cifake/train_2042 (4).png,0,cifake,id,0.119511
data/processed/train/real/diverse_real/62295.png,0,diverse_real,id,0.000000
data/processed/train/real/ffhq/22844.png,0,ffhq,id,0.000002
data/processed/train/fake_diffusion/cifake/train_4742 (2).png,1,cifake,id,0.000032
data/processed/train/fake_diffusion/cifake/train_1970 (3).png,1,cifake,id,0.000001
data/processed/train/real/ffhq/13759.png,0,ffhq,id,0.000000
data/processed/train/real/diverse_real/43638.png,0,diverse_real,id,0.000000
data/processed/train/fake_gan/stylegan/QH824JMN9X.png,1,stylegan,id,0.000003
data/processed/train/fake_diffusion/cifake/train_1074 (10).png,1,cifake,id,0.000021
data/processed/train/fake_diffusion/cifake/train_5198 (4).png,1,cifake,id,0.000241
data/processed/train/real/cifake/train_3246 (10).png,0,cifake,id,0.000001
data/processed/train/real/ffhq/35253.png,0,ffhq,id,0.000000
data/processed/train/fake_diffusion/cifake/train_5447 (4).png,1,cifake,id,0.000086
data/processed/train/fake_diffusion/cifake/test_823 (9).png,1,cifake,id,0.000000
data/processed/train/fake_diffusion/cifake/train_2117 (3).png,1,cifake,id,0.000000
data/processed/train/fake_diffusion/cifake/train_5289 (5).png,1,cifake,id,0.000300
data/processed/train/real/cifake/train_2486 (8).png,0,cifake,id,0.000116
data/processed/train/fake_diffusion/cifake/train_4317 (7).png,1,cifake,id,0.000000
data/processed/train/fake_diffusion/cifake/train_3700 (5).png,1,cifake,id,0.000002
data/processed/train/real/ffhq/21804.png,0,ffhq,id,0.000000
data/processed/train/fake_diffusion/sd15/sd15_01880.png,1,sd15,id,0.000000
data/processed/train/real/ffhq/23207.png,0,ffhq,id,0.000000
data/processed/train/fake_gan/stylegan/ZX305QC9MR.png,1,stylegan,id,0.000000
data/processed/train/real/diverse_real/04451.png,0,diverse_real,id,0.000000
data/processed/train/real/ffhq/38384.png,0,ffhq,id,0.000000
data/processed/train/fake_diffusion/sd15/sd15_02161.png,1,sd15,id,0.000000
data/processed/train/fake_gan/stylegan/SZG793JIOW.png,1,stylegan,id,0.000006
data/processed/train/fake_diffusion/cifake/train_4835 (3).png,1,cifake,id,0.019022
data/processed/train/fake_diffusion/sd15/sd15_01526.png,1,sd15,id,0.000000
data/processed/train/fake_diffusion/cifake/train_1586 (5).png,1,cifake,id,0.000000
data/processed/train/fake_diffusion/cifake/train_2901 (9).png,1,cifake,id,0.002512
data/processed/train/real/diverse_real/62259.png,0,diverse_real,id,0.000000
data/processed/train/real/ffhq/14202.png,0,ffhq,id,0.000000
data/processed/train/real/cifake/train_3148 (7).png,0,cifake,id,0.000000
data/processed/train/fake_gan/stylegan/Z08ITFO5JQ.png,1,stylegan,id,0.000001
data/processed/train/fake_gan/stylegan/VJULF7FCSP.png,1,stylegan,id,0.000000
data/processed/train/real/diverse_real/52214.png,0,diverse_real,id,0.000001
data/processed/train/real/ffhq/40569.png,0,ffhq,id,0.000000
data/processed/train/fake_gan/stylegan/CG4C0CIZW3.png,1,stylegan,id,0.072438
data/processed/train/fake_gan/stylegan/XGE0RJ1BK5.png,1,stylegan,id,0.000307
data/processed/train/real/ffhq/19561.png,0,ffhq,id,0.000000
data/processed/train/real/ffhq/04225.png,0,ffhq,id,0.000008
data/processed/train/fake_diffusion/sd15/sd15_01623.png,1,sd15,id,0.000000
data/processed/train/fake_gan/stylegan/9CMIF9KT8L.png,1,stylegan,id,0.004875
data/processed/train/fake_gan/stylegan/BQXYXWW1GL.png,1,stylegan,id,0.660521
data/processed/train/fake_diffusion/cifake/train_1054 (7).png,1,cifake,id,0.101406
data/processed/train/real/ffhq/53601.png,0,ffhq,id,0.000000
data/processed/train/fake_diffusion/cifake/test_478 (6).png,1,cifake,id,0.126562
data/processed/train/real/cifake/test_0269 (6).png,0,cifake,id,0.000000
data/processed/train/real/cifake/train_0393 (10).png,0,cifake,id,0.024523
data/processed/train/real/cifake/train_4929 (2).png,0,cifake,id,0.000046
data/processed/train/real/diverse_real/12347.png,0,diverse_real,id,0.000000
data/processed/train/fake_diffusion/cifake/test_979 (6).png,1,cifake,id,0.000217
data/processed/train/real/cifake/train_2533 (4).png,0,cifake,id,0.000007
data/processed/train/fake_diffusion/cifake/train_3134 (5).png,1,cifake,id,0.000002
data/processed/train/real/ffhq/40962.png,0,ffhq,id,0.000000
data/processed/train/real/cifake/train_1187.png,0,cifake,id,0.000139
data/processed/train/real/ffhq/31565.png,0,ffhq,id,0.000000
data/processed/train/fake_diffusion/cifake/test_418 (3).png,1,cifake,id,0.000000
data/processed/train/fake_gan/stylegan/5RUDPZY3CC.png,1,stylegan,id,0.717488
data/processed/train/real/ffhq/03431.png,0,ffhq,id,0.000000
data/processed/train/fake_gan/stylegan/V0RFVE4509.png,1,stylegan,id,0.000023
data/processed/train/fake_diffusion/cifake/train_5652 (4).png,1,cifake,id,0.007523
data/processed/train/real/ffhq/31060.png,0,ffhq,id,0.000000
data/processed/train/fake_diffusion/cifake/train_4815 (3).png,1,cifake,id,0.015597
data/processed/train/real/diverse_real/58828.png,0,diverse_real,id,0.000000
data/processed/train/real/ffhq/07084.png,0,ffhq,id,0.000000
data/processed/train/real/ffhq/40009.png,0,ffhq,id,0.000000
data/processed/train/real/ffhq/03947.png,0,ffhq,id,0.000000
data/processed/train/fake_gan/stylegan/IJ5WYJC47X.png,1,stylegan,id,0.000000
data/processed/train/real/ffhq/19880.png,0,ffhq,id,0.000005
data/processed/train/real/cifake/test_0802 (9).png,0,cifake,id,0.000271
data/processed/train/real/diverse_real/27399.png,0,diverse_real,id,0.000000
data/processed/train/fake_diffusion/cifake/test_451 (3).png,1,cifake,id,0.027428
data/processed/train/fake_diffusion/cifake/train_4642 (5).png,1,cifake,id,0.039009
data/processed/train/fake_gan/stylegan/LSXLJOZ2J8.png,1,stylegan,id,0.000000
data/processed/train/fake_diffusion/cifake/train_1540.png,1,cifake,id,0.000053
data/processed/train/real/real_pexels_train/4411.png,0,real_pexels_train,id,0.000000
data/processed/train/real/ffhq/42380.png,0,ffhq,id,0.000000
data/processed/train/fake_diffusion/cifake/train_5759 (3).png,1,cifake,id,0.000082
data/processed/train/fake_diffusion/cifake/train_3555 (9).png,1,cifake,id,0.000018
data/processed/train/real/cifake/test_0283 (4).png,0,cifake,id,0.054977
data/processed/train/real/ffhq/05814.png,0,ffhq,id,0.000000
data/processed/train/fake_gan/stylegan/BMNFRKPFZO.png,1,stylegan,id,0.000000
data/processed/train/fake_diffusion/sd15/sd15_00975.png,1,sd15,id,0.000000
data/processed/train/real/diverse_real/20682.png,0,diverse_real,id,0.000000
data/processed/train/fake_diffusion/cifake/train_1734 (2).png,1,cifake,id,0.737669
data/processed/train/real/ffhq/02031.png,0,ffhq,id,0.000000
data/processed/train/real/ffhq/50556.png,0,ffhq,id,0.000000
data/processed/train/fake_diffusion/cifake/train_2656 (6).png,1,cifake,id,0.000011
data/processed/train/real/ffhq/52195.png,0,ffhq,id,0.000000
data/processed/train/real/ffhq/05118.png,0,ffhq,id,0.000000
data/processed/train/fake_gan/stylegan/S3BHGQGFZJ.png,1,stylegan,id,0.000000
data/processed/train/real/ffhq/30533.png,0,ffhq,id,0.002978
data/processed/train/real/cifake/train_3585 (2).png,0,cifake,id,0.000000
data/processed/train/fake_gan/stylegan/QFD1ZO9ZTB.png,1,stylegan,id,0.000001
data/processed/train/real/ffhq/24270.png,0,ffhq,id,0.000000
data/processed/train/fake_diffusion/cifake/test_42.png,1,cifake,id,0.000008
data/processed/train/real/cifake/train_3582 (2).png,0,cifake,id,0.000000
data/processed/train/fake_diffusion/sd15/sd15_01643.png,1,sd15,id,0.000000
data/processed/train/fake_diffusion/sd15/sd15_00171.png,1,sd15,id,0.000000
data/processed/train/fake_gan/stylegan/9W0J3149G9.png,1,stylegan,id,0.000003
data/processed/train/real/ffhq/49158.png,0,ffhq,id,0.000000
data/processed/train/fake_gan/stylegan/ACE4XLPP9Z.png,1,stylegan,id,0.000056
data/processed/train/fake_diffusion/cifake/train_5951 (10).png,1,cifake,id,0.000000
data/processed/train/real/cifake/train_3510 (4).png,0,cifake,id,0.000001
data/processed/train/real/cifake/train_0483 (4).png,0,cifake,id,0.000001
data/processed/train/real/ffhq/48651.png,0,ffhq,id,0.000000
data/processed/train/fake_gan/stylegan/724LEXQA40.png,1,stylegan,id,0.000051
data/processed/train/fake_diffusion/cifake/test_687 (10).png,1,cifake,id,0.000000
data/processed/train/fake_diffusion/cifake/train_4887 (5).png,1,cifake,id,0.000000
data/processed/train/real/diverse_real/36439.png,0,diverse_real,id,0.000000
data/processed/train/fake_diffusion/cifake/train_4746 (2).png,1,cifake,id,0.004387
data/processed/train/real/ffhq/18203.png,0,ffhq,id,0.000000
data/processed/train/fake_gan/stylegan/SMT9CGYRL3.png,1,stylegan,id,0.000000
data/processed/train/real/ffhq/33170.png,0,ffhq,id,0.000000
data/processed/train/real/diverse_real/56180.png,0,diverse_real,id,0.000000
data/processed/train/real/diverse_real/25846.png,0,diverse_real,id,0.000000
data/processed/train/real/diverse_real/49443.png,0,diverse_real,id,0.000000
data/processed/train/fake_gan/stylegan/Q7TKLXMZL7.png,1,stylegan,id,0.000000
data/processed/train/real/cifake/train_3691 (2).png,0,cifake,id,0.000023
data/processed/train/real/cifake/train_0600 (8).png,0,cifake,id,0.000181
data/processed/train/fake_diffusion/sd15/sd15_01630.png,1,sd15,id,0.000000
data/processed/train/fake_diffusion/cifake/test_292 (3).png,1,cifake,id,0.000000
data/processed/train/fake_diffusion/sd15/sd15_02047.png,1,sd15,id,0.000000
data/processed/train/fake_diffusion/cifake/train_3208 (8).png,1,cifake,id,0.000000
data/processed/train/fake_gan/stylegan/J02B4TUKHG.png,1,stylegan,id,0.000000
data/processed/train/real/cifake/train_1249 (2).png,0,cifake,id,0.000000
data/processed/train/real/ffhq/27452.png,0,ffhq,id,0.000003
data/processed/train/fake_gan/stylegan/VKQKWEPI58.png,1,stylegan,id,0.000000
data/processed/train/fake_diffusion/cifake/train_1502 (5).png,1,cifake,id,0.000000
data/processed/train/real/diverse_real/21789.png,0,diverse_real,id,0.000000
data/processed/train/real/diverse_real/16424.png,0,diverse_real,id,0.000000
data/processed/train/real/cifake/train_4634 (6).png,0,cifake,id,0.000001
data/processed/train/fake_gan/stylegan/EZOPHA495I.png,1,stylegan,id,0.000000
data/processed/train/real/diverse_real/59915.png,0,diverse_real,id,0.000000
data/processed/train/fake_diffusion/cifake/train_3306 (3).png,1,cifake,id,0.000045
data/processed/train/real/ffhq/40209.png,0,ffhq,id,0.000000
data/processed/train/fake_diffusion/cifake/train_3609.png,1,cifake,id,0.000000
data/processed/train/fake_gan/stylegan/N7W42S6H4S.png,1,stylegan,id,0.000018
data/processed/train/fake_diffusion/cifake/test_903 (6).png,1,cifake,id,0.000000
data/processed/train/fake_diffusion/cifake/train_4725 (6).png,1,cifake,id,0.000029
data/processed/train/fake_diffusion/tristanzhang_train/0945.png,1,tristanzhang_train,id,0.000000
data/processed/train/real/cifake/train_1735.png,0,cifake,id,0.000000
data/processed/train/real/cifake/train_0982 (10).png,0,cifake,id,0.000015
data/processed/train/real/ffhq/23496.png,0,ffhq,id,0.000000
data/processed/train/real/diverse_real/16837.png,0,diverse_real,id,0.000000
data/processed/train/fake_gan/stylegan/D343BXTBZF.png,1,stylegan,id,0.000003
data/processed/train/fake_diffusion/sd15/sd15_00563.png,1,sd15,id,0.000000
data/processed/train/real/ffhq/35349.png,0,ffhq,id,0.000000
data/processed/train/fake_gan/stylegan/ZOSAVLGUNC.png,1,stylegan,id,0.000001
data/processed/train/real/ffhq/41058.png,0,ffhq,id,0.000000
data/processed/train/real/cifake/train_3965 (6).png,0,cifake,id,0.000000
data/processed/train/real/cifake/train_1591 (6).png,0,cifake,id,0.000248
data/processed/train/real/real_camera_train/000000173371.png,0,real_camera_train,id,0.000000
data/processed/train/fake_diffusion/sd15/sd15_01851.png,1,sd15,id,0.001825
data/processed/train/real/ffhq/51737.png,0,ffhq,id,0.000000
data/processed/train/fake_diffusion/cifake/train_5769 (5).png,1,cifake,id,0.000000
data/processed/train/fake_diffusion/cifake/train_4928.png,1,cifake,id,0.011327
data/processed/train/fake_diffusion/cifake/train_1158 (7).png,1,cifake,id,0.000002
data/processed/train/fake_diffusion/cifake/train_2991 (8).png,1,cifake,id,0.000027
data/processed/train/real/real_camera_train/000000350833.png,0,real_camera_train,id,0.000000
data/processed/train/fake_diffusion/tristanzhang_train/0983.png,1,tristanzhang_train,id,0.000000
data/processed/train/fake_diffusion/cifake/train_1585 (4).png,1,cifake,id,0.019526
data/processed/train/fake_gan/stylegan/UXCVXJ9V8Y.png,1,stylegan,id,0.045559
data/processed/train/real/cifake/train_1825 (9).png,0,cifake,id,0.000000
data/processed/train/real/cifake/train_1385 (6).png,0,cifake,id,0.000000
data/processed/train/real/cifake/train_2499 (9).png,0,cifake,id,0.000000
data/processed/train/fake_diffusion/tristanzhang_train/4399.png,1,tristanzhang_train,id,0.000000
data/processed/train/fake_gan/stylegan/S4OG2IHUCT.png,1,stylegan,id,0.000000
data/processed/train/real/cifake/train_0433 (3).png,0,cifake,id,0.000001
data/processed/train/real/diverse_real/17754.png,0,diverse_real,id,0.000000
data/processed/train/real/diverse_real/51022.png,0,diverse_real,id,0.000000
data/processed/train/fake_diffusion/cifake/train_2394 (4).png,1,cifake,id,0.000000
data/processed/train/real/cifake/train_0561.png,0,cifake,id,0.000003
data/processed/train/real/diverse_real/13446.png,0,diverse_real,id,0.000000
data/processed/train/fake_gan/stylegan/4W11OUXXJQ.png,1,stylegan,id,0.000758
data/processed/train/real/cifake/test_0895 (3).png,0,cifake,id,0.000000
data/processed/train/real/cifake/test_0834 (6).png,0,cifake,id,0.000000
data/processed/train/fake_diffusion/cifake/train_2603 (8).png,1,cifake,id,0.000034
data/processed/train/real/cifake/train_0168 (7).png,0,cifake,id,0.028753
data/processed/train/fake_diffusion/cifake/test_392 (2).png,1,cifake,id,0.014800
data/processed/train/fake_gan/stylegan/6ZKT3NB5YB.png,1,stylegan,id,0.000000
data/processed/train/real/ffhq/19223.png,0,ffhq,id,0.000000
data/processed/train/fake_diffusion/cifake/train_1157 (2).png,1,cifake,id,0.000000
data/processed/train/fake_gan/stylegan/N2BS7Y3JT5.png,1,stylegan,id,0.000167
data/processed/train/real/ffhq/03746.png,0,ffhq,id,0.000000
data/processed/train/fake_diffusion/cifake/test_858 (6).png,1,cifake,id,0.000644
data/processed/train/real/cifake/train_1102 (6).png,0,cifake,id,0.008856
data/processed/train/fake_diffusion/sd15/sd15_02177.png,1,sd15,id,0.000000
data/processed/train/fake_diffusion/sd15/sd15_01946.png,1,sd15,id,0.000000
data/processed/train/real/ffhq/31736.png,0,ffhq,id,0.000000
data/processed/train/fake_gan/stylegan/6NTLN4DTEX.png,1,stylegan,id,0.000000
data/processed/train/real/cifake/train_4434 (9).png,0,cifake,id,0.000279
data/processed/train/fake_gan/stylegan/G291MDXDND.png,1,stylegan,id,0.000002
data/processed/train/fake_diffusion/cifake/train_4494.png,1,cifake,id,0.000020
data/processed/train/fake_diffusion/cifake/train_1837.png,1,cifake,id,0.000063
data/processed/train/fake_diffusion/cifake/train_4614 (10).png,1,cifake,id,0.000000
data/processed/train/real/diverse_real/07845.png,0,diverse_real,id,0.000000
data/processed/train/real/diverse_real/56841.png,0,diverse_real,id,0.000000
data/processed/train/real/ffhq/13511.png,0,ffhq,id,0.000002
data/processed/train/real/ffhq/41277.png,0,ffhq,id,0.000000
data/processed/train/fake_gan/stylegan/QDS8HALK1N.png,1,stylegan,id,0.000000
data/processed/train/real/diverse_real/25970.png,0,diverse_real,id,0.000000
data/processed/train/real/cifake/train_3210 (3).png,0,cifake,id,0.000000
data/processed/train/fake_diffusion/sd15/sd15_01084.png,1,sd15,id,0.000000
data/processed/train/real/diverse_real/53783.png,0,diverse_real,id,0.000000
data/processed/train/real/ffhq/15880.png,0,ffhq,id,0.000000
data/processed/train/real/ffhq/50019.png,0,ffhq,id,0.000598
data/processed/train/real/ffhq/52273.png,0,ffhq,id,0.000000
data/processed/train/real/ffhq/26718.png,0,ffhq,id,0.000000
data/processed/train/fake_diffusion/sd15/sd15_01544.png,1,sd15,id,0.000000
data/processed/train/fake_gan/stylegan/88NFONF898.png,1,stylegan,id,0.000000
data/processed/train/fake_diffusion/cifake/train_3401 (5).png,1,cifake,id,0.000005
data/processed/train/real/cifake/train_2636 (3).png,0,cifake,id,0.000000
data/processed/train/real/cifake/test_0363 (7).png,0,cifake,id,0.975738
data/processed/train/fake_diffusion/cifake/train_3378 (6).png,1,cifake,id,0.000086
data/processed/train/fake_diffusion/cifake/test_896 (7).png,1,cifake,id,0.000038
data/processed/train/fake_gan/stylegan/Q63HNFR5RN.png,1,stylegan,id,0.935048
data/processed/train/real/ffhq/49671.png,0,ffhq,id,0.000000
data/processed/train/real/real_pexels_train/0865.png,0,real_pexels_train,id,0.000688
data/processed/train/real/cifake/train_2212 (7).png,0,cifake,id,0.000230
data/processed/train/fake_gan/stylegan/HWRNRUEL7Q.png,1,stylegan,id,0.000000
data/processed/train/fake_diffusion/cifake/train_4231 (3).png,1,cifake,id,0.000000
data/processed/train/real/ffhq/33143.png,0,ffhq,id,0.000000
data/processed/train/real/ffhq/35392.png,0,ffhq,id,0.000000
data/processed/train/real/cifake/train_4189 (5).png,0,cifake,id,0.000000
data/processed/train/fake_gan/stylegan/PW8ZI05B37.png,1,stylegan,id,0.000000
data/processed/train/real/ffhq/37351.png,0,ffhq,id,0.000000
data/processed/train/fake_diffusion/cifake/train_4274 (10).png,1,cifake,id,0.002565
data/processed/train/fake_diffusion/sd15/sd15_01792.png,1,sd15,id,0.000000
data/processed/train/real/cifake/train_0718 (4).png,0,cifake,id,0.000018
data/processed/train/real/cifake/train_1740 (8).png,0,cifake,id,0.000526
data/processed/train/real/diverse_real/03956.png,0,diverse_real,id,0.000000
data/processed/train/real/cifake/train_0343 (2).png,0,cifake,id,0.082102
data/processed/train/fake_gan/stylegan/CEIFZPVZYL.png,1,stylegan,id,0.000063
data/processed/train/fake_gan/stylegan/LU83XHTYJE.png,1,stylegan,id,0.000001
data/processed/train/fake_diffusion/cifake/train_3742 (2).png,1,cifake,id,0.000060
data/processed/train/fake_diffusion/cifake/train_1854 (5).png,1,cifake,id,0.037005
data/processed/train/real/cifake/train_3030 (3).png,0,cifake,id,0.000000
data/processed/train/fake_diffusion/cifake/train_4568 (7).png,1,cifake,id,0.000413
data/processed/train/fake_diffusion/cifake/test_269 (10).png,1,cifake,id,0.000000
data/processed/train/fake_diffusion/cifake/train_4489.png,1,cifake,id,0.000002
data/processed/train/fake_diffusion/sd15/sd15_01185.png,1,sd15,id,0.000000
data/processed/train/real/cifake/test_0540 (2).png,0,cifake,id,0.000000
data/processed/train/fake_gan/stylegan/DTB2RJK3IU.png,1,stylegan,id,0.000023
data/processed/train/fake_gan/stylegan/AC0KJJ1BN7.png,1,stylegan,id,0.000007
data/processed/train/fake_diffusion/sd15/sd15_01289.png,1,sd15,id,0.000000
data/processed/train/real/cifake/train_0302 (9).png,0,cifake,id,0.209434
data/processed/train/real/diverse_real/12472.png,0,diverse_real,id,0.000000
data/processed/train/fake_gan/stylegan/WRS1YXQNFX.png,1,stylegan,id,0.004953
data/processed/train/real/cifake/train_0711 (6).png,0,cifake,id,0.259914
data/processed/train/fake_diffusion/cifake/test_700 (5).png,1,cifake,id,0.000592
data/processed/train/real/real_camera_train/000000450399.png,0,real_camera_train,id,0.000000
data/processed/train/real/cifake/train_3365 (10).png,0,cifake,id,0.000000
data/processed/train/real/cifake/train_3246 (6).png,0,cifake,id,0.000549
data/processed/train/fake_gan/stylegan/6CSR0QBJJF.png,1,stylegan,id,0.000345
data/processed/train/fake_diffusion/cifake/test_195 (8).png,1,cifake,id,0.154789
data/processed/train/fake_diffusion/sd15/sd15_01267.png,1,sd15,id,0.000000
data/processed/train/real/cifake/train_1749 (7).png,0,cifake,id,0.007156
data/processed/train/real/diverse_real/14617.png,0,diverse_real,id,0.000000
data/processed/train/real/cifake/train_1409.png,0,cifake,id,0.102775
data/processed/train/real/cifake/train_4736 (9).png,0,cifake,id,0.000004
data/processed/train/real/cifake/train_1247 (9).png,0,cifake,id,0.000000
data/processed/train/fake_gan/stylegan/J8LL6WX5F3.png,1,stylegan,id,0.002240
data/processed/train/fake_diffusion/cifake/train_5488 (2).png,1,cifake,id,0.000000
data/processed/train/real/diverse_real/42175.png,0,diverse_real,id,0.000004
data/processed/train/fake_diffusion/cifake/test_558 (8).png,1,cifake,id,0.000000
data/processed/train/fake_gan/stylegan/97R4IGI01U.png,1,stylegan,id,0.000003
data/processed/train/real/cifake/test_0448 (7).png,0,cifake,id,0.000001
data/processed/train/fake_gan/stylegan/I1BXKOH2II.png,1,stylegan,id,0.013851
data/processed/train/real/ffhq/43101.png,0,ffhq,id,0.000000
data/processed/train/real/diverse_real/04616.png,0,diverse_real,id,0.000000
data/processed/train/fake_gan/stylegan/KOQSG5OHQD.png,1,stylegan,id,0.047572
data/processed/train/real/diverse_real/23493.png,0,diverse_real,id,0.000000
data/processed/train/fake_diffusion/sd15/sd15_01077.png,1,sd15,id,0.000000
data/processed/train/fake_diffusion/cifake/train_1391 (8).png,1,cifake,id,0.000000
data/processed/train/real/cifake/train_4943 (6).png,0,cifake,id,0.001454
data/processed/train/real/diverse_real/25945.png,0,diverse_real,id,0.000000
data/processed/train/fake_diffusion/cifake/train_3653 (4).png,1,cifake,id,0.000002
data/processed/train/fake_diffusion/cifake/test_557 (9).png,1,cifake,id,0.000000
data/processed/train/real/diverse_real/27395.png,0,diverse_real,id,0.000000
data/processed/train/real/ffhq/24535.png,0,ffhq,id,0.000000
data/processed/train/fake_gan/stylegan/UFLTHAK92M.png,1,stylegan,id,0.001245
data/processed/train/fake_diffusion/cifake/train_4962 (9).png,1,cifake,id,0.000062
data/processed/train/real/ffhq/25874.png,0,ffhq,id,0.000000
data/processed/train/real/cifake/train_2000 (10).png,0,cifake,id,0.000000
data/processed/train/fake_diffusion/sd15/sd15_00868.png,1,sd15,id,0.000000
data/processed/train/fake_diffusion/cifake/test_140 (3).png,1,cifake,id,0.001097
data/processed/train/fake_gan/stylegan/V97LDRITJW.png,1,stylegan,id,0.402518
data/processed/train/real/diverse_real/61352.png,0,diverse_real,id,0.000000
data/processed/train/real/cifake/train_4283.png,0,cifake,id,0.001652
data/processed/train/fake_diffusion/cifake/train_3706 (10).png,1,cifake,id,0.000066
data/processed/train/fake_diffusion/cifake/train_3324 (4).png,1,cifake,id,0.000029
data/processed/train/real/cifake/train_2773 (9).png,0,cifake,id,0.000002
data/processed/train/fake_gan/stylegan/FEDP7GYFOK.png,1,stylegan,id,0.000595
data/processed/train/real/ffhq/15541.png,0,ffhq,id,0.000000
data/processed/train/fake_gan/stylegan/I1G0VA2YIS.png,1,stylegan,id,0.001129
data/processed/train/real/cifake/train_4714 (9).png,0,cifake,id,0.000000
data/processed/train/real/ffhq/45376.png,0,ffhq,id,0.000000
data/processed/train/real/ffhq/14864.png,0,ffhq,id,0.000000
data/processed/train/fake_diffusion/sd15/sd15_01777.png,1,sd15,id,0.000000
data/processed/train/real/ffhq/35522.png,0,ffhq,id,0.000000
data/processed/train/fake_diffusion/sd15/sd15_00672.png,1,sd15,id,0.000000
data/processed/train/fake_diffusion/cifake/train_2619 (8).png,1,cifake,id,0.022418
data/processed/train/fake_gan/stylegan/LTOU2IB6WG.png,1,stylegan,id,0.993356
data/processed/train/fake_diffusion/sd15/sd15_00302.png,1,sd15,id,0.000000
data/processed/train/fake_diffusion/cifake/test_127 (8).png,1,cifake,id,0.000175
data/processed/train/real/ffhq/43037.png,0,ffhq,id,0.000119
data/processed/train/fake_diffusion/cifake/train_2679 (4).png,1,cifake,id,0.000719
data/processed/train/real/cifake/train_0279 (7).png,0,cifake,id,0.000002
data/processed/train/fake_diffusion/sd15/sd15_01760.png,1,sd15,id,0.000000
data/processed/train/real/diverse_real/13468.png,0,diverse_real,id,0.000000
data/processed/train/fake_diffusion/cifake/train_1457 (8).png,1,cifake,id,0.058494
data/processed/train/real/ffhq/27175.png,0,ffhq,id,0.000000
data/processed/train/real/ffhq/25480.png,0,ffhq,id,0.000001
data/processed/train/real/cifake/test_0086 (7).png,0,cifake,id,0.001522
data/processed/train/fake_gan/stylegan/B5TAVA0IIP.png,1,stylegan,id,0.000040
data/processed/train/fake_gan/stylegan/CAPAXPAHWB.png,1,stylegan,id,0.000001
data/processed/train/real/cifake/train_3253 (3).png,0,cifake,id,0.000000
data/processed/train/fake_diffusion/sd15/sd15_01355.png,1,sd15,id,0.000000
data/processed/train/fake_diffusion/cifake/train_1428.png,1,cifake,id,0.000009
data/processed/train/fake_diffusion/sd15/sd15_01655.png,1,sd15,id,0.000000
data/processed/train/fake_diffusion/cifake/train_3030 (10).png,1,cifake,id,0.000002
data/processed/train/real/diverse_real/11647.png,0,diverse_real,id,0.001247
data/processed/train/fake_diffusion/sd15/sd15_00933.png,1,sd15,id,0.000000
data/processed/train/real/real_pexels_train/1786.png,0,real_pexels_train,id,0.032546
data/processed/train/real/cifake/train_1018.png,0,cifake,id,0.000177
data/processed/train/fake_gan/stylegan/KIOUEW589S.png,1,stylegan,id,0.000217
data/processed/train/real/ffhq/44129.png,0,ffhq,id,0.000016
data/processed/train/real/diverse_real/31581.png,0,diverse_real,id,0.000000
data/processed/train/fake_diffusion/sd15/sd15_02198.png,1,sd15,id,0.000000
data/processed/train/fake_gan/stylegan/IS0G1A4N1A.png,1,stylegan,id,0.160992
data/processed/train/fake_gan/stylegan/XRH9GCOEQS.png,1,stylegan,id,0.000259
data/processed/train/fake_diffusion/cifake/test_626.png,1,cifake,id,0.000015
data/processed/train/real/ffhq/48174.png,0,ffhq,id,0.000000
data/processed/train/real/ffhq/08649.png,0,ffhq,id,0.000000
data/processed/train/fake_gan/stylegan/LWJOSGSKNW.png,1,stylegan,id,0.000006
data/processed/train/real/cifake/train_0591 (6).png,0,cifake,id,0.000290
data/processed/train/real/cifake/train_2725 (3).png,0,cifake,id,0.038730
data/processed/train/real/cifake/test_0285 (2).png,0,cifake,id,0.000000
data/processed/train/fake_diffusion/cifake/train_3466 (7).png,1,cifake,id,0.000000
data/processed/train/fake_diffusion/sd15/sd15_00196.png,1,sd15,id,0.000000
data/processed/train/fake_diffusion/cifake/train_5541 (6).png,1,cifake,id,0.001138
data/processed/train/real/cifake/test_0665 (4).png,0,cifake,id,0.000000
data/processed/train/real/cifake/train_2492 (10).png,0,cifake,id,0.000000
data/processed/train/real/ffhq/02122.png,0,ffhq,id,0.000000
data/processed/train/fake_diffusion/cifake/train_4365 (2).png,1,cifake,id,0.003045
data/processed/train/fake_gan/stylegan/DBWIKZSRAE.png,1,stylegan,id,0.026237
data/processed/train/fake_gan/stylegan/I989V0AO7R.png,1,stylegan,id,0.000013
data/processed/train/fake_gan/stylegan/86LG06GPA5.png,1,stylegan,id,0.000003
data/processed/train/fake_diffusion/cifake/train_3528.png,1,cifake,id,0.011848
data/processed/train/fake_gan/stylegan/XGSF7O5AXN.png,1,stylegan,id,0.005009
data/processed/train/real/cifake/train_1910 (10).png,0,cifake,id,0.000000
data/processed/train/fake_diffusion/cifake/train_1483 (3).png,1,cifake,id,0.000051
data/processed/train/fake_diffusion/cifake/train_3918 (10).png,1,cifake,id,0.000000
data/processed/train/real/ffhq/01518.png,0,ffhq,id,0.000000
data/processed/train/real/diverse_real/22981.png,0,diverse_real,id,0.000000
data/processed/train/fake_diffusion/cifake/test_255 (10).png,1,cifake,id,0.000842
data/processed/train/fake_diffusion/cifake/train_5838 (8).png,1,cifake,id,0.000001
data/processed/train/fake_diffusion/cifake/train_5355 (6).png,1,cifake,id,0.000121
data/processed/train/real/cifake/train_2168 (3).png,0,cifake,id,0.000000
data/processed/train/real/diverse_real/66909.png,0,diverse_real,id,0.000000
data/processed/train/fake_gan/stylegan/BMKJPFR9AU.png,1,stylegan,id,0.000127
data/processed/train/fake_gan/stylegan/8MT06OFDWR.png,1,stylegan,id,0.000001
data/processed/train/fake_diffusion/sd15/sd15_01935.png,1,sd15,id,0.000000
data/processed/train/real/ffhq/07286.png,0,ffhq,id,0.000000
data/processed/train/real/ffhq/13708.png,0,ffhq,id,0.000000
data/processed/train/real/cifake/train_1853 (7).png,0,cifake,id,0.000002
data/processed/train/fake_diffusion/cifake/train_5401 (4).png,1,cifake,id,0.000497
data/processed/train/real/cifake/train_4317 (10).png,0,cifake,id,0.000001
data/processed/train/real/cifake/test_0350 (5).png,0,cifake,id,0.190788
data/processed/train/real/cifake/train_4365 (3).png,0,cifake,id,0.000198
data/processed/train/real/ffhq/02853.png,0,ffhq,id,0.000000
data/processed/train/real/cifake/train_4140 (2).png,0,cifake,id,0.000000
data/processed/train/fake_gan/stylegan/5QCB7X8AJB.png,1,stylegan,id,0.000000
data/processed/train/real/cifake/train_2384 (7).png,0,cifake,id,0.000110
data/processed/train/fake_gan/stylegan/203OB00IVD.png,1,stylegan,id,0.000025
data/processed/train/fake_gan/stylegan/GVWEI5VLKD.png,1,stylegan,id,0.000007
data/processed/train/fake_diffusion/cifake/train_3525 (4).png,1,cifake,id,0.852881
data/processed/train/fake_diffusion/cifake/train_5281 (4).png,1,cifake,id,0.000000
data/processed/train/fake_gan/stylegan/L4YIVRK0US.png,1,stylegan,id,0.000002
data/processed/train/real/ffhq/05401.png,0,ffhq,id,0.000000
data/processed/train/fake_gan/stylegan/CCNU7S7R2C.png,1,stylegan,id,0.000003
data/processed/train/real/cifake/train_2545 (9).png,0,cifake,id,0.000080
data/processed/train/fake_diffusion/cifake/train_3286 (4).png,1,cifake,id,0.000894
data/processed/train/real/cifake/train_2053.png,0,cifake,id,0.000000
data/processed/train/real/ffhq/13263.png,0,ffhq,id,0.000000
data/processed/train/real/cifake/train_4512 (2).png,0,cifake,id,0.000766
data/processed/train/fake_gan/stylegan/FR3ZGK0AZV.png,1,stylegan,id,0.000000
data/processed/train/real/ffhq/19401.png,0,ffhq,id,0.000000
data/processed/train/fake_gan/stylegan/QK9VLCVIBE.png,1,stylegan,id,0.000089
data/processed/train/fake_diffusion/cifake/train_1931 (6).png,1,cifake,id,0.001322
data/processed/train/real/diverse_real/24284.png,0,diverse_real,id,0.000009
data/processed/train/fake_gan/stylegan/8E38GSH2XB.png,1,stylegan,id,0.000191
data/processed/train/fake_gan/stylegan/XWN5SN9Y9I.png,1,stylegan,id,0.000000
data/processed/train/real/real_pexels_train/1793.png,0,real_pexels_train,id,0.000020
data/processed/train/fake_diffusion/cifake/train_3538 (5).png,1,cifake,id,0.000011
data/processed/train/real/cifake/train_2626 (10).png,0,cifake,id,0.000000
data/processed/train/real/ffhq/50468.png,0,ffhq,id,0.000000
data/processed/train/real/cifake/train_2478 (7).png,0,cifake,id,0.747784
data/processed/train/fake_diffusion/cifake/train_3455 (3).png,1,cifake,id,0.000730
data/processed/train/fake_diffusion/cifake/train_1417 (3).png,1,cifake,id,0.019151
data/processed/train/fake_diffusion/cifake/train_5332 (5).png,1,cifake,id,0.005461
data/processed/train/fake_diffusion/cifake/train_3199 (8).png,1,cifake,id,0.996755
data/processed/train/real/diverse_real/03651.png,0,diverse_real,id,0.000001
data/processed/train/real/ffhq/11806.png,0,ffhq,id,0.000000
data/processed/train/fake_gan/stylegan/EOVQYV0M3W.png,1,stylegan,id,0.000000
data/processed/train/real/cifake/train_3083 (8).png,0,cifake,id,0.000000
data/processed/train/real/cifake/train_1208 (9).png,0,cifake,id,0.001089
data/processed/train/real/cifake/train_2261 (9).png,0,cifake,id,0.000000
data/processed/train/real/cifake/test_0140 (4).png,0,cifake,id,0.000214
data/processed/train/real/cifake/test_0805.png,0,cifake,id,0.000056
data/processed/train/real/ffhq/51268.png,0,ffhq,id,0.000000
data/processed/train/fake_gan/stylegan/MR0I1MK9AB.png,1,stylegan,id,0.000000
data/processed/train/fake_diffusion/tristanzhang_train/2267.png,1,tristanzhang_train,id,0.000000
data/processed/train/real/real_pexels_train/0373.png,0,real_pexels_train,id,0.000007
data/processed/train/real/cifake/test_0722 (8).png,0,cifake,id,0.000445
data/processed/train/fake_diffusion/cifake/test_352 (5).png,1,cifake,id,0.114059
data/processed/train/real/real_camera_train/000000575243.png,0,real_camera_train,id,0.000000
data/processed/train/fake_diffusion/sd15/sd15_00125.png,1,sd15,id,0.000000
data/processed/train/real/ffhq/34799.png,0,ffhq,id,0.000000
data/processed/train/real/diverse_real/04038.png,0,diverse_real,id,0.000000
data/processed/train/real/cifake/test_0631 (2).png,0,cifake,id,0.007782
data/processed/train/fake_diffusion/cifake/train_3280 (2).png,1,cifake,id,0.000128
data/processed/train/real/ffhq/40375.png,0,ffhq,id,0.000000
data/processed/train/fake_gan/stylegan/39GJ8BKN3Q.png,1,stylegan,id,0.703891
data/processed/train/fake_gan/stylegan/LPWST62GHV.png,1,stylegan,id,0.000000
data/processed/train/fake_diffusion/cifake/train_3777 (7).png,1,cifake,id,0.001148
data/processed/train/fake_diffusion/cifake/train_2587 (7).png,1,cifake,id,0.438748
data/processed/train/fake_diffusion/cifake/train_3710 (5).png,1,cifake,id,0.000162
data/processed/train/real/cifake/test_0981 (3).png,0,cifake,id,0.000615
data/processed/train/real/cifake/test_0106 (4).png,0,cifake,id,0.000000
data/processed/train/fake_diffusion/cifake/test_621 (7).png,1,cifake,id,0.000017
data/processed/train/fake_diffusion/cifake/train_4825 (2).png,1,cifake,id,0.000000
data/processed/train/fake_diffusion/cifake/train_3101.png,1,cifake,id,0.014098
data/processed/train/fake_diffusion/sd15/sd15_02347.png,1,sd15,id,0.000000
data/processed/train/real/ffhq/23252.png,0,ffhq,id,0.000000
data/processed/train/real/ffhq/46743.png,0,ffhq,id,0.000000
data/processed/train/fake_diffusion/sd15/sd15_02416.png,1,sd15,id,0.000000
data/processed/train/real/diverse_real/07340.png,0,diverse_real,id,0.000000
data/processed/train/fake_gan/stylegan/HL2I3WGFV3.png,1,stylegan,id,0.000000
data/processed/train/real/cifake/test_0789 (7).png,0,cifake,id,0.000001
data/processed/train/real/diverse_real/36896.png,0,diverse_real,id,0.000000
data/processed/train/real/cifake/train_0549 (7).png,0,cifake,id,0.005158
data/processed/train/real/ffhq/19255.png,0,ffhq,id,0.000000
data/processed/train/fake_diffusion/sd15/sd15_00523.png,1,sd15,id,0.000000
data/processed/train/fake_diffusion/cifake/train_1597 (7).png,1,cifake,id,0.000000
data/processed/train/real/ffhq/49405.png,0,ffhq,id,0.000000
data/processed/train/fake_diffusion/cifake/train_3375 (9).png,1,cifake,id,0.000249
data/processed/train/fake_diffusion/sd15/sd15_00496.png,1,sd15,id,0.000000
data/processed/train/fake_gan/stylegan/KLIQ5CQU3P.png,1,stylegan,id,0.000001
data/processed/train/fake_gan/stylegan/J2TSTNLV9X.png,1,stylegan,id,0.202817
data/processed/train/real/cifake/train_1406 (3).png,0,cifake,id,0.000000
data/processed/train/fake_gan/stylegan/SLJPSTPBJC.png,1,stylegan,id,0.000008
data/processed/train/real/cifake/train_1776 (9).png,0,cifake,id,0.000165
data/processed/train/real/cifake/train_1437.png,0,cifake,id,0.000003
data/processed/train/real/diverse_real/58927.png,0,diverse_real,id,0.000000
data/processed/train/real/cifake/train_4329 (3).png,0,cifake,id,0.000000
data/processed/train/real/cifake/train_1752 (10).png,0,cifake,id,0.000015
data/processed/train/fake_diffusion/cifake/train_1043 (10).png,1,cifake,id,0.000005
data/processed/train/real/cifake/test_0722 (5).png,0,cifake,id,0.000000
data/processed/train/real/diverse_real/50107.png,0,diverse_real,id,0.000000
data/processed/train/fake_gan/stylegan/XXPLB2O1G7.png,1,stylegan,id,0.000000
data/processed/train/fake_diffusion/cifake/train_2526 (2).png,1,cifake,id,0.000018
data/processed/train/real/ffhq/14601.png,0,ffhq,id,0.000000
data/processed/train/fake_gan/stylegan/FZZXYVG9LR.png,1,stylegan,id,0.000001
data/processed/train/real/diverse_real/23469.png,0,diverse_real,id,0.000000
data/processed/train/fake_gan/stylegan/GO0X6A2527.png,1,stylegan,id,0.000048
data/processed/train/real/cifake/train_3842.png,0,cifake,id,0.686903
data/processed/train/fake_gan/stylegan/ASSPWDD5D2.png,1,stylegan,id,0.000003
data/processed/train/fake_diffusion/cifake/train_3734 (4).png,1,cifake,id,0.000000
data/processed/train/real/diverse_real/18605.png,0,diverse_real,id,0.000000
data/processed/train/fake_gan/stylegan/W8RROW4XD9.png,1,stylegan,id,0.000033
data/processed/train/fake_diffusion/cifake/test_253 (10).png,1,cifake,id,0.000083
data/processed/train/fake_diffusion/cifake/test_193 (10).png,1,cifake,id,0.000003
data/processed/train/fake_gan/stylegan/ANYN99FBX0.png,1,stylegan,id,0.000005
data/processed/train/real/ffhq/17344.png,0,ffhq,id,0.000000
data/processed/train/fake_gan/stylegan/FAJ5KT9GCR.png,1,stylegan,id,0.000002
data/processed/train/fake_gan/stylegan/BAYDORZYLB.png,1,stylegan,id,0.000000
data/processed/train/real/cifake/train_3602 (3).png,0,cifake,id,0.012170
data/processed/train/fake_diffusion/sd15/sd15_01272.png,1,sd15,id,0.000000
data/processed/train/real/ffhq/34756.png,0,ffhq,id,0.000003
data/processed/train/fake_diffusion/cifake/train_2316 (9).png,1,cifake,id,0.002746
data/processed/train/real/diverse_real/08238.png,0,diverse_real,id,0.000000
data/processed/train/real/diverse_real/67560.png,0,diverse_real,id,0.000000
data/processed/train/fake_diffusion/sd15/sd15_01037.png,1,sd15,id,0.000000
data/processed/train/real/ffhq/06397.png,0,ffhq,id,0.000001
data/processed/train/fake_diffusion/cifake/train_4638 (3).png,1,cifake,id,0.000000
data/processed/train/real/diverse_real/20669.png,0,diverse_real,id,0.000000
data/processed/train/real/cifake/train_1484 (7).png,0,cifake,id,0.000000
data/processed/train/fake_gan/stylegan/3Y079YL0Y1.png,1,stylegan,id,0.001800
data/processed/train/fake_gan/stylegan/FJ43V2ZNTY.png,1,stylegan,id,0.002861
data/processed/train/real/ffhq/00386.png,0,ffhq,id,0.000000
data/processed/train/real/diverse_real/29092.png,0,diverse_real,id,0.000001
data/processed/train/fake_diffusion/cifake/train_2570 (4).png,1,cifake,id,0.000785
data/processed/train/fake_diffusion/cifake/train_2272 (9).png,1,cifake,id,0.000000
data/processed/train/real/cifake/train_3199 (7).png,0,cifake,id,0.000009
data/processed/train/real/ffhq/16790.png,0,ffhq,id,0.000002
data/processed/train/real/cifake/train_0100 (6).png,0,cifake,id,0.962163
data/processed/train/fake_gan/stylegan/9XQN56C73H.png,1,stylegan,id,0.000055
data/processed/train/real/ffhq/14521.png,0,ffhq,id,0.000000
data/processed/train/fake_diffusion/sd15/sd15_00443.png,1,sd15,id,0.000000
data/processed/train/fake_gan/stylegan/KLJQWAK4KE.png,1,stylegan,id,0.000001
data/processed/train/real/ffhq/45292.png,0,ffhq,id,0.000000
data/processed/train/fake_gan/stylegan/6ZKMWI90P4.png,1,stylegan,id,0.000001
data/processed/train/real/ffhq/18719.png,0,ffhq,id,0.000000
data/processed/train/fake_gan/stylegan/R7QENPR63U.png,1,stylegan,id,0.000000
data/processed/train/fake_diffusion/cifake/test_716 (6).png,1,cifake,id,0.003099
data/processed/train/real/cifake/train_1084 (9).png,0,cifake,id,0.000133
data/processed/train/real/ffhq/17057.png,0,ffhq,id,0.000000
data/processed/train/real/real_camera_train/000000400803.png,0,real_camera_train,id,0.000000
data/processed/train/real/cifake/train_3438 (3).png,0,cifake,id,0.000000
data/processed/train/real/cifake/test_0735 (4).png,0,cifake,id,0.124224
data/processed/train/real/ffhq/30492.png,0,ffhq,id,0.000001
data/processed/train/real/ffhq/07578.png,0,ffhq,id,0.000000
data/processed/train/real/ffhq/46690.png,0,ffhq,id,0.000000
data/processed/train/real/ffhq/03665.png,0,ffhq,id,0.000000
data/processed/train/fake_diffusion/cifake/train_3922 (8).png,1,cifake,id,0.000000
data/processed/train/real/cifake/train_2459 (7).png,0,cifake,id,0.004776
data/processed/train/real/diverse_real/57881.png,0,diverse_real,id,0.000000
data/processed/train/real/ffhq/06618.png,0,ffhq,id,0.000000
data/processed/train/fake_gan/stylegan/DUO1D3EK9F.png,1,stylegan,id,0.000003
data/processed/train/real/ffhq/08364.png,0,ffhq,id,0.000000
data/processed/train/real/ffhq/33638.png,0,ffhq,id,0.000000
data/processed/train/fake_diffusion/cifake/train_5595 (8).png,1,cifake,id,0.000935
data/processed/train/fake_diffusion/cifake/test_526 (7).png,1,cifake,id,0.000001
data/processed/train/real/diverse_real/26623.png,0,diverse_real,id,0.000000
data/processed/train/real/ffhq/14483.png,0,ffhq,id,0.000000
data/processed/train/real/diverse_real/24350.png,0,diverse_real,id,0.000000
data/processed/train/fake_gan/stylegan/QKHNPLCACY.png,1,stylegan,id,0.000006
data/processed/train/fake_diffusion/sd15/sd15_01467.png,1,sd15,id,0.000000
data/processed/train/fake_diffusion/cifake/train_5412 (6).png,1,cifake,id,0.100810
data/processed/train/fake_diffusion/cifake/test_657 (8).png,1,cifake,id,0.000000
data/processed/train/real/diverse_real/28927.png,0,diverse_real,id,0.000000
data/processed/train/fake_gan/stylegan/E2YYQRMXA0.png,1,stylegan,id,0.000000
data/processed/train/real/diverse_real/55422.png,0,diverse_real,id,0.000018
data/processed/train/real/cifake/test_0848 (4).png,0,cifake,id,0.000002
data/processed/train/fake_diffusion/cifake/train_1694 (3).png,1,cifake,id,0.019862
data/processed/train/fake_gan/stylegan/VA6K7YQU37.png,1,stylegan,id,0.000000
data/processed/train/fake_gan/stylegan/6O1HG6L9QD.png,1,stylegan,id,0.000019
data/processed/train/fake_diffusion/sd15/sd15_01312.png,1,sd15,id,0.000000
data/processed/train/fake_diffusion/cifake/train_4838 (10).png,1,cifake,id,0.000003
data/processed/train/real/diverse_real/66767.png,0,diverse_real,id,0.000000
data/processed/train/fake_gan/stylegan/JB1YDXDIZT.png,1,stylegan,id,0.000816
data/processed/train/fake_gan/stylegan/AU04FWNQJ5.png,1,stylegan,id,0.000000
data/processed/train/real/diverse_real/27506.png,0,diverse_real,id,0.000000
data/processed/train/fake_diffusion/cifake/train_5746 (4).png,1,cifake,id,0.000000
data/processed/train/real/diverse_real/65784.png,0,diverse_real,id,0.000000
data/processed/train/real/cifake/train_4722 (8).png,0,cifake,id,0.000000
data/processed/train/fake_gan/stylegan/FX0GEJZ9HJ.png,1,stylegan,id,0.000000
data/processed/train/fake_gan/stylegan/3UDHGXHZNX.png,1,stylegan,id,0.000000
data/processed/train/real/ffhq/19193.png,0,ffhq,id,0.000000
data/processed/train/fake_diffusion/cifake/train_2547 (7).png,1,cifake,id,0.000002
data/processed/train/real/cifake/test_0418.png,0,cifake,id,0.000570
data/processed/train/fake_diffusion/cifake/train_2286 (9).png,1,cifake,id,0.003714
data/processed/train/real/diverse_real/46218.png,0,diverse_real,id,0.000000
data/processed/train/fake_diffusion/sd15/sd15_00656.png,1,sd15,id,0.999455
data/processed/train/fake_diffusion/cifake/test_672 (10).png,1,cifake,id,0.026749
data/processed/train/real/ffhq/17573.png,0,ffhq,id,0.000000
data/processed/train/real/diverse_real/31857.png,0,diverse_real,id,0.000000
data/processed/train/fake_diffusion/sd15/sd15_00425.png,1,sd15,id,0.000000
data/processed/train/real/cifake/train_4625 (4).png,0,cifake,id,0.019680
data/processed/train/fake_gan/stylegan/9ZKH0WBK31.png,1,stylegan,id,0.000000
data/processed/train/fake_gan/stylegan/PVPAM8IML0.png,1,stylegan,id,0.000515
data/processed/train/real/diverse_real/68615.png,0,diverse_real,id,0.000005
data/processed/train/fake_diffusion/sd15/sd15_01740.png,1,sd15,id,0.000000
data/processed/train/real/ffhq/01090.png,0,ffhq,id,0.000000
data/processed/train/real/diverse_real/02331.png,0,diverse_real,id,0.000000
data/processed/train/fake_diffusion/cifake/train_2015 (8).png,1,cifake,id,0.000019
data/processed/train/fake_diffusion/cifake/test_273 (7).png,1,cifake,id,0.020840
data/processed/train/fake_diffusion/sd15/sd15_01751.png,1,sd15,id,0.000000
data/processed/train/real/diverse_real/07311.png,0,diverse_real,id,0.000000
data/processed/train/real/cifake/train_2055 (3).png,0,cifake,id,0.000215
data/processed/train/real/ffhq/31057.png,0,ffhq,id,0.000000
data/processed/train/fake_diffusion/cifake/test_699 (3).png,1,cifake,id,0.000151
data/processed/train/fake_diffusion/cifake/train_2764 (9).png,1,cifake,id,0.000222
data/processed/train/fake_diffusion/tristanzhang_train/3269.png,1,tristanzhang_train,id,0.000000
data/processed/train/fake_diffusion/cifake/test_493 (10).png,1,cifake,id,0.000000
data/processed/train/real/diverse_real/33504.png,0,diverse_real,id,0.000000
data/processed/train/real/cifake/test_0278 (5).png,0,cifake,id,0.026211
data/processed/train/real/cifake/train_2138.png,0,cifake,id,0.000002
data/processed/train/fake_diffusion/cifake/train_5922 (7).png,1,cifake,id,0.002635
data/processed/train/real/cifake/train_4791 (5).png,0,cifake,id,0.050925
data/processed/train/fake_diffusion/sd15/sd15_02269.png,1,sd15,id,0.000000
data/processed/train/real/cifake/train_1846 (6).png,0,cifake,id,0.004169
data/processed/train/real/ffhq/26260.png,0,ffhq,id,0.000000
data/processed/train/fake_diffusion/cifake/train_1210 (2).png,1,cifake,id,0.000002
data/processed/train/real/ffhq/32403.png,0,ffhq,id,0.000000
data/processed/train/fake_diffusion/sd15/sd15_00297.png,1,sd15,id,0.000000
data/processed/train/fake_gan/stylegan/ZVHFLSX6BQ.png,1,stylegan,id,0.000036
data/processed/train/fake_gan/stylegan/1819XRPSHB.png,1,stylegan,id,0.000002
data/processed/train/fake_diffusion/cifake/train_2999.png,1,cifake,id,0.000237
data/processed/train/fake_diffusion/cifake/train_2527 (3).png,1,cifake,id,0.000000
data/processed/train/real/cifake/train_0643 (6).png,0,cifake,id,0.000000
data/processed/train/real/cifake/test_0588 (4).png,0,cifake,id,0.000486
data/processed/train/real/cifake/train_4425 (2).png,0,cifake,id,0.000000
data/processed/train/real/ffhq/29820.png,0,ffhq,id,0.000000
data/processed/train/fake_diffusion/sd15/sd15_01889.png,1,sd15,id,0.000000
data/processed/train/fake_diffusion/sd15/sd15_02062.png,1,sd15,id,0.000000
data/processed/train/fake_diffusion/tristanzhang_train/1747.png,1,tristanzhang_train,id,0.000000
data/processed/train/real/ffhq/27470.png,0,ffhq,id,0.000000
data/processed/train/fake_gan/stylegan/2RUX6YQD09.png,1,stylegan,id,0.000000
data/processed/train/fake_diffusion/sd15/sd15_02099.png,1,sd15,id,0.000000
data/processed/train/real/ffhq/38424.png,0,ffhq,id,0.000001
data/processed/train/fake_diffusion/cifake/test_705 (6).png,1,cifake,id,0.439926
data/processed/train/real/ffhq/48621.png,0,ffhq,id,0.000000
data/processed/train/real/cifake/train_0172 (3).png,0,cifake,id,0.307085
data/processed/train/fake_diffusion/cifake/train_3249 (7).png,1,cifake,id,0.000000
data/processed/train/fake_diffusion/cifake/train_2173 (8).png,1,cifake,id,0.002580
data/processed/train/real/diverse_real/34855.png,0,diverse_real,id,0.000000
data/processed/train/real/cifake/train_2408 (8).png,0,cifake,id,0.000000
data/processed/train/real/ffhq/53338.png,0,ffhq,id,0.000000
data/processed/train/fake_diffusion/cifake/test_961 (5).png,1,cifake,id,0.000123
data/processed/train/real/cifake/train_2592 (9).png,0,cifake,id,0.001067
data/processed/train/real/cifake/train_3347 (7).png,0,cifake,id,0.000001
data/processed/train/real/real_camera_train/000000389316.png,0,real_camera_train,id,0.000000
data/processed/train/real/diverse_real/43918.png,0,diverse_real,id,0.000000
data/processed/train/fake_diffusion/cifake/train_2380 (10).png,1,cifake,id,0.000108
data/processed/train/real/cifake/train_1459 (5).png,0,cifake,id,0.000001
data/processed/train/fake_diffusion/sd15/sd15_01295.png,1,sd15,id,0.000000
data/processed/train/real/diverse_real/35339.png,0,diverse_real,id,0.000000
data/processed/train/real/cifake/train_0624 (10).png,0,cifake,id,0.000004
data/processed/train/fake_diffusion/cifake/train_3284 (7).png,1,cifake,id,0.004101
data/processed/train/fake_gan/stylegan/2QJBIWATYQ.png,1,stylegan,id,0.000001
data/processed/train/fake_diffusion/sd15/sd15_01857.png,1,sd15,id,0.000043
data/processed/train/real/ffhq/03948.png,0,ffhq,id,0.001142
data/processed/train/fake_diffusion/cifake/test_513 (8).png,1,cifake,id,0.000001
data/processed/train/real/diverse_real/56059.png,0,diverse_real,id,0.000000
data/processed/train/real/cifake/train_3024 (2).png,0,cifake,id,0.000101
data/processed/train/real/cifake/train_3748 (4).png,0,cifake,id,0.306348
data/processed/train/real/ffhq/34376.png,0,ffhq,id,0.000001
data/processed/train/fake_diffusion/cifake/train_3004 (5).png,1,cifake,id,0.808337
data/processed/train/fake_diffusion/sd15/sd15_01491.png,1,sd15,id,0.000001
data/processed/train/fake_diffusion/sd15/sd15_02061.png,1,sd15,id,0.000000
data/processed/train/real/cifake/train_3682 (4).png,0,cifake,id,0.185216
data/processed/train/real/diverse_real/41778.png,0,diverse_real,id,0.000000
data/processed/train/fake_gan/stylegan/LWACIAHPOI.png,1,stylegan,id,0.000000
data/processed/train/real/ffhq/05139.png,0,ffhq,id,0.000000
data/processed/train/fake_diffusion/sd15/sd15_02472.png,1,sd15,id,0.000000
data/processed/train/real/cifake/test_0920 (6).png,0,cifake,id,0.000100
data/processed/train/real/ffhq/25601.png,0,ffhq,id,0.000001
data/processed/train/real/diverse_real/63199.png,0,diverse_real,id,0.000000
data/processed/train/real/ffhq/35712.png,0,ffhq,id,0.000000
data/processed/train/real/cifake/train_3327 (10).png,0,cifake,id,0.000000
data/processed/train/real/cifake/train_1596.png,0,cifake,id,0.000131
data/processed/train/fake_gan/stylegan/ZHFGM1E1O5.png,1,stylegan,id,0.000000
data/processed/train/fake_diffusion/cifake/train_5579 (4).png,1,cifake,id,0.000000
data/processed/train/fake_diffusion/sd15/sd15_00593.png,1,sd15,id,0.000000
data/processed/train/fake_diffusion/cifake/train_5690 (10).png,1,cifake,id,0.003344
data/processed/train/real/cifake/train_0325 (3).png,0,cifake,id,0.064105
data/processed/train/fake_diffusion/sd15/sd15_01029.png,1,sd15,id,0.000024
data/processed/train/real/cifake/train_0864.png,0,cifake,id,0.098613
data/processed/train/real/cifake/train_1225 (4).png,0,cifake,id,0.000000
data/processed/train/fake_gan/stylegan/3102AV5PGZ.png,1,stylegan,id,0.000000
data/processed/train/real/cifake/train_2909 (2).png,0,cifake,id,0.000000
data/processed/train/fake_diffusion/sd15/sd15_01046.png,1,sd15,id,0.000000
data/processed/train/real/ffhq/23300.png,0,ffhq,id,0.000000
data/processed/train/fake_diffusion/cifake/test_196 (3).png,1,cifake,id,0.011570
data/processed/train/fake_diffusion/cifake/test_7 (7).png,1,cifake,id,0.000113
data/processed/train/real/diverse_real/40011.png,0,diverse_real,id,0.000000
data/processed/train/real/real_pexels_train/5668.png,0,real_pexels_train,id,0.000021
data/processed/train/fake_gan/stylegan/KUOCCOERFU.png,1,stylegan,id,0.000015
data/processed/train/real/ffhq/42868.png,0,ffhq,id,0.000000
data/processed/train/real/ffhq/37339.png,0,ffhq,id,0.000000
data/processed/train/fake_diffusion/sd15/sd15_02069.png,1,sd15,id,0.000000
data/processed/train/fake_diffusion/cifake/train_5832 (5).png,1,cifake,id,0.000000
data/processed/train/real/cifake/test_0737 (6).png,0,cifake,id,0.000051
data/processed/train/real/cifake/train_0414 (3).png,0,cifake,id,0.056091
data/processed/train/real/ffhq/52838.png,0,ffhq,id,0.000002
data/processed/train/real/ffhq/49246.png,0,ffhq,id,0.000000
data/processed/train/real/ffhq/08295.png,0,ffhq,id,0.000011
data/processed/train/fake_diffusion/cifake/train_4064 (2).png,1,cifake,id,0.000000
data/processed/train/real/diverse_real/11310.png,0,diverse_real,id,0.000000
data/processed/train/fake_diffusion/cifake/train_3370 (10).png,1,cifake,id,0.000189
data/processed/train/real/cifake/train_3390 (6).png,0,cifake,id,0.000063
data/processed/train/fake_gan/stylegan/GECFGBDMJI.png,1,stylegan,id,0.746712
data/processed/train/fake_diffusion/cifake/train_2096 (4).png,1,cifake,id,0.208492
data/processed/train/fake_diffusion/cifake/train_1207.png,1,cifake,id,0.596759
data/processed/train/real/ffhq/31246.png,0,ffhq,id,0.140766
data/processed/train/real/cifake/test_0961 (5).png,0,cifake,id,0.000000
data/processed/train/real/cifake/train_2160 (3).png,0,cifake,id,0.000351
data/processed/train/real/ffhq/39471.png,0,ffhq,id,0.000000
data/processed/train/real/cifake/test_0405 (8).png,0,cifake,id,0.000002
data/processed/train/real/ffhq/29431.png,0,ffhq,id,0.000000
data/processed/train/real/cifake/test_0331 (5).png,0,cifake,id,0.000009
data/processed/train/real/ffhq/52556.png,0,ffhq,id,0.000000
data/processed/train/fake_gan/stylegan/GOPQYI0FDS.png,1,stylegan,id,0.000001
data/processed/train/real/real_camera_train/000000358427.png,0,real_camera_train,id,0.000000
data/processed/train/real/ffhq/44046.png,0,ffhq,id,0.000000
data/processed/train/real/cifake/train_2756.png,0,cifake,id,0.000869
data/processed/train/real/diverse_real/17582.png,0,diverse_real,id,0.000000
data/processed/train/real/ffhq/33396.png,0,ffhq,id,0.000000
data/processed/train/real/cifake/train_2965 (8).png,0,cifake,id,0.000000
data/processed/train/real/cifake/train_3795 (8).png,0,cifake,id,0.003785
data/processed/train/fake_diffusion/cifake/train_5547 (8).png,1,cifake,id,0.298845
data/processed/train/real/ffhq/11379.png,0,ffhq,id,0.000000
data/processed/train/real/cifake/train_1274.png,0,cifake,id,0.000047
data/processed/train/real/cifake/test_0945.png,0,cifake,id,0.085766
data/processed/train/real/diverse_real/13894.png,0,diverse_real,id,0.000000
data/processed/train/fake_diffusion/cifake/train_4134 (3).png,1,cifake,id,0.000362
data/processed/train/real/ffhq/07664.png,0,ffhq,id,0.000000
data/processed/train/fake_diffusion/cifake/train_3020 (7).png,1,cifake,id,0.000031
data/processed/train/real/cifake/train_3721 (3).png,0,cifake,id,0.000237
data/processed/train/real/ffhq/24571.png,0,ffhq,id,0.000000
data/processed/train/real/cifake/train_3303 (8).png,0,cifake,id,0.000002
data/processed/train/real/ffhq/32018.png,0,ffhq,id,0.000000
data/processed/train/real/ffhq/23243.png,0,ffhq,id,0.000000
data/processed/train/fake_diffusion/sd15/sd15_00890.png,1,sd15,id,0.000000
data/processed/train/real/cifake/test_0083 (6).png,0,cifake,id,0.000185
data/processed/train/fake_diffusion/cifake/train_1727 (10).png,1,cifake,id,0.000026
data/processed/train/fake_gan/stylegan/W0FD84UF6V.png,1,stylegan,id,0.014928
data/processed/train/real/cifake/train_0827 (3).png,0,cifake,id,0.207366
data/processed/train/real/ffhq/17679.png,0,ffhq,id,0.000003
data/processed/train/fake_gan/stylegan/DGESQJLNBL.png,1,stylegan,id,0.828303
data/processed/train/fake_diffusion/cifake/train_1904 (9).png,1,cifake,id,0.295067
data/processed/train/real/ffhq/01067.png,0,ffhq,id,0.000000
data/processed/train/real/cifake/train_1105 (2).png,0,cifake,id,0.000009
data/processed/train/real/ffhq/29284.png,0,ffhq,id,0.000000
data/processed/train/fake_gan/stylegan/HEHMB7WTGE.png,1,stylegan,id,0.000000
data/processed/train/real/cifake/train_2172.png,0,cifake,id,0.000000
data/processed/train/real/ffhq/22986.png,0,ffhq,id,0.000000
data/processed/train/fake_gan/stylegan/S8R01XVZZ2.png,1,stylegan,id,0.000000
data/processed/train/fake_diffusion/cifake/train_1424 (10).png,1,cifake,id,0.000000
data/processed/train/fake_gan/stylegan/0250HTNXW8.png,1,stylegan,id,0.001300
data/processed/train/real/ffhq/32856.png,0,ffhq,id,0.000000
data/processed/train/fake_diffusion/sd15/sd15_01827.png,1,sd15,id,0.000000
data/processed/train/real/cifake/train_1723 (3).png,0,cifake,id,0.299858
data/processed/train/fake_gan/stylegan/H8R2OPB2Z9.png,1,stylegan,id,0.000000
data/processed/train/real/diverse_real/50852.png,0,diverse_real,id,0.000001
data/processed/train/fake_diffusion/cifake/train_5348 (10).png,1,cifake,id,0.000001
data/processed/train/real/cifake/test_0197 (7).png,0,cifake,id,0.000000
data/processed/train/fake_diffusion/sd15/sd15_00631.png,1,sd15,id,0.000000
data/processed/train/real/ffhq/46919.png,0,ffhq,id,0.000000
data/processed/train/fake_gan/stylegan/E2UXAJP3Q7.png,1,stylegan,id,0.000002
data/processed/train/fake_diffusion/cifake/train_2807.png,1,cifake,id,0.001925
data/processed/train/fake_diffusion/cifake/train_4737 (2).png,1,cifake,id,0.000000
data/processed/train/real/ffhq/25909.png,0,ffhq,id,0.000000
data/processed/train/fake_diffusion/cifake/train_4961 (2).png,1,cifake,id,0.000000
data/processed/train/real/real_pexels_train/3283.png,0,real_pexels_train,id,0.009266
data/processed/train/fake_diffusion/cifake/train_4121 (2).png,1,cifake,id,0.000002
data/processed/train/fake_gan/stylegan/DBBX5UEJQS.png,1,stylegan,id,0.000000
data/processed/train/real/ffhq/29581.png,0,ffhq,id,0.000050
data/processed/train/fake_diffusion/sd15/sd15_00128.png,1,sd15,id,0.000000
data/processed/train/real/cifake/train_2075 (4).png,0,cifake,id,0.000212
data/processed/train/fake_diffusion/sd15/sd15_00314.png,1,sd15,id,0.000000
data/processed/train/fake_gan/stylegan/NQGR33UZOL.png,1,stylegan,id,0.000234
data/processed/train/real/ffhq/04830.png,0,ffhq,id,0.000000
data/processed/train/fake_diffusion/cifake/train_3927 (2).png,1,cifake,id,0.000000
data/processed/train/real/diverse_real/42603.png,0,diverse_real,id,0.000000
data/processed/train/real/diverse_real/07358.png,0,diverse_real,id,0.000000
data/processed/train/real/ffhq/35281.png,0,ffhq,id,0.000000
data/processed/train/real/diverse_real/12798.png,0,diverse_real,id,0.000000
data/processed/train/fake_diffusion/cifake/train_1847 (6).png,1,cifake,id,0.000000
data/processed/train/fake_diffusion/cifake/test_20 (9).png,1,cifake,id,0.000000
data/processed/train/real/ffhq/05521.png,0,ffhq,id,0.000000
data/processed/train/fake_diffusion/cifake/train_4626 (9).png,1,cifake,id,0.000233
data/processed/train/fake_diffusion/sd15/sd15_00505.png,1,sd15,id,0.000001
data/processed/train/fake_gan/stylegan/VOS2YKJEEP.png,1,stylegan,id,0.000000
data/processed/train/fake_diffusion/sd15/sd15_00705.png,1,sd15,id,0.000000
data/processed/train/real/ffhq/16353.png,0,ffhq,id,0.000000
data/processed/train/real/cifake/train_0778 (7).png,0,cifake,id,0.000018
data/processed/train/fake_gan/stylegan/ZOC5IB725U.png,1,stylegan,id,0.000000
data/processed/train/real/ffhq/41801.png,0,ffhq,id,0.000000
data/processed/train/real/cifake/train_2971 (5).png,0,cifake,id,0.001200
data/processed/train/real/diverse_real/04869.png,0,diverse_real,id,0.000000
data/processed/train/real/ffhq/16341.png,0,ffhq,id,0.000000
data/processed/train/real/ffhq/39791.png,0,ffhq,id,0.000001
data/processed/train/fake_diffusion/cifake/test_633 (10).png,1,cifake,id,0.000049
data/processed/train/fake_diffusion/cifake/train_5453 (6).png,1,cifake,id,0.000000
data/processed/train/real/ffhq/44245.png,0,ffhq,id,0.000000
data/processed/train/real/ffhq/28130.png,0,ffhq,id,0.000000
data/processed/train/fake_gan/stylegan/2S4Y39URLE.png,1,stylegan,id,0.000000
data/processed/train/fake_diffusion/cifake/train_3475.png,1,cifake,id,0.000000
data/processed/train/fake_diffusion/cifake/train_4765 (2).png,1,cifake,id,0.000256
data/processed/train/real/ffhq/21553.png,0,ffhq,id,0.000000
data/processed/train/real/cifake/train_0343 (5).png,0,cifake,id,0.000001
data/processed/train/fake_gan/stylegan/HVU6HBZD1L.png,1,stylegan,id,0.000000
data/processed/train/fake_gan/stylegan/NE97R96SNT.png,1,stylegan,id,0.000012
data/processed/train/real/ffhq/34695.png,0,ffhq,id,0.000000
data/processed/train/fake_diffusion/cifake/test_174.png,1,cifake,id,0.170444
data/processed/train/fake_gan/stylegan/P59HAT6BFX.png,1,stylegan,id,0.000000
data/processed/train/fake_gan/stylegan/INML1E56T0.png,1,stylegan,id,0.000004
data/processed/train/real/cifake/test_0643 (4).png,0,cifake,id,0.000001
data/processed/train/real/cifake/train_0655 (3).png,0,cifake,id,0.000027
data/processed/train/fake_gan/stylegan/Q04JSW4TR9.png,1,stylegan,id,0.000000
data/processed/train/real/cifake/train_3475 (8).png,0,cifake,id,0.035265
data/processed/train/real/cifake/train_0445 (5).png,0,cifake,id,0.010853
data/processed/train/real/ffhq/30157.png,0,ffhq,id,0.000000
data/processed/train/fake_gan/stylegan/HMQ9GQSU2T.png,1,stylegan,id,0.000001
data/processed/train/real/ffhq/32256.png,0,ffhq,id,0.000000
data/processed/train/fake_gan/stylegan/2N5AGQNOKK.png,1,stylegan,id,0.000002
data/processed/train/fake_diffusion/sd15/sd15_02366.png,1,sd15,id,0.000000
data/processed/train/real/ffhq/49227.png,0,ffhq,id,0.000000
data/processed/train/real/ffhq/48640.png,0,ffhq,id,0.000000
data/processed/train/real/cifake/train_4821 (8).png,0,cifake,id,0.000000
data/processed/train/fake_diffusion/cifake/train_5305 (3).png,1,cifake,id,0.000048
data/processed/train/real/diverse_real/23136.png,0,diverse_real,id,0.000000
data/processed/train/real/cifake/train_2218 (8).png,0,cifake,id,0.000254
data/processed/train/fake_diffusion/cifake/train_1760 (4).png,1,cifake,id,0.000034
data/processed/train/fake_gan/stylegan/J0M6LY4W27.png,1,stylegan,id,0.000040
data/processed/train/fake_diffusion/cifake/train_3521 (8).png,1,cifake,id,0.000603
data/processed/train/fake_diffusion/sd15/sd15_02489.png,1,sd15,id,0.000000
data/processed/train/fake_gan/stylegan/1WG8HO8HUX.png,1,stylegan,id,0.000012
data/processed/train/real/ffhq/53806.png,0,ffhq,id,0.000000
data/processed/train/fake_diffusion/cifake/train_3444 (6).png,1,cifake,id,0.000000
data/processed/train/fake_diffusion/cifake/train_4377 (6).png,1,cifake,id,0.000000
data/processed/train/fake_gan/stylegan/5K86ZILUAQ.png,1,stylegan,id,0.000009
data/processed/train/real/ffhq/43074.png,0,ffhq,id,0.000000
data/processed/train/real/diverse_real/58740.png,0,diverse_real,id,0.000000
data/processed/train/fake_diffusion/cifake/train_3667 (4).png,1,cifake,id,0.000025
data/processed/train/real/ffhq/03996.png,0,ffhq,id,0.000000
data/processed/train/real/ffhq/23527.png,0,ffhq,id,0.000000
data/processed/train/fake_gan/stylegan/GYIWHN1XQD.png,1,stylegan,id,0.000000
data/processed/train/real/cifake/train_4893.png,0,cifake,id,0.958619
data/processed/train/fake_diffusion/cifake/train_4886 (9).png,1,cifake,id,0.002000
data/processed/train/real/cifake/test_0550.png,0,cifake,id,0.000086
data/processed/train/fake_diffusion/sd15/sd15_01040.png,1,sd15,id,0.000000
data/processed/train/real/cifake/test_0285 (8).png,0,cifake,id,0.000005
data/processed/train/fake_diffusion/cifake/train_2116 (3).png,1,cifake,id,0.076996
data/processed/train/real/ffhq/52098.png,0,ffhq,id,0.000000
data/processed/train/fake_diffusion/cifake/train_5315 (5).png,1,cifake,id,0.000000
data/processed/train/real/cifake/train_4230 (4).png,0,cifake,id,0.008660
data/processed/train/real/diverse_real/49052.png,0,diverse_real,id,0.000000
data/processed/train/fake_diffusion/cifake/train_1775 (9).png,1,cifake,id,0.000006
data/processed/train/real/cifake/train_1260 (10).png,0,cifake,id,0.000000
data/processed/train/fake_diffusion/cifake/train_4484 (3).png,1,cifake,id,0.004151
data/processed/train/real/cifake/train_0213.png,0,cifake,id,0.000005
data/processed/train/real/diverse_real/27500.png,0,diverse_real,id,0.000000
data/processed/train/real/cifake/test_0852 (6).png,0,cifake,id,0.023564
data/processed/train/fake_diffusion/cifake/test_244 (3).png,1,cifake,id,0.000002
data/processed/train/fake_diffusion/sd15/sd15_00739.png,1,sd15,id,0.000000
data/processed/train/fake_diffusion/sd15/sd15_01554.png,1,sd15,id,0.000000
data/processed/train/fake_diffusion/cifake/test_220 (7).png,1,cifake,id,0.000048
data/processed/train/real/cifake/train_0433 (8).png,0,cifake,id,0.000005
data/processed/train/fake_gan/stylegan/9PLF49ULGY.png,1,stylegan,id,0.000000
data/processed/train/fake_gan/stylegan/M5J74BIS9N.png,1,stylegan,id,0.200328
data/processed/train/real/ffhq/20229.png,0,ffhq,id,0.000000
data/processed/train/real/diverse_real/21530.png,0,diverse_real,id,0.000000
data/processed/train/real/ffhq/42280.png,0,ffhq,id,0.000000
data/processed/train/real/real_camera_train/000000504074.png,0,real_camera_train,id,0.000000
data/processed/train/fake_diffusion/cifake/test_391 (8).png,1,cifake,id,0.000329
data/processed/train/fake_diffusion/sd15/sd15_00939.png,1,sd15,id,0.000000
data/processed/train/fake_diffusion/cifake/train_4506 (9).png,1,cifake,id,0.000268
data/processed/train/fake_gan/stylegan/PLRA252FM6.png,1,stylegan,id,0.000000
data/processed/train/real/ffhq/12466.png,0,ffhq,id,0.000000
data/processed/train/real/cifake/train_2061 (7).png,0,cifake,id,0.000000
data/processed/train/fake_diffusion/cifake/train_2360 (8).png,1,cifake,id,0.000003
data/processed/train/real/diverse_real/61815.png,0,diverse_real,id,0.000000
data/processed/train/fake_diffusion/cifake/test_859 (2).png,1,cifake,id,0.000030
data/processed/train/fake_gan/stylegan/M7L8JTRDBY.png,1,stylegan,id,0.000001
data/processed/train/fake_gan/stylegan/I0B8LXTVDU.png,1,stylegan,id,0.000892
data/processed/train/real/ffhq/36962.png,0,ffhq,id,0.000001
data/processed/train/real/ffhq/07448.png,0,ffhq,id,0.000000
data/processed/train/fake_diffusion/cifake/train_1498 (3).png,1,cifake,id,0.000000
data/processed/train/real/ffhq/11163.png,0,ffhq,id,0.000001
data/processed/train/real/diverse_real/32994.png,0,diverse_real,id,0.000000
data/processed/train/fake_gan/stylegan/D28L0MIBZF.png,1,stylegan,id,0.000002
data/processed/train/fake_diffusion/cifake/train_5472 (10).png,1,cifake,id,0.000016
data/processed/train/real/ffhq/29483.png,0,ffhq,id,0.000000
data/processed/train/real/cifake/train_1361 (8).png,0,cifake,id,0.000000
data/processed/train/real/cifake/train_2093.png,0,cifake,id,0.001942
data/processed/train/fake_diffusion/cifake/train_4674 (6).png,1,cifake,id,0.000001
data/processed/train/fake_diffusion/cifake/train_3262 (7).png,1,cifake,id,0.000040
data/processed/train/fake_diffusion/cifake/test_676 (3).png,1,cifake,id,0.018274
data/processed/train/real/real_camera_train/000000512194.png,0,real_camera_train,id,0.014240
data/processed/train/fake_diffusion/cifake/train_3137 (4).png,1,cifake,id,0.829963
data/processed/train/real/cifake/train_2887 (5).png,0,cifake,id,0.001627
data/processed/train/real/ffhq/33952.png,0,ffhq,id,0.000001
data/processed/train/real/cifake/train_2626.png,0,cifake,id,0.006899
data/processed/train/real/cifake/train_2340 (3).png,0,cifake,id,0.000009
data/processed/train/fake_gan/stylegan/4LT0DOCPTC.png,1,stylegan,id,0.002548
data/processed/train/fake_gan/stylegan/QJORT65Y1D.png,1,stylegan,id,0.000005
data/processed/train/real/diverse_real/65375.png,0,diverse_real,id,0.000000
data/processed/train/real/cifake/train_2184 (8).png,0,cifake,id,0.932301
data/processed/train/fake_diffusion/cifake/train_2487 (2).png,1,cifake,id,0.000000
data/processed/train/real/cifake/train_1067 (7).png,0,cifake,id,0.474765
data/processed/train/real/diverse_real/59357.png,0,diverse_real,id,0.000005
data/processed/train/real/cifake/train_1243.png,0,cifake,id,0.000027
data/processed/train/real/diverse_real/36770.png,0,diverse_real,id,0.000000
data/processed/train/fake_diffusion/sd15/sd15_01119.png,1,sd15,id,0.000000
data/processed/train/fake_gan/stylegan/PNH3NYSFB6.png,1,stylegan,id,0.000006
data/processed/train/real/cifake/train_2880.png,0,cifake,id,0.000005
data/processed/train/real/cifake/train_3324 (8).png,0,cifake,id,0.000050
data/processed/train/real/ffhq/19977.png,0,ffhq,id,0.000000
data/processed/train/fake_diffusion/cifake/test_107 (5).png,1,cifake,id,0.000342
data/processed/train/fake_diffusion/cifake/train_2057 (9).png,1,cifake,id,0.046598
data/processed/train/fake_diffusion/cifake/train_2221 (6).png,1,cifake,id,0.000005
data/processed/train/fake_diffusion/cifake/train_4984 (2).png,1,cifake,id,0.000001
data/processed/train/real/cifake/train_4852 (9).png,0,cifake,id,0.013317
data/processed/train/fake_diffusion/cifake/train_1727 (3).png,1,cifake,id,0.001538
data/processed/train/fake_diffusion/sd15/sd15_00051.png,1,sd15,id,0.000000
data/processed/train/real/real_pexels_train/2705.png,0,real_pexels_train,id,0.000000
data/processed/train/real/cifake/train_3090 (8).png,0,cifake,id,0.000006
data/processed/train/fake_diffusion/sd15/sd15_00764.png,1,sd15,id,0.000026
data/processed/train/real/ffhq/31593.png,0,ffhq,id,0.000000
data/processed/train/fake_diffusion/sd15/sd15_01268.png,1,sd15,id,0.000000
data/processed/train/real/cifake/train_0490 (4).png,0,cifake,id,0.177324
data/processed/train/real/cifake/train_3666.png,0,cifake,id,0.000553
data/processed/train/real/diverse_real/56043.png,0,diverse_real,id,0.000001
data/processed/train/real/cifake/test_0131 (4).png,0,cifake,id,0.020157
data/processed/train/real/cifake/train_2319 (5).png,0,cifake,id,0.000000
data/processed/train/fake_diffusion/cifake/train_3849 (10).png,1,cifake,id,0.000000
data/processed/train/fake_gan/stylegan/UHML5HRV80.png,1,stylegan,id,0.001327
data/processed/train/real/diverse_real/26786.png,0,diverse_real,id,0.000000
data/processed/train/fake_gan/stylegan/JRID5T9PK5.png,1,stylegan,id,0.002419
data/processed/train/fake_gan/stylegan/JU2CVYSXIU.png,1,stylegan,id,0.000006
data/processed/train/real/ffhq/42375.png,0,ffhq,id,0.000000
data/processed/train/fake_diffusion/cifake/train_3072 (6).png,1,cifake,id,0.000113
data/processed/train/fake_diffusion/sd15/sd15_00194.png,1,sd15,id,0.000000
data/processed/train/real/cifake/train_3994 (4).png,0,cifake,id,0.003124
data/processed/train/fake_diffusion/sd15/sd15_01331.png,1,sd15,id,0.000247
data/processed/train/real/diverse_real/63663.png,0,diverse_real,id,0.000000
data/processed/train/real/cifake/train_4697 (6).png,0,cifake,id,0.000283
data/processed/train/real/cifake/train_4084 (6).png,0,cifake,id,0.000000
data/processed/train/fake_gan/stylegan/9F3S0U6ZR5.png,1,stylegan,id,0.000001
data/processed/train/fake_diffusion/cifake/train_4732 (4).png,1,cifake,id,0.000000
data/processed/train/real/ffhq/16099.png,0,ffhq,id,0.000003
data/processed/train/real/cifake/train_2772 (5).png,0,cifake,id,0.000000
data/processed/train/fake_diffusion/cifake/train_3897 (7).png,1,cifake,id,0.000206
data/processed/train/fake_diffusion/cifake/test_475 (7).png,1,cifake,id,0.041626
data/processed/train/real/cifake/test_0171 (3).png,0,cifake,id,0.000000
data/processed/train/real/cifake/train_0892 (2).png,0,cifake,id,0.435593
data/processed/train/real/ffhq/42699.png,0,ffhq,id,0.000000
data/processed/train/real/diverse_real/50461.png,0,diverse_real,id,0.000000
data/processed/train/fake_diffusion/cifake/train_3980 (9).png,1,cifake,id,0.000014
data/processed/train/real/real_pexels_train/2351.png,0,real_pexels_train,id,0.000013
data/processed/train/real/cifake/train_1147 (5).png,0,cifake,id,0.000001
data/processed/train/real/ffhq/13754.png,0,ffhq,id,0.000000
data/processed/train/fake_diffusion/cifake/train_3768 (8).png,1,cifake,id,0.417459
data/processed/train/fake_diffusion/sd15/sd15_01401.png,1,sd15,id,0.000000
data/processed/train/fake_diffusion/cifake/train_4851 (3).png,1,cifake,id,0.000000
data/processed/train/fake_diffusion/cifake/train_4331 (5).png,1,cifake,id,0.000003
data/processed/train/real/cifake/train_0814 (3).png,0,cifake,id,0.583588
data/processed/train/fake_gan/stylegan/HXQ33T799R.png,1,stylegan,id,0.000000
data/processed/train/fake_diffusion/cifake/test_52 (8).png,1,cifake,id,0.000001
data/processed/train/real/cifake/train_2021 (3).png,0,cifake,id,0.000000
data/processed/train/real/cifake/train_4352 (3).png,0,cifake,id,0.000009
data/processed/train/real/diverse_real/07721.png,0,diverse_real,id,0.000000
data/processed/train/real/cifake/train_2025 (5).png,0,cifake,id,0.009156
data/processed/train/real/real_pexels_train/2026.png,0,real_pexels_train,id,0.001249
data/processed/train/fake_gan/stylegan/STELP7BPYI.png,1,stylegan,id,0.820219
data/processed/train/real/cifake/test_0633 (6).png,0,cifake,id,0.000011
data/processed/train/fake_diffusion/cifake/test_882 (7).png,1,cifake,id,0.000307
data/processed/train/fake_diffusion/cifake/train_3443 (4).png,1,cifake,id,0.000483
data/processed/train/real/cifake/train_3040 (4).png,0,cifake,id,0.000147
data/processed/train/fake_diffusion/sd15/sd15_01509.png,1,sd15,id,0.000004
data/processed/train/fake_diffusion/cifake/test_528 (4).png,1,cifake,id,0.000000
data/processed/train/fake_gan/stylegan/XUTO51ZCUQ.png,1,stylegan,id,0.000001
data/processed/train/fake_diffusion/cifake/train_1643.png,1,cifake,id,0.000000
data/processed/train/real/diverse_real/34856.png,0,diverse_real,id,0.000000
data/processed/train/real/diverse_real/29479.png,0,diverse_real,id,0.000000
data/processed/train/real/real_pexels_train/1703.png,0,real_pexels_train,id,0.000000
data/processed/train/real/ffhq/42965.png,0,ffhq,id,0.000000
data/processed/train/fake_diffusion/cifake/train_3203 (2).png,1,cifake,id,0.000015
data/processed/train/fake_diffusion/cifake/test_939 (10).png,1,cifake,id,0.000000
data/processed/train/fake_gan/stylegan/TW33IN3M36.png,1,stylegan,id,0.999841
data/processed/train/real/ffhq/49838.png,0,ffhq,id,0.008778
data/processed/train/real/ffhq/37399.png,0,ffhq,id,0.000000
data/processed/train/real/cifake/train_3803 (3).png,0,cifake,id,0.000000
data/processed/train/fake_diffusion/cifake/train_1774 (6).png,1,cifake,id,0.000014
data/processed/train/real/cifake/train_0231 (8).png,0,cifake,id,0.729754
data/processed/train/fake_diffusion/cifake/train_4416 (7).png,1,cifake,id,0.000002
data/processed/train/real/cifake/train_0740.png,0,cifake,id,0.019259
data/processed/train/fake_gan/stylegan/H6VJ1SR6MT.png,1,stylegan,id,0.000001
data/processed/train/fake_gan/stylegan/F7FE1N10E6.png,1,stylegan,id,0.816029
data/processed/train/fake_diffusion/cifake/train_4707 (5).png,1,cifake,id,0.000273
data/processed/train/fake_diffusion/cifake/train_3955 (3).png,1,cifake,id,0.000000
data/processed/train/real/diverse_real/28774.png,0,diverse_real,id,0.000000
data/processed/train/real/ffhq/31419.png,0,ffhq,id,0.000000
data/processed/train/fake_diffusion/cifake/test_953 (7).png,1,cifake,id,0.000379
data/processed/train/real/ffhq/29000.png,0,ffhq,id,0.000009
data/processed/train/real/cifake/train_0638 (6).png,0,cifake,id,0.000111
data/processed/train/fake_diffusion/sd15/sd15_01622.png,1,sd15,id,0.000000
data/processed/train/fake_gan/stylegan/ITUL8JFX9G.png,1,stylegan,id,0.000068
data/processed/train/real/cifake/train_2774 (9).png,0,cifake,id,0.001832
data/processed/train/real/diverse_real/11613.png,0,diverse_real,id,0.000000
data/processed/train/fake_diffusion/sd15/sd15_01210.png,1,sd15,id,0.000000
data/processed/train/real/ffhq/23654.png,0,ffhq,id,0.000000
data/processed/train/real/ffhq/51379.png,0,ffhq,id,0.000000
data/processed/train/fake_gan/stylegan/VQVMI1U9FF.png,1,stylegan,id,0.000000
data/processed/train/fake_gan/stylegan/KFJOKCE1TG.png,1,stylegan,id,0.000000
data/processed/train/fake_diffusion/sd15/sd15_01869.png,1,sd15,id,0.000000
data/processed/train/real/cifake/train_0880 (10).png,0,cifake,id,0.011537
data/processed/train/real/cifake/train_1185 (2).png,0,cifake,id,0.712251
data/processed/train/fake_gan/stylegan/HP05RCDGZJ.png,1,stylegan,id,0.000015
data/processed/train/real/diverse_real/69494.png,0,diverse_real,id,0.000000
data/processed/train/fake_diffusion/cifake/train_2377 (9).png,1,cifake,id,0.000969
data/processed/train/real/cifake/train_4637 (2).png,0,cifake,id,0.000000
data/processed/train/fake_gan/stylegan/NLTOXLT3KJ.png,1,stylegan,id,0.000002
data/processed/train/real/cifake/train_1014 (5).png,0,cifake,id,0.030571
data/processed/train/fake_gan/stylegan/DK62KMM88T.png,1,stylegan,id,0.000005
data/processed/train/real/cifake/train_3806 (2).png,0,cifake,id,0.000014
data/processed/train/fake_diffusion/cifake/train_1362 (6).png,1,cifake,id,0.000002
data/processed/train/fake_gan/stylegan/WLGMVYLRQG.png,1,stylegan,id,0.000122
data/processed/train/fake_gan/stylegan/Z6GG2OZYJ1.png,1,stylegan,id,0.000002
data/processed/train/real/real_camera_train/000000430973.png,0,real_camera_train,id,0.000000
data/processed/train/real/ffhq/50740.png,0,ffhq,id,0.000000
data/processed/train/real/ffhq/07542.png,0,ffhq,id,0.000000
data/processed/train/real/cifake/test_0731 (10).png,0,cifake,id,0.000000
data/processed/train/real/ffhq/42299.png,0,ffhq,id,0.000000
data/processed/train/real/ffhq/06588.png,0,ffhq,id,0.000000
data/processed/train/fake_diffusion/cifake/train_4488 (4).png,1,cifake,id,0.000003
data/processed/train/real/diverse_real/22521.png,0,diverse_real,id,0.000001
data/processed/train/fake_diffusion/sd15/sd15_00550.png,1,sd15,id,0.000000
data/processed/train/fake_diffusion/cifake/train_4267.png,1,cifake,id,0.203048
data/processed/train/fake_diffusion/cifake/train_2996 (6).png,1,cifake,id,0.000000
data/processed/train/real/cifake/train_1955 (4).png,0,cifake,id,0.000126
data/processed/train/fake_gan/stylegan/9FDDZOHH3W.png,1,stylegan,id,0.000062
data/processed/train/real/ffhq/52748.png,0,ffhq,id,0.000000
data/processed/train/fake_gan/stylegan/Q9HF7CV2GK.png,1,stylegan,id,0.000000
data/processed/train/real/ffhq/40444.png,0,ffhq,id,0.000000
data/processed/train/fake_gan/stylegan/VL5O2HKM8V.png,1,stylegan,id,0.000002
data/processed/train/fake_gan/stylegan/IB7JKNHRCW.png,1,stylegan,id,0.000000
data/processed/train/fake_gan/stylegan/25JG2D90DP.png,1,stylegan,id,0.000003
data/processed/train/real/ffhq/32976.png,0,ffhq,id,0.000000
data/processed/train/real/ffhq/20913.png,0,ffhq,id,0.000000
data/processed/train/real/diverse_real/02954.png,0,diverse_real,id,0.000000
data/processed/train/real/cifake/train_3893 (2).png,0,cifake,id,0.000000
data/processed/train/real/cifake/train_4145 (7).png,0,cifake,id,0.000321
data/processed/train/real/cifake/train_4226 (5).png,0,cifake,id,0.000002
data/processed/train/real/cifake/train_0807 (2).png,0,cifake,id,0.000876
data/processed/train/fake_diffusion/cifake/train_4145 (6).png,1,cifake,id,0.000000
data/processed/train/fake_gan/stylegan/N2UZCHM2E6.png,1,stylegan,id,0.000037
data/processed/train/real/cifake/train_1182 (4).png,0,cifake,id,0.014567
data/processed/train/real/cifake/train_4155 (3).png,0,cifake,id,0.047110
data/processed/train/fake_gan/stylegan/1JNLSYOE4W.png,1,stylegan,id,0.000000
data/processed/train/fake_diffusion/cifake/train_3943 (10).png,1,cifake,id,0.000000
data/processed/train/real/diverse_real/27602.png,0,diverse_real,id,0.000000
data/processed/train/fake_gan/stylegan/AFGXPA1FQ9.png,1,stylegan,id,0.000000
data/processed/train/real/ffhq/26294.png,0,ffhq,id,0.000000
data/processed/train/real/ffhq/28758.png,0,ffhq,id,0.000000
data/processed/train/fake_gan/stylegan/02I7PF4RBV.png,1,stylegan,id,0.000000
data/processed/train/real/cifake/train_4743 (10).png,0,cifake,id,0.000000
data/processed/train/real/ffhq/23703.png,0,ffhq,id,0.000000
data/processed/train/real/cifake/train_1956.png,0,cifake,id,0.995183
data/processed/train/real/ffhq/12467.png,0,ffhq,id,0.000000
data/processed/train/real/diverse_real/52461.png,0,diverse_real,id,0.000000
data/processed/train/real/diverse_real/35517.png,0,diverse_real,id,0.000000
data/processed/train/fake_gan/stylegan/PZ746V11UV.png,1,stylegan,id,0.000003
data/processed/train/fake_diffusion/cifake/train_3281 (3).png,1,cifake,id,0.000005
data/processed/train/fake_diffusion/cifake/train_5227 (10).png,1,cifake,id,0.000139
data/processed/train/fake_diffusion/cifake/test_609 (9).png,1,cifake,id,0.000472
data/processed/train/real/cifake/train_0050 (7).png,0,cifake,id,0.004251
data/processed/train/fake_diffusion/sd15/sd15_01583.png,1,sd15,id,0.012845
data/processed/train/fake_gan/stylegan/KXR1B4C29N.png,1,stylegan,id,0.000001
data/processed/train/fake_diffusion/cifake/train_3625 (7).png,1,cifake,id,0.000001
data/processed/train/fake_diffusion/sd15/sd15_01818.png,1,sd15,id,0.000000
data/processed/train/real/cifake/train_0716 (8).png,0,cifake,id,0.000016
data/processed/train/real/cifake/train_1482 (2).png,0,cifake,id,0.000000
data/processed/train/fake_diffusion/cifake/train_3475 (8).png,1,cifake,id,0.000300
data/processed/train/real/ffhq/47033.png,0,ffhq,id,0.000000
data/processed/train/real/cifake/train_3711 (7).png,0,cifake,id,0.001064
data/processed/train/fake_diffusion/sd15/sd15_00573.png,1,sd15,id,0.000000
data/processed/train/real/cifake/train_2979 (9).png,0,cifake,id,0.000024
data/processed/train/fake_gan/stylegan/QIAPEOHYSN.png,1,stylegan,id,0.000000
data/processed/train/fake_diffusion/cifake/train_2375 (3).png,1,cifake,id,0.009453
data/processed/train/real/diverse_real/37739.png,0,diverse_real,id,0.000000
data/processed/train/fake_diffusion/sd15/sd15_01844.png,1,sd15,id,0.000000
data/processed/train/fake_gan/stylegan/W2FCO7L9S6.png,1,stylegan,id,0.000001
data/processed/train/fake_diffusion/cifake/train_1705 (4).png,1,cifake,id,0.000000
data/processed/train/fake_diffusion/cifake/test_85.png,1,cifake,id,0.000003
data/processed/train/real/cifake/train_0838 (5).png,0,cifake,id,0.000008
data/processed/train/real/cifake/train_1597.png,0,cifake,id,0.009523
data/processed/train/fake_diffusion/cifake/train_1185 (2).png,1,cifake,id,0.000000
data/processed/train/real/diverse_real/43684.png,0,diverse_real,id,0.000000
data/processed/train/fake_diffusion/sd15/sd15_00724.png,1,sd15,id,0.000000
data/processed/train/real/ffhq/01891.png,0,ffhq,id,0.000000
data/processed/train/fake_gan/stylegan/U5R5XBVG3T.png,1,stylegan,id,0.000019
data/processed/train/real/cifake/train_3612 (8).png,0,cifake,id,0.908673
data/processed/train/fake_diffusion/cifake/test_620 (10).png,1,cifake,id,0.001543
data/processed/train/fake_diffusion/cifake/train_2638 (6).png,1,cifake,id,0.000000
data/processed/train/real/diverse_real/01997.png,0,diverse_real,id,0.000000
data/processed/train/fake_diffusion/cifake/train_3579 (2).png,1,cifake,id,0.000001
data/processed/train/fake_diffusion/cifake/test_849 (2).png,1,cifake,id,0.000000
data/processed/train/fake_diffusion/cifake/train_4087 (4).png,1,cifake,id,0.000002
data/processed/train/real/diverse_real/35534.png,0,diverse_real,id,0.000000
data/processed/train/fake_gan/stylegan/KU7Q49W3CE.png,1,stylegan,id,0.000479
data/processed/train/fake_gan/stylegan/TPMFK3G39L.png,1,stylegan,id,0.004156
data/processed/train/real/ffhq/08527.png,0,ffhq,id,0.000000
data/processed/train/fake_diffusion/cifake/train_2899 (2).png,1,cifake,id,0.000012
data/processed/train/fake_diffusion/cifake/train_1822.png,1,cifake,id,0.000003
data/processed/train/fake_diffusion/cifake/train_3461.png,1,cifake,id,0.000089
data/processed/train/real/cifake/train_3688 (7).png,0,cifake,id,0.001090
data/processed/train/fake_diffusion/cifake/train_4971 (7).png,1,cifake,id,0.000000
data/processed/train/real/cifake/train_4944 (3).png,0,cifake,id,0.072807
data/processed/train/fake_diffusion/cifake/train_1874 (10).png,1,cifake,id,0.000039
data/processed/train/fake_gan/stylegan/LG18G8NUCA.png,1,stylegan,id,0.000000
data/processed/train/real/cifake/train_4441 (4).png,0,cifake,id,0.002777
data/processed/train/fake_diffusion/sd15/sd15_02025.png,1,sd15,id,0.000000
data/processed/train/fake_diffusion/cifake/test_42 (4).png,1,cifake,id,0.000004
data/processed/train/real/cifake/train_2941 (6).png,0,cifake,id,0.966281
data/processed/train/fake_gan/stylegan/502MAIZG34.png,1,stylegan,id,0.000000
data/processed/train/real/ffhq/29498.png,0,ffhq,id,0.000000
data/processed/train/real/cifake/train_2817 (5).png,0,cifake,id,0.006330
data/processed/train/real/ffhq/22241.png,0,ffhq,id,0.000000
data/processed/train/real/cifake/train_4027 (10).png,0,cifake,id,0.000033
data/processed/train/real/diverse_real/63184.png,0,diverse_real,id,0.000000
data/processed/train/fake_diffusion/cifake/train_3973 (5).png,1,cifake,id,0.279664
data/processed/train/real/ffhq/03329.png,0,ffhq,id,0.000000
data/processed/train/real/ffhq/07827.png,0,ffhq,id,0.000000
data/processed/train/real/ffhq/33578.png,0,ffhq,id,0.000000
data/processed/train/fake_diffusion/cifake/train_5821 (9).png,1,cifake,id,0.000006
data/processed/train/real/diverse_real/31046.png,0,diverse_real,id,0.000000
data/processed/train/fake_gan/stylegan/3D5XA3R52W.png,1,stylegan,id,0.000000
data/processed/train/real/cifake/train_2421 (2).png,0,cifake,id,0.000051
data/processed/train/real/ffhq/34035.png,0,ffhq,id,0.000000
data/processed/train/real/diverse_real/13082.png,0,diverse_real,id,0.000000
data/processed/train/real/cifake/train_2369 (10).png,0,cifake,id,0.000000
data/processed/train/fake_diffusion/cifake/train_5417 (3).png,1,cifake,id,0.518989
data/processed/train/real/cifake/train_4211.png,0,cifake,id,0.000000
data/processed/train/real/diverse_real/11848.png,0,diverse_real,id,0.000000
data/processed/train/real/cifake/train_2199 (7).png,0,cifake,id,0.000042
data/processed/train/fake_diffusion/cifake/train_1833 (2).png,1,cifake,id,0.007368
data/processed/train/real/diverse_real/10782.png,0,diverse_real,id,0.000000
data/processed/train/fake_gan/stylegan/WLT7EVHOTN.png,1,stylegan,id,0.000000
data/processed/train/real/ffhq/01566.png,0,ffhq,id,0.000000
data/processed/train/real/diverse_real/63996.png,0,diverse_real,id,0.000000
data/processed/train/fake_diffusion/cifake/train_3687 (7).png,1,cifake,id,0.000017
data/processed/train/fake_diffusion/sd15/sd15_00438.png,1,sd15,id,0.000000
data/processed/train/real/diverse_real/45277.png,0,diverse_real,id,0.000000
data/processed/train/fake_diffusion/cifake/train_3760 (2).png,1,cifake,id,0.000713
data/processed/train/real/diverse_real/06317.png,0,diverse_real,id,0.000000
data/processed/train/real/diverse_real/44846.png,0,diverse_real,id,0.000000
data/processed/train/fake_diffusion/cifake/train_4085 (6).png,1,cifake,id,0.000001
data/processed/train/fake_diffusion/sd15/sd15_00188.png,1,sd15,id,0.000000
data/processed/train/real/cifake/train_4494 (5).png,0,cifake,id,0.000056
data/processed/train/real/diverse_real/03147.png,0,diverse_real,id,0.000000
data/processed/train/real/diverse_real/12818.png,0,diverse_real,id,0.000000
data/processed/train/real/ffhq/04116.png,0,ffhq,id,0.000000
data/processed/train/real/cifake/train_3184 (2).png,0,cifake,id,0.000000
data/processed/train/real/cifake/train_1336.png,0,cifake,id,0.000325
data/processed/train/real/cifake/train_1991 (5).png,0,cifake,id,0.000542
data/processed/train/real/cifake/train_0809.png,0,cifake,id,0.000484
data/processed/train/real/ffhq/05748.png,0,ffhq,id,0.000000
data/processed/train/fake_gan/stylegan/RBHTVYW8XW.png,1,stylegan,id,0.000000
data/processed/train/fake_gan/stylegan/CSSIKR18MY.png,1,stylegan,id,0.000176
data/processed/train/fake_diffusion/cifake/train_2606 (7).png,1,cifake,id,0.000000
data/processed/train/real/diverse_real/03040.png,0,diverse_real,id,0.000000
data/processed/train/fake_diffusion/cifake/train_2624 (2).png,1,cifake,id,0.359331
data/processed/train/real/cifake/train_2280 (2).png,0,cifake,id,0.000195
data/processed/train/fake_gan/stylegan/C4XJQ3JEHP.png,1,stylegan,id,0.000000
data/processed/train/fake_diffusion/sd15/sd15_01597.png,1,sd15,id,0.000002
data/processed/train/fake_gan/stylegan/23JL45ZFIL.png,1,stylegan,id,0.997668
data/processed/train/fake_diffusion/cifake/train_1572 (7).png,1,cifake,id,0.001247
data/processed/train/real/diverse_real/09877.png,0,diverse_real,id,0.000000
data/processed/train/real/ffhq/34152.png,0,ffhq,id,0.000000
data/processed/train/real/diverse_real/30830.png,0,diverse_real,id,0.000000
data/processed/train/real/cifake/train_3425 (9).png,0,cifake,id,0.000449
data/processed/train/real/cifake/train_4228 (2).png,0,cifake,id,0.000000
data/processed/train/fake_diffusion/sd15/sd15_02495.png,1,sd15,id,0.000000
data/processed/train/fake_diffusion/cifake/test_960 (5).png,1,cifake,id,0.000000
data/processed/train/fake_gan/stylegan/PU5TU8LEM8.png,1,stylegan,id,0.000000
data/processed/train/fake_diffusion/sd15/sd15_00170.png,1,sd15,id,0.000000
data/processed/train/fake_gan/stylegan/OLGZFCGI23.png,1,stylegan,id,0.000000
data/processed/train/real/ffhq/28386.png,0,ffhq,id,0.000000
data/processed/train/real/diverse_real/08367.png,0,diverse_real,id,0.000002
data/processed/train/fake_gan/stylegan/YMPA6PY50I.png,1,stylegan,id,0.000000
data/processed/train/fake_diffusion/cifake/train_5451 (3).png,1,cifake,id,0.004386
data/processed/train/real/ffhq/27938.png,0,ffhq,id,0.000000
data/processed/train/real/cifake/train_2287 (3).png,0,cifake,id,0.000012
data/processed/train/fake_diffusion/cifake/train_5783 (5).png,1,cifake,id,0.000006
data/processed/train/fake_gan/stylegan/B3MA77DWKG.png,1,stylegan,id,0.000000
data/processed/train/real/diverse_real/28353.png,0,diverse_real,id,0.000000
data/processed/train/fake_diffusion/sd15/sd15_01155.png,1,sd15,id,0.000000
data/processed/train/fake_diffusion/tristanzhang_train/2453.png,1,tristanzhang_train,id,0.000000
data/processed/train/fake_diffusion/cifake/test_55 (9).png,1,cifake,id,0.000077
data/processed/train/fake_gan/stylegan/PWA9FG9H02.png,1,stylegan,id,0.000001
data/processed/train/fake_diffusion/cifake/train_5187 (4).png,1,cifake,id,0.006431
data/processed/train/real/diverse_real/25581.png,0,diverse_real,id,0.000000
data/processed/train/fake_gan/stylegan/V9LYLK9G8U.png,1,stylegan,id,0.000090
data/processed/train/real/ffhq/40521.png,0,ffhq,id,0.000000
data/processed/train/real/cifake/train_0106 (3).png,0,cifake,id,0.000017
data/processed/train/fake_diffusion/cifake/train_4194 (6).png,1,cifake,id,0.000000
data/processed/train/real/cifake/train_4390 (4).png,0,cifake,id,0.002787
data/processed/train/fake_diffusion/cifake/train_2160 (5).png,1,cifake,id,0.000005
data/processed/train/real/diverse_real/25642.png,0,diverse_real,id,0.000000
data/processed/train/real/cifake/train_0555 (10).png,0,cifake,id,0.000000
data/processed/train/fake_diffusion/cifake/train_3051 (4).png,1,cifake,id,0.000008
data/processed/train/fake_diffusion/cifake/train_5099 (5).png,1,cifake,id,0.000278
data/processed/train/fake_diffusion/cifake/test_486 (6).png,1,cifake,id,0.000264
data/processed/train/real/cifake/train_1534 (5).png,0,cifake,id,0.000000
data/processed/train/real/diverse_real/27698.png,0,diverse_real,id,0.000000
data/processed/train/fake_diffusion/sd15/sd15_02460.png,1,sd15,id,0.000000
data/processed/train/fake_diffusion/cifake/train_3119 (6).png,1,cifake,id,0.000000
data/processed/train/real/cifake/test_0889 (9).png,0,cifake,id,0.250649
data/processed/train/real/ffhq/37805.png,0,ffhq,id,0.000000
data/processed/train/fake_gan/stylegan/PVIADLDS4F.png,1,stylegan,id,0.002663
data/processed/train/real/ffhq/12813.png,0,ffhq,id,0.000001
data/processed/train/real/cifake/train_0620 (8).png,0,cifake,id,0.000000
data/processed/train/real/ffhq/45769.png,0,ffhq,id,0.000000
data/processed/train/real/ffhq/06525.png,0,ffhq,id,0.000000
data/processed/train/real/ffhq/32280.png,0,ffhq,id,0.000000
data/processed/train/real/diverse_real/49281.png,0,diverse_real,id,0.000000
data/processed/train/fake_gan/stylegan/VP813I2Y0Q.png,1,stylegan,id,0.000031
data/processed/train/real/cifake/train_0764 (7).png,0,cifake,id,0.005323
data/processed/train/real/diverse_real/41610.png,0,diverse_real,id,0.000000
data/processed/train/fake_gan/stylegan/5MMIVPNMQ8.png,1,stylegan,id,0.000000
data/processed/train/fake_diffusion/cifake/train_5835 (2).png,1,cifake,id,0.000000
data/processed/train/fake_diffusion/cifake/train_5543 (2).png,1,cifake,id,0.002152
data/processed/train/fake_diffusion/cifake/train_1520 (9).png,1,cifake,id,0.000106
data/processed/train/fake_diffusion/cifake/train_3719 (10).png,1,cifake,id,0.007033
data/processed/train/real/cifake/train_3000 (7).png,0,cifake,id,0.000165
data/processed/train/real/cifake/train_2301 (3).png,0,cifake,id,0.008898
data/processed/train/real/cifake/test_0924 (9).png,0,cifake,id,0.025460
data/processed/train/fake_diffusion/cifake/test_192 (2).png,1,cifake,id,0.000000
data/processed/train/real/cifake/train_0017 (6).png,0,cifake,id,0.000008
data/processed/train/real/ffhq/12018.png,0,ffhq,id,0.000000
data/processed/train/real/cifake/train_1491 (3).png,0,cifake,id,0.000044
data/processed/train/real/cifake/test_0543.png,0,cifake,id,0.086728
data/processed/train/real/ffhq/48170.png,0,ffhq,id,0.000000
data/processed/train/fake_gan/stylegan/MWXCO8ULU1.png,1,stylegan,id,0.000000
data/processed/train/real/cifake/train_3399.png,0,cifake,id,0.009173
data/processed/train/fake_gan/stylegan/NRCSX38N3S.png,1,stylegan,id,0.000581
data/processed/train/real/cifake/train_0877 (9).png,0,cifake,id,0.021664
data/processed/train/fake_diffusion/cifake/test_454 (7).png,1,cifake,id,0.000001
data/processed/train/real/diverse_real/27141.png,0,diverse_real,id,0.000000
data/processed/train/fake_diffusion/sd15/sd15_01034.png,1,sd15,id,0.000000
data/processed/train/fake_gan/stylegan/A4IH1JTW08.png,1,stylegan,id,0.000000
data/processed/train/fake_diffusion/cifake/train_2743 (4).png,1,cifake,id,0.009054
data/processed/train/fake_gan/stylegan/0NCKYN2NC7.png,1,stylegan,id,0.000009
data/processed/train/real/cifake/test_0766 (5).png,0,cifake,id,0.001360
data/processed/train/real/ffhq/19090.png,0,ffhq,id,0.000000
data/processed/train/fake_diffusion/cifake/train_5015.png,1,cifake,id,0.000031
data/processed/train/real/cifake/train_3290 (6).png,0,cifake,id,0.022883
data/processed/train/real/cifake/train_0048 (2).png,0,cifake,id,0.666546
data/processed/train/fake_diffusion/tristanzhang_train/3787.png,1,tristanzhang_train,id,0.000000
data/processed/train/real/cifake/train_2125 (3).png,0,cifake,id,0.005145
data/processed/train/real/diverse_real/62533.png,0,diverse_real,id,0.000000
data/processed/train/real/ffhq/14556.png,0,ffhq,id,0.000000
data/processed/train/fake_diffusion/sd15/sd15_00122.png,1,sd15,id,0.000001
data/processed/train/fake_diffusion/sd15/sd15_01582.png,1,sd15,id,0.000000
data/processed/train/real/ffhq/37682.png,0,ffhq,id,0.000000
data/processed/train/real/cifake/test_0562 (10).png,0,cifake,id,0.000001
data/processed/train/real/cifake/train_0901 (8).png,0,cifake,id,0.002745
data/processed/train/fake_diffusion/cifake/train_3832 (5).png,1,cifake,id,0.000000
data/processed/train/real/cifake/train_1151 (2).png,0,cifake,id,0.000000
data/processed/train/fake_diffusion/tristanzhang_train/2733.png,1,tristanzhang_train,id,0.000000
data/processed/train/real/cifake/train_3979 (7).png,0,cifake,id,0.001510
data/processed/train/fake_gan/stylegan/9MS2NUP505.png,1,stylegan,id,0.000003
data/processed/train/fake_diffusion/cifake/train_5433 (5).png,1,cifake,id,0.000000
data/processed/train/real/diverse_real/12133.png,0,diverse_real,id,0.000000
data/processed/train/fake_gan/stylegan/ZWDPOYVQS5.png,1,stylegan,id,0.000008
data/processed/train/real/diverse_real/41990.png,0,diverse_real,id,0.000000
data/processed/train/real/cifake/train_1730.png,0,cifake,id,0.000000
data/processed/train/fake_diffusion/sd15/sd15_01775.png,1,sd15,id,0.000000
data/processed/train/fake_diffusion/cifake/train_5795 (4).png,1,cifake,id,0.015896
data/processed/train/fake_gan/stylegan/I0FR9RU55O.png,1,stylegan,id,0.000000
data/processed/train/real/ffhq/44264.png,0,ffhq,id,0.000000
data/processed/train/fake_diffusion/sd15/sd15_00380.png,1,sd15,id,0.004485
data/processed/train/fake_diffusion/cifake/train_1833 (7).png,1,cifake,id,0.000000
data/processed/train/real/cifake/train_4410 (5).png,0,cifake,id,0.989725
data/processed/train/real/ffhq/20750.png,0,ffhq,id,0.000000
data/processed/train/fake_diffusion/cifake/train_1910 (5).png,1,cifake,id,0.000049
data/processed/train/fake_diffusion/cifake/test_56 (8).png,1,cifake,id,0.000000
data/processed/train/real/ffhq/04652.png,0,ffhq,id,0.000000
data/processed/train/real/cifake/train_0326 (2).png,0,cifake,id,0.000134
data/processed/train/real/cifake/train_4783 (7).png,0,cifake,id,0.000001
data/processed/train/real/cifake/train_4307 (8).png,0,cifake,id,0.000002
data/processed/train/fake_diffusion/cifake/train_3664 (9).png,1,cifake,id,0.000001
data/processed/train/real/ffhq/07985.png,0,ffhq,id,0.000000
data/processed/train/real/ffhq/31378.png,0,ffhq,id,0.000000
data/processed/train/fake_gan/stylegan/I0GSBM3BG8.png,1,stylegan,id,0.000000
data/processed/train/real/cifake/train_1469 (6).png,0,cifake,id,0.000106
data/processed/train/fake_diffusion/sd15/sd15_00146.png,1,sd15,id,0.000000
data/processed/train/fake_diffusion/cifake/train_1033 (3).png,1,cifake,id,0.000000
data/processed/train/real/diverse_real/03360.png,0,diverse_real,id,0.000000
data/processed/train/fake_diffusion/sd15/sd15_01758.png,1,sd15,id,0.000000
data/processed/train/real/ffhq/38272.png,0,ffhq,id,0.000000
data/processed/train/real/ffhq/14363.png,0,ffhq,id,0.000001
data/processed/train/real/cifake/train_4386 (10).png,0,cifake,id,0.000000
data/processed/train/fake_diffusion/cifake/train_3005 (4).png,1,cifake,id,0.177017
data/processed/train/fake_diffusion/sd15/sd15_01123.png,1,sd15,id,0.000000
data/processed/train/real/cifake/train_3116 (3).png,0,cifake,id,0.014266
data/processed/train/real/diverse_real/42869.png,0,diverse_real,id,0.000000
data/processed/train/fake_diffusion/tristanzhang_train/4667.png,1,tristanzhang_train,id,0.000000
data/processed/train/fake_gan/stylegan/TWEAKDWBM3.png,1,stylegan,id,0.000000
data/processed/train/fake_gan/stylegan/L7QF0LWVP7.png,1,stylegan,id,0.000026
data/processed/train/fake_diffusion/sd15/sd15_02394.png,1,sd15,id,0.000000
data/processed/train/real/diverse_real/45721.png,0,diverse_real,id,0.000000
data/processed/train/fake_diffusion/sd15/sd15_01970.png,1,sd15,id,0.000000
data/processed/train/fake_diffusion/cifake/train_1675 (7).png,1,cifake,id,0.003015
data/processed/train/fake_gan/stylegan/BRYL1K4TPY.png,1,stylegan,id,0.000000
data/processed/train/fake_gan/stylegan/KAKA80S1X8.png,1,stylegan,id,0.000000
data/processed/train/real/ffhq/38732.png,0,ffhq,id,0.000000
data/processed/train/real/cifake/train_0752.png,0,cifake,id,0.021646
data/processed/train/fake_diffusion/cifake/test_395 (10).png,1,cifake,id,0.000000
data/processed/train/fake_diffusion/cifake/train_1118 (9).png,1,cifake,id,0.338698
data/processed/train/fake_diffusion/cifake/train_4200 (6).png,1,cifake,id,0.000178
data/processed/train/real/cifake/train_2260 (8).png,0,cifake,id,0.000001
data/processed/train/real/diverse_real/42420.png,0,diverse_real,id,0.000000
data/processed/train/real/cifake/train_0184 (9).png,0,cifake,id,0.000000
data/processed/train/fake_gan/stylegan/XNXBYHJLEL.png,1,stylegan,id,0.000000
data/processed/train/fake_diffusion/cifake/train_2108 (10).png,1,cifake,id,0.297868
data/processed/train/fake_diffusion/cifake/train_1501 (6).png,1,cifake,id,0.000008
data/processed/train/fake_diffusion/cifake/train_2170 (10).png,1,cifake,id,0.000048
data/processed/train/fake_gan/stylegan/6MRXTCNFJP.png,1,stylegan,id,0.000010
data/processed/train/real/ffhq/42708.png,0,ffhq,id,0.000047
data/processed/train/fake_diffusion/cifake/train_1523 (10).png,1,cifake,id,0.000000
data/processed/train/real/cifake/train_4914 (6).png,0,cifake,id,0.000001
data/processed/train/real/cifake/train_4244 (4).png,0,cifake,id,0.000000
data/processed/train/fake_diffusion/cifake/train_2166 (10).png,1,cifake,id,0.000121
data/processed/train/real/diverse_real/43259.png,0,diverse_real,id,0.000000
data/processed/train/real/diverse_real/41913.png,0,diverse_real,id,0.000000
data/processed/train/fake_gan/stylegan/92IO5ECNI8.png,1,stylegan,id,0.000534
data/processed/train/real/ffhq/37374.png,0,ffhq,id,0.000000
data/processed/train/real/cifake/test_0046 (6).png,0,cifake,id,0.002324
data/processed/train/real/diverse_real/27391.png,0,diverse_real,id,0.000000
data/processed/train/fake_diffusion/cifake/train_1810 (4).png,1,cifake,id,0.000043
data/processed/train/fake_gan/stylegan/0JVPR7BU10.png,1,stylegan,id,0.000001
data/processed/train/fake_gan/stylegan/3PR9CYYYIK.png,1,stylegan,id,0.184849
data/processed/train/fake_gan/stylegan/YAM0WR37Q2.png,1,stylegan,id,0.000000
data/processed/train/fake_gan/stylegan/NHC8X47Y43.png,1,stylegan,id,0.000101
data/processed/train/fake_diffusion/sd15/sd15_00066.png,1,sd15,id,0.000011
data/processed/train/real/ffhq/34382.png,0,ffhq,id,0.000000
data/processed/train/real/ffhq/39182.png,0,ffhq,id,0.000000
data/processed/train/real/diverse_real/02906.png,0,diverse_real,id,0.000000
data/processed/train/fake_diffusion/cifake/train_2085 (4).png,1,cifake,id,0.000814
data/processed/train/real/ffhq/07496.png,0,ffhq,id,0.000000
data/processed/train/fake_diffusion/cifake/test_502 (9).png,1,cifake,id,0.000028
data/processed/train/fake_gan/stylegan/AWXZIM97NQ.png,1,stylegan,id,0.000186
data/processed/train/real/diverse_real/48100.png,0,diverse_real,id,0.000000
data/processed/train/fake_gan/stylegan/A88UG69VLR.png,1,stylegan,id,0.000000
data/processed/train/fake_gan/stylegan/UA8U7WFKJT.png,1,stylegan,id,0.000000
data/processed/train/real/diverse_real/25933.png,0,diverse_real,id,0.000000
data/processed/train/real/ffhq/40493.png,0,ffhq,id,0.000000
data/processed/train/fake_gan/stylegan/FIGLFEM32R.png,1,stylegan,id,0.000000
data/processed/train/fake_diffusion/cifake/test_109 (9).png,1,cifake,id,0.000001
data/processed/train/real/ffhq/40157.png,0,ffhq,id,0.000000
data/processed/train/real/real_camera_train/000000097278.png,0,real_camera_train,id,0.000000
data/processed/train/fake_diffusion/cifake/train_2102 (10).png,1,cifake,id,0.000000
data/processed/train/real/diverse_real/63047.png,0,diverse_real,id,0.000000
data/processed/train/real/diverse_real/23089.png,0,diverse_real,id,0.000000
data/processed/train/fake_diffusion/sd15/sd15_00986.png,1,sd15,id,0.000000
data/processed/train/real/cifake/train_3013 (10).png,0,cifake,id,0.000002
data/processed/train/real/cifake/train_2803 (7).png,0,cifake,id,0.000012
data/processed/train/real/cifake/train_4612 (2).png,0,cifake,id,0.000000
data/processed/train/fake_diffusion/cifake/train_3975 (9).png,1,cifake,id,0.000357
data/processed/train/real/cifake/train_1649 (6).png,0,cifake,id,0.000001
data/processed/train/fake_diffusion/cifake/train_5789 (4).png,1,cifake,id,0.000001
data/processed/train/real/ffhq/50645.png,0,ffhq,id,0.000000
data/processed/train/real/cifake/train_3359 (7).png,0,cifake,id,0.482940
data/processed/train/fake_diffusion/cifake/train_4744 (4).png,1,cifake,id,0.000025
data/processed/train/real/diverse_real/58629.png,0,diverse_real,id,0.000000
data/processed/train/fake_diffusion/cifake/train_4542 (8).png,1,cifake,id,0.067475
data/processed/train/real/cifake/test_0931 (10).png,0,cifake,id,0.000009
data/processed/train/real/ffhq/36757.png,0,ffhq,id,0.000000
data/processed/train/real/cifake/train_1308 (8).png,0,cifake,id,0.000002
data/processed/train/real/cifake/train_0697 (8).png,0,cifake,id,0.000032
data/processed/train/fake_diffusion/cifake/train_2804 (4).png,1,cifake,id,0.000028
data/processed/train/real/ffhq/17759.png,0,ffhq,id,0.000007
data/processed/train/fake_diffusion/sd15/sd15_01724.png,1,sd15,id,0.000000
data/processed/train/fake_gan/stylegan/YFRE567O08.png,1,stylegan,id,0.000053
data/processed/train/real/cifake/train_2417 (7).png,0,cifake,id,0.000000
data/processed/train/fake_gan/stylegan/IO7NYIMHWK.png,1,stylegan,id,0.000001
data/processed/train/fake_diffusion/cifake/train_3737 (4).png,1,cifake,id,0.000005
data/processed/train/real/diverse_real/53379.png,0,diverse_real,id,0.000000
data/processed/train/fake_diffusion/sd15/sd15_01971.png,1,sd15,id,0.000000
data/processed/train/real/cifake/train_4075 (10).png,0,cifake,id,0.000239
data/processed/train/real/real_pexels_train/5485.png,0,real_pexels_train,id,0.005494
data/processed/train/fake_diffusion/sd15/sd15_02108.png,1,sd15,id,0.000217
data/processed/train/fake_gan/stylegan/60JARZKTOY.png,1,stylegan,id,0.000000
data/processed/train/real/ffhq/06181.png,0,ffhq,id,0.000000
data/processed/train/real/ffhq/14552.png,0,ffhq,id,0.000000
data/processed/train/real/cifake/train_3378 (5).png,0,cifake,id,0.000128
data/processed/train/real/cifake/train_0278 (9).png,0,cifake,id,0.000000
data/processed/train/fake_gan/stylegan/IZBH13IRAR.png,1,stylegan,id,0.000025
data/processed/train/real/cifake/train_3681.png,0,cifake,id,0.006294
data/processed/train/real/cifake/train_0480 (2).png,0,cifake,id,0.000000
data/processed/train/real/cifake/train_4600 (7).png,0,cifake,id,0.000000
data/processed/train/real/diverse_real/06647.png,0,diverse_real,id,0.000000
data/processed/train/real/ffhq/03072.png,0,ffhq,id,0.000000
data/processed/train/fake_diffusion/cifake/train_5829 (10).png,1,cifake,id,0.000000
data/processed/train/real/diverse_real/08517.png,0,diverse_real,id,0.000000
data/processed/train/fake_gan/stylegan/ZYZM5EPT4G.png,1,stylegan,id,0.000127
data/processed/train/real/cifake/train_3662 (5).png,0,cifake,id,0.392092
data/processed/train/real/ffhq/11224.png,0,ffhq,id,0.000000
data/processed/train/fake_diffusion/cifake/train_3845 (9).png,1,cifake,id,0.000907
data/processed/train/real/cifake/train_0079 (10).png,0,cifake,id,0.001168
data/processed/train/real/cifake/train_2613 (10).png,0,cifake,id,0.000001
data/processed/train/real/ffhq/53204.png,0,ffhq,id,0.000000
data/processed/train/real/ffhq/47406.png,0,ffhq,id,0.000000
data/processed/train/fake_diffusion/cifake/test_24 (5).png,1,cifake,id,0.000000
data/processed/train/real/cifake/test_0970 (9).png,0,cifake,id,0.172286
data/processed/train/real/cifake/train_4399 (8).png,0,cifake,id,0.000089
data/processed/train/fake_diffusion/cifake/train_5043.png,1,cifake,id,0.218170
data/processed/train/real/cifake/train_3969 (10).png,0,cifake,id,0.000000
data/processed/train/fake_diffusion/cifake/train_4217 (6).png,1,cifake,id,0.000707
data/processed/train/fake_diffusion/cifake/train_4114 (5).png,1,cifake,id,0.000000
data/processed/train/real/ffhq/02186.png,0,ffhq,id,0.000000
data/processed/train/fake_gan/stylegan/VM6CP5L2LP.png,1,stylegan,id,0.000005
data/processed/train/fake_diffusion/tristanzhang_train/0913.png,1,tristanzhang_train,id,0.000000
data/processed/train/real/ffhq/05372.png,0,ffhq,id,0.000001
data/processed/train/real/ffhq/35954.png,0,ffhq,id,0.000000
data/processed/train/fake_diffusion/sd15/sd15_00283.png,1,sd15,id,0.000000
data/processed/train/fake_diffusion/cifake/train_1933 (10).png,1,cifake,id,0.000000
data/processed/train/real/cifake/train_0782 (8).png,0,cifake,id,0.000026
data/processed/train/fake_gan/stylegan/NA7JS9VTUF.png,1,stylegan,id,0.000016
data/processed/train/real/cifake/train_1265.png,0,cifake,id,0.001661
data/processed/train/fake_gan/stylegan/LU17XRZV5Y.png,1,stylegan,id,0.000003
data/processed/train/fake_diffusion/cifake/test_284 (7).png,1,cifake,id,0.000001
data/processed/train/real/ffhq/24175.png,0,ffhq,id,0.000000
data/processed/train/fake_gan/stylegan/94BLO221OT.png,1,stylegan,id,0.000001
data/processed/train/real/ffhq/21445.png,0,ffhq,id,0.000000
data/processed/train/fake_gan/stylegan/WP0Z9L8PZS.png,1,stylegan,id,0.000000
data/processed/train/fake_diffusion/cifake/test_227 (2).png,1,cifake,id,0.001508
data/processed/train/real/diverse_real/28597.png,0,diverse_real,id,0.000019
data/processed/train/real/cifake/train_3465 (9).png,0,cifake,id,0.019532
data/processed/train/fake_gan/stylegan/0FIYOD7QAR.png,1,stylegan,id,0.026996
data/processed/train/fake_diffusion/cifake/train_3186 (10).png,1,cifake,id,0.000000
data/processed/train/fake_diffusion/sd15/sd15_00369.png,1,sd15,id,0.000000
data/processed/train/fake_gan/stylegan/Q1QRBJE3O5.png,1,stylegan,id,0.000000
data/processed/train/real/ffhq/27103.png,0,ffhq,id,0.000000
data/processed/train/real/ffhq/33650.png,0,ffhq,id,0.000000
data/processed/train/real/ffhq/11798.png,0,ffhq,id,0.000000
data/processed/train/real/diverse_real/61902.png,0,diverse_real,id,0.000000
data/processed/train/real/cifake/train_4807 (4).png,0,cifake,id,0.000000
data/processed/train/real/cifake/train_2764 (9).png,0,cifake,id,0.000032
data/processed/train/fake_diffusion/cifake/train_3454 (10).png,1,cifake,id,0.000008
data/processed/train/real/cifake/train_2541 (5).png,0,cifake,id,0.000177
data/processed/train/fake_diffusion/sd15/sd15_01846.png,1,sd15,id,0.000000
data/processed/train/fake_diffusion/sd15/sd15_00063.png,1,sd15,id,0.000000
data/processed/train/real/cifake/test_0642 (4).png,0,cifake,id,0.046051
data/processed/train/real/cifake/train_3731 (7).png,0,cifake,id,0.000003
data/processed/train/fake_gan/stylegan/6LMFX5C85P.png,1,stylegan,id,0.844162
data/processed/train/real/ffhq/53050.png,0,ffhq,id,0.000000
data/processed/train/real/cifake/train_3204 (8).png,0,cifake,id,0.000124
data/processed/train/real/ffhq/00418.png,0,ffhq,id,0.000006
data/processed/train/real/ffhq/47711.png,0,ffhq,id,0.000000
data/processed/train/real/ffhq/28981.png,0,ffhq,id,0.000000
data/processed/train/real/cifake/train_4136 (4).png,0,cifake,id,0.001183
data/processed/train/real/ffhq/40812.png,0,ffhq,id,0.000000
data/processed/train/fake_diffusion/sd15/sd15_00324.png,1,sd15,id,0.000000
data/processed/train/fake_gan/stylegan/MG58TA7SOO.png,1,stylegan,id,0.000001
data/processed/train/fake_diffusion/cifake/train_5032 (5).png,1,cifake,id,0.000778
data/processed/train/fake_gan/stylegan/H13IIEUAPR.png,1,stylegan,id,0.000000
data/processed/train/real/cifake/train_1003.png,0,cifake,id,0.000102
data/processed/train/real/diverse_real/54978.png,0,diverse_real,id,0.000000
data/processed/train/real/cifake/train_3399 (3).png,0,cifake,id,0.000015
data/processed/train/real/ffhq/51780.png,0,ffhq,id,0.000000
data/processed/train/real/cifake/train_3602 (7).png,0,cifake,id,0.000000
data/processed/train/fake_diffusion/cifake/test_634 (5).png,1,cifake,id,0.006277
data/processed/train/real/diverse_real/00851.png,0,diverse_real,id,0.000000
data/processed/train/fake_diffusion/cifake/train_2777 (9).png,1,cifake,id,0.000006
data/processed/train/real/cifake/train_0314 (4).png,0,cifake,id,0.000000
data/processed/train/real/cifake/train_3991 (2).png,0,cifake,id,0.000000
data/processed/train/fake_gan/stylegan/1A54YLEN2Z.png,1,stylegan,id,0.000001
data/processed/train/fake_diffusion/cifake/train_4122.png,1,cifake,id,0.001227
data/processed/train/real/cifake/train_2196 (7).png,0,cifake,id,0.000000
data/processed/train/real/cifake/train_3980 (2).png,0,cifake,id,0.000000
data/processed/train/fake_diffusion/cifake/train_5949 (6).png,1,cifake,id,0.000492
data/processed/train/fake_gan/stylegan/L4JOZS03M8.png,1,stylegan,id,0.033257
data/processed/train/fake_diffusion/sd15/sd15_00695.png,1,sd15,id,0.000001
data/processed/train/fake_diffusion/cifake/train_5660 (6).png,1,cifake,id,0.000000
data/processed/train/real/cifake/train_0083 (10).png,0,cifake,id,0.000000
data/processed/train/fake_diffusion/sd15/sd15_02165.png,1,sd15,id,0.000001
data/processed/train/fake_diffusion/cifake/train_3846 (3).png,1,cifake,id,0.005477
data/processed/train/fake_diffusion/cifake/train_3240 (8).png,1,cifake,id,0.000238
data/processed/train/fake_diffusion/cifake/train_2449 (4).png,1,cifake,id,0.000283
data/processed/train/real/diverse_real/22765.png,0,diverse_real,id,0.000000
data/processed/train/fake_diffusion/cifake/train_2125 (5).png,1,cifake,id,0.000001
data/processed/train/fake_gan/stylegan/BNT3SDRX3G.png,1,stylegan,id,0.000164
data/processed/train/fake_diffusion/cifake/test_6 (2).png,1,cifake,id,0.000004
data/processed/train/real/ffhq/00749.png,0,ffhq,id,0.000048
data/processed/train/fake_diffusion/cifake/train_3648.png,1,cifake,id,0.624235
data/processed/train/real/cifake/train_3310 (5).png,0,cifake,id,0.061351
data/processed/train/real/cifake/train_2184 (4).png,0,cifake,id,0.000000
data/processed/train/real/diverse_real/40224.png,0,diverse_real,id,0.000000
data/processed/train/real/cifake/train_4250 (2).png,0,cifake,id,0.000000
data/processed/train/fake_diffusion/cifake/test_423.png,1,cifake,id,0.005944
data/processed/train/fake_diffusion/cifake/test_790 (8).png,1,cifake,id,0.000003
data/processed/train/fake_gan/stylegan/A44EDOQJPV.png,1,stylegan,id,0.000000
data/processed/train/fake_gan/stylegan/3YND23UV7J.png,1,stylegan,id,0.000000
data/processed/train/real/ffhq/41176.png,0,ffhq,id,0.000000
data/processed/train/real/ffhq/02604.png,0,ffhq,id,0.000000
data/processed/train/real/cifake/train_2802 (9).png,0,cifake,id,0.008937
data/processed/train/real/cifake/train_3827 (3).png,0,cifake,id,0.000009
data/processed/train/real/ffhq/16300.png,0,ffhq,id,0.000000
data/processed/train/real/ffhq/00923.png,0,ffhq,id,0.000000
data/processed/train/fake_diffusion/sd15/sd15_02090.png,1,sd15,id,0.000000
data/processed/train/fake_diffusion/cifake/train_2882 (8).png,1,cifake,id,0.000000
data/processed/train/fake_diffusion/sd15/sd15_00544.png,1,sd15,id,0.000000
data/processed/train/real/cifake/train_0458 (6).png,0,cifake,id,0.000000
data/processed/train/fake_gan/stylegan/B4DQB1Q1KK.png,1,stylegan,id,0.003370
data/processed/train/fake_diffusion/sd15/sd15_00037.png,1,sd15,id,0.000000
data/processed/train/real/cifake/train_1841 (2).png,0,cifake,id,0.000000
data/processed/train/real/diverse_real/45072.png,0,diverse_real,id,0.000000
data/processed/train/real/real_pexels_train/4752.png,0,real_pexels_train,id,0.000038
data/processed/train/real/diverse_real/08490.png,0,diverse_real,id,0.000000
data/processed/train/real/cifake/train_4989 (6).png,0,cifake,id,0.000000
data/processed/train/fake_diffusion/sd15/sd15_00469.png,1,sd15,id,0.000000
data/processed/train/real/ffhq/30166.png,0,ffhq,id,0.000000
data/processed/train/fake_diffusion/cifake/train_1366 (5).png,1,cifake,id,0.000015
data/processed/train/real/diverse_real/09530.png,0,diverse_real,id,0.000000
data/processed/train/real/cifake/train_3034 (8).png,0,cifake,id,0.000000
data/processed/train/real/cifake/test_0852 (4).png,0,cifake,id,0.000217
data/processed/train/fake_diffusion/sd15/sd15_00706.png,1,sd15,id,0.000000
data/processed/train/fake_diffusion/cifake/train_4610.png,1,cifake,id,0.006008
data/processed/train/real/cifake/train_4490 (2).png,0,cifake,id,0.000000
data/processed/train/fake_diffusion/cifake/train_3328 (6).png,1,cifake,id,0.000006
data/processed/train/real/ffhq/20104.png,0,ffhq,id,0.000000
data/processed/train/fake_diffusion/cifake/train_3029 (7).png,1,cifake,id,0.000008
data/processed/train/real/cifake/train_4321 (6).png,0,cifake,id,0.000014
data/processed/train/fake_gan/stylegan/MCC6QLF7IG.png,1,stylegan,id,0.000633
data/processed/train/real/diverse_real/11815.png,0,diverse_real,id,0.000002
data/processed/train/real/real_pexels_train/4669.png,0,real_pexels_train,id,0.000000
data/processed/train/fake_diffusion/sd15/sd15_00806.png,1,sd15,id,0.000000
data/processed/train/fake_diffusion/tristanzhang_train/0160.png,1,tristanzhang_train,id,0.000000
data/processed/train/real/cifake/test_0765 (3).png,0,cifake,id,0.194044
data/processed/train/fake_diffusion/cifake/train_3874 (9).png,1,cifake,id,0.003418
data/processed/train/real/ffhq/29131.png,0,ffhq,id,0.000000
data/processed/train/fake_diffusion/cifake/train_5031 (8).png,1,cifake,id,0.271117
data/processed/train/real/cifake/test_0769 (9).png,0,cifake,id,0.001684
data/processed/train/real/cifake/train_1324 (3).png,0,cifake,id,0.000000
data/processed/train/fake_diffusion/cifake/train_4717 (3).png,1,cifake,id,0.000026
data/processed/train/real/diverse_real/26149.png,0,diverse_real,id,0.000000
data/processed/train/real/cifake/train_3893 (4).png,0,cifake,id,0.000549
data/processed/train/fake_diffusion/cifake/train_3979 (7).png,1,cifake,id,0.000000
data/processed/train/real/cifake/train_3847 (2).png,0,cifake,id,0.000001
data/processed/train/fake_gan/stylegan/BMNOQ3DCVB.png,1,stylegan,id,0.000201
data/processed/train/real/cifake/train_3695 (7).png,0,cifake,id,0.000689
data/processed/train/real/cifake/train_2356.png,0,cifake,id,0.003419
data/processed/train/real/real_pexels_train/2710.png,0,real_pexels_train,id,0.000000
data/processed/train/fake_diffusion/sd15/sd15_01414.png,1,sd15,id,0.000074
data/processed/train/real/cifake/train_2796 (7).png,0,cifake,id,0.009568
data/processed/train/fake_diffusion/cifake/train_1170.png,1,cifake,id,0.009052
data/processed/train/real/cifake/train_3726 (9).png,0,cifake,id,0.000000
data/processed/train/real/ffhq/48185.png,0,ffhq,id,0.000000
data/processed/train/fake_diffusion/cifake/test_788 (9).png,1,cifake,id,0.000057
data/processed/train/real/ffhq/35127.png,0,ffhq,id,0.000000
data/processed/train/real/cifake/train_1082 (2).png,0,cifake,id,0.000057
data/processed/train/fake_gan/stylegan/WBNXHN05M9.png,1,stylegan,id,0.000001
data/processed/train/real/cifake/train_1962 (6).png,0,cifake,id,0.000440
data/processed/train/real/cifake/test_0379 (9).png,0,cifake,id,0.007346
data/processed/train/fake_diffusion/cifake/train_2688.png,1,cifake,id,0.000627
data/processed/train/fake_gan/stylegan/Q1FBYXI42H.png,1,stylegan,id,0.001208
data/processed/train/real/ffhq/36062.png,0,ffhq,id,0.000000
data/processed/train/real/ffhq/30683.png,0,ffhq,id,0.000000
data/processed/train/fake_diffusion/cifake/train_1591 (9).png,1,cifake,id,0.000000
data/processed/train/fake_diffusion/cifake/train_4988 (10).png,1,cifake,id,0.000001
data/processed/train/real/ffhq/33759.png,0,ffhq,id,0.000000
data/processed/train/real/diverse_real/47860.png,0,diverse_real,id,0.000000
data/processed/train/real/diverse_real/57424.png,0,diverse_real,id,0.000000
data/processed/train/real/cifake/train_2084 (10).png,0,cifake,id,0.000000
data/processed/train/real/diverse_real/65669.png,0,diverse_real,id,0.000000
data/processed/train/fake_diffusion/cifake/train_3789 (9).png,1,cifake,id,0.000080
data/processed/train/real/ffhq/34740.png,0,ffhq,id,0.000000
data/processed/train/fake_diffusion/cifake/train_5546 (9).png,1,cifake,id,0.000565
data/processed/train/fake_diffusion/cifake/train_4469 (6).png,1,cifake,id,0.000000
data/processed/train/fake_gan/stylegan/IL90729A74.png,1,stylegan,id,0.000000
data/processed/train/real/diverse_real/22773.png,0,diverse_real,id,0.000000
data/processed/train/fake_diffusion/sd15/sd15_00048.png,1,sd15,id,0.000000
data/processed/train/real/cifake/train_1321 (7).png,0,cifake,id,0.818418
data/processed/train/fake_diffusion/cifake/train_4300 (2).png,1,cifake,id,0.050044
data/processed/train/fake_gan/stylegan/3NJYVG4TZS.png,1,stylegan,id,0.003676
data/processed/train/real/cifake/train_0597 (8).png,0,cifake,id,0.006637
data/processed/train/real/ffhq/37588.png,0,ffhq,id,0.000000
data/processed/train/real/diverse_real/28320.png,0,diverse_real,id,0.000000
data/processed/train/real/cifake/train_2678 (2).png,0,cifake,id,0.086409
data/processed/train/real/ffhq/28977.png,0,ffhq,id,0.000000
data/processed/train/fake_gan/stylegan/3AC1TL3CQ0.png,1,stylegan,id,0.000154
data/processed/train/fake_gan/stylegan/TW21PBHJL7.png,1,stylegan,id,0.000023
data/processed/train/fake_diffusion/sd15/sd15_02439.png,1,sd15,id,0.000000
data/processed/train/fake_gan/stylegan/Y1171K162J.png,1,stylegan,id,0.000000
data/processed/train/real/ffhq/47194.png,0,ffhq,id,0.000000
data/processed/train/fake_gan/stylegan/50MAGU2UE7.png,1,stylegan,id,0.066559
data/processed/train/real/ffhq/45955.png,0,ffhq,id,0.000000
data/processed/train/real/diverse_real/34872.png,0,diverse_real,id,0.000000
data/processed/train/real/cifake/test_0647 (3).png,0,cifake,id,0.000464
data/processed/train/fake_diffusion/sd15/sd15_01659.png,1,sd15,id,0.000000
data/processed/train/real/ffhq/32257.png,0,ffhq,id,0.000000
data/processed/train/fake_gan/stylegan/7D50TL05LT.png,1,stylegan,id,0.000003
data/processed/train/real/cifake/train_3114 (9).png,0,cifake,id,0.001049
data/processed/train/fake_diffusion/cifake/train_4260 (6).png,1,cifake,id,0.000005
data/processed/train/real/real_camera_train/000000508730.png,0,real_camera_train,id,0.000000
data/processed/train/fake_diffusion/sd15/sd15_01987.png,1,sd15,id,0.000000
data/processed/train/fake_diffusion/tristanzhang_train/4090.png,1,tristanzhang_train,id,0.000000
data/processed/train/real/cifake/train_2955 (7).png,0,cifake,id,0.005891
data/processed/train/real/real_pexels_train/1283.png,0,real_pexels_train,id,0.000000
data/processed/train/real/cifake/test_0556 (6).png,0,cifake,id,0.000000
data/processed/train/real/diverse_real/68613.png,0,diverse_real,id,0.000000
data/processed/train/fake_gan/stylegan/B0BIF4D7HB.png,1,stylegan,id,0.000419
data/processed/train/real/ffhq/12166.png,0,ffhq,id,0.000000
data/processed/train/fake_diffusion/sd15/sd15_02364.png,1,sd15,id,0.000000
data/processed/train/real/cifake/train_2917 (10).png,0,cifake,id,0.000000
data/processed/train/real/real_camera_train/000000052565.png,0,real_camera_train,id,0.000000
data/processed/train/fake_diffusion/cifake/train_3248 (6).png,1,cifake,id,0.000000
data/processed/train/fake_diffusion/cifake/train_2979.png,1,cifake,id,0.000222
data/processed/train/real/ffhq/33338.png,0,ffhq,id,0.000000
data/processed/train/real/cifake/train_3345 (6).png,0,cifake,id,0.005643
data/processed/train/fake_diffusion/sd15/sd15_02304.png,1,sd15,id,0.000000
data/processed/train/fake_diffusion/cifake/train_5249 (8).png,1,cifake,id,0.510482
data/processed/train/real/real_camera_train/000000533145.png,0,real_camera_train,id,0.000000
data/processed/train/fake_diffusion/sd15/sd15_00937.png,1,sd15,id,0.000002
data/processed/train/fake_gan/stylegan/ICRJQIUQ0W.png,1,stylegan,id,0.000000
data/processed/train/fake_diffusion/cifake/train_2296 (5).png,1,cifake,id,0.000042
data/processed/train/fake_gan/stylegan/P4A8EKW8HB.png,1,stylegan,id,0.000022
data/processed/train/fake_gan/stylegan/XPGO4NFOIV.png,1,stylegan,id,0.000000
data/processed/train/fake_diffusion/cifake/train_4194 (9).png,1,cifake,id,0.000000
data/processed/train/fake_gan/stylegan/7JRAOZUBN6.png,1,stylegan,id,0.004125
data/processed/train/fake_diffusion/sd15/sd15_02105.png,1,sd15,id,0.000000
data/processed/train/fake_diffusion/cifake/test_783 (2).png,1,cifake,id,0.002976
data/processed/train/real/cifake/test_0386 (8).png,0,cifake,id,0.041757
data/processed/train/real/ffhq/47013.png,0,ffhq,id,0.000000
data/processed/train/real/ffhq/35780.png,0,ffhq,id,0.000000
data/processed/train/fake_gan/stylegan/SOYTCPJ2T4.png,1,stylegan,id,0.000001
data/processed/train/real/diverse_real/37760.png,0,diverse_real,id,0.000000
data/processed/train/fake_diffusion/sd15/sd15_01168.png,1,sd15,id,0.000000
data/processed/train/real/diverse_real/49366.png,0,diverse_real,id,0.000036
data/processed/train/real/cifake/train_0791 (4).png,0,cifake,id,0.004760
data/processed/train/fake_diffusion/sd15/sd15_00376.png,1,sd15,id,0.000000
data/processed/train/fake_gan/stylegan/3UBHSATPFZ.png,1,stylegan,id,0.000000
data/processed/train/real/cifake/train_1578 (4).png,0,cifake,id,0.836950
data/processed/train/fake_diffusion/cifake/train_2503 (2).png,1,cifake,id,0.000034
data/processed/train/fake_diffusion/cifake/test_521 (8).png,1,cifake,id,0.002359
data/processed/train/fake_diffusion/sd15/sd15_01472.png,1,sd15,id,0.000000
data/processed/train/real/diverse_real/42613.png,0,diverse_real,id,0.000001
data/processed/train/fake_gan/stylegan/TLLX4D9WWG.png,1,stylegan,id,0.000000
data/processed/train/fake_diffusion/cifake/train_5592 (10).png,1,cifake,id,0.000000
data/processed/train/real/cifake/train_2404 (3).png,0,cifake,id,0.000004
data/processed/train/fake_diffusion/cifake/train_3694 (3).png,1,cifake,id,0.997013
data/processed/train/real/diverse_real/13515.png,0,diverse_real,id,0.000000
data/processed/train/real/cifake/train_2480 (8).png,0,cifake,id,0.001190
data/processed/train/real/cifake/train_2807 (8).png,0,cifake,id,0.000008
data/processed/train/fake_gan/stylegan/J4ZTOOBFBN.png,1,stylegan,id,0.000620
data/processed/train/real/ffhq/43239.png,0,ffhq,id,0.000000
data/processed/train/real/diverse_real/40158.png,0,diverse_real,id,0.000000
data/processed/train/fake_diffusion/cifake/train_4840 (7).png,1,cifake,id,0.012268
data/processed/train/real/cifake/train_4556 (7).png,0,cifake,id,0.000001
data/processed/train/fake_gan/stylegan/CT4RXA93F4.png,1,stylegan,id,0.000000
data/processed/train/real/ffhq/44029.png,0,ffhq,id,0.000000
data/processed/train/fake_diffusion/cifake/train_3308 (2).png,1,cifake,id,0.000000
data/processed/train/fake_diffusion/cifake/train_5852 (4).png,1,cifake,id,0.000768
data/processed/train/real/cifake/train_4889 (8).png,0,cifake,id,0.000253
data/processed/train/fake_diffusion/sd15/sd15_01561.png,1,sd15,id,0.003393
data/processed/train/real/ffhq/14583.png,0,ffhq,id,0.000000
data/processed/train/real/cifake/train_3615 (3).png,0,cifake,id,0.609834
data/processed/train/real/cifake/train_2470 (7).png,0,cifake,id,0.003829
data/processed/train/fake_diffusion/sd15/sd15_01486.png,1,sd15,id,0.000023
data/processed/train/fake_gan/stylegan/0L12UOFOFJ.png,1,stylegan,id,0.000000
data/processed/train/real/diverse_real/27156.png,0,diverse_real,id,0.000000
data/processed/train/fake_gan/stylegan/DVDM6SQNUR.png,1,stylegan,id,0.000002
data/processed/train/fake_diffusion/sd15/sd15_01173.png,1,sd15,id,0.000000
data/processed/train/real/cifake/test_0846.png,0,cifake,id,0.000297
data/processed/train/fake_diffusion/cifake/train_2950 (7).png,1,cifake,id,0.055603
data/processed/train/fake_diffusion/cifake/train_3039 (5).png,1,cifake,id,0.024496
data/processed/train/fake_diffusion/cifake/train_5665 (6).png,1,cifake,id,0.000073
data/processed/train/fake_diffusion/sd15/sd15_02195.png,1,sd15,id,0.000000
data/processed/train/real/cifake/train_1980 (2).png,0,cifake,id,0.000003
data/processed/train/real/ffhq/27751.png,0,ffhq,id,0.000000
data/processed/train/real/cifake/train_4096 (3).png,0,cifake,id,0.002860
data/processed/train/fake_gan/stylegan/99757931KR.png,1,stylegan,id,0.000000
data/processed/train/fake_diffusion/sd15/sd15_00045.png,1,sd15,id,0.000000
data/processed/train/real/diverse_real/10019.png,0,diverse_real,id,0.000000
data/processed/train/fake_diffusion/cifake/train_3328 (2).png,1,cifake,id,0.000002
data/processed/train/fake_gan/stylegan/EOLVCB0DKX.png,1,stylegan,id,0.000000
data/processed/train/fake_diffusion/sd15/sd15_02283.png,1,sd15,id,0.000000
data/processed/train/real/cifake/train_0650 (4).png,0,cifake,id,0.435165
data/processed/train/fake_diffusion/cifake/train_3074 (2).png,1,cifake,id,0.015651
data/processed/train/real/cifake/train_1933 (6).png,0,cifake,id,0.000001
data/processed/train/fake_diffusion/cifake/train_2274 (9).png,1,cifake,id,0.000008
data/processed/train/real/ffhq/44836.png,0,ffhq,id,0.000004
data/processed/train/fake_diffusion/cifake/test_846 (3).png,1,cifake,id,0.000028
data/processed/train/fake_diffusion/sd15/sd15_00844.png,1,sd15,id,0.000000
data/processed/train/fake_diffusion/cifake/test_522.png,1,cifake,id,0.000228
data/processed/train/fake_gan/stylegan/8I4VZ0N3NT.png,1,stylegan,id,0.000388
data/processed/train/fake_diffusion/cifake/train_3508 (7).png,1,cifake,id,0.016698
data/processed/train/fake_diffusion/cifake/train_3124 (8).png,1,cifake,id,0.028876
data/processed/train/fake_gan/stylegan/3HK59VWSES.png,1,stylegan,id,0.000003
data/processed/train/fake_diffusion/sd15/sd15_02393.png,1,sd15,id,0.000000
data/processed/train/fake_diffusion/cifake/train_2711 (4).png,1,cifake,id,0.000202
data/processed/train/real/cifake/train_3168 (7).png,0,cifake,id,0.000130
data/processed/train/fake_diffusion/cifake/train_3584 (3).png,1,cifake,id,0.000006
data/processed/train/real/ffhq/23671.png,0,ffhq,id,0.000000
data/processed/train/real/cifake/train_0345 (2).png,0,cifake,id,0.000000
data/processed/train/fake_diffusion/cifake/test_602.png,1,cifake,id,0.119373
data/processed/train/fake_gan/stylegan/F3RJNDXS72.png,1,stylegan,id,0.000027
data/processed/train/real/cifake/train_1206 (2).png,0,cifake,id,0.000153
data/processed/train/real/real_pexels_train/5648.png,0,real_pexels_train,id,0.000000
data/processed/train/real/cifake/test_0080 (4).png,0,cifake,id,0.000000
data/processed/train/fake_gan/stylegan/AZGWKELIUX.png,1,stylegan,id,0.000001
data/processed/train/fake_diffusion/cifake/train_3101 (4).png,1,cifake,id,0.000343
data/processed/train/real/diverse_real/21492.png,0,diverse_real,id,0.000000
data/processed/train/fake_gan/stylegan/2T8ZLO5JTN.png,1,stylegan,id,0.004825
data/processed/train/fake_gan/stylegan/FV8CKTPUWN.png,1,stylegan,id,0.000000
data/processed/train/real/cifake/train_2702 (7).png,0,cifake,id,0.000000
data/processed/train/fake_diffusion/cifake/train_1811 (3).png,1,cifake,id,0.000000
data/processed/train/real/real_camera_train/000000150649.png,0,real_camera_train,id,0.000000
data/processed/train/fake_diffusion/sd15/sd15_00245.png,1,sd15,id,0.000000
data/processed/train/fake_gan/stylegan/4I4OFFMCW0.png,1,stylegan,id,0.000016
data/processed/train/fake_gan/stylegan/KVAUEH63Q9.png,1,stylegan,id,0.000000
data/processed/train/real/cifake/train_1870 (5).png,0,cifake,id,0.203210
data/processed/train/real/diverse_real/47074.png,0,diverse_real,id,0.000000
data/processed/train/fake_gan/stylegan/R63TL1SJIS.png,1,stylegan,id,0.000000
data/processed/train/real/cifake/train_0007 (6).png,0,cifake,id,0.000629
data/processed/train/fake_diffusion/cifake/train_2230 (7).png,1,cifake,id,0.000000
data/processed/train/real/cifake/test_0439.png,0,cifake,id,0.016847
data/processed/train/real/real_camera_train/000000463283.png,0,real_camera_train,id,0.000000
data/processed/train/fake_diffusion/cifake/train_1617.png,1,cifake,id,0.002075
data/processed/train/fake_gan/stylegan/T0M3NVOKUP.png,1,stylegan,id,0.000029
data/processed/train/real/ffhq/47586.png,0,ffhq,id,0.000095
data/processed/train/real/cifake/train_0534 (2).png,0,cifake,id,0.000023
data/processed/train/fake_diffusion/cifake/train_1630 (9).png,1,cifake,id,0.029911
data/processed/train/real/cifake/train_0234 (9).png,0,cifake,id,0.011132
data/processed/train/real/cifake/train_4240 (2).png,0,cifake,id,0.000000
data/processed/train/fake_diffusion/cifake/train_4264 (6).png,1,cifake,id,0.000168
data/processed/train/fake_gan/stylegan/NJLOI5Z8QZ.png,1,stylegan,id,0.000000
data/processed/train/real/ffhq/25650.png,0,ffhq,id,0.000000
data/processed/train/fake_diffusion/cifake/train_2176 (8).png,1,cifake,id,0.000000
data/processed/train/fake_diffusion/cifake/train_2353 (9).png,1,cifake,id,0.939500
data/processed/train/real/ffhq/31400.png,0,ffhq,id,0.014610
data/processed/train/real/ffhq/13350.png,0,ffhq,id,0.000000
data/processed/train/fake_diffusion/cifake/train_3614 (4).png,1,cifake,id,0.000000
data/processed/train/real/cifake/train_0864 (8).png,0,cifake,id,0.000061
data/processed/train/fake_gan/stylegan/YLZGCOA3FK.png,1,stylegan,id,0.000000
data/processed/train/real/cifake/test_0877 (5).png,0,cifake,id,0.000027
data/processed/train/real/cifake/train_3499 (7).png,0,cifake,id,0.000012
data/processed/train/fake_gan/stylegan/47I3O89R3N.png,1,stylegan,id,0.000000
data/processed/train/real/cifake/train_3825 (4).png,0,cifake,id,0.004164
data/processed/train/fake_diffusion/cifake/train_1129.png,1,cifake,id,0.007165
data/processed/train/fake_diffusion/cifake/test_827 (4).png,1,cifake,id,0.000156
data/processed/train/real/real_camera_train/000000249643.png,0,real_camera_train,id,0.000000
data/processed/train/real/cifake/train_2942 (9).png,0,cifake,id,0.000000
data/processed/train/fake_gan/stylegan/BZQ7C6N37W.png,1,stylegan,id,0.000002
data/processed/train/fake_diffusion/cifake/train_2381 (9).png,1,cifake,id,0.000035
data/processed/train/fake_diffusion/cifake/train_3560 (10).png,1,cifake,id,0.000000
data/processed/train/real/real_pexels_train/2984.png,0,real_pexels_train,id,0.000000
data/processed/train/fake_gan/stylegan/7D6JLQCKAP.png,1,stylegan,id,0.000736
data/processed/train/real/diverse_real/04786.png,0,diverse_real,id,0.000000
data/processed/train/fake_diffusion/tristanzhang_train/1648.png,1,tristanzhang_train,id,0.000000
data/processed/train/fake_diffusion/cifake/test_266 (7).png,1,cifake,id,0.000659
data/processed/train/real/cifake/test_0351 (6).png,0,cifake,id,0.000345
data/processed/train/real/diverse_real/39971.png,0,diverse_real,id,0.000004
data/processed/train/real/cifake/test_0268 (9).png,0,cifake,id,0.000552
data/processed/train/fake_gan/stylegan/R3N97XZ3X7.png,1,stylegan,id,0.000000
data/processed/train/fake_diffusion/cifake/train_4390 (5).png,1,cifake,id,0.013202
data/processed/train/real/cifake/train_3378 (10).png,0,cifake,id,0.000002
data/processed/train/real/cifake/train_0176 (4).png,0,cifake,id,0.000000
data/processed/train/real/ffhq/36006.png,0,ffhq,id,0.000000
data/processed/train/real/diverse_real/63121.png,0,diverse_real,id,0.000000
data/processed/train/real/cifake/train_3728 (7).png,0,cifake,id,0.005441
data/processed/train/fake_gan/stylegan/5YKEVPYOWW.png,1,stylegan,id,0.000004
data/processed/train/fake_diffusion/cifake/train_1455 (5).png,1,cifake,id,0.000000
data/processed/train/fake_diffusion/cifake/train_5001 (3).png,1,cifake,id,0.112079
data/processed/train/fake_diffusion/cifake/test_672 (3).png,1,cifake,id,0.071377
data/processed/train/fake_diffusion/sd15/sd15_00603.png,1,sd15,id,0.000007
data/processed/train/real/cifake/train_2526 (2).png,0,cifake,id,0.000328
data/processed/train/real/cifake/test_0792 (4).png,0,cifake,id,0.093498
data/processed/train/fake_gan/stylegan/O98INSMOL8.png,1,stylegan,id,0.000089
data/processed/train/real/cifake/train_3532 (3).png,0,cifake,id,0.550069
data/processed/train/fake_diffusion/cifake/train_1696 (9).png,1,cifake,id,0.000472
data/processed/train/real/diverse_real/21102.png,0,diverse_real,id,0.000000
data/processed/train/real/cifake/test_0297 (4).png,0,cifake,id,0.112891
data/processed/train/fake_diffusion/cifake/train_3230 (4).png,1,cifake,id,0.000165
data/processed/train/fake_diffusion/sd15/sd15_00634.png,1,sd15,id,0.000000
data/processed/train/real/cifake/train_3816 (4).png,0,cifake,id,0.000002
data/processed/train/fake_diffusion/sd15/sd15_01941.png,1,sd15,id,0.000000
data/processed/train/real/cifake/train_3436 (7).png,0,cifake,id,0.034478
data/processed/train/real/ffhq/00610.png,0,ffhq,id,0.000000
data/processed/train/real/diverse_real/27554.png,0,diverse_real,id,0.000000
data/processed/train/fake_diffusion/cifake/train_5774 (6).png,1,cifake,id,0.000000
data/processed/train/fake_gan/stylegan/K7PWL9H893.png,1,stylegan,id,0.000074
data/processed/train/real/cifake/train_4734 (7).png,0,cifake,id,0.002730
data/processed/train/fake_diffusion/sd15/sd15_00149.png,1,sd15,id,0.000000
data/processed/train/fake_diffusion/cifake/train_3712 (9).png,1,cifake,id,0.011593
data/processed/train/fake_gan/stylegan/FZ3ZXTD0VW.png,1,stylegan,id,0.788576
data/processed/train/real/cifake/train_3905 (3).png,0,cifake,id,0.000000
data/processed/train/real/ffhq/46586.png,0,ffhq,id,0.000000
data/processed/train/real/diverse_real/56251.png,0,diverse_real,id,0.000000
data/processed/train/real/diverse_real/31032.png,0,diverse_real,id,0.000000
data/processed/train/fake_diffusion/cifake/train_4710 (2).png,1,cifake,id,0.000014
data/processed/train/fake_diffusion/cifake/train_5822 (3).png,1,cifake,id,0.000582
data/processed/train/fake_gan/stylegan/GB0H2E9F6C.png,1,stylegan,id,0.000000
data/processed/train/fake_diffusion/cifake/train_4538 (10).png,1,cifake,id,0.000000
data/processed/train/real/diverse_real/55669.png,0,diverse_real,id,0.000000
data/processed/train/fake_diffusion/cifake/train_5270 (10).png,1,cifake,id,0.000000
data/processed/train/fake_gan/stylegan/O9EI2NFBAR.png,1,stylegan,id,0.000000
data/processed/train/fake_gan/stylegan/V7M5LJR6JT.png,1,stylegan,id,0.000026
data/processed/train/real/cifake/train_4165 (4).png,0,cifake,id,0.263912
data/processed/train/fake_diffusion/sd15/sd15_01288.png,1,sd15,id,0.737276
data/processed/train/real/ffhq/17484.png,0,ffhq,id,0.000000
data/processed/train/real/real_camera_train/000000034760.png,0,real_camera_train,id,0.000000
data/processed/train/fake_diffusion/cifake/train_2838.png,1,cifake,id,0.002360
data/processed/train/fake_gan/stylegan/EDX1292RZL.png,1,stylegan,id,0.000048
data/processed/train/fake_gan/stylegan/U1XNI0R85I.png,1,stylegan,id,0.000000
data/processed/train/real/ffhq/17897.png,0,ffhq,id,0.000000
data/processed/train/real/diverse_real/30103.png,0,diverse_real,id,0.000000
data/processed/train/fake_diffusion/cifake/train_2892 (6).png,1,cifake,id,0.000007
data/processed/train/real/cifake/train_0369.png,0,cifake,id,0.000000
data/processed/train/fake_diffusion/cifake/test_120 (7).png,1,cifake,id,0.000010
data/processed/train/fake_diffusion/cifake/train_1805 (5).png,1,cifake,id,0.000000
data/processed/train/real/diverse_real/36599.png,0,diverse_real,id,0.000000
data/processed/train/fake_gan/stylegan/6RIVOVWCEI.png,1,stylegan,id,0.000000
data/processed/train/fake_diffusion/cifake/train_1148 (8).png,1,cifake,id,0.000000
data/processed/train/real/cifake/train_0066 (6).png,0,cifake,id,0.000000
data/processed/train/fake_gan/stylegan/AI5RKSLQ4F.png,1,stylegan,id,0.000003
data/processed/train/fake_diffusion/cifake/train_2584 (7).png,1,cifake,id,0.000559
data/processed/train/real/ffhq/51086.png,0,ffhq,id,0.000000
data/processed/train/real/real_camera_train/000000197388.png,0,real_camera_train,id,0.000000
data/processed/train/fake_diffusion/cifake/test_272 (5).png,1,cifake,id,0.000001
data/processed/train/real/ffhq/37909.png,0,ffhq,id,0.000000
data/processed/train/fake_gan/stylegan/18RH9NN35R.png,1,stylegan,id,0.000013
data/processed/train/fake_gan/stylegan/G5668Y0IIE.png,1,stylegan,id,0.000000
data/processed/train/real/ffhq/39249.png,0,ffhq,id,0.000000
data/processed/train/fake_diffusion/cifake/train_4878 (9).png,1,cifake,id,0.001925
data/processed/train/real/cifake/train_0917 (3).png,0,cifake,id,0.001013
data/processed/train/real/cifake/train_3387 (4).png,0,cifake,id,0.013758
data/processed/train/fake_diffusion/sd15/sd15_01673.png,1,sd15,id,0.000000
data/processed/train/real/diverse_real/41746.png,0,diverse_real,id,0.000000
data/processed/train/fake_diffusion/sd15/sd15_02241.png,1,sd15,id,0.000000
data/processed/train/fake_diffusion/tristanzhang_train/5886.png,1,tristanzhang_train,id,0.000000
data/processed/train/real/ffhq/28922.png,0,ffhq,id,0.000000
data/processed/train/real/diverse_real/32202.png,0,diverse_real,id,0.000000
data/processed/train/fake_diffusion/cifake/train_2593 (6).png,1,cifake,id,0.000000
data/processed/train/real/ffhq/29807.png,0,ffhq,id,0.000042
data/processed/train/real/ffhq/07959.png,0,ffhq,id,0.000000
data/processed/train/real/cifake/test_0820 (5).png,0,cifake,id,0.914495
data/processed/train/fake_gan/stylegan/JB3IKG57CC.png,1,stylegan,id,0.968190
data/processed/train/fake_gan/stylegan/02P5FJ8I1D.png,1,stylegan,id,0.000019
data/processed/train/fake_diffusion/cifake/train_4364 (8).png,1,cifake,id,0.000025
data/processed/train/real/cifake/train_3269 (2).png,0,cifake,id,0.000016
data/processed/train/fake_diffusion/sd15/sd15_01832.png,1,sd15,id,0.000000
data/processed/train/fake_diffusion/cifake/test_117 (3).png,1,cifake,id,0.000000
data/processed/train/fake_diffusion/cifake/train_3255 (5).png,1,cifake,id,0.000821
data/processed/train/real/ffhq/34639.png,0,ffhq,id,0.000000
data/processed/train/fake_gan/stylegan/XC7B3VIZ6D.png,1,stylegan,id,0.285429
data/processed/train/real/diverse_real/45568.png,0,diverse_real,id,0.000000
data/processed/train/real/cifake/train_3932 (4).png,0,cifake,id,0.040707
data/processed/train/real/cifake/train_0977 (5).png,0,cifake,id,0.000021
data/processed/train/real/cifake/test_0757 (8).png,0,cifake,id,0.003682
data/processed/train/fake_diffusion/sd15/sd15_01861.png,1,sd15,id,0.000000
data/processed/train/fake_diffusion/cifake/train_2981 (4).png,1,cifake,id,0.000028
data/processed/train/fake_diffusion/sd15/sd15_01071.png,1,sd15,id,0.000000
data/processed/train/real/cifake/train_0061 (10).png,0,cifake,id,0.000124
data/processed/train/fake_gan/stylegan/JDO7MBZCCE.png,1,stylegan,id,0.000000
data/processed/train/real/ffhq/14116.png,0,ffhq,id,0.000000
data/processed/train/real/cifake/train_3963 (9).png,0,cifake,id,0.000001
data/processed/train/real/cifake/train_0931 (8).png,0,cifake,id,0.166922
data/processed/train/real/diverse_real/39990.png,0,diverse_real,id,0.000000
data/processed/train/real/cifake/train_4021 (6).png,0,cifake,id,0.000000
data/processed/train/real/diverse_real/25924.png,0,diverse_real,id,0.000000
data/processed/train/fake_gan/stylegan/X7O8KEKW1B.png,1,stylegan,id,0.000000
data/processed/train/fake_diffusion/cifake/train_3313 (4).png,1,cifake,id,0.000055
data/processed/train/real/cifake/train_4655 (7).png,0,cifake,id,0.000003
data/processed/train/fake_diffusion/cifake/test_648 (7).png,1,cifake,id,0.000439
data/processed/train/real/cifake/train_3450 (7).png,0,cifake,id,0.000000
data/processed/train/fake_gan/stylegan/4KGANT51R3.png,1,stylegan,id,0.000011
data/processed/train/fake_diffusion/cifake/train_5342 (5).png,1,cifake,id,0.000000
data/processed/train/fake_gan/stylegan/8IW0Z49X1B.png,1,stylegan,id,0.000000
data/processed/train/fake_diffusion/cifake/train_1624 (5).png,1,cifake,id,0.000000
data/processed/train/real/cifake/train_0336 (6).png,0,cifake,id,0.000000
data/processed/train/fake_diffusion/sd15/sd15_01347.png,1,sd15,id,0.000000
data/processed/train/real/cifake/train_2033 (5).png,0,cifake,id,0.000421
data/processed/train/fake_diffusion/sd15/sd15_00942.png,1,sd15,id,0.000000
data/processed/train/real/cifake/train_0958 (5).png,0,cifake,id,0.001296
data/processed/train/fake_diffusion/cifake/train_5943 (9).png,1,cifake,id,0.000865
data/processed/train/real/diverse_real/42408.png,0,diverse_real,id,0.000000
data/processed/train/real/cifake/train_4372 (2).png,0,cifake,id,0.000000
data/processed/train/fake_diffusion/cifake/train_4187 (5).png,1,cifake,id,0.000003
data/processed/train/fake_gan/stylegan/7YKVXNAIQX.png,1,stylegan,id,0.000018
data/processed/train/fake_diffusion/cifake/train_1746 (7).png,1,cifake,id,0.007921
data/processed/train/fake_diffusion/cifake/train_4713.png,1,cifake,id,0.464658
data/processed/train/real/ffhq/51398.png,0,ffhq,id,0.000000
data/processed/train/real/cifake/train_0236 (2).png,0,cifake,id,0.000000
data/processed/train/fake_diffusion/sd15/sd15_01096.png,1,sd15,id,0.000000
data/processed/train/real/cifake/train_3260 (6).png,0,cifake,id,0.000009
data/processed/train/real/ffhq/05979.png,0,ffhq,id,0.000155
data/processed/train/fake_diffusion/sd15/sd15_00681.png,1,sd15,id,0.000000
data/processed/train/fake_gan/stylegan/H4Z8566H2M.png,1,stylegan,id,0.000000
data/processed/train/real/cifake/train_0786 (4).png,0,cifake,id,0.000001
data/processed/train/fake_diffusion/cifake/train_1604 (6).png,1,cifake,id,0.000000
data/processed/train/fake_gan/stylegan/TAARFSRBGQ.png,1,stylegan,id,0.000114
data/processed/train/real/ffhq/28093.png,0,ffhq,id,0.000000
data/processed/train/fake_diffusion/sd15/sd15_02450.png,1,sd15,id,0.000000
data/processed/train/real/cifake/train_0628 (9).png,0,cifake,id,0.000000
data/processed/train/real/cifake/test_0336 (3).png,0,cifake,id,0.000002
data/processed/train/real/diverse_real/48452.png,0,diverse_real,id,0.000000
data/processed/train/real/cifake/train_3174 (2).png,0,cifake,id,0.002238
data/processed/train/fake_diffusion/cifake/train_4223.png,1,cifake,id,0.000716
data/processed/train/real/diverse_real/31114.png,0,diverse_real,id,0.000000
data/processed/train/fake_diffusion/cifake/train_2973 (2).png,1,cifake,id,0.000738
data/processed/train/real/ffhq/44160.png,0,ffhq,id,0.000000
data/processed/train/real/real_camera_train/000000529528.png,0,real_camera_train,id,0.000000
data/processed/train/real/real_pexels_train/4190.png,0,real_pexels_train,id,0.000000
data/processed/train/real/ffhq/28544.png,0,ffhq,id,0.000000
data/processed/train/real/cifake/train_2034 (4).png,0,cifake,id,0.003618
data/processed/train/fake_diffusion/cifake/train_5952.png,1,cifake,id,0.000001
data/processed/train/real/cifake/train_4783 (9).png,0,cifake,id,0.955765
data/processed/train/fake_diffusion/cifake/train_1840 (2).png,1,cifake,id,0.000102
data/processed/train/fake_gan/stylegan/FBTZMVM7Q5.png,1,stylegan,id,0.000096
data/processed/train/fake_diffusion/cifake/train_4294 (10).png,1,cifake,id,0.000000
data/processed/train/real/diverse_real/59344.png,0,diverse_real,id,0.000014
data/processed/train/real/cifake/train_3521 (8).png,0,cifake,id,0.000087
data/processed/train/fake_diffusion/cifake/train_3516 (9).png,1,cifake,id,0.000676
data/processed/train/fake_gan/stylegan/D9TA7RWN5C.png,1,stylegan,id,0.001308
data/processed/train/fake_diffusion/cifake/train_4050.png,1,cifake,id,0.000169
data/processed/train/fake_diffusion/cifake/train_1436.png,1,cifake,id,0.989815
data/processed/train/real/real_pexels_train/2756.png,0,real_pexels_train,id,0.000000
data/processed/train/real/cifake/train_3403 (5).png,0,cifake,id,0.823356
data/processed/train/real/ffhq/49995.png,0,ffhq,id,0.000000
data/processed/train/real/cifake/train_3552.png,0,cifake,id,0.000931
data/processed/train/fake_gan/stylegan/87NA5EILJG.png,1,stylegan,id,0.000000
data/processed/train/real/ffhq/25651.png,0,ffhq,id,0.000000
data/processed/train/fake_diffusion/sd15/sd15_00963.png,1,sd15,id,0.000000
data/processed/train/fake_gan/stylegan/ZAM6G167PS.png,1,stylegan,id,0.000166
data/processed/train/real/real_pexels_train/3846.png,0,real_pexels_train,id,0.000000
data/processed/train/real/ffhq/27928.png,0,ffhq,id,0.000000
data/processed/train/real/ffhq/45178.png,0,ffhq,id,0.000000
data/processed/train/fake_gan/stylegan/NM2VWXXPT3.png,1,stylegan,id,0.488478
data/processed/train/fake_diffusion/cifake/train_5703 (6).png,1,cifake,id,0.000000
data/processed/train/real/diverse_real/51562.png,0,diverse_real,id,0.000000
data/processed/train/real/cifake/train_0188 (10).png,0,cifake,id,0.000000
data/processed/train/fake_gan/stylegan/37PPWWU7MR.png,1,stylegan,id,0.000000
data/processed/train/fake_diffusion/sd15/sd15_02107.png,1,sd15,id,0.000000
data/processed/train/fake_diffusion/sd15/sd15_00061.png,1,sd15,id,0.000000
data/processed/train/fake_gan/stylegan/SQEY24F5J2.png,1,stylegan,id,0.000001
data/processed/train/real/cifake/test_0978 (3).png,0,cifake,id,0.005185
data/processed/train/real/diverse_real/69335.png,0,diverse_real,id,0.000000
data/processed/train/fake_diffusion/cifake/train_5405 (7).png,1,cifake,id,0.000000
data/processed/train/fake_diffusion/sd15/sd15_00270.png,1,sd15,id,0.000000
data/processed/train/real/cifake/train_3117 (10).png,0,cifake,id,0.000000
data/processed/train/real/diverse_real/51912.png,0,diverse_real,id,0.000000
data/processed/train/real/ffhq/19076.png,0,ffhq,id,0.000000
data/processed/train/real/diverse_real/02414.png,0,diverse_real,id,0.000000
data/processed/train/real/diverse_real/05353.png,0,diverse_real,id,0.000000
data/processed/train/fake_gan/stylegan/7KHI97N9AJ.png,1,stylegan,id,0.000000
data/processed/train/real/ffhq/33290.png,0,ffhq,id,0.000000
data/processed/train/fake_diffusion/cifake/train_1481 (9).png,1,cifake,id,0.000020
data/processed/train/fake_diffusion/sd15/sd15_00623.png,1,sd15,id,0.000000
data/processed/train/real/cifake/test_0185 (6).png,0,cifake,id,0.002057
data/processed/train/fake_gan/stylegan/CXD6EH5Z2P.png,1,stylegan,id,0.000000
data/processed/train/real/cifake/train_1695 (2).png,0,cifake,id,0.000001
data/processed/train/real/ffhq/43919.png,0,ffhq,id,0.000000
data/processed/train/fake_diffusion/cifake/train_2824 (9).png,1,cifake,id,0.000027
data/processed/train/fake_diffusion/cifake/train_2545 (4).png,1,cifake,id,0.024903
data/processed/train/real/cifake/test_0529 (10).png,0,cifake,id,0.000001
data/processed/train/real/cifake/train_1521 (7).png,0,cifake,id,0.714478
data/processed/train/real/ffhq/19679.png,0,ffhq,id,0.000000
data/processed/train/fake_gan/stylegan/Q0QPQOCLF0.png,1,stylegan,id,0.000000
data/processed/train/fake_gan/stylegan/E66E8EWB0S.png,1,stylegan,id,0.000000
data/processed/train/fake_diffusion/sd15/sd15_02135.png,1,sd15,id,0.000000
data/processed/train/real/cifake/train_4139 (5).png,0,cifake,id,0.099599
data/processed/train/fake_diffusion/cifake/train_2870 (10).png,1,cifake,id,0.335425
data/processed/train/real/diverse_real/66076.png,0,diverse_real,id,0.000000
data/processed/train/fake_gan/stylegan/2ZNWZ9N5Y8.png,1,stylegan,id,0.000000
data/processed/train/fake_diffusion/cifake/train_1754 (2).png,1,cifake,id,0.000069
data/processed/train/fake_diffusion/cifake/train_1235 (10).png,1,cifake,id,0.000037
data/processed/train/fake_diffusion/cifake/train_5973 (8).png,1,cifake,id,0.000034
data/processed/train/fake_gan/stylegan/4MS2QW3I9L.png,1,stylegan,id,0.000009
data/processed/train/real/cifake/test_0539 (8).png,0,cifake,id,0.000000
data/processed/train/fake_diffusion/cifake/test_134 (5).png,1,cifake,id,0.113063
data/processed/train/fake_gan/stylegan/TOIGDDQ36Y.png,1,stylegan,id,0.001326
data/processed/train/fake_diffusion/sd15/sd15_00428.png,1,sd15,id,0.000073
data/processed/train/fake_diffusion/cifake/test_394.png,1,cifake,id,0.000787
data/processed/train/fake_diffusion/cifake/train_2200.png,1,cifake,id,0.108887
data/processed/train/real/ffhq/21087.png,0,ffhq,id,0.000000
data/processed/train/fake_diffusion/cifake/train_2251 (8).png,1,cifake,id,0.000000
data/processed/train/fake_diffusion/cifake/train_3115 (7).png,1,cifake,id,0.000025
data/processed/train/fake_gan/stylegan/1EHPV4D6TS.png,1,stylegan,id,0.000000
data/processed/train/real/cifake/train_0645 (2).png,0,cifake,id,0.006315
data/processed/train/real/ffhq/31462.png,0,ffhq,id,0.000000
data/processed/train/fake_diffusion/cifake/train_2953 (2).png,1,cifake,id,0.000003
data/processed/train/fake_gan/stylegan/056F3HHA5C.png,1,stylegan,id,0.000110
data/processed/train/fake_diffusion/cifake/test_375 (4).png,1,cifake,id,0.000572
data/processed/train/fake_gan/stylegan/SHEWXWZDGB.png,1,stylegan,id,0.000000
data/processed/ood_test/flux/hf_001.png,1,flux,ood,0.000001
data/processed/ood_test/flux/hf_002.png,1,flux,ood,0.000000
data/processed/ood_test/flux/hf_003.png,1,flux,ood,0.000000
data/processed/ood_test/flux/hf_004.png,1,flux,ood,0.000000
data/processed/ood_test/flux/hf_005.png,1,flux,ood,0.000000
data/processed/ood_test/flux/hf_006.png,1,flux,ood,0.000000
data/processed/ood_test/flux/hf_007.png,1,flux,ood,0.000016
data/processed/ood_test/flux/hf_008.png,1,flux,ood,0.000000
data/processed/ood_test/flux/hf_009.png,1,flux,ood,0.000000
data/processed/ood_test/flux/hf_010.png,1,flux,ood,0.000000
data/processed/ood_test/flux/hf_011.png,1,flux,ood,0.000000
data/processed/ood_test/flux/hf_012.png,1,flux,ood,0.000000
data/processed/ood_test/flux/hf_013.png,1,flux,ood,0.000000
data/processed/ood_test/flux/hf_014.png,1,flux,ood,0.000000
data/processed/ood_test/flux/hf_015.png,1,flux,ood,0.000000
data/processed/ood_test/flux/hf_016.png,1,flux,ood,0.000001
data/processed/ood_test/flux/hf_017.png,1,flux,ood,0.000000
data/processed/ood_test/flux/hf_018.png,1,flux,ood,0.000000
data/processed/ood_test/flux/hf_019.png,1,flux,ood,0.000000
data/processed/ood_test/flux/hf_020.png,1,flux,ood,0.000000
data/processed/ood_test/flux/hf_021.png,1,flux,ood,0.000000
data/processed/ood_test/flux/hf_022.png,1,flux,ood,0.000000
data/processed/ood_test/flux/hf_023.png,1,flux,ood,0.000000
data/processed/ood_test/flux/hf_024.png,1,flux,ood,0.000000
data/processed/ood_test/flux/hf_025.png,1,flux,ood,0.000000
data/processed/ood_test/flux/hf_026.png,1,flux,ood,0.000000
data/processed/ood_test/flux/hf_027.png,1,flux,ood,0.000000
data/processed/ood_test/flux/hf_028.png,1,flux,ood,0.000000
data/processed/ood_test/flux/hf_029.png,1,flux,ood,0.000000
data/processed/ood_test/flux/hf_030.png,1,flux,ood,0.196943
data/processed/ood_test/flux/hf_031.png,1,flux,ood,0.000022
data/processed/ood_test/flux/hf_032.png,1,flux,ood,0.000000
data/processed/ood_test/flux/hf_033.png,1,flux,ood,0.000000
data/processed/ood_test/flux/hf_034.png,1,flux,ood,0.000000
data/processed/ood_test/flux/hf_035.png,1,flux,ood,0.000000
data/processed/ood_test/flux/hf_036.png,1,flux,ood,0.000000
data/processed/ood_test/flux/hf_037.png,1,flux,ood,0.000000
data/processed/ood_test/flux/hf_038.png,1,flux,ood,0.000000
data/processed/ood_test/flux/hf_039.png,1,flux,ood,0.000000
data/processed/ood_test/flux/hf_040.png,1,flux,ood,0.000000
data/processed/ood_test/flux/hf_041.png,1,flux,ood,0.000125
data/processed/ood_test/flux/hf_042.png,1,flux,ood,0.000000
data/processed/ood_test/flux/hf_043.png,1,flux,ood,0.000000
data/processed/ood_test/flux/hf_044.png,1,flux,ood,0.000000
data/processed/ood_test/flux/hf_045.png,1,flux,ood,0.000000
data/processed/ood_test/flux/hf_046.png,1,flux,ood,0.000000
data/processed/ood_test/flux/hf_047.png,1,flux,ood,0.000000
data/processed/ood_test/flux/hf_048.png,1,flux,ood,0.000000
data/processed/ood_test/flux/hf_049.png,1,flux,ood,0.000000
data/processed/ood_test/flux/hf_050.png,1,flux,ood,0.000000
data/processed/ood_test/flux/hf_051.png,1,flux,ood,0.000000
data/processed/ood_test/flux/hf_052.png,1,flux,ood,0.000000
data/processed/ood_test/flux/hf_053.png,1,flux,ood,0.000000
data/processed/ood_test/flux/hf_054.png,1,flux,ood,0.000000
data/processed/ood_test/flux/hf_055.png,1,flux,ood,0.000000
data/processed/ood_test/flux/hf_056.png,1,flux,ood,0.000000
data/processed/ood_test/flux/hf_057.png,1,flux,ood,0.000000
data/processed/ood_test/flux/hf_058.png,1,flux,ood,0.000001
data/processed/ood_test/flux/hf_059.png,1,flux,ood,0.000000
data/processed/ood_test/flux/hf_060.png,1,flux,ood,0.000000
data/processed/ood_test/flux/hf_061.png,1,flux,ood,0.000000
data/processed/ood_test/flux/hf_062.png,1,flux,ood,0.000000
data/processed/ood_test/flux/hf_063.png,1,flux,ood,0.000000
data/processed/ood_test/flux/hf_064.png,1,flux,ood,0.000000
data/processed/ood_test/flux/hf_065.png,1,flux,ood,0.000000
data/processed/ood_test/flux/hf_066.png,1,flux,ood,0.000000
data/processed/ood_test/flux/hf_067.png,1,flux,ood,0.000000
data/processed/ood_test/flux/hf_068.png,1,flux,ood,0.000000
data/processed/ood_test/flux/hf_069.png,1,flux,ood,0.000000
data/processed/ood_test/flux/hf_070.png,1,flux,ood,0.000000
data/processed/ood_test/flux/hf_071.png,1,flux,ood,0.000000
data/processed/ood_test/flux/hf_072.png,1,flux,ood,0.000000
data/processed/ood_test/flux/hf_073.png,1,flux,ood,0.000000
data/processed/ood_test/flux/hf_074.png,1,flux,ood,0.000000
data/processed/ood_test/flux/hf_075.png,1,flux,ood,0.000000
data/processed/ood_test/flux/hf_076.png,1,flux,ood,0.000072
data/processed/ood_test/flux/hf_077.png,1,flux,ood,0.000000
data/processed/ood_test/flux/hf_078.png,1,flux,ood,0.008866
data/processed/ood_test/flux/hf_079.png,1,flux,ood,0.000408
data/processed/ood_test/flux/hf_080.png,1,flux,ood,0.000000
data/processed/ood_test/real_camera/real_06KN8fESDoU.png,0,real_camera,ood,0.001818
data/processed/ood_test/real_camera/real_1Ill_QTnFSI.png,0,real_camera,ood,0.000000
data/processed/ood_test/real_camera/real_2EdIX-O2lkI.png,0,real_camera,ood,0.000000
data/processed/ood_test/real_camera/real_2hy47Cfh_VE.png,0,real_camera,ood,0.000001
data/processed/ood_test/real_camera/real_3ndDk-c4UDM.png,0,real_camera,ood,0.000000
data/processed/ood_test/real_camera/real_4nf-u-TgF2E.png,0,real_camera,ood,0.000000
data/processed/ood_test/real_camera/real_4U1x6459Q-s.png,0,real_camera,ood,0.000000
data/processed/ood_test/real_camera/real_53ouhY5koKY.png,0,real_camera,ood,0.000000
data/processed/ood_test/real_camera/real_6f1FHlC080A.png,0,real_camera,ood,0.000000
data/processed/ood_test/real_camera/real_8-YqW-uRr38.png,0,real_camera,ood,0.000000
data/processed/ood_test/real_camera/real_84E44EdD18o.png,0,real_camera,ood,0.000000
data/processed/ood_test/real_camera/real__94FKRsG0rM.png,0,real_camera,ood,0.000063
data/processed/ood_test/real_camera/real__cvwXhGqG-o.png,0,real_camera,ood,0.000000
data/processed/ood_test/real_camera/real_a19OVaa2rzA.png,0,real_camera,ood,0.000000
data/processed/ood_test/real_camera/real_aAcymDNp7xw.png,0,real_camera,ood,0.000000
data/processed/ood_test/real_camera/real_B6G9C0kxVVc.png,0,real_camera,ood,0.069018
data/processed/ood_test/real_camera/real_CM5_ZnVQJwc.png,0,real_camera,ood,0.000000
data/processed/ood_test/real_camera/real_D41bRxx-a48.png,0,real_camera,ood,0.000000
data/processed/ood_test/real_camera/real_dNNfMegXUi4.png,0,real_camera,ood,0.000000
data/processed/ood_test/real_camera/real_dUiMZkAZb1A.png,0,real_camera,ood,0.000000
data/processed/ood_test/real_camera/real_EAfy_jDka7M.png,0,real_camera,ood,0.000788
data/processed/ood_test/real_camera/real_EjgZudeZPPo.png,0,real_camera,ood,0.273210
data/processed/ood_test/real_camera/real_ES6IC1xml18.png,0,real_camera,ood,0.000000
data/processed/ood_test/real_camera/real_FK6uapJbRvk.png,0,real_camera,ood,0.000000
data/processed/ood_test/real_camera/real_fm1QroQTIRg.png,0,real_camera,ood,0.000038
data/processed/ood_test/real_camera/real_FW2JEnjZhmA.png,0,real_camera,ood,0.000000
data/processed/ood_test/real_camera/real_FzavNq-l3t0.png,0,real_camera,ood,0.000000
data/processed/ood_test/real_camera/real_gIJC6pgbMdU.png,0,real_camera,ood,0.000000
data/processed/ood_test/real_camera/real_hCDE-3c9YhU.png,0,real_camera,ood,0.000000
data/processed/ood_test/real_camera/real_HO_-Mr5fN1k.png,0,real_camera,ood,0.000000
data/processed/ood_test/real_camera/real_ibDe3Sqz4XE.png,0,real_camera,ood,0.000000
data/processed/ood_test/real_camera/real_Ica9GWo7ZiE.png,0,real_camera,ood,0.000059
data/processed/ood_test/real_camera/real_ip25moYmzaw.png,0,real_camera,ood,0.000000
data/processed/ood_test/real_camera/real_ITL_CZnpd3Y.png,0,real_camera,ood,0.000000
data/processed/ood_test/real_camera/real_iWlTvYween4.png,0,real_camera,ood,0.000000
data/processed/ood_test/real_camera/real_J2UHUZR5W6k.png,0,real_camera,ood,0.000000
data/processed/ood_test/real_camera/real_j3iSTTDeTs8.png,0,real_camera,ood,0.000000
data/processed/ood_test/real_camera/real_J3sCyAt9dM0.png,0,real_camera,ood,0.000001
data/processed/ood_test/real_camera/real_J6Z-pSekdeQ.png,0,real_camera,ood,0.000000
data/processed/ood_test/real_camera/real_JTj_ein28zo.png,0,real_camera,ood,0.000000
data/processed/ood_test/real_camera/real_KchIV_GDy6U.png,0,real_camera,ood,0.002585
data/processed/ood_test/real_camera/real_KeA97y4jsSM.png,0,real_camera,ood,0.000000
data/processed/ood_test/real_camera/real_Kj9XCWh_U3w.png,0,real_camera,ood,0.000000
data/processed/ood_test/real_camera/real_KYuzBDfPW5w.png,0,real_camera,ood,0.000024
data/processed/ood_test/real_camera/real_L2dTmhQzx4Q.png,0,real_camera,ood,0.000000
data/processed/ood_test/real_camera/real_LbwiDLhfvzA.png,0,real_camera,ood,0.000000
data/processed/ood_test/real_camera/real_McqintQBgI8.png,0,real_camera,ood,0.000000
data/processed/ood_test/real_camera/real_mg8vQF1BgxQ.png,0,real_camera,ood,0.000000
data/processed/ood_test/real_camera/real_mIs_QHS1ht8.png,0,real_camera,ood,0.000000
data/processed/ood_test/real_camera/real_moe3IUPkEvo.png,0,real_camera,ood,0.000000
data/processed/ood_test/real_camera/real_MSepzbKFz10.png,0,real_camera,ood,0.000000
data/processed/ood_test/real_camera/real_mSPaYYEUHSs.png,0,real_camera,ood,0.000000
data/processed/ood_test/real_camera/real_MTZTGvDsHFY.png,0,real_camera,ood,0.000000
data/processed/ood_test/real_camera/real_n3S3byJlHBk.png,0,real_camera,ood,0.000000
data/processed/ood_test/real_camera/real_n4KewLKFOZw.png,0,real_camera,ood,0.000000
data/processed/ood_test/real_camera/real_nDSCY67CzXs.png,0,real_camera,ood,0.000000
data/processed/ood_test/real_camera/real_ngRqU137qME.png,0,real_camera,ood,0.000028
data/processed/ood_test/real_camera/real_NlHGKAZ3jCI.png,0,real_camera,ood,0.000000
data/processed/ood_test/real_camera/real_nwtq6PMFErk.png,0,real_camera,ood,0.000000
data/processed/ood_test/real_camera/real_Okx9dkBVT6M.png,0,real_camera,ood,0.000000
data/processed/ood_test/real_camera/real_OpPkZ1Ak6qg.png,0,real_camera,ood,0.000000
data/processed/ood_test/real_camera/real_plh71gBVxWM.png,0,real_camera,ood,0.026182
data/processed/ood_test/real_camera/real_PMVBRYY9F3s.png,0,real_camera,ood,0.000000
data/processed/ood_test/real_camera/real_puBN4mn2ijY.png,0,real_camera,ood,0.002213
data/processed/ood_test/real_camera/real_qf9eKpCmv2M.png,0,real_camera,ood,0.000000
data/processed/ood_test/real_camera/real_rjm8go9rL8Y.png,0,real_camera,ood,0.000061
data/processed/ood_test/real_camera/real_RnvVw1d40bU.png,0,real_camera,ood,0.000000
data/processed/ood_test/real_camera/real_ruw8aWWwR1Q.png,0,real_camera,ood,0.000000
data/processed/ood_test/real_camera/real_SmoeWAOR6Ro.png,0,real_camera,ood,0.000001
data/processed/ood_test/real_camera/real_sOtIdlgcPv0.png,0,real_camera,ood,0.000000
data/processed/ood_test/real_camera/real_Sv9xCQ7RBCs.png,0,real_camera,ood,0.000000
data/processed/ood_test/real_camera/real_sVPXYIwwqaU.png,0,real_camera,ood,0.000000
data/processed/ood_test/real_camera/real_T9ZkE_ptNEA.png,0,real_camera,ood,0.000000
data/processed/ood_test/real_camera/real_tidSLv-UaNs.png,0,real_camera,ood,0.000000
data/processed/ood_test/real_camera/real_tNCH0sKSZbA.png,0,real_camera,ood,0.000000
data/processed/ood_test/real_camera/real_u77-XpQS1Z4.png,0,real_camera,ood,0.000000
data/processed/ood_test/real_camera/real_UdYOf5hf4JY.png,0,real_camera,ood,0.000066
data/processed/ood_test/real_camera/real_uJ8LNVCBjFQ.png,0,real_camera,ood,0.000000
data/processed/ood_test/real_camera/real_Uq-DpkNms_4.png,0,real_camera,ood,0.000000
data/processed/ood_test/real_camera/real_vCCZuzUEuwo.png,0,real_camera,ood,0.000000
data/processed/ood_test/real_camera/real_vCe2cRaO5rM.png,0,real_camera,ood,0.000000
data/processed/ood_test/real_camera/real_VDvNL1CsUsM.png,0,real_camera,ood,0.000000
data/processed/ood_test/real_camera/real_VlPuwEmMeA4.png,0,real_camera,ood,0.000000
data/processed/ood_test/real_camera/real_W0i1N6FdCWA.png,0,real_camera,ood,0.000000
data/processed/ood_test/real_camera/real_W1hRQolbvCY.png,0,real_camera,ood,0.000000
data/processed/ood_test/real_camera/real_W9XjftK7s2E.png,0,real_camera,ood,0.000000
data/processed/ood_test/real_camera/real_W_inwSSIqp8.png,0,real_camera,ood,0.000000
data/processed/ood_test/real_camera/real_Whueb0Gnwh4.png,0,real_camera,ood,0.000001
data/processed/ood_test/real_camera/real_XAo09LtQiAQ.png,0,real_camera,ood,0.000000
data/processed/ood_test/real_camera/real_XbxQbS1NMKE.png,0,real_camera,ood,0.000013
data/processed/ood_test/real_camera/real_XHVpWcr5grQ.png,0,real_camera,ood,0.000000
data/processed/ood_test/real_camera/real_xJj7l3tRhw8.png,0,real_camera,ood,0.002117
data/processed/ood_test/real_camera/real_Xzhba5D2ZzA.png,0,real_camera,ood,0.000001
data/processed/ood_test/real_camera/real_y2QFHMiSXvw.png,0,real_camera,ood,0.000000
data/processed/ood_test/real_camera/real_y9se00qtzd4.png,0,real_camera,ood,0.000000
data/processed/ood_test/real_camera/real_yqJ0f1CCXso.png,0,real_camera,ood,0.000000
data/processed/ood_test/real_camera/real_yZ2El6BXD_s.png,0,real_camera,ood,0.000000
data/processed/ood_test/real_camera/real_ZHvM3XIOHoE.png,0,real_camera,ood,0.002905
data/processed/ood_test/real_camera/real_ZnlTGiRkGT8.png,0,real_camera,ood,0.000000
data/processed/ood_test/real_camera/real_zrZUCPgKMHc.png,0,real_camera,ood,0.000490
data/processed/ood_test/real_pexels/0004.png,0,real_pexels,ood,0.000005
data/processed/ood_test/real_pexels/0014.png,0,real_pexels,ood,0.000000
data/processed/ood_test/real_pexels/0046.png,0,real_pexels,ood,0.000000
data/processed/ood_test/real_pexels/0084.png,0,real_pexels,ood,0.000000
data/processed/ood_test/real_pexels/0142.png,0,real_pexels,ood,0.000000
data/processed/ood_test/real_pexels/0167.png,0,real_pexels,ood,0.000000
data/processed/ood_test/real_pexels/0201.png,0,real_pexels,ood,0.000000
data/processed/ood_test/real_pexels/0221.png,0,real_pexels,ood,0.000021
data/processed/ood_test/real_pexels/0223.png,0,real_pexels,ood,0.000000
data/processed/ood_test/real_pexels/0330.png,0,real_pexels,ood,0.000001
data/processed/ood_test/real_pexels/0337.png,0,real_pexels,ood,0.001582
data/processed/ood_test/real_pexels/0364.png,0,real_pexels,ood,0.001153
data/processed/ood_test/real_pexels/0421.png,0,real_pexels,ood,0.000000
data/processed/ood_test/real_pexels/0489.png,0,real_pexels,ood,0.000000
data/processed/ood_test/real_pexels/0494.png,0,real_pexels,ood,0.000000
data/processed/ood_test/real_pexels/0527.png,0,real_pexels,ood,0.000292
data/processed/ood_test/real_pexels/0536.png,0,real_pexels,ood,0.000000
data/processed/ood_test/real_pexels/0584.png,0,real_pexels,ood,0.000000
data/processed/ood_test/real_pexels/0615.png,0,real_pexels,ood,0.000000
data/processed/ood_test/real_pexels/0635.png,0,real_pexels,ood,0.000000
data/processed/ood_test/real_pexels/0661.png,0,real_pexels,ood,0.000000
data/processed/ood_test/real_pexels/0671.png,0,real_pexels,ood,0.000152
data/processed/ood_test/real_pexels/0695.png,0,real_pexels,ood,0.000000
data/processed/ood_test/real_pexels/0698.png,0,real_pexels,ood,0.162397
data/processed/ood_test/real_pexels/0710.png,0,real_pexels,ood,0.000000
data/processed/ood_test/real_pexels/0766.png,0,real_pexels,ood,0.000000
data/processed/ood_test/real_pexels/0813.png,0,real_pexels,ood,0.000000
data/processed/ood_test/real_pexels/0824.png,0,real_pexels,ood,0.000304
data/processed/ood_test/real_pexels/0886.png,0,real_pexels,ood,0.000000
data/processed/ood_test/real_pexels/0971.png,0,real_pexels,ood,0.000000
data/processed/ood_test/real_pexels/0980.png,0,real_pexels,ood,0.000000
data/processed/ood_test/real_pexels/0992.png,0,real_pexels,ood,0.000000
data/processed/ood_test/real_pexels/1037.png,0,real_pexels,ood,0.000000
data/processed/ood_test/real_pexels/1043.png,0,real_pexels,ood,0.000003
data/processed/ood_test/real_pexels/1046.png,0,real_pexels,ood,0.000000
data/processed/ood_test/real_pexels/1093.png,0,real_pexels,ood,0.000012
data/processed/ood_test/real_pexels/1112.png,0,real_pexels,ood,0.000000
data/processed/ood_test/real_pexels/1134.png,0,real_pexels,ood,0.000000
data/processed/ood_test/real_pexels/1221.png,0,real_pexels,ood,0.000000
data/processed/ood_test/real_pexels/1249.png,0,real_pexels,ood,0.000000
data/processed/ood_test/real_pexels/1353.png,0,real_pexels,ood,0.000000
data/processed/ood_test/real_pexels/1391.png,0,real_pexels,ood,0.000000
data/processed/ood_test/real_pexels/1489.png,0,real_pexels,ood,0.000002
data/processed/ood_test/real_pexels/1490.png,0,real_pexels,ood,0.043754
data/processed/ood_test/real_pexels/1517.png,0,real_pexels,ood,0.000000
data/processed/ood_test/real_pexels/1558.png,0,real_pexels,ood,0.000000
data/processed/ood_test/real_pexels/1566.png,0,real_pexels,ood,0.000002
data/processed/ood_test/real_pexels/1572.png,0,real_pexels,ood,0.000000
data/processed/ood_test/real_pexels/1591.png,0,real_pexels,ood,0.000015
data/processed/ood_test/real_pexels/1593.png,0,real_pexels,ood,0.000000
data/processed/ood_test/real_pexels/1621.png,0,real_pexels,ood,0.000001
data/processed/ood_test/real_pexels/1634.png,0,real_pexels,ood,0.000082
data/processed/ood_test/real_pexels/1722.png,0,real_pexels,ood,0.000000
data/processed/ood_test/real_pexels/1729.png,0,real_pexels,ood,0.000000
data/processed/ood_test/real_pexels/1738.png,0,real_pexels,ood,0.000000
data/processed/ood_test/real_pexels/1798.png,0,real_pexels,ood,0.000025
data/processed/ood_test/real_pexels/1807.png,0,real_pexels,ood,0.000000
data/processed/ood_test/real_pexels/1816.png,0,real_pexels,ood,0.000000
data/processed/ood_test/real_pexels/1837.png,0,real_pexels,ood,0.000000
data/processed/ood_test/real_pexels/1841.png,0,real_pexels,ood,0.391401
data/processed/ood_test/real_pexels/1849.png,0,real_pexels,ood,0.000001
data/processed/ood_test/real_pexels/1889.png,0,real_pexels,ood,0.000000
data/processed/ood_test/real_pexels/1955.png,0,real_pexels,ood,0.000000
data/processed/ood_test/real_pexels/1965.png,0,real_pexels,ood,0.000000
data/processed/ood_test/real_pexels/1978.png,0,real_pexels,ood,0.000107
data/processed/ood_test/real_pexels/2006.png,0,real_pexels,ood,0.000000
data/processed/ood_test/real_pexels/2042.png,0,real_pexels,ood,0.000000
data/processed/ood_test/real_pexels/2087.png,0,real_pexels,ood,0.000758
data/processed/ood_test/real_pexels/2100.png,0,real_pexels,ood,0.000000
data/processed/ood_test/real_pexels/2199.png,0,real_pexels,ood,0.535566
data/processed/ood_test/real_pexels/2220.png,0,real_pexels,ood,0.000000
data/processed/ood_test/real_pexels/2236.png,0,real_pexels,ood,0.000001
data/processed/ood_test/real_pexels/2272.png,0,real_pexels,ood,0.000001
data/processed/ood_test/real_pexels/2285.png,0,real_pexels,ood,0.000541
data/processed/ood_test/real_pexels/2317.png,0,real_pexels,ood,0.003140
data/processed/ood_test/real_pexels/2319.png,0,real_pexels,ood,0.000000
data/processed/ood_test/real_pexels/2341.png,0,real_pexels,ood,0.000000
data/processed/ood_test/real_pexels/2361.png,0,real_pexels,ood,0.000000
data/processed/ood_test/real_pexels/2386.png,0,real_pexels,ood,0.000000
data/processed/ood_test/real_pexels/2394.png,0,real_pexels,ood,0.000000
data/processed/ood_test/real_pexels/2411.png,0,real_pexels,ood,0.000000
data/processed/ood_test/real_pexels/2427.png,0,real_pexels,ood,0.000001
data/processed/ood_test/real_pexels/2471.png,0,real_pexels,ood,0.000000
data/processed/ood_test/real_pexels/2490.png,0,real_pexels,ood,0.000000
data/processed/ood_test/real_pexels/2502.png,0,real_pexels,ood,0.000000
data/processed/ood_test/real_pexels/2572.png,0,real_pexels,ood,0.000000
data/processed/ood_test/real_pexels/2600.png,0,real_pexels,ood,0.000000
data/processed/ood_test/real_pexels/2641.png,0,real_pexels,ood,0.000000
data/processed/ood_test/real_pexels/2678.png,0,real_pexels,ood,0.000000
data/processed/ood_test/real_pexels/2754.png,0,real_pexels,ood,0.000000
data/processed/ood_test/real_pexels/2789.png,0,real_pexels,ood,0.000000
data/processed/ood_test/real_pexels/2796.png,0,real_pexels,ood,0.000000
data/processed/ood_test/real_pexels/2817.png,0,real_pexels,ood,0.000000
data/processed/ood_test/real_pexels/2832.png,0,real_pexels,ood,0.086901
data/processed/ood_test/real_pexels/2882.png,0,real_pexels,ood,0.000003
data/processed/ood_test/real_pexels/3106.png,0,real_pexels,ood,0.000000
data/processed/ood_test/real_pexels/3138.png,0,real_pexels,ood,0.000000
data/processed/ood_test/real_pexels/3186.png,0,real_pexels,ood,0.000000
data/processed/ood_test/real_pexels/3191.png,0,real_pexels,ood,0.000000
data/processed/ood_test/real_pexels/3228.png,0,real_pexels,ood,0.000000
data/processed/ood_test/real_pexels/3250.png,0,real_pexels,ood,0.000000
data/processed/ood_test/real_pexels/3274.png,0,real_pexels,ood,0.000232
data/processed/ood_test/real_pexels/3399.png,0,real_pexels,ood,0.000000
data/processed/ood_test/real_pexels/3407.png,0,real_pexels,ood,0.000000
data/processed/ood_test/real_pexels/3433.png,0,real_pexels,ood,0.007712
data/processed/ood_test/real_pexels/3442.png,0,real_pexels,ood,0.000000
data/processed/ood_test/real_pexels/3445.png,0,real_pexels,ood,0.000000
data/processed/ood_test/real_pexels/3454.png,0,real_pexels,ood,0.000000
data/processed/ood_test/real_pexels/3496.png,0,real_pexels,ood,0.000000
data/processed/ood_test/real_pexels/3513.png,0,real_pexels,ood,0.000000
data/processed/ood_test/real_pexels/3522.png,0,real_pexels,ood,0.000000
data/processed/ood_test/real_pexels/3552.png,0,real_pexels,ood,0.000000
data/processed/ood_test/real_pexels/3568.png,0,real_pexels,ood,0.000000
data/processed/ood_test/real_pexels/3573.png,0,real_pexels,ood,0.000000
data/processed/ood_test/real_pexels/3620.png,0,real_pexels,ood,0.000000
data/processed/ood_test/real_pexels/3627.png,0,real_pexels,ood,0.000629
data/processed/ood_test/real_pexels/3653.png,0,real_pexels,ood,0.000000
data/processed/ood_test/real_pexels/3687.png,0,real_pexels,ood,0.000000
data/processed/ood_test/real_pexels/3691.png,0,real_pexels,ood,0.000000
data/processed/ood_test/real_pexels/3720.png,0,real_pexels,ood,0.000000
data/processed/ood_test/real_pexels/3725.png,0,real_pexels,ood,0.000000
data/processed/ood_test/real_pexels/3740.png,0,real_pexels,ood,0.013178
data/processed/ood_test/real_pexels/3767.png,0,real_pexels,ood,0.000001
data/processed/ood_test/real_pexels/3806.png,0,real_pexels,ood,0.000000
data/processed/ood_test/real_pexels/3829.png,0,real_pexels,ood,0.000000
data/processed/ood_test/real_pexels/3850.png,0,real_pexels,ood,0.000000
data/processed/ood_test/real_pexels/3877.png,0,real_pexels,ood,0.000000
data/processed/ood_test/real_pexels/3901.png,0,real_pexels,ood,0.000000
data/processed/ood_test/real_pexels/3914.png,0,real_pexels,ood,0.000000
data/processed/ood_test/real_pexels/3922.png,0,real_pexels,ood,0.000000
data/processed/ood_test/real_pexels/3961.png,0,real_pexels,ood,0.000000
data/processed/ood_test/real_pexels/3967.png,0,real_pexels,ood,0.000000
data/processed/ood_test/real_pexels/3970.png,0,real_pexels,ood,0.062429
data/processed/ood_test/real_pexels/3979.png,0,real_pexels,ood,0.000002
data/processed/ood_test/real_pexels/4003.png,0,real_pexels,ood,0.000000
data/processed/ood_test/real_pexels/4022.png,0,real_pexels,ood,0.000343
data/processed/ood_test/real_pexels/4155.png,0,real_pexels,ood,0.000000
data/processed/ood_test/real_pexels/4223.png,0,real_pexels,ood,0.000000
data/processed/ood_test/real_pexels/4233.png,0,real_pexels,ood,0.000000
data/processed/ood_test/real_pexels/4260.png,0,real_pexels,ood,0.000000
data/processed/ood_test/real_pexels/4271.png,0,real_pexels,ood,0.000000
data/processed/ood_test/real_pexels/4281.png,0,real_pexels,ood,0.000000
data/processed/ood_test/real_pexels/4352.png,0,real_pexels,ood,0.000000
data/processed/ood_test/real_pexels/4376.png,0,real_pexels,ood,0.000001
data/processed/ood_test/real_pexels/4409.png,0,real_pexels,ood,0.000000
data/processed/ood_test/real_pexels/4410.png,0,real_pexels,ood,0.000000
data/processed/ood_test/real_pexels/4474.png,0,real_pexels,ood,0.000000
data/processed/ood_test/real_pexels/4489.png,0,real_pexels,ood,0.000000
data/processed/ood_test/real_pexels/4549.png,0,real_pexels,ood,0.000000
data/processed/ood_test/real_pexels/4572.png,0,real_pexels,ood,0.000000
data/processed/ood_test/real_pexels/4579.png,0,real_pexels,ood,0.000000
data/processed/ood_test/real_pexels/4621.png,0,real_pexels,ood,0.000000
data/processed/ood_test/real_pexels/4624.png,0,real_pexels,ood,0.000000
data/processed/ood_test/real_pexels/4716.png,0,real_pexels,ood,0.000000
data/processed/ood_test/real_pexels/4724.png,0,real_pexels,ood,0.000000
data/processed/ood_test/real_pexels/4741.png,0,real_pexels,ood,0.000000
data/processed/ood_test/real_pexels/4830.png,0,real_pexels,ood,0.000000
data/processed/ood_test/real_pexels/4854.png,0,real_pexels,ood,0.000000
data/processed/ood_test/real_pexels/4888.png,0,real_pexels,ood,0.000000
data/processed/ood_test/real_pexels/4889.png,0,real_pexels,ood,0.000000
data/processed/ood_test/real_pexels/4967.png,0,real_pexels,ood,0.000001
data/processed/ood_test/real_pexels/4975.png,0,real_pexels,ood,0.000000
data/processed/ood_test/real_pexels/4995.png,0,real_pexels,ood,0.000000
data/processed/ood_test/real_pexels/5000.png,0,real_pexels,ood,0.000000
data/processed/ood_test/real_pexels/5008.png,0,real_pexels,ood,0.000000
data/processed/ood_test/real_pexels/5121.png,0,real_pexels,ood,0.000025
data/processed/ood_test/real_pexels/5139.png,0,real_pexels,ood,0.000000
data/processed/ood_test/real_pexels/5160.png,0,real_pexels,ood,0.000003
data/processed/ood_test/real_pexels/5186.png,0,real_pexels,ood,0.000000
data/processed/ood_test/real_pexels/5207.png,0,real_pexels,ood,0.000000
data/processed/ood_test/real_pexels/5226.png,0,real_pexels,ood,0.000000
data/processed/ood_test/real_pexels/5305.png,0,real_pexels,ood,0.000000
data/processed/ood_test/real_pexels/5326.png,0,real_pexels,ood,0.000000
data/processed/ood_test/real_pexels/5364.png,0,real_pexels,ood,0.000000
data/processed/ood_test/real_pexels/5411.png,0,real_pexels,ood,0.002934
data/processed/ood_test/real_pexels/5417.png,0,real_pexels,ood,0.000001
data/processed/ood_test/real_pexels/5432.png,0,real_pexels,ood,0.000000
data/processed/ood_test/real_pexels/5469.png,0,real_pexels,ood,0.000003
data/processed/ood_test/real_pexels/5474.png,0,real_pexels,ood,0.000000
data/processed/ood_test/real_pexels/5480.png,0,real_pexels,ood,0.040654
data/processed/ood_test/real_pexels/5494.png,0,real_pexels,ood,0.239739
data/processed/ood_test/real_pexels/5512.png,0,real_pexels,ood,0.985358
data/processed/ood_test/real_pexels/5606.png,0,real_pexels,ood,0.000034
data/processed/ood_test/real_pexels/5624.png,0,real_pexels,ood,0.000000
data/processed/ood_test/real_pexels/5634.png,0,real_pexels,ood,0.000000
data/processed/ood_test/real_pexels/5658.png,0,real_pexels,ood,0.000000
data/processed/ood_test/real_pexels/5698.png,0,real_pexels,ood,0.000000
data/processed/ood_test/real_pexels/5701.png,0,real_pexels,ood,0.000000
data/processed/ood_test/real_pexels/5731.png,0,real_pexels,ood,0.000157
data/processed/ood_test/real_pexels/5758.png,0,real_pexels,ood,0.004248
data/processed/ood_test/real_pexels/5787.png,0,real_pexels,ood,0.000003
data/processed/ood_test/real_pexels/5792.png,0,real_pexels,ood,0.000000
data/processed/ood_test/real_pexels/5807.png,0,real_pexels,ood,0.000000
data/processed/ood_test/real_pexels/5832.png,0,real_pexels,ood,0.000594
data/processed/ood_test/real_pexels/5885.png,0,real_pexels,ood,0.000000
data/processed/ood_test/real_pexels/5894.png,0,real_pexels,ood,0.000000
data/processed/ood_test/real_pexels/5899.png,0,real_pexels,ood,0.000000
data/processed/ood_test/real_pexels/5933.png,0,real_pexels,ood,0.000000
data/processed/ood_test/real_pexels/5969.png,0,real_pexels,ood,0.000714
data/processed/ood_test/real_pexels/5989.png,0,real_pexels,ood,0.000000
data/processed/ood_test/tristanzhang_fake/0005.png,1,tristanzhang_fake,ood,0.000000
data/processed/ood_test/tristanzhang_fake/0018.png,1,tristanzhang_fake,ood,0.000000
data/processed/ood_test/tristanzhang_fake/0030.png,1,tristanzhang_fake,ood,0.000000
data/processed/ood_test/tristanzhang_fake/0059.png,1,tristanzhang_fake,ood,0.000000
data/processed/ood_test/tristanzhang_fake/0095.png,1,tristanzhang_fake,ood,0.000000
data/processed/ood_test/tristanzhang_fake/0121.png,1,tristanzhang_fake,ood,0.000000
data/processed/ood_test/tristanzhang_fake/0173.png,1,tristanzhang_fake,ood,0.000000
data/processed/ood_test/tristanzhang_fake/0194.png,1,tristanzhang_fake,ood,0.000000
data/processed/ood_test/tristanzhang_fake/0205.png,1,tristanzhang_fake,ood,0.000000
data/processed/ood_test/tristanzhang_fake/0218.png,1,tristanzhang_fake,ood,0.000000
data/processed/ood_test/tristanzhang_fake/0258.png,1,tristanzhang_fake,ood,0.000000
data/processed/ood_test/tristanzhang_fake/0296.png,1,tristanzhang_fake,ood,0.000000
data/processed/ood_test/tristanzhang_fake/0318.png,1,tristanzhang_fake,ood,0.000000
data/processed/ood_test/tristanzhang_fake/0326.png,1,tristanzhang_fake,ood,0.000000
data/processed/ood_test/tristanzhang_fake/0327.png,1,tristanzhang_fake,ood,0.000000
data/processed/ood_test/tristanzhang_fake/0356.png,1,tristanzhang_fake,ood,0.000000
data/processed/ood_test/tristanzhang_fake/0362.png,1,tristanzhang_fake,ood,0.000000
data/processed/ood_test/tristanzhang_fake/0376.png,1,tristanzhang_fake,ood,0.000000
data/processed/ood_test/tristanzhang_fake/0386.png,1,tristanzhang_fake,ood,0.000000
data/processed/ood_test/tristanzhang_fake/0415.png,1,tristanzhang_fake,ood,0.000000
data/processed/ood_test/tristanzhang_fake/0417.png,1,tristanzhang_fake,ood,0.000000
data/processed/ood_test/tristanzhang_fake/0444.png,1,tristanzhang_fake,ood,0.000000
data/processed/ood_test/tristanzhang_fake/0459.png,1,tristanzhang_fake,ood,0.012580
data/processed/ood_test/tristanzhang_fake/0466.png,1,tristanzhang_fake,ood,0.000124
data/processed/ood_test/tristanzhang_fake/0481.png,1,tristanzhang_fake,ood,0.000000
data/processed/ood_test/tristanzhang_fake/0500.png,1,tristanzhang_fake,ood,0.000000
data/processed/ood_test/tristanzhang_fake/0521.png,1,tristanzhang_fake,ood,0.000000
data/processed/ood_test/tristanzhang_fake/0543.png,1,tristanzhang_fake,ood,0.000000
data/processed/ood_test/tristanzhang_fake/0553.png,1,tristanzhang_fake,ood,0.000000
data/processed/ood_test/tristanzhang_fake/0557.png,1,tristanzhang_fake,ood,0.000000
data/processed/ood_test/tristanzhang_fake/0562.png,1,tristanzhang_fake,ood,0.000000
data/processed/ood_test/tristanzhang_fake/0567.png,1,tristanzhang_fake,ood,0.000000
data/processed/ood_test/tristanzhang_fake/0569.png,1,tristanzhang_fake,ood,0.000000
data/processed/ood_test/tristanzhang_fake/0581.png,1,tristanzhang_fake,ood,0.000000
data/processed/ood_test/tristanzhang_fake/0585.png,1,tristanzhang_fake,ood,0.000000
data/processed/ood_test/tristanzhang_fake/0595.png,1,tristanzhang_fake,ood,0.000000
data/processed/ood_test/tristanzhang_fake/0601.png,1,tristanzhang_fake,ood,0.000000
data/processed/ood_test/tristanzhang_fake/0646.png,1,tristanzhang_fake,ood,0.000000
data/processed/ood_test/tristanzhang_fake/0654.png,1,tristanzhang_fake,ood,0.000000
data/processed/ood_test/tristanzhang_fake/0657.png,1,tristanzhang_fake,ood,0.000001
data/processed/ood_test/tristanzhang_fake/0672.png,1,tristanzhang_fake,ood,0.000000
data/processed/ood_test/tristanzhang_fake/0702.png,1,tristanzhang_fake,ood,0.000000
data/processed/ood_test/tristanzhang_fake/0765.png,1,tristanzhang_fake,ood,0.000261
data/processed/ood_test/tristanzhang_fake/0768.png,1,tristanzhang_fake,ood,0.000000
data/processed/ood_test/tristanzhang_fake/0793.png,1,tristanzhang_fake,ood,0.000000
data/processed/ood_test/tristanzhang_fake/0828.png,1,tristanzhang_fake,ood,0.000000
data/processed/ood_test/tristanzhang_fake/0838.png,1,tristanzhang_fake,ood,0.000000
data/processed/ood_test/tristanzhang_fake/0840.png,1,tristanzhang_fake,ood,0.000000
data/processed/ood_test/tristanzhang_fake/0843.png,1,tristanzhang_fake,ood,0.000000
data/processed/ood_test/tristanzhang_fake/0849.png,1,tristanzhang_fake,ood,0.000000
data/processed/ood_test/tristanzhang_fake/0872.png,1,tristanzhang_fake,ood,0.000000
data/processed/ood_test/tristanzhang_fake/0877.png,1,tristanzhang_fake,ood,0.000000
data/processed/ood_test/tristanzhang_fake/0896.png,1,tristanzhang_fake,ood,0.000000
data/processed/ood_test/tristanzhang_fake/0899.png,1,tristanzhang_fake,ood,0.000000
data/processed/ood_test/tristanzhang_fake/0917.png,1,tristanzhang_fake,ood,0.000000
data/processed/ood_test/tristanzhang_fake/0939.png,1,tristanzhang_fake,ood,0.000000
data/processed/ood_test/tristanzhang_fake/1045.png,1,tristanzhang_fake,ood,0.000000
data/processed/ood_test/tristanzhang_fake/1073.png,1,tristanzhang_fake,ood,0.000000
data/processed/ood_test/tristanzhang_fake/1084.png,1,tristanzhang_fake,ood,0.000000
data/processed/ood_test/tristanzhang_fake/1086.png,1,tristanzhang_fake,ood,0.000000
data/processed/ood_test/tristanzhang_fake/1101.png,1,tristanzhang_fake,ood,0.000000
data/processed/ood_test/tristanzhang_fake/1134.png,1,tristanzhang_fake,ood,0.000000
data/processed/ood_test/tristanzhang_fake/1149.png,1,tristanzhang_fake,ood,0.000000
data/processed/ood_test/tristanzhang_fake/1171.png,1,tristanzhang_fake,ood,0.000000
data/processed/ood_test/tristanzhang_fake/1214.png,1,tristanzhang_fake,ood,0.000000
data/processed/ood_test/tristanzhang_fake/1222.png,1,tristanzhang_fake,ood,0.000000
data/processed/ood_test/tristanzhang_fake/1253.png,1,tristanzhang_fake,ood,0.000000
data/processed/ood_test/tristanzhang_fake/1267.png,1,tristanzhang_fake,ood,0.000000
data/processed/ood_test/tristanzhang_fake/1269.png,1,tristanzhang_fake,ood,0.000000
data/processed/ood_test/tristanzhang_fake/1274.png,1,tristanzhang_fake,ood,0.000000
data/processed/ood_test/tristanzhang_fake/1290.png,1,tristanzhang_fake,ood,0.000000
data/processed/ood_test/tristanzhang_fake/1293.png,1,tristanzhang_fake,ood,0.000000
data/processed/ood_test/tristanzhang_fake/1296.png,1,tristanzhang_fake,ood,0.000010
data/processed/ood_test/tristanzhang_fake/1305.png,1,tristanzhang_fake,ood,0.000000
data/processed/ood_test/tristanzhang_fake/1308.png,1,tristanzhang_fake,ood,0.000000
data/processed/ood_test/tristanzhang_fake/1324.png,1,tristanzhang_fake,ood,0.000000
data/processed/ood_test/tristanzhang_fake/1332.png,1,tristanzhang_fake,ood,0.000000
data/processed/ood_test/tristanzhang_fake/1333.png,1,tristanzhang_fake,ood,0.000000
data/processed/ood_test/tristanzhang_fake/1349.png,1,tristanzhang_fake,ood,0.000000
data/processed/ood_test/tristanzhang_fake/1353.png,1,tristanzhang_fake,ood,0.000000
data/processed/ood_test/tristanzhang_fake/1402.png,1,tristanzhang_fake,ood,0.000000
data/processed/ood_test/tristanzhang_fake/1523.png,1,tristanzhang_fake,ood,0.000000
data/processed/ood_test/tristanzhang_fake/1556.png,1,tristanzhang_fake,ood,0.000000
data/processed/ood_test/tristanzhang_fake/1559.png,1,tristanzhang_fake,ood,0.000000
data/processed/ood_test/tristanzhang_fake/1560.png,1,tristanzhang_fake,ood,0.000000
data/processed/ood_test/tristanzhang_fake/1570.png,1,tristanzhang_fake,ood,0.000000
data/processed/ood_test/tristanzhang_fake/1583.png,1,tristanzhang_fake,ood,0.000000
data/processed/ood_test/tristanzhang_fake/1630.png,1,tristanzhang_fake,ood,0.000000
data/processed/ood_test/tristanzhang_fake/1674.png,1,tristanzhang_fake,ood,0.662858
data/processed/ood_test/tristanzhang_fake/1717.png,1,tristanzhang_fake,ood,0.000000
data/processed/ood_test/tristanzhang_fake/1721.png,1,tristanzhang_fake,ood,0.000000
data/processed/ood_test/tristanzhang_fake/1729.png,1,tristanzhang_fake,ood,0.000000
data/processed/ood_test/tristanzhang_fake/1742.png,1,tristanzhang_fake,ood,0.000000
data/processed/ood_test/tristanzhang_fake/1784.png,1,tristanzhang_fake,ood,0.000000
data/processed/ood_test/tristanzhang_fake/1797.png,1,tristanzhang_fake,ood,0.000038
data/processed/ood_test/tristanzhang_fake/1805.png,1,tristanzhang_fake,ood,0.000000
data/processed/ood_test/tristanzhang_fake/1829.png,1,tristanzhang_fake,ood,0.000000
data/processed/ood_test/tristanzhang_fake/1841.png,1,tristanzhang_fake,ood,0.000000
data/processed/ood_test/tristanzhang_fake/1865.png,1,tristanzhang_fake,ood,0.000000
data/processed/ood_test/tristanzhang_fake/1867.png,1,tristanzhang_fake,ood,0.000000
data/processed/ood_test/tristanzhang_fake/1876.png,1,tristanzhang_fake,ood,0.000007
data/processed/ood_test/tristanzhang_fake/1906.png,1,tristanzhang_fake,ood,0.000000
data/processed/ood_test/tristanzhang_fake/1908.png,1,tristanzhang_fake,ood,0.000000
data/processed/ood_test/tristanzhang_fake/1927.png,1,tristanzhang_fake,ood,0.000000
data/processed/ood_test/tristanzhang_fake/1940.png,1,tristanzhang_fake,ood,0.000000
data/processed/ood_test/tristanzhang_fake/1991.png,1,tristanzhang_fake,ood,0.000000
data/processed/ood_test/tristanzhang_fake/2006.png,1,tristanzhang_fake,ood,0.000000
data/processed/ood_test/tristanzhang_fake/2017.png,1,tristanzhang_fake,ood,0.000000
data/processed/ood_test/tristanzhang_fake/2021.png,1,tristanzhang_fake,ood,0.000000
data/processed/ood_test/tristanzhang_fake/2037.png,1,tristanzhang_fake,ood,0.000000
data/processed/ood_test/tristanzhang_fake/2047.png,1,tristanzhang_fake,ood,0.000000
data/processed/ood_test/tristanzhang_fake/2060.png,1,tristanzhang_fake,ood,0.000000
data/processed/ood_test/tristanzhang_fake/2137.png,1,tristanzhang_fake,ood,0.000000
data/processed/ood_test/tristanzhang_fake/2140.png,1,tristanzhang_fake,ood,0.000000
data/processed/ood_test/tristanzhang_fake/2153.png,1,tristanzhang_fake,ood,0.000000
data/processed/ood_test/tristanzhang_fake/2167.png,1,tristanzhang_fake,ood,0.000000
data/processed/ood_test/tristanzhang_fake/2172.png,1,tristanzhang_fake,ood,0.000000
data/processed/ood_test/tristanzhang_fake/2175.png,1,tristanzhang_fake,ood,0.000000
data/processed/ood_test/tristanzhang_fake/2176.png,1,tristanzhang_fake,ood,0.000000
data/processed/ood_test/tristanzhang_fake/2186.png,1,tristanzhang_fake,ood,0.000000
data/processed/ood_test/tristanzhang_fake/2278.png,1,tristanzhang_fake,ood,0.000000
data/processed/ood_test/tristanzhang_fake/2282.png,1,tristanzhang_fake,ood,0.000000
data/processed/ood_test/tristanzhang_fake/2287.png,1,tristanzhang_fake,ood,0.000010
data/processed/ood_test/tristanzhang_fake/2309.png,1,tristanzhang_fake,ood,0.000000
data/processed/ood_test/tristanzhang_fake/2335.png,1,tristanzhang_fake,ood,0.000000
data/processed/ood_test/tristanzhang_fake/2337.png,1,tristanzhang_fake,ood,0.000000
data/processed/ood_test/tristanzhang_fake/2371.png,1,tristanzhang_fake,ood,0.000000
data/processed/ood_test/tristanzhang_fake/2405.png,1,tristanzhang_fake,ood,0.000036
data/processed/ood_test/tristanzhang_fake/2431.png,1,tristanzhang_fake,ood,0.000000
data/processed/ood_test/tristanzhang_fake/2445.png,1,tristanzhang_fake,ood,0.000000
data/processed/ood_test/tristanzhang_fake/2479.png,1,tristanzhang_fake,ood,0.000000
data/processed/ood_test/tristanzhang_fake/2520.png,1,tristanzhang_fake,ood,0.000000
data/processed/ood_test/tristanzhang_fake/2526.png,1,tristanzhang_fake,ood,0.000000
data/processed/ood_test/tristanzhang_fake/2570.png,1,tristanzhang_fake,ood,0.000000
data/processed/ood_test/tristanzhang_fake/2574.png,1,tristanzhang_fake,ood,0.000000
data/processed/ood_test/tristanzhang_fake/2578.png,1,tristanzhang_fake,ood,0.000000
data/processed/ood_test/tristanzhang_fake/2592.png,1,tristanzhang_fake,ood,0.000000
data/processed/ood_test/tristanzhang_fake/2656.png,1,tristanzhang_fake,ood,0.000519
data/processed/ood_test/tristanzhang_fake/2657.png,1,tristanzhang_fake,ood,0.000000
data/processed/ood_test/tristanzhang_fake/2707.png,1,tristanzhang_fake,ood,0.000000
data/processed/ood_test/tristanzhang_fake/2758.png,1,tristanzhang_fake,ood,0.000000
data/processed/ood_test/tristanzhang_fake/2770.png,1,tristanzhang_fake,ood,0.000000
data/processed/ood_test/tristanzhang_fake/2787.png,1,tristanzhang_fake,ood,0.000000
data/processed/ood_test/tristanzhang_fake/2809.png,1,tristanzhang_fake,ood,0.000000
data/processed/ood_test/tristanzhang_fake/2860.png,1,tristanzhang_fake,ood,0.000000
data/processed/ood_test/tristanzhang_fake/2865.png,1,tristanzhang_fake,ood,0.000000
data/processed/ood_test/tristanzhang_fake/2877.png,1,tristanzhang_fake,ood,0.000000
data/processed/ood_test/tristanzhang_fake/2903.png,1,tristanzhang_fake,ood,0.000424
data/processed/ood_test/tristanzhang_fake/2911.png,1,tristanzhang_fake,ood,0.000000
data/processed/ood_test/tristanzhang_fake/2932.png,1,tristanzhang_fake,ood,0.000000
data/processed/ood_test/tristanzhang_fake/2974.png,1,tristanzhang_fake,ood,0.000000
data/processed/ood_test/tristanzhang_fake/2988.png,1,tristanzhang_fake,ood,0.000000
data/processed/ood_test/tristanzhang_fake/2989.png,1,tristanzhang_fake,ood,0.000000
data/processed/ood_test/tristanzhang_fake/3028.png,1,tristanzhang_fake,ood,0.000000
data/processed/ood_test/tristanzhang_fake/3060.png,1,tristanzhang_fake,ood,0.000000
data/processed/ood_test/tristanzhang_fake/3064.png,1,tristanzhang_fake,ood,0.000000
data/processed/ood_test/tristanzhang_fake/3101.png,1,tristanzhang_fake,ood,0.000007
data/processed/ood_test/tristanzhang_fake/3105.png,1,tristanzhang_fake,ood,0.000000
data/processed/ood_test/tristanzhang_fake/3109.png,1,tristanzhang_fake,ood,0.000000
data/processed/ood_test/tristanzhang_fake/3113.png,1,tristanzhang_fake,ood,0.000000
data/processed/ood_test/tristanzhang_fake/3114.png,1,tristanzhang_fake,ood,0.000000
data/processed/ood_test/tristanzhang_fake/3153.png,1,tristanzhang_fake,ood,0.000000
data/processed/ood_test/tristanzhang_fake/3242.png,1,tristanzhang_fake,ood,0.000000
data/processed/ood_test/tristanzhang_fake/3243.png,1,tristanzhang_fake,ood,0.000000
data/processed/ood_test/tristanzhang_fake/3265.png,1,tristanzhang_fake,ood,0.000000
data/processed/ood_test/tristanzhang_fake/3272.png,1,tristanzhang_fake,ood,0.000003
data/processed/ood_test/tristanzhang_fake/3286.png,1,tristanzhang_fake,ood,0.000000
data/processed/ood_test/tristanzhang_fake/3308.png,1,tristanzhang_fake,ood,0.000000
data/processed/ood_test/tristanzhang_fake/3368.png,1,tristanzhang_fake,ood,0.000000
data/processed/ood_test/tristanzhang_fake/3373.png,1,tristanzhang_fake,ood,0.000000
data/processed/ood_test/tristanzhang_fake/3378.png,1,tristanzhang_fake,ood,0.000000
data/processed/ood_test/tristanzhang_fake/3457.png,1,tristanzhang_fake,ood,0.000000
data/processed/ood_test/tristanzhang_fake/3459.png,1,tristanzhang_fake,ood,0.000000
data/processed/ood_test/tristanzhang_fake/3466.png,1,tristanzhang_fake,ood,0.000005
data/processed/ood_test/tristanzhang_fake/3467.png,1,tristanzhang_fake,ood,0.000000
data/processed/ood_test/tristanzhang_fake/3510.png,1,tristanzhang_fake,ood,0.000000
data/processed/ood_test/tristanzhang_fake/3521.png,1,tristanzhang_fake,ood,0.000002
data/processed/ood_test/tristanzhang_fake/3532.png,1,tristanzhang_fake,ood,0.000000
data/processed/ood_test/tristanzhang_fake/3562.png,1,tristanzhang_fake,ood,0.000195
data/processed/ood_test/tristanzhang_fake/3589.png,1,tristanzhang_fake,ood,0.000000
data/processed/ood_test/tristanzhang_fake/3590.png,1,tristanzhang_fake,ood,0.000000
data/processed/ood_test/tristanzhang_fake/3620.png,1,tristanzhang_fake,ood,0.000000
data/processed/ood_test/tristanzhang_fake/3631.png,1,tristanzhang_fake,ood,0.000000
data/processed/ood_test/tristanzhang_fake/3715.png,1,tristanzhang_fake,ood,0.000000
data/processed/ood_test/tristanzhang_fake/3746.png,1,tristanzhang_fake,ood,0.000037
data/processed/ood_test/tristanzhang_fake/3759.png,1,tristanzhang_fake,ood,0.000000
data/processed/ood_test/tristanzhang_fake/3790.png,1,tristanzhang_fake,ood,0.000000
data/processed/ood_test/tristanzhang_fake/3835.png,1,tristanzhang_fake,ood,0.000000
data/processed/ood_test/tristanzhang_fake/3856.png,1,tristanzhang_fake,ood,0.000000
data/processed/ood_test/tristanzhang_fake/3873.png,1,tristanzhang_fake,ood,0.000000
data/processed/ood_test/tristanzhang_fake/3875.png,1,tristanzhang_fake,ood,0.000000
data/processed/ood_test/tristanzhang_fake/3894.png,1,tristanzhang_fake,ood,0.000000
data/processed/ood_test/tristanzhang_fake/3906.png,1,tristanzhang_fake,ood,0.000000
data/processed/ood_test/tristanzhang_fake/3979.png,1,tristanzhang_fake,ood,0.000002
data/processed/ood_test/tristanzhang_fake/3987.png,1,tristanzhang_fake,ood,0.000000
data/processed/ood_test/tristanzhang_fake/4003.png,1,tristanzhang_fake,ood,0.000000
data/processed/ood_test/tristanzhang_fake/4120.png,1,tristanzhang_fake,ood,0.000000
data/processed/ood_test/tristanzhang_fake/4140.png,1,tristanzhang_fake,ood,0.000000
data/processed/ood_test/tristanzhang_fake/4141.png,1,tristanzhang_fake,ood,0.000000
data/processed/ood_test/tristanzhang_fake/4159.png,1,tristanzhang_fake,ood,0.000000
data/processed/ood_test/tristanzhang_fake/4161.png,1,tristanzhang_fake,ood,0.000000
data/processed/ood_test/tristanzhang_fake/4175.png,1,tristanzhang_fake,ood,0.000000
data/processed/ood_test/tristanzhang_fake/4212.png,1,tristanzhang_fake,ood,0.000000
data/processed/ood_test/tristanzhang_fake/4283.png,1,tristanzhang_fake,ood,0.000000
data/processed/ood_test/tristanzhang_fake/4334.png,1,tristanzhang_fake,ood,0.000000
data/processed/ood_test/tristanzhang_fake/4335.png,1,tristanzhang_fake,ood,0.000000
data/processed/ood_test/tristanzhang_fake/4345.png,1,tristanzhang_fake,ood,0.000000
data/processed/ood_test/tristanzhang_fake/4351.png,1,tristanzhang_fake,ood,0.000000
data/processed/ood_test/tristanzhang_fake/4376.png,1,tristanzhang_fake,ood,0.000005
data/processed/ood_test/tristanzhang_fake/4393.png,1,tristanzhang_fake,ood,0.000000
data/processed/ood_test/tristanzhang_fake/4394.png,1,tristanzhang_fake,ood,0.000000
data/processed/ood_test/tristanzhang_fake/4405.png,1,tristanzhang_fake,ood,0.000000
data/processed/ood_test/tristanzhang_fake/4416.png,1,tristanzhang_fake,ood,0.000000
data/processed/ood_test/tristanzhang_fake/4418.png,1,tristanzhang_fake,ood,0.000000
data/processed/ood_test/tristanzhang_fake/4419.png,1,tristanzhang_fake,ood,0.000000
data/processed/ood_test/tristanzhang_fake/4429.png,1,tristanzhang_fake,ood,0.000000
data/processed/ood_test/tristanzhang_fake/4468.png,1,tristanzhang_fake,ood,0.000000
data/processed/ood_test/tristanzhang_fake/4470.png,1,tristanzhang_fake,ood,0.000000
data/processed/ood_test/tristanzhang_fake/4504.png,1,tristanzhang_fake,ood,0.000000
data/processed/ood_test/tristanzhang_fake/4520.png,1,tristanzhang_fake,ood,0.000000
data/processed/ood_test/tristanzhang_fake/4523.png,1,tristanzhang_fake,ood,0.000000
data/processed/ood_test/tristanzhang_fake/4527.png,1,tristanzhang_fake,ood,0.000000
data/processed/ood_test/tristanzhang_fake/4533.png,1,tristanzhang_fake,ood,0.000000
data/processed/ood_test/tristanzhang_fake/4538.png,1,tristanzhang_fake,ood,0.000000
data/processed/ood_test/tristanzhang_fake/4544.png,1,tristanzhang_fake,ood,0.000000
data/processed/ood_test/tristanzhang_fake/4553.png,1,tristanzhang_fake,ood,0.000000
data/processed/ood_test/tristanzhang_fake/4563.png,1,tristanzhang_fake,ood,0.000000
data/processed/ood_test/tristanzhang_fake/4595.png,1,tristanzhang_fake,ood,0.000000
data/processed/ood_test/tristanzhang_fake/4598.png,1,tristanzhang_fake,ood,0.000000
data/processed/ood_test/tristanzhang_fake/4599.png,1,tristanzhang_fake,ood,0.000000
data/processed/ood_test/tristanzhang_fake/4631.png,1,tristanzhang_fake,ood,0.000000
data/processed/ood_test/tristanzhang_fake/4648.png,1,tristanzhang_fake,ood,0.000002
data/processed/ood_test/tristanzhang_fake/4743.png,1,tristanzhang_fake,ood,0.126811
data/processed/ood_test/tristanzhang_fake/4781.png,1,tristanzhang_fake,ood,0.000010
data/processed/ood_test/tristanzhang_fake/4782.png,1,tristanzhang_fake,ood,0.000000
data/processed/ood_test/tristanzhang_fake/4789.png,1,tristanzhang_fake,ood,0.000000
data/processed/ood_test/tristanzhang_fake/4821.png,1,tristanzhang_fake,ood,0.000000
data/processed/ood_test/tristanzhang_fake/4828.png,1,tristanzhang_fake,ood,0.000002
data/processed/ood_test/tristanzhang_fake/4882.png,1,tristanzhang_fake,ood,0.000000
data/processed/ood_test/tristanzhang_fake/4886.png,1,tristanzhang_fake,ood,0.000000
data/processed/ood_test/tristanzhang_fake/4907.png,1,tristanzhang_fake,ood,0.000000
data/processed/ood_test/tristanzhang_fake/4932.png,1,tristanzhang_fake,ood,0.000000
data/processed/ood_test/tristanzhang_fake/4946.png,1,tristanzhang_fake,ood,0.157109
data/processed/ood_test/tristanzhang_fake/4955.png,1,tristanzhang_fake,ood,0.000001
data/processed/ood_test/tristanzhang_fake/4989.png,1,tristanzhang_fake,ood,0.000000
data/processed/ood_test/tristanzhang_fake/4991.png,1,tristanzhang_fake,ood,0.000000
data/processed/ood_test/tristanzhang_fake/5085.png,1,tristanzhang_fake,ood,0.000000
data/processed/ood_test/tristanzhang_fake/5123.png,1,tristanzhang_fake,ood,0.000000
data/processed/ood_test/tristanzhang_fake/5141.png,1,tristanzhang_fake,ood,0.000000
data/processed/ood_test/tristanzhang_fake/5196.png,1,tristanzhang_fake,ood,0.000003
data/processed/ood_test/tristanzhang_fake/5202.png,1,tristanzhang_fake,ood,0.000000
data/processed/ood_test/tristanzhang_fake/5208.png,1,tristanzhang_fake,ood,0.000000
data/processed/ood_test/tristanzhang_fake/5220.png,1,tristanzhang_fake,ood,0.000000
data/processed/ood_test/tristanzhang_fake/5239.png,1,tristanzhang_fake,ood,0.000000
data/processed/ood_test/tristanzhang_fake/5251.png,1,tristanzhang_fake,ood,0.000000
data/processed/ood_test/tristanzhang_fake/5256.png,1,tristanzhang_fake,ood,0.000000
data/processed/ood_test/tristanzhang_fake/5267.png,1,tristanzhang_fake,ood,0.000000
data/processed/ood_test/tristanzhang_fake/5288.png,1,tristanzhang_fake,ood,0.000000
data/processed/ood_test/tristanzhang_fake/5309.png,1,tristanzhang_fake,ood,0.000000
data/processed/ood_test/tristanzhang_fake/5324.png,1,tristanzhang_fake,ood,0.000000
data/processed/ood_test/tristanzhang_fake/5358.png,1,tristanzhang_fake,ood,0.011376
data/processed/ood_test/tristanzhang_fake/5370.png,1,tristanzhang_fake,ood,0.000000
data/processed/ood_test/tristanzhang_fake/5386.png,1,tristanzhang_fake,ood,0.000118
data/processed/ood_test/tristanzhang_fake/5399.png,1,tristanzhang_fake,ood,0.000000
data/processed/ood_test/tristanzhang_fake/5418.png,1,tristanzhang_fake,ood,0.000000
data/processed/ood_test/tristanzhang_fake/5423.png,1,tristanzhang_fake,ood,0.000747
data/processed/ood_test/tristanzhang_fake/5435.png,1,tristanzhang_fake,ood,0.000000
data/processed/ood_test/tristanzhang_fake/5472.png,1,tristanzhang_fake,ood,0.000000
data/processed/ood_test/tristanzhang_fake/5481.png,1,tristanzhang_fake,ood,0.000000
data/processed/ood_test/tristanzhang_fake/5487.png,1,tristanzhang_fake,ood,0.000003
data/processed/ood_test/tristanzhang_fake/5491.png,1,tristanzhang_fake,ood,0.000000
data/processed/ood_test/tristanzhang_fake/5503.png,1,tristanzhang_fake,ood,0.000000
data/processed/ood_test/tristanzhang_fake/5532.png,1,tristanzhang_fake,ood,0.000000
data/processed/ood_test/tristanzhang_fake/5567.png,1,tristanzhang_fake,ood,0.000000
data/processed/ood_test/tristanzhang_fake/5573.png,1,tristanzhang_fake,ood,0.000003
data/processed/ood_test/tristanzhang_fake/5588.png,1,tristanzhang_fake,ood,0.000000
data/processed/ood_test/tristanzhang_fake/5609.png,1,tristanzhang_fake,ood,0.000004
data/processed/ood_test/tristanzhang_fake/5632.png,1,tristanzhang_fake,ood,0.000000
data/processed/ood_test/tristanzhang_fake/5661.png,1,tristanzhang_fake,ood,0.000000
data/processed/ood_test/tristanzhang_fake/5707.png,1,tristanzhang_fake,ood,0.000000
data/processed/ood_test/tristanzhang_fake/5720.png,1,tristanzhang_fake,ood,0.000000
data/processed/ood_test/tristanzhang_fake/5746.png,1,tristanzhang_fake,ood,0.000000
data/processed/ood_test/tristanzhang_fake/5750.png,1,tristanzhang_fake,ood,0.000000
data/processed/ood_test/tristanzhang_fake/5772.png,1,tristanzhang_fake,ood,0.000000
data/processed/ood_test/tristanzhang_fake/5781.png,1,tristanzhang_fake,ood,0.000000
data/processed/ood_test/tristanzhang_fake/5799.png,1,tristanzhang_fake,ood,0.000000
data/processed/ood_test/tristanzhang_fake/5841.png,1,tristanzhang_fake,ood,0.000000
data/processed/ood_test/tristanzhang_fake/5866.png,1,tristanzhang_fake,ood,0.000000
data/processed/ood_test/tristanzhang_fake/5879.png,1,tristanzhang_fake,ood,0.000000
data/processed/ood_test/tristanzhang_fake/5882.png,1,tristanzhang_fake,ood,0.000000
data/processed/ood_test/tristanzhang_fake/5905.png,1,tristanzhang_fake,ood,0.000000
data/processed/ood_test/tristanzhang_fake/5916.png,1,tristanzhang_fake,ood,0.000000
data/processed/ood_test/tristanzhang_fake/5926.png,1,tristanzhang_fake,ood,0.000000
data/processed/ood_test/tristanzhang_fake/5966.png,1,tristanzhang_fake,ood,0.000000
data/processed/ood_test/tristanzhang_fake/5973.png,1,tristanzhang_fake,ood,0.000000
data/processed/ood_test/tristanzhang_fake/5974.png,1,tristanzhang_fake,ood,0.000000
data/processed/ood_test/tristanzhang_fake/5978.png,1,tristanzhang_fake,ood,0.000000
data/processed/ood_test/tristanzhang_fake/5980.png,1,tristanzhang_fake,ood,0.000000
data/processed/ood_test/tristanzhang_fake/5985.png,1,tristanzhang_fake,ood,0.000000
data/processed/ood_test/tristanzhang_fake/5996.png,1,tristanzhang_fake,ood,0.000000
