image_path,label,source,split,prob_fake
data/processed/train/real/diverse_real/35225.png,0,diverse_real,id,0.052952
data/processed/train/real/cifake/train_2906.png,0,cifake,id,0.951131
data/processed/train/real/cifake/train_2767 (7).png,0,cifake,id,0.388299
data/processed/train/real/cifake/train_2710 (4).png,0,cifake,id,0.961133
data/processed/train/real/real_camera_train/000000158744.png,0,real_camera_train,id,0.414815
data/processed/train/real/cifake/train_2811 (7).png,0,cifake,id,0.686993
data/processed/train/real/ffhq/49078.png,0,ffhq,id,0.600052
data/processed/train/real/cifake/train_2527 (9).png,0,cifake,id,0.865885
data/processed/train/fake_diffusion/cifake/train_2581 (7).png,1,cifake,id,0.983635
data/processed/train/fake_diffusion/cifake/train_3698 (4).png,1,cifake,id,0.789528
data/processed/train/fake_diffusion/cifake/train_3917 (6).png,1,cifake,id,0.986673
data/processed/train/fake_diffusion/sd15/sd15_02180.png,1,sd15,id,0.946259
data/processed/train/real/diverse_real/14352.png,0,diverse_real,id,0.945406
data/processed/train/real/ffhq/45435.png,0,ffhq,id,0.119734
data/processed/train/fake_gan/stylegan/3SDKVKKEI0.png,1,stylegan,id,0.049432
data/processed/train/real/ffhq/25617.png,0,ffhq,id,0.018800
data/processed/train/fake_diffusion/cifake/train_2424.png,1,cifake,id,0.660102
data/processed/train/real/diverse_real/41462.png,0,diverse_real,id,0.543919
data/processed/train/real/ffhq/50685.png,0,ffhq,id,0.003190
data/processed/train/fake_diffusion/cifake/train_1332 (5).png,1,cifake,id,0.995015
data/processed/train/fake_gan/stylegan/34C6JIPGAR.png,1,stylegan,id,0.003678
data/processed/train/real/ffhq/02022.png,0,ffhq,id,0.999769
data/processed/train/fake_diffusion/sd15/sd15_01435.png,1,sd15,id,0.559820
data/processed/train/real/diverse_real/07392.png,0,diverse_real,id,0.003536
data/processed/train/real/ffhq/18962.png,0,ffhq,id,0.085951
data/processed/train/real/diverse_real/64068.png,0,diverse_real,id,0.954222
data/processed/train/fake_gan/stylegan/01VV22XXKG.png,1,stylegan,id,0.391298
data/processed/train/real/cifake/train_2068 (3).png,0,cifake,id,0.947297
data/processed/train/real/ffhq/52174.png,0,ffhq,id,0.004113
data/processed/train/real/diverse_real/39395.png,0,diverse_real,id,0.013276
data/processed/train/fake_diffusion/cifake/test_360 (5).png,1,cifake,id,0.874983
data/processed/train/real/cifake/train_0059.png,0,cifake,id,0.611949
data/processed/train/real/ffhq/05028.png,0,ffhq,id,0.208937
data/processed/train/fake_diffusion/sd15/sd15_00454.png,1,sd15,id,0.244775
data/processed/train/fake_diffusion/sd15/sd15_01515.png,1,sd15,id,0.900969
data/processed/train/real/ffhq/35153.png,0,ffhq,id,0.131851
data/processed/train/real/diverse_real/42622.png,0,diverse_real,id,0.085131
data/processed/train/fake_diffusion/sd15/sd15_00666.png,1,sd15,id,0.357213
data/processed/train/fake_gan/stylegan/ACV8IA5IJZ.png,1,stylegan,id,0.003020
data/processed/train/real/cifake/train_4571 (2).png,0,cifake,id,0.469675
data/processed/train/fake_diffusion/cifake/train_2304 (2).png,1,cifake,id,0.308096
data/processed/train/real/cifake/train_0475 (5).png,0,cifake,id,0.785594
data/processed/train/fake_gan/stylegan/2JZWMRP0M5.png,1,stylegan,id,0.039772
data/processed/train/real/cifake/train_3877 (8).png,0,cifake,id,0.864560
data/processed/train/real/real_camera_train/000000186637.png,0,real_camera_train,id,0.491407
data/processed/train/real/ffhq/32478.png,0,ffhq,id,0.996672
data/processed/train/real/cifake/test_0509 (7).png,0,cifake,id,0.667492
data/processed/train/fake_diffusion/cifake/train_1478 (8).png,1,cifake,id,0.892782
data/processed/train/real/cifake/train_1515 (6).png,0,cifake,id,0.810862
data/processed/train/real/ffhq/29300.png,0,ffhq,id,0.098862
data/processed/train/real/diverse_real/69974.png,0,diverse_real,id,0.967167
data/processed/train/real/cifake/test_0954 (9).png,0,cifake,id,0.801739
data/processed/train/fake_diffusion/cifake/test_288 (9).png,1,cifake,id,0.934858
data/processed/train/fake_diffusion/cifake/train_1124 (7).png,1,cifake,id,0.895119
data/processed/train/real/ffhq/40828.png,0,ffhq,id,0.000978
data/processed/train/real/cifake/train_2894 (9).png,0,cifake,id,0.888076
data/processed/train/real/diverse_real/67166.png,0,diverse_real,id,0.955742
data/processed/train/fake_diffusion/sd15/sd15_02435.png,1,sd15,id,0.588071
data/processed/train/fake_diffusion/cifake/train_3798 (3).png,1,cifake,id,0.918189
data/processed/train/real/cifake/test_0466 (5).png,0,cifake,id,0.978438
data/processed/train/real/cifake/train_1726 (2).png,0,cifake,id,0.759602
data/processed/train/real/diverse_real/34115.png,0,diverse_real,id,0.368089
data/processed/train/fake_diffusion/cifake/train_5239 (7).png,1,cifake,id,0.947029
data/processed/train/real/cifake/train_3792 (5).png,0,cifake,id,0.958626
data/processed/train/fake_gan/stylegan/2D4C7TRKVG.png,1,stylegan,id,0.129502
data/processed/train/fake_gan/stylegan/MZT5X0Q3IJ.png,1,stylegan,id,0.010199
data/processed/train/real/ffhq/29143.png,0,ffhq,id,0.491059
data/processed/train/fake_gan/stylegan/6N0QLLVB6R.png,1,stylegan,id,0.011924
data/processed/train/fake_gan/stylegan/RZQZVG7L5G.png,1,stylegan,id,0.085738
data/processed/train/fake_diffusion/cifake/train_2546 (5).png,1,cifake,id,0.891473
data/processed/train/fake_gan/stylegan/6NXGY6LAEQ.png,1,stylegan,id,0.787157
data/processed/train/real/cifake/train_2308 (9).png,0,cifake,id,0.586197
data/processed/train/real/cifake/train_1368.png,0,cifake,id,0.867228
data/processed/train/fake_diffusion/sd15/sd15_01840.png,1,sd15,id,0.983109
data/processed/train/fake_diffusion/cifake/train_5483 (2).png,1,cifake,id,0.950556
data/processed/train/real/diverse_real/19941.png,0,diverse_real,id,0.011036
data/processed/train/fake_diffusion/sd15/sd15_00498.png,1,sd15,id,0.762233
data/processed/train/real/cifake/train_0036.png,0,cifake,id,0.778068
data/processed/train/fake_diffusion/sd15/sd15_00378.png,1,sd15,id,0.298083
data/processed/train/real/ffhq/53125.png,0,ffhq,id,0.046435
data/processed/train/real/real_camera_train/000000054592.png,0,real_camera_train,id,0.090908
data/processed/train/real/diverse_real/56554.png,0,diverse_real,id,0.003490
data/processed/train/fake_diffusion/cifake/train_2393 (2).png,1,cifake,id,0.795947
data/processed/train/fake_gan/stylegan/VX8Y2CO1WZ.png,1,stylegan,id,0.958955
data/processed/train/real/ffhq/37851.png,0,ffhq,id,0.148247
data/processed/train/fake_diffusion/cifake/train_4030 (9).png,1,cifake,id,0.900251
data/processed/train/real/ffhq/19391.png,0,ffhq,id,0.010116
data/processed/train/real/cifake/test_0404 (7).png,0,cifake,id,0.804356
data/processed/train/fake_gan/stylegan/HJDRBU91MO.png,1,stylegan,id,0.096729
data/processed/train/real/diverse_real/31292.png,0,diverse_real,id,0.005649
data/processed/train/fake_diffusion/cifake/train_5057 (6).png,1,cifake,id,0.652910
data/processed/train/fake_gan/stylegan/UD26AUQR7P.png,1,stylegan,id,0.847096
data/processed/train/real/diverse_real/03816.png,0,diverse_real,id,0.785353
data/processed/train/real/cifake/train_4890.png,0,cifake,id,0.953432
data/processed/train/fake_diffusion/cifake/train_5185 (3).png,1,cifake,id,0.870584
data/processed/train/real/cifake/train_3417 (4).png,0,cifake,id,0.939190
data/processed/train/real/cifake/test_0717 (6).png,0,cifake,id,0.924556
data/processed/train/real/cifake/train_3430 (8).png,0,cifake,id,0.735678
data/processed/train/real/diverse_real/56864.png,0,diverse_real,id,0.614524
data/processed/train/real/ffhq/53494.png,0,ffhq,id,0.275269
data/processed/train/real/real_pexels_train/3893.png,0,real_pexels_train,id,0.952675
data/processed/train/fake_diffusion/cifake/train_4940 (8).png,1,cifake,id,0.420421
data/processed/train/fake_gan/stylegan/RWO11W98K5.png,1,stylegan,id,0.502705
data/processed/train/fake_diffusion/cifake/train_3333 (3).png,1,cifake,id,0.685333
data/processed/train/fake_diffusion/sd15/sd15_01044.png,1,sd15,id,0.781218
data/processed/train/real/cifake/test_0957.png,0,cifake,id,0.751685
data/processed/train/real/cifake/train_3205 (4).png,0,cifake,id,0.742737
data/processed/train/fake_diffusion/sd15/sd15_00552.png,1,sd15,id,0.513915
data/processed/train/real/cifake/train_2325 (3).png,0,cifake,id,0.876503
data/processed/train/real/diverse_real/01717.png,0,diverse_real,id,0.498262
data/processed/train/real/ffhq/15048.png,0,ffhq,id,0.788110
data/processed/train/fake_diffusion/cifake/train_3826 (7).png,1,cifake,id,0.845079
data/processed/train/fake_gan/stylegan/MRGX9TVAG7.png,1,stylegan,id,0.687513
data/processed/train/fake_gan/stylegan/UT6JTU3TVF.png,1,stylegan,id,0.805838
data/processed/train/real/ffhq/46323.png,0,ffhq,id,0.790944
data/processed/train/real/diverse_real/33205.png,0,diverse_real,id,0.205447
data/processed/train/fake_diffusion/sd15/sd15_01719.png,1,sd15,id,0.232757
data/processed/train/fake_gan/stylegan/PNX90AIQKS.png,1,stylegan,id,0.941112
data/processed/train/real/ffhq/22535.png,0,ffhq,id,0.190023
data/processed/train/fake_diffusion/cifake/train_5550 (6).png,1,cifake,id,0.920226
data/processed/train/fake_diffusion/cifake/train_3833 (6).png,1,cifake,id,0.929842
data/processed/train/fake_diffusion/cifake/train_2170 (8).png,1,cifake,id,0.973027
data/processed/train/real/diverse_real/37322.png,0,diverse_real,id,0.219544
data/processed/train/fake_diffusion/cifake/test_568.png,1,cifake,id,0.550922
data/processed/train/fake_gan/stylegan/JVAA5RIF7N.png,1,stylegan,id,0.911956
data/processed/train/real/cifake/test_0076 (5).png,0,cifake,id,0.870652
data/processed/train/real/cifake/train_1833 (4).png,0,cifake,id,0.563741
data/processed/train/fake_diffusion/cifake/test_14 (9).png,1,cifake,id,0.628424
data/processed/train/fake_gan/stylegan/71VEGFLZK5.png,1,stylegan,id,0.065964
data/processed/train/fake_gan/stylegan/FGB5V8038U.png,1,stylegan,id,0.009875
data/processed/train/fake_diffusion/tristanzhang_train/4820.png,1,tristanzhang_train,id,0.560100
data/processed/train/fake_diffusion/cifake/train_2322 (3).png,1,cifake,id,0.330298
data/processed/train/fake_gan/stylegan/7HIMEILJQ5.png,1,stylegan,id,0.054660
data/processed/train/real/ffhq/47651.png,0,ffhq,id,0.030538
data/processed/train/real/cifake/train_2521 (7).png,0,cifake,id,0.451587
data/processed/train/real/cifake/train_1732 (5).png,0,cifake,id,0.622263
data/processed/train/real/ffhq/05775.png,0,ffhq,id,0.106604
data/processed/train/real/cifake/train_2802 (4).png,0,cifake,id,0.994278
data/processed/train/real/cifake/train_2582 (7).png,0,cifake,id,0.652727
data/processed/train/fake_diffusion/cifake/train_4165 (6).png,1,cifake,id,0.835776
data/processed/train/fake_diffusion/sd15/sd15_02464.png,1,sd15,id,0.724611
data/processed/train/real/diverse_real/18157.png,0,diverse_real,id,0.892441
data/processed/train/fake_diffusion/sd15/sd15_01960.png,1,sd15,id,0.424514
data/processed/train/fake_gan/stylegan/BPJMSI87O5.png,1,stylegan,id,0.269007
data/processed/train/real/diverse_real/18633.png,0,diverse_real,id,0.122533
data/processed/train/fake_diffusion/cifake/test_730.png,1,cifake,id,0.920089
data/processed/train/real/cifake/train_1041 (9).png,0,cifake,id,0.792519
data/processed/train/real/diverse_real/17979.png,0,diverse_real,id,0.452376
data/processed/train/real/diverse_real/07898.png,0,diverse_real,id,0.040555
data/processed/train/real/cifake/train_2049 (10).png,0,cifake,id,0.814613
data/processed/train/real/ffhq/48121.png,0,ffhq,id,0.244055
data/processed/train/fake_gan/stylegan/JTWMW4YS24.png,1,stylegan,id,0.518923
data/processed/train/fake_diffusion/cifake/train_5233.png,1,cifake,id,0.954829
data/processed/train/real/cifake/train_2371 (5).png,0,cifake,id,0.974332
data/processed/train/fake_diffusion/cifake/test_495 (3).png,1,cifake,id,0.861154
data/processed/train/fake_diffusion/sd15/sd15_02233.png,1,sd15,id,0.808743
data/processed/train/real/cifake/train_1308 (6).png,0,cifake,id,0.924397
data/processed/train/real/cifake/train_1565 (10).png,0,cifake,id,0.945127
data/processed/train/fake_diffusion/cifake/train_2725 (9).png,1,cifake,id,0.984180
data/processed/train/real/ffhq/41943.png,0,ffhq,id,0.048018
data/processed/train/fake_gan/stylegan/7GV0T241V1.png,1,stylegan,id,0.846907
data/processed/train/real/ffhq/46370.png,0,ffhq,id,0.583483
data/processed/train/real/ffhq/45916.png,0,ffhq,id,0.471100
data/processed/train/fake_diffusion/cifake/train_5248 (8).png,1,cifake,id,0.789089
data/processed/train/real/cifake/train_1784 (9).png,0,cifake,id,0.845853
data/processed/train/fake_diffusion/cifake/train_5166 (10).png,1,cifake,id,0.692151
data/processed/train/real/cifake/train_1238 (8).png,0,cifake,id,0.721411
data/processed/train/real/ffhq/21492.png,0,ffhq,id,0.100482
data/processed/train/real/cifake/train_4599 (4).png,0,cifake,id,0.941930
data/processed/train/real/ffhq/44666.png,0,ffhq,id,0.377254
data/processed/train/fake_diffusion/cifake/train_4105 (9).png,1,cifake,id,0.530685
data/processed/train/fake_diffusion/sd15/sd15_00014.png,1,sd15,id,0.034514
data/processed/train/real/ffhq/00443.png,0,ffhq,id,0.996707
data/processed/train/fake_diffusion/sd15/sd15_01182.png,1,sd15,id,0.545835
data/processed/train/real/cifake/test_0894.png,0,cifake,id,0.864314
data/processed/train/real/cifake/train_0517 (3).png,0,cifake,id,0.798674
data/processed/train/fake_gan/stylegan/DIIAWUD4JS.png,1,stylegan,id,0.994351
data/processed/train/fake_diffusion/cifake/train_1055 (6).png,1,cifake,id,0.849768
data/processed/train/real/cifake/train_1923.png,0,cifake,id,0.675523
data/processed/train/fake_diffusion/cifake/train_3669 (2).png,1,cifake,id,0.817141
data/processed/train/real/cifake/train_3305 (4).png,0,cifake,id,0.952834
data/processed/train/real/cifake/train_4644 (8).png,0,cifake,id,0.839275
data/processed/train/fake_diffusion/cifake/train_3242 (4).png,1,cifake,id,0.813867
data/processed/train/real/diverse_real/50314.png,0,diverse_real,id,0.110159
data/processed/train/fake_diffusion/cifake/test_46.png,1,cifake,id,0.901362
data/processed/train/real/cifake/train_2956 (6).png,0,cifake,id,0.900780
data/processed/train/real/ffhq/26048.png,0,ffhq,id,0.246327
data/processed/train/fake_diffusion/cifake/train_4850 (2).png,1,cifake,id,0.975779
data/processed/train/real/ffhq/49204.png,0,ffhq,id,0.110977
data/processed/train/real/diverse_real/58110.png,0,diverse_real,id,0.051723
data/processed/train/real/ffhq/29730.png,0,ffhq,id,0.087829
data/processed/train/fake_diffusion/sd15/sd15_02404.png,1,sd15,id,0.547402
data/processed/train/real/diverse_real/69848.png,0,diverse_real,id,0.831715
data/processed/train/real/ffhq/41111.png,0,ffhq,id,0.999808
data/processed/train/real/cifake/train_3773 (3).png,0,cifake,id,0.876211
data/processed/train/fake_diffusion/cifake/train_2156 (3).png,1,cifake,id,0.992166
data/processed/train/real/ffhq/18542.png,0,ffhq,id,0.441391
data/processed/train/fake_diffusion/cifake/train_5285 (10).png,1,cifake,id,0.915189
data/processed/train/fake_diffusion/sd15/sd15_01922.png,1,sd15,id,0.535849
data/processed/train/real/ffhq/29373.png,0,ffhq,id,0.055631
data/processed/train/fake_diffusion/sd15/sd15_02191.png,1,sd15,id,0.855926
data/processed/train/fake_gan/stylegan/4WCA6QY0WV.png,1,stylegan,id,0.216399
data/processed/train/fake_gan/stylegan/K5IOH7Y7G5.png,1,stylegan,id,0.279638
data/processed/train/fake_diffusion/sd15/sd15_00252.png,1,sd15,id,0.911695
data/processed/train/fake_gan/stylegan/ACHQK01EEH.png,1,stylegan,id,0.625634
data/processed/train/real/ffhq/36860.png,0,ffhq,id,0.755572
data/processed/train/fake_diffusion/cifake/train_2983 (4).png,1,cifake,id,0.963102
data/processed/train/fake_diffusion/cifake/train_2257 (8).png,1,cifake,id,0.862646
data/processed/train/fake_gan/stylegan/9H8BNHD6QK.png,1,stylegan,id,0.817508
data/processed/train/fake_gan/stylegan/20SQCH74NT.png,1,stylegan,id,0.048618
data/processed/train/fake_diffusion/cifake/train_3352 (3).png,1,cifake,id,0.928069
data/processed/train/fake_diffusion/cifake/train_2776 (4).png,1,cifake,id,0.813760
data/processed/train/real/cifake/train_1054 (6).png,0,cifake,id,0.954929
data/processed/train/real/cifake/test_0009 (2).png,0,cifake,id,0.587273
data/processed/train/fake_diffusion/cifake/train_2396 (9).png,1,cifake,id,0.857963
data/processed/train/real/real_camera_train/000000561889.png,0,real_camera_train,id,0.404904
data/processed/train/fake_diffusion/cifake/train_5575 (3).png,1,cifake,id,0.739193
data/processed/train/fake_diffusion/sd15/sd15_01553.png,1,sd15,id,0.886315
data/processed/train/fake_gan/stylegan/AJU5R8BUDB.png,1,stylegan,id,0.207765
data/processed/train/fake_diffusion/cifake/train_3547 (9).png,1,cifake,id,0.964150
data/processed/train/fake_diffusion/cifake/train_4960 (3).png,1,cifake,id,0.921622
data/processed/train/real/ffhq/19656.png,0,ffhq,id,0.022476
data/processed/train/fake_gan/stylegan/XDP9LPHFJM.png,1,stylegan,id,0.873941
data/processed/train/real/cifake/train_0661.png,0,cifake,id,0.794826
data/processed/train/real/cifake/train_3918 (6).png,0,cifake,id,0.979389
data/processed/train/real/diverse_real/31992.png,0,diverse_real,id,0.098072
data/processed/train/real/cifake/train_4817 (3).png,0,cifake,id,0.730704
data/processed/train/real/cifake/test_0901 (5).png,0,cifake,id,0.864887
data/processed/train/real/cifake/train_2112 (8).png,0,cifake,id,0.678923
data/processed/train/fake_diffusion/cifake/train_2138 (3).png,1,cifake,id,0.944469
data/processed/train/real/ffhq/44139.png,0,ffhq,id,0.118585
data/processed/train/fake_diffusion/cifake/train_1298 (2).png,1,cifake,id,0.902251
data/processed/train/real/diverse_real/55086.png,0,diverse_real,id,0.129674
data/processed/train/real/cifake/train_4358 (9).png,0,cifake,id,0.821366
data/processed/train/real/cifake/train_2726 (5).png,0,cifake,id,0.936116
data/processed/train/fake_gan/stylegan/SMSDDO44YN.png,1,stylegan,id,0.168964
data/processed/train/real/cifake/train_3978 (6).png,0,cifake,id,0.930761
data/processed/train/fake_diffusion/cifake/train_5255.png,1,cifake,id,0.951017
data/processed/train/real/cifake/test_0968 (2).png,0,cifake,id,0.796366
data/processed/train/fake_diffusion/sd15/sd15_00813.png,1,sd15,id,0.628631
data/processed/train/fake_diffusion/cifake/train_2275 (4).png,1,cifake,id,0.900123
data/processed/train/real/diverse_real/65138.png,0,diverse_real,id,0.890886
data/processed/train/fake_gan/stylegan/5GUIK59EWC.png,1,stylegan,id,0.038212
data/processed/train/fake_gan/stylegan/0WQPMZVI1A.png,1,stylegan,id,0.094521
data/processed/train/fake_gan/stylegan/VVIVB3WQQX.png,1,stylegan,id,0.124334
data/processed/train/fake_gan/stylegan/0ZNBZK48L5.png,1,stylegan,id,0.976583
data/processed/train/real/ffhq/11362.png,0,ffhq,id,0.998673
data/processed/train/fake_diffusion/sd15/sd15_01761.png,1,sd15,id,0.200721
data/processed/train/real/cifake/train_3259 (7).png,0,cifake,id,0.973500
data/processed/train/fake_diffusion/cifake/train_2024 (5).png,1,cifake,id,0.883645
data/processed/train/fake_diffusion/cifake/train_5113.png,1,cifake,id,0.764204
data/processed/train/real/ffhq/22644.png,0,ffhq,id,0.012407
data/processed/train/fake_diffusion/sd15/sd15_01525.png,1,sd15,id,0.613035
data/processed/train/real/ffhq/35023.png,0,ffhq,id,0.136399
data/processed/train/real/real_pexels_train/2867.png,0,real_pexels_train,id,0.367026
data/processed/train/fake_diffusion/sd15/sd15_01416.png,1,sd15,id,0.654351
data/processed/train/real/cifake/test_0960 (3).png,0,cifake,id,0.740260
data/processed/train/fake_gan/stylegan/AQ9D0SUWL7.png,1,stylegan,id,0.291017
data/processed/train/fake_diffusion/cifake/test_110 (8).png,1,cifake,id,0.982523
data/processed/train/fake_gan/stylegan/HJUFNU7ZI5.png,1,stylegan,id,0.886394
data/processed/train/fake_diffusion/cifake/train_2307 (4).png,1,cifake,id,0.941108
data/processed/train/real/cifake/train_1233 (7).png,0,cifake,id,0.910127
data/processed/train/real/ffhq/01776.png,0,ffhq,id,0.323549
data/processed/train/fake_diffusion/cifake/train_1365 (7).png,1,cifake,id,0.913932
data/processed/train/real/ffhq/30074.png,0,ffhq,id,0.814157
data/processed/train/fake_diffusion/cifake/train_4762 (4).png,1,cifake,id,0.898997
data/processed/train/real/cifake/train_1922 (7).png,0,cifake,id,0.945753
data/processed/train/real/cifake/test_0982.png,0,cifake,id,0.780538
data/processed/train/real/cifake/test_0871 (5).png,0,cifake,id,0.919386
data/processed/train/fake_diffusion/sd15/sd15_01169.png,1,sd15,id,0.425997
data/processed/train/fake_diffusion/sd15/sd15_02419.png,1,sd15,id,0.879509
data/processed/train/fake_diffusion/cifake/train_2692 (4).png,1,cifake,id,0.936077
data/processed/train/fake_gan/stylegan/18S0GFDVBQ.png,1,stylegan,id,0.691582
data/processed/train/fake_diffusion/cifake/train_3405 (8).png,1,cifake,id,0.970400
data/processed/train/fake_diffusion/cifake/train_1782 (3).png,1,cifake,id,0.660560
data/processed/train/fake_diffusion/cifake/train_5198 (2).png,1,cifake,id,0.598015
data/processed/train/fake_diffusion/cifake/test_669.png,1,cifake,id,0.614215
data/processed/train/real/ffhq/07736.png,0,ffhq,id,0.953905
data/processed/train/fake_gan/stylegan/J52ITG0X9R.png,1,stylegan,id,0.027350
data/processed/train/fake_diffusion/tristanzhang_train/5745.png,1,tristanzhang_train,id,0.338569
data/processed/train/real/cifake/train_1506 (2).png,0,cifake,id,0.657387
data/processed/train/real/ffhq/01030.png,0,ffhq,id,0.348209
data/processed/train/fake_diffusion/cifake/train_3430 (4).png,1,cifake,id,0.701841
data/processed/train/fake_diffusion/cifake/train_5393 (9).png,1,cifake,id,0.709994
data/processed/train/fake_diffusion/cifake/train_5466 (4).png,1,cifake,id,0.805028
data/processed/train/fake_gan/stylegan/VW3JMY0309.png,1,stylegan,id,0.075932
data/processed/train/real/cifake/train_4292 (5).png,0,cifake,id,0.941009
data/processed/train/real/diverse_real/52306.png,0,diverse_real,id,0.652321
data/processed/train/fake_diffusion/tristanzhang_train/0946.png,1,tristanzhang_train,id,0.348384
data/processed/train/real/cifake/train_2429 (5).png,0,cifake,id,0.931599
data/processed/train/fake_diffusion/cifake/test_301 (8).png,1,cifake,id,0.719289
data/processed/train/fake_diffusion/cifake/train_4625 (9).png,1,cifake,id,0.604303
data/processed/train/fake_diffusion/cifake/train_2744 (6).png,1,cifake,id,0.865625
data/processed/train/real/ffhq/23449.png,0,ffhq,id,0.013757
data/processed/train/fake_diffusion/cifake/train_1312.png,1,cifake,id,0.958283
data/processed/train/real/cifake/train_2978 (4).png,0,cifake,id,0.902651
data/processed/train/fake_diffusion/cifake/train_4759 (9).png,1,cifake,id,0.731939
data/processed/train/real/cifake/test_0230 (8).png,0,cifake,id,0.854056
data/processed/train/fake_diffusion/cifake/train_3347 (3).png,1,cifake,id,0.680545
data/processed/train/fake_gan/stylegan/VBLA0LFK5H.png,1,stylegan,id,0.141877
data/processed/train/fake_diffusion/cifake/train_2863 (10).png,1,cifake,id,0.816568
data/processed/train/real/real_camera_train/000000445602.png,0,real_camera_train,id,0.479162
data/processed/train/real/real_pexels_train/1470.png,0,real_pexels_train,id,0.513206
data/processed/train/fake_diffusion/sd15/sd15_00484.png,1,sd15,id,0.888466
data/processed/train/real/cifake/train_1192 (6).png,0,cifake,id,0.947441
data/processed/train/fake_gan/stylegan/WL6AM0PIWB.png,1,stylegan,id,0.947979
data/processed/train/fake_diffusion/cifake/train_4498 (3).png,1,cifake,id,0.988263
data/processed/train/fake_diffusion/sd15/sd15_01326.png,1,sd15,id,0.978237
data/processed/train/fake_diffusion/sd15/sd15_00185.png,1,sd15,id,0.802992
data/processed/train/fake_gan/stylegan/ZE81DSHJL0.png,1,stylegan,id,0.999843
data/processed/train/fake_diffusion/cifake/train_5084 (5).png,1,cifake,id,0.962532
data/processed/train/fake_diffusion/cifake/train_4588 (6).png,1,cifake,id,0.824923
data/processed/train/fake_gan/stylegan/G4QIP0BUDN.png,1,stylegan,id,0.021839
data/processed/train/real/cifake/train_2437 (10).png,0,cifake,id,0.880086
data/processed/train/fake_gan/stylegan/JIDOY2U7DQ.png,1,stylegan,id,0.027857
data/processed/train/fake_gan/stylegan/IO8HOS3G0D.png,1,stylegan,id,0.690712
data/processed/train/real/ffhq/39316.png,0,ffhq,id,0.641933
data/processed/train/fake_diffusion/cifake/train_1013 (5).png,1,cifake,id,0.939334
data/processed/train/real/diverse_real/58647.png,0,diverse_real,id,0.016180
data/processed/train/real/ffhq/20119.png,0,ffhq,id,0.130459
data/processed/train/fake_diffusion/cifake/train_5375 (10).png,1,cifake,id,0.907880
data/processed/train/real/cifake/train_0481 (7).png,0,cifake,id,0.778447
data/processed/train/real/cifake/test_0592 (5).png,0,cifake,id,0.982673
data/processed/train/real/ffhq/44421.png,0,ffhq,id,0.665957
data/processed/train/real/cifake/train_4384 (3).png,0,cifake,id,0.954166
data/processed/train/fake_diffusion/cifake/train_4354 (10).png,1,cifake,id,0.465411
data/processed/train/fake_diffusion/sd15/sd15_02213.png,1,sd15,id,0.779983
data/processed/train/fake_diffusion/cifake/train_5244 (2).png,1,cifake,id,0.909324
data/processed/train/fake_diffusion/cifake/train_1878 (8).png,1,cifake,id,0.968905
data/processed/train/fake_diffusion/cifake/train_1422 (3).png,1,cifake,id,0.980770
data/processed/train/fake_diffusion/cifake/train_1763.png,1,cifake,id,0.915856
data/processed/train/real/cifake/test_0438 (3).png,0,cifake,id,0.979102
data/processed/train/real/ffhq/01721.png,0,ffhq,id,0.741594
data/processed/train/fake_diffusion/sd15/sd15_01756.png,1,sd15,id,0.764251
data/processed/train/real/cifake/train_0595.png,0,cifake,id,0.716836
data/processed/train/real/cifake/train_3515 (3).png,0,cifake,id,0.728572
data/processed/train/real/cifake/train_3203 (4).png,0,cifake,id,0.803400
data/processed/train/fake_diffusion/cifake/train_3360 (7).png,1,cifake,id,0.984567
data/processed/train/real/ffhq/47211.png,0,ffhq,id,0.038347
data/processed/train/fake_diffusion/cifake/train_3173.png,1,cifake,id,0.616107
data/processed/train/fake_gan/stylegan/L65IYPR9EY.png,1,stylegan,id,0.919118
data/processed/train/real/cifake/train_2141 (2).png,0,cifake,id,0.894597
data/processed/train/fake_gan/stylegan/IIV4FITN44.png,1,stylegan,id,0.193040
data/processed/train/real/diverse_real/56984.png,0,diverse_real,id,0.292421
data/processed/train/real/real_pexels_train/4462.png,0,real_pexels_train,id,0.792578
data/processed/train/fake_diffusion/cifake/train_1961 (6).png,1,cifake,id,0.838809
data/processed/train/fake_gan/stylegan/UV08ZNCV8Q.png,1,stylegan,id,0.992926
data/processed/train/fake_gan/stylegan/18H635BCRY.png,1,stylegan,id,0.966798
data/processed/train/fake_diffusion/cifake/train_4033 (8).png,1,cifake,id,0.766195
data/processed/train/fake_diffusion/sd15/sd15_01204.png,1,sd15,id,0.659330
data/processed/train/fake_diffusion/cifake/train_5812 (2).png,1,cifake,id,0.875450
data/processed/train/fake_diffusion/cifake/test_435 (5).png,1,cifake,id,0.988965
data/processed/train/fake_diffusion/sd15/sd15_00652.png,1,sd15,id,0.899327
data/processed/train/real/ffhq/18457.png,0,ffhq,id,0.442355
data/processed/train/fake_diffusion/cifake/train_4503.png,1,cifake,id,0.905048
data/processed/train/fake_diffusion/cifake/train_4431 (7).png,1,cifake,id,0.868093
data/processed/train/real/cifake/test_0853 (5).png,0,cifake,id,0.978077
data/processed/train/real/ffhq/48462.png,0,ffhq,id,0.057370
data/processed/train/fake_diffusion/cifake/train_3628 (3).png,1,cifake,id,0.986885
data/processed/train/fake_diffusion/sd15/sd15_00323.png,1,sd15,id,0.494872
data/processed/train/real/cifake/train_1086 (9).png,0,cifake,id,0.888640
data/processed/train/real/cifake/train_2225 (10).png,0,cifake,id,0.847956
data/processed/train/fake_diffusion/cifake/train_5358 (7).png,1,cifake,id,0.908356
data/processed/train/fake_diffusion/cifake/train_1484.png,1,cifake,id,0.965100
data/processed/train/fake_diffusion/cifake/train_1190 (10).png,1,cifake,id,0.498464
data/processed/train/real/cifake/test_0101 (5).png,0,cifake,id,0.807500
data/processed/train/real/diverse_real/60666.png,0,diverse_real,id,0.982521
data/processed/train/real/ffhq/35500.png,0,ffhq,id,0.347603
data/processed/train/real/diverse_real/30732.png,0,diverse_real,id,0.618379
data/processed/train/fake_gan/stylegan/U1PVZLISZZ.png,1,stylegan,id,0.815162
data/processed/train/real/ffhq/04847.png,0,ffhq,id,0.002778
data/processed/train/fake_diffusion/sd15/sd15_00183.png,1,sd15,id,0.465775
data/processed/train/fake_gan/stylegan/SGODPLQ3B9.png,1,stylegan,id,0.230958
data/processed/train/fake_diffusion/cifake/test_879 (8).png,1,cifake,id,0.877328
data/processed/train/real/ffhq/19479.png,0,ffhq,id,0.042412
data/processed/train/fake_diffusion/cifake/train_2239 (3).png,1,cifake,id,0.971891
data/processed/train/real/cifake/train_1556 (7).png,0,cifake,id,0.882789
data/processed/train/real/cifake/train_2374 (2).png,0,cifake,id,0.444541
data/processed/train/fake_diffusion/cifake/train_4701 (8).png,1,cifake,id,0.863161
data/processed/train/fake_diffusion/cifake/train_2407 (9).png,1,cifake,id,0.868586
data/processed/train/fake_gan/stylegan/78HI89EK14.png,1,stylegan,id,0.474425
data/processed/train/real/cifake/train_1680 (7).png,0,cifake,id,0.692333
data/processed/train/fake_diffusion/cifake/train_3308.png,1,cifake,id,0.931311
data/processed/train/fake_diffusion/cifake/train_1769 (10).png,1,cifake,id,0.510733
data/processed/train/fake_gan/stylegan/FNL9IUJ6MH.png,1,stylegan,id,0.636312
data/processed/train/fake_gan/stylegan/UVW4SCEWY6.png,1,stylegan,id,0.394628
data/processed/train/fake_gan/stylegan/BFGRDZR1X4.png,1,stylegan,id,0.613324
data/processed/train/real/real_pexels_train/3623.png,0,real_pexels_train,id,0.023641
data/processed/train/fake_diffusion/sd15/sd15_01202.png,1,sd15,id,0.694094
data/processed/train/real/cifake/train_0631 (2).png,0,cifake,id,0.928713
data/processed/train/real/diverse_real/69940.png,0,diverse_real,id,0.718076
data/processed/train/real/ffhq/18601.png,0,ffhq,id,0.625908
data/processed/train/real/cifake/train_2006 (8).png,0,cifake,id,0.706701
data/processed/train/fake_diffusion/cifake/train_3710 (4).png,1,cifake,id,0.745492
data/processed/train/fake_diffusion/cifake/train_1799 (5).png,1,cifake,id,0.938754
data/processed/train/fake_gan/stylegan/HDL8W83WFO.png,1,stylegan,id,0.015643
data/processed/train/fake_gan/stylegan/HTZVJQCY5J.png,1,stylegan,id,0.976684
data/processed/train/real/ffhq/05852.png,0,ffhq,id,0.890434
data/processed/train/real/ffhq/15886.png,0,ffhq,id,0.005422
data/processed/train/real/real_pexels_train/1895.png,0,real_pexels_train,id,0.947053
data/processed/train/real/cifake/train_3823 (10).png,0,cifake,id,0.911365
data/processed/train/fake_diffusion/sd15/sd15_02438.png,1,sd15,id,0.771834
data/processed/train/fake_gan/stylegan/AODKVK0LLF.png,1,stylegan,id,0.847799
data/processed/train/real/diverse_real/24271.png,0,diverse_real,id,0.535380
data/processed/train/real/cifake/train_4152 (6).png,0,cifake,id,0.969579
data/processed/train/fake_gan/stylegan/R4J0RQWFZM.png,1,stylegan,id,0.788426
data/processed/train/real/ffhq/04860.png,0,ffhq,id,0.996124
data/processed/train/fake_diffusion/cifake/train_1907 (10).png,1,cifake,id,0.929413
data/processed/train/fake_diffusion/cifake/train_4151 (3).png,1,cifake,id,0.879677
data/processed/train/fake_gan/stylegan/NPEO08T473.png,1,stylegan,id,0.979331
data/processed/train/real/ffhq/15203.png,0,ffhq,id,0.394915
data/processed/train/fake_gan/stylegan/0AAY6DBXJA.png,1,stylegan,id,0.907429
data/processed/train/real/diverse_real/45466.png,0,diverse_real,id,0.706527
data/processed/train/real/diverse_real/07797.png,0,diverse_real,id,0.009244
data/processed/train/real/cifake/train_1163 (10).png,0,cifake,id,0.907360
data/processed/train/real/cifake/train_3498.png,0,cifake,id,0.665287
data/processed/train/fake_diffusion/tristanzhang_train/2033.png,1,tristanzhang_train,id,0.024592
data/processed/train/fake_diffusion/cifake/train_1799 (9).png,1,cifake,id,0.884007
data/processed/train/real/diverse_real/59943.png,0,diverse_real,id,0.072455
data/processed/train/fake_diffusion/cifake/train_3692 (7).png,1,cifake,id,0.485952
data/processed/train/fake_diffusion/cifake/train_1650 (8).png,1,cifake,id,0.939497
data/processed/train/real/diverse_real/04272.png,0,diverse_real,id,0.150005
data/processed/train/fake_diffusion/sd15/sd15_00135.png,1,sd15,id,0.696750
data/processed/train/fake_gan/stylegan/69FK0KRTOH.png,1,stylegan,id,0.759305
data/processed/train/real/ffhq/52072.png,0,ffhq,id,0.121556
data/processed/train/real/cifake/train_2568 (8).png,0,cifake,id,0.735656
data/processed/train/fake_diffusion/cifake/train_3018 (4).png,1,cifake,id,0.976115
data/processed/train/real/diverse_real/46748.png,0,diverse_real,id,0.068754
data/processed/train/fake_diffusion/cifake/train_3143 (8).png,1,cifake,id,0.780893
data/processed/train/fake_gan/stylegan/H61ZDBZCMG.png,1,stylegan,id,0.000514
data/processed/train/fake_diffusion/cifake/train_4155 (6).png,1,cifake,id,0.980335
data/processed/train/real/cifake/train_2882 (8).png,0,cifake,id,0.548347
data/processed/train/real/ffhq/21611.png,0,ffhq,id,0.016238
data/processed/train/fake_diffusion/cifake/train_1942 (9).png,1,cifake,id,0.648821
data/processed/train/real/ffhq/26421.png,0,ffhq,id,0.592925
data/processed/train/fake_diffusion/sd15/sd15_02456.png,1,sd15,id,0.220353
data/processed/train/fake_diffusion/cifake/train_1901 (5).png,1,cifake,id,0.872610
data/processed/train/real/ffhq/30122.png,0,ffhq,id,0.006973
data/processed/train/fake_diffusion/cifake/train_3180 (6).png,1,cifake,id,0.908372
data/processed/train/fake_gan/stylegan/PRM8UWJ3T4.png,1,stylegan,id,0.024931
data/processed/train/real/real_pexels_train/3889.png,0,real_pexels_train,id,0.203226
data/processed/train/real/cifake/train_2895 (3).png,0,cifake,id,0.880304
data/processed/train/real/ffhq/24122.png,0,ffhq,id,0.725449
data/processed/train/real/cifake/train_4830 (4).png,0,cifake,id,0.768750
data/processed/train/real/cifake/train_3575 (9).png,0,cifake,id,0.958348
data/processed/train/fake_diffusion/cifake/test_52 (7).png,1,cifake,id,0.917764
data/processed/train/fake_gan/stylegan/J76HJWT1UP.png,1,stylegan,id,0.029756
data/processed/train/fake_gan/stylegan/VK3JQJ0JR1.png,1,stylegan,id,0.804841
data/processed/train/real/ffhq/16485.png,0,ffhq,id,0.678546
data/processed/train/real/cifake/train_2213 (6).png,0,cifake,id,0.713793
data/processed/train/real/cifake/test_0843 (10).png,0,cifake,id,0.890177
data/processed/train/real/ffhq/16267.png,0,ffhq,id,0.358609
data/processed/train/real/cifake/train_1725 (6).png,0,cifake,id,0.973767
data/processed/train/real/ffhq/00522.png,0,ffhq,id,0.998507
data/processed/train/fake_diffusion/cifake/train_3797 (6).png,1,cifake,id,0.814851
data/processed/train/real/cifake/train_1138 (5).png,0,cifake,id,0.879532
data/processed/train/fake_gan/stylegan/X6D4VTK41P.png,1,stylegan,id,0.304638
data/processed/train/fake_diffusion/cifake/train_5312 (10).png,1,cifake,id,0.896866
data/processed/train/real/diverse_real/50522.png,0,diverse_real,id,0.061701
data/processed/train/real/cifake/test_0266 (9).png,0,cifake,id,0.926548
data/processed/train/fake_diffusion/sd15/sd15_00275.png,1,sd15,id,0.488046
data/processed/train/real/cifake/train_1577 (3).png,0,cifake,id,0.903911
data/processed/train/real/ffhq/39383.png,0,ffhq,id,0.034575
data/processed/train/fake_diffusion/cifake/train_2841 (4).png,1,cifake,id,0.839426
data/processed/train/real/ffhq/20049.png,0,ffhq,id,0.869769
data/processed/train/real/ffhq/12350.png,0,ffhq,id,0.723298
data/processed/train/real/diverse_real/11743.png,0,diverse_real,id,0.473206
data/processed/train/fake_diffusion/cifake/train_1130 (5).png,1,cifake,id,0.955156
data/processed/train/real/ffhq/13174.png,0,ffhq,id,0.839459
data/processed/train/fake_diffusion/sd15/sd15_00797.png,1,sd15,id,0.283632
data/processed/train/fake_diffusion/cifake/train_2209 (2).png,1,cifake,id,0.662770
data/processed/train/real/real_pexels_train/4611.png,0,real_pexels_train,id,0.555960
data/processed/train/real/cifake/train_0643 (7).png,0,cifake,id,0.954620
data/processed/train/real/ffhq/36031.png,0,ffhq,id,0.910964
data/processed/train/real/diverse_real/68152.png,0,diverse_real,id,0.981990
data/processed/train/real/cifake/test_0189 (3).png,0,cifake,id,0.901019
data/processed/train/real/diverse_real/33577.png,0,diverse_real,id,0.999660
data/processed/train/real/cifake/train_2947 (8).png,0,cifake,id,0.959194
data/processed/train/real/diverse_real/48107.png,0,diverse_real,id,0.078346
data/processed/train/fake_diffusion/cifake/train_2791 (3).png,1,cifake,id,0.792306
data/processed/train/fake_gan/stylegan/VYPT9GU8Z0.png,1,stylegan,id,0.934716
data/processed/train/fake_gan/stylegan/TESDHOJYIJ.png,1,stylegan,id,0.985856
data/processed/train/real/ffhq/26596.png,0,ffhq,id,0.060808
data/processed/train/real/diverse_real/54171.png,0,diverse_real,id,0.016130
data/processed/train/fake_diffusion/cifake/train_2014 (10).png,1,cifake,id,0.752050
data/processed/train/fake_gan/stylegan/1XOJ7WB238.png,1,stylegan,id,0.098183
data/processed/train/real/cifake/train_0852 (8).png,0,cifake,id,0.869427
data/processed/train/fake_diffusion/cifake/train_2061 (7).png,1,cifake,id,0.961032
data/processed/train/fake_diffusion/sd15/sd15_02491.png,1,sd15,id,0.965387
data/processed/train/real/diverse_real/49376.png,0,diverse_real,id,0.262246
data/processed/train/real/diverse_real/01257.png,0,diverse_real,id,0.972316
data/processed/train/real/cifake/train_2104 (9).png,0,cifake,id,0.918881
data/processed/train/fake_diffusion/sd15/sd15_01205.png,1,sd15,id,0.606913
data/processed/train/real/cifake/train_4379 (3).png,0,cifake,id,0.925598
data/processed/train/real/cifake/train_0639 (8).png,0,cifake,id,0.909656
data/processed/train/real/cifake/train_2415 (6).png,0,cifake,id,0.785792
data/processed/train/fake_gan/stylegan/O434GHE1FX.png,1,stylegan,id,0.999625
data/processed/train/fake_gan/stylegan/RA7CNA1JIR.png,1,stylegan,id,0.762554
data/processed/train/fake_diffusion/cifake/train_1594 (2).png,1,cifake,id,0.725610
data/processed/train/fake_gan/stylegan/YCQV75TVTZ.png,1,stylegan,id,0.043036
data/processed/train/real/diverse_real/59447.png,0,diverse_real,id,0.324665
data/processed/train/real/diverse_real/65034.png,0,diverse_real,id,0.086802
data/processed/train/fake_diffusion/sd15/sd15_00298.png,1,sd15,id,0.982610
data/processed/train/real/real_pexels_train/1252.png,0,real_pexels_train,id,0.670593
data/processed/train/fake_diffusion/cifake/train_3574 (8).png,1,cifake,id,0.977972
data/processed/train/fake_diffusion/cifake/train_4510 (5).png,1,cifake,id,0.964839
data/processed/train/fake_diffusion/sd15/sd15_01092.png,1,sd15,id,0.632989
data/processed/train/fake_diffusion/cifake/train_4676 (8).png,1,cifake,id,0.835806
data/processed/train/real/ffhq/47444.png,0,ffhq,id,0.057937
data/processed/train/real/cifake/train_2775 (9).png,0,cifake,id,0.926482
data/processed/train/fake_diffusion/cifake/train_5168.png,1,cifake,id,0.642160
data/processed/train/real/cifake/train_2254 (7).png,0,cifake,id,0.977693
data/processed/train/fake_gan/stylegan/51DK3HFA7M.png,1,stylegan,id,0.925030
data/processed/train/real/cifake/train_3225 (9).png,0,cifake,id,0.785149
data/processed/train/fake_diffusion/cifake/test_224 (10).png,1,cifake,id,0.361441
data/processed/train/fake_diffusion/cifake/train_1058 (6).png,1,cifake,id,0.712701
data/processed/train/fake_diffusion/cifake/train_3994 (4).png,1,cifake,id,0.831085
data/processed/train/fake_diffusion/sd15/sd15_02409.png,1,sd15,id,0.953742
data/processed/train/fake_diffusion/cifake/test_71 (10).png,1,cifake,id,0.585075
data/processed/train/fake_gan/stylegan/7TL49JDTTS.png,1,stylegan,id,0.989068
data/processed/train/real/cifake/train_2548 (5).png,0,cifake,id,0.968548
data/processed/train/real/ffhq/29402.png,0,ffhq,id,0.006926
data/processed/train/fake_diffusion/sd15/sd15_02430.png,1,sd15,id,0.382169
data/processed/train/fake_gan/stylegan/BBEPAEEDDW.png,1,stylegan,id,0.838714
data/processed/train/real/cifake/train_1761 (4).png,0,cifake,id,0.945174
data/processed/train/fake_diffusion/cifake/train_4038 (2).png,1,cifake,id,0.821411
data/processed/train/real/ffhq/17566.png,0,ffhq,id,0.074049
data/processed/train/real/cifake/train_0760 (2).png,0,cifake,id,0.978476
data/processed/train/fake_diffusion/cifake/train_4042 (7).png,1,cifake,id,0.753861
data/processed/train/real/cifake/train_1162 (8).png,0,cifake,id,0.888684
data/processed/train/real/cifake/train_3081 (10).png,0,cifake,id,0.935278
data/processed/train/fake_diffusion/sd15/sd15_00861.png,1,sd15,id,0.505607
data/processed/train/fake_gan/stylegan/Z865SLZP0K.png,1,stylegan,id,0.062326
data/processed/train/real/cifake/train_4125 (6).png,0,cifake,id,0.909787
data/processed/train/real/cifake/train_3714.png,0,cifake,id,0.742987
data/processed/train/real/diverse_real/28381.png,0,diverse_real,id,0.031995
data/processed/train/real/ffhq/13092.png,0,ffhq,id,0.045811
data/processed/train/fake_diffusion/sd15/sd15_00424.png,1,sd15,id,0.081378
data/processed/train/real/cifake/train_0439.png,0,cifake,id,0.949375
data/processed/train/fake_gan/stylegan/HZX5V4O3FJ.png,1,stylegan,id,0.828153
data/processed/train/fake_gan/stylegan/WK3PDMDMMX.png,1,stylegan,id,0.114400
data/processed/train/real/diverse_real/27745.png,0,diverse_real,id,0.000605
data/processed/train/fake_diffusion/cifake/test_44 (10).png,1,cifake,id,0.452618
data/processed/train/fake_gan/stylegan/CCVOC4YOB5.png,1,stylegan,id,0.962986
data/processed/train/fake_diffusion/cifake/test_582 (8).png,1,cifake,id,0.886061
data/processed/train/fake_gan/stylegan/8FUAUEZXOK.png,1,stylegan,id,0.020177
data/processed/train/real/cifake/train_4562 (2).png,0,cifake,id,0.865838
data/processed/train/fake_gan/stylegan/YY6KP2S4HE.png,1,stylegan,id,0.212512
data/processed/train/real/cifake/train_3966 (10).png,0,cifake,id,0.573029
data/processed/train/real/ffhq/05679.png,0,ffhq,id,0.998730
data/processed/train/real/ffhq/23606.png,0,ffhq,id,0.110309
data/processed/train/fake_gan/stylegan/S3Y5MD2NA1.png,1,stylegan,id,0.977041
data/processed/train/fake_diffusion/cifake/train_3899 (4).png,1,cifake,id,0.962775
data/processed/train/real/cifake/train_3861 (9).png,0,cifake,id,0.531539
data/processed/train/real/diverse_real/22982.png,0,diverse_real,id,0.648413
data/processed/train/fake_gan/stylegan/1VAXNFVDWO.png,1,stylegan,id,0.070709
data/processed/train/fake_gan/stylegan/F02POAIQ4F.png,1,stylegan,id,0.903865
data/processed/train/fake_diffusion/cifake/train_4794 (4).png,1,cifake,id,0.914674
data/processed/train/real/ffhq/01306.png,0,ffhq,id,0.126814
data/processed/train/real/ffhq/38530.png,0,ffhq,id,0.311820
data/processed/train/real/cifake/train_2918 (7).png,0,cifake,id,0.790541
data/processed/train/real/ffhq/38308.png,0,ffhq,id,0.966295
data/processed/train/fake_diffusion/sd15/sd15_00643.png,1,sd15,id,0.125566
data/processed/train/real/ffhq/19050.png,0,ffhq,id,0.042786
data/processed/train/fake_gan/stylegan/QFGMFYPO63.png,1,stylegan,id,0.989347
data/processed/train/real/cifake/train_1640.png,0,cifake,id,0.905686
data/processed/train/fake_diffusion/sd15/sd15_00596.png,1,sd15,id,0.318324
data/processed/train/fake_gan/stylegan/W1HHYF6D92.png,1,stylegan,id,0.369396
data/processed/train/real/real_camera_train/000000270386.png,0,real_camera_train,id,0.710407
data/processed/train/fake_diffusion/cifake/train_3880 (7).png,1,cifake,id,0.839913
data/processed/train/fake_gan/stylegan/1GX1MYXN66.png,1,stylegan,id,0.007922
data/processed/train/fake_diffusion/cifake/test_122 (3).png,1,cifake,id,0.920477
data/processed/train/real/cifake/train_0331 (6).png,0,cifake,id,0.969421
data/processed/train/real/cifake/train_0552 (2).png,0,cifake,id,0.460897
data/processed/train/real/real_camera_train/000000343976.png,0,real_camera_train,id,0.310394
data/processed/train/real/real_pexels_train/3534.png,0,real_pexels_train,id,0.665803
data/processed/train/real/ffhq/16452.png,0,ffhq,id,0.462362
data/processed/train/real/cifake/train_2481.png,0,cifake,id,0.887561
data/processed/train/fake_gan/stylegan/9N5O67YOYK.png,1,stylegan,id,0.016663
data/processed/train/fake_diffusion/cifake/train_2832 (6).png,1,cifake,id,0.907213
data/processed/train/fake_diffusion/cifake/train_2721 (5).png,1,cifake,id,0.875277
data/processed/train/fake_diffusion/cifake/train_4993.png,1,cifake,id,0.485602
data/processed/train/real/cifake/train_3837 (6).png,0,cifake,id,0.897464
data/processed/train/real/cifake/train_0701 (4).png,0,cifake,id,0.887660
data/processed/train/fake_diffusion/sd15/sd15_02012.png,1,sd15,id,0.463800
data/processed/train/fake_gan/stylegan/79LVI4D7XM.png,1,stylegan,id,0.967779
data/processed/train/real/diverse_real/69155.png,0,diverse_real,id,0.347444
data/processed/train/fake_gan/stylegan/I670EYJ7UJ.png,1,stylegan,id,0.989664
data/processed/train/real/real_camera_train/000000230008.png,0,real_camera_train,id,0.478216
data/processed/train/real/ffhq/47253.png,0,ffhq,id,0.625230
data/processed/train/fake_gan/stylegan/HT2OH968XC.png,1,stylegan,id,0.824404
data/processed/train/fake_gan/stylegan/ZOQ0ALAGJN.png,1,stylegan,id,0.990754
data/processed/train/fake_diffusion/cifake/train_4538 (5).png,1,cifake,id,0.955884
data/processed/train/real/cifake/train_0418 (6).png,0,cifake,id,0.867401
data/processed/train/fake_diffusion/cifake/train_2557 (5).png,1,cifake,id,0.950942
data/processed/train/real/ffhq/50867.png,0,ffhq,id,0.019687
data/processed/train/fake_diffusion/cifake/train_1591 (10).png,1,cifake,id,0.890465
data/processed/train/fake_gan/stylegan/S3PLURZL81.png,1,stylegan,id,0.085066
data/processed/train/fake_gan/stylegan/GFWERTQAJT.png,1,stylegan,id,0.306455
data/processed/train/fake_diffusion/cifake/train_1183 (4).png,1,cifake,id,0.754240
data/processed/train/fake_diffusion/cifake/train_3949 (6).png,1,cifake,id,0.820594
data/processed/train/fake_diffusion/sd15/sd15_02463.png,1,sd15,id,0.727915
data/processed/train/real/ffhq/42615.png,0,ffhq,id,0.991065
data/processed/train/fake_diffusion/cifake/train_2955 (9).png,1,cifake,id,0.839440
data/processed/train/real/ffhq/44889.png,0,ffhq,id,0.769581
data/processed/train/fake_diffusion/cifake/train_1993 (6).png,1,cifake,id,0.732327
data/processed/train/real/ffhq/47127.png,0,ffhq,id,0.997244
data/processed/train/real/cifake/train_0155 (7).png,0,cifake,id,0.612590
data/processed/train/fake_gan/stylegan/VEVKA7ZCI7.png,1,stylegan,id,0.018280
data/processed/train/fake_gan/stylegan/NA4S63AAKZ.png,1,stylegan,id,0.149559
data/processed/train/real/diverse_real/27538.png,0,diverse_real,id,0.324825
data/processed/train/real/cifake/train_0873 (9).png,0,cifake,id,0.883129
data/processed/train/fake_diffusion/cifake/train_5037 (3).png,1,cifake,id,0.683381
data/processed/train/real/ffhq/38903.png,0,ffhq,id,0.418652
data/processed/train/fake_diffusion/sd15/sd15_01969.png,1,sd15,id,0.492593
data/processed/train/fake_diffusion/cifake/train_4686 (3).png,1,cifake,id,0.968482
data/processed/train/fake_diffusion/cifake/train_1283 (7).png,1,cifake,id,0.924510
data/processed/train/fake_diffusion/sd15/sd15_00342.png,1,sd15,id,0.814073
data/processed/train/fake_gan/stylegan/T17NSCH7HG.png,1,stylegan,id,0.060561
data/processed/train/real/ffhq/50103.png,0,ffhq,id,0.135979
data/processed/train/real/ffhq/30552.png,0,ffhq,id,0.951432
data/processed/train/real/diverse_real/11332.png,0,diverse_real,id,0.658030
data/processed/train/fake_diffusion/cifake/train_1945.png,1,cifake,id,0.425035
data/processed/train/real/ffhq/02507.png,0,ffhq,id,0.003588
data/processed/train/fake_diffusion/cifake/train_2878 (10).png,1,cifake,id,0.970886
data/processed/train/fake_gan/stylegan/O0JT2GOOCT.png,1,stylegan,id,0.113963
data/processed/train/real/ffhq/34174.png,0,ffhq,id,0.635113
data/processed/train/real/cifake/test_0037.png,0,cifake,id,0.843596
data/processed/train/real/cifake/train_4290 (10).png,0,cifake,id,0.681097
data/processed/train/fake_diffusion/cifake/test_89 (6).png,1,cifake,id,0.941693
data/processed/train/real/cifake/train_1164 (2).png,0,cifake,id,0.742412
data/processed/train/real/ffhq/49259.png,0,ffhq,id,0.905014
data/processed/train/real/diverse_real/28775.png,0,diverse_real,id,0.990966
data/processed/train/real/ffhq/03440.png,0,ffhq,id,0.498609
data/processed/train/real/cifake/train_0555 (8).png,0,cifake,id,0.944017
data/processed/train/fake_diffusion/cifake/train_4724 (10).png,1,cifake,id,0.617981
data/processed/train/real/ffhq/49111.png,0,ffhq,id,0.729900
data/processed/train/fake_diffusion/cifake/test_344 (3).png,1,cifake,id,0.957162
data/processed/train/real/cifake/train_3330 (9).png,0,cifake,id,0.516784
data/processed/train/real/ffhq/07267.png,0,ffhq,id,0.003874
data/processed/train/fake_diffusion/cifake/train_4483 (7).png,1,cifake,id,0.916970
data/processed/train/fake_diffusion/cifake/train_3122 (9).png,1,cifake,id,0.693557
data/processed/train/real/cifake/test_0705 (10).png,0,cifake,id,0.787004
data/processed/train/real/cifake/test_0246 (9).png,0,cifake,id,0.986049
data/processed/train/fake_diffusion/cifake/train_4907 (4).png,1,cifake,id,0.692222
data/processed/train/real/cifake/train_2396 (10).png,0,cifake,id,0.832221
data/processed/train/fake_diffusion/sd15/sd15_00802.png,1,sd15,id,0.672305
data/processed/train/real/diverse_real/07918.png,0,diverse_real,id,0.560332
data/processed/train/real/ffhq/37490.png,0,ffhq,id,0.799064
data/processed/train/fake_gan/stylegan/UU4QTSTJTF.png,1,stylegan,id,0.196348
data/processed/train/real/diverse_real/10469.png,0,diverse_real,id,0.743972
data/processed/train/real/ffhq/11884.png,0,ffhq,id,0.016948
data/processed/train/fake_gan/stylegan/CG3N7T9Z57.png,1,stylegan,id,0.381534
data/processed/train/real/cifake/train_4774 (6).png,0,cifake,id,0.912434
data/processed/train/fake_gan/stylegan/BI0JYGFK4A.png,1,stylegan,id,0.746755
data/processed/train/real/cifake/train_0528 (10).png,0,cifake,id,0.751579
data/processed/train/fake_diffusion/cifake/train_1220 (4).png,1,cifake,id,0.595880
data/processed/train/real/ffhq/35384.png,0,ffhq,id,0.048014
data/processed/train/real/cifake/train_0091 (3).png,0,cifake,id,0.801087
data/processed/train/real/cifake/train_4323 (10).png,0,cifake,id,0.661266
data/processed/train/real/cifake/train_4028 (9).png,0,cifake,id,0.626994
data/processed/train/fake_gan/stylegan/N1F0G1V50D.png,1,stylegan,id,0.536448
data/processed/train/fake_diffusion/sd15/sd15_00248.png,1,sd15,id,0.201486
data/processed/train/fake_diffusion/sd15/sd15_02273.png,1,sd15,id,0.470148
data/processed/train/real/ffhq/41909.png,0,ffhq,id,0.753383
data/processed/train/real/cifake/train_0671 (7).png,0,cifake,id,0.861446
data/processed/train/fake_diffusion/cifake/train_3174.png,1,cifake,id,0.781609
data/processed/train/fake_diffusion/sd15/sd15_00576.png,1,sd15,id,0.501027
data/processed/train/real/ffhq/31712.png,0,ffhq,id,0.074158
data/processed/train/fake_diffusion/cifake/train_1194 (6).png,1,cifake,id,0.967525
data/processed/train/real/ffhq/47760.png,0,ffhq,id,0.653225
data/processed/train/real/diverse_real/36674.png,0,diverse_real,id,0.103326
data/processed/train/fake_gan/stylegan/TJ7V5N6TBV.png,1,stylegan,id,0.256837
data/processed/train/fake_gan/stylegan/5FEISCTDW3.png,1,stylegan,id,0.049077
data/processed/train/real/ffhq/29759.png,0,ffhq,id,0.252156
data/processed/train/fake_diffusion/sd15/sd15_00008.png,1,sd15,id,0.082875
data/processed/train/real/real_pexels_train/5549.png,0,real_pexels_train,id,0.544360
data/processed/train/fake_diffusion/sd15/sd15_02459.png,1,sd15,id,0.530146
data/processed/train/fake_diffusion/cifake/train_1030 (5).png,1,cifake,id,0.992521
data/processed/train/fake_diffusion/cifake/train_1863 (8).png,1,cifake,id,0.803378
data/processed/train/fake_gan/stylegan/8B8NPTQO0E.png,1,stylegan,id,0.170807
data/processed/train/fake_diffusion/cifake/test_627 (10).png,1,cifake,id,0.866963
data/processed/train/fake_gan/stylegan/AY5L3UDIB7.png,1,stylegan,id,0.046704
data/processed/train/fake_gan/stylegan/EITB53WC00.png,1,stylegan,id,0.981688
data/processed/train/real/cifake/train_2584 (5).png,0,cifake,id,0.665336
data/processed/train/fake_diffusion/sd15/sd15_02114.png,1,sd15,id,0.819737
data/processed/train/real/cifake/train_1355 (8).png,0,cifake,id,0.945590
data/processed/train/fake_diffusion/cifake/train_3607 (6).png,1,cifake,id,0.593259
data/processed/train/real/ffhq/06109.png,0,ffhq,id,0.041358
data/processed/train/fake_gan/stylegan/OOUKWZ21LM.png,1,stylegan,id,0.007139
data/processed/train/real/cifake/train_4083 (8).png,0,cifake,id,0.872396
data/processed/train/fake_diffusion/tristanzhang_train/1974.png,1,tristanzhang_train,id,0.519030
data/processed/train/real/cifake/train_0069 (2).png,0,cifake,id,0.868759
data/processed/train/real/diverse_real/69731.png,0,diverse_real,id,0.775299
data/processed/train/fake_gan/stylegan/M1OBK4JGDU.png,1,stylegan,id,0.860357
data/processed/train/real/cifake/train_2507 (10).png,0,cifake,id,0.693717
data/processed/train/real/ffhq/52263.png,0,ffhq,id,0.796442
data/processed/train/fake_gan/stylegan/ANTG5740SK.png,1,stylegan,id,0.867416
data/processed/train/real/ffhq/05496.png,0,ffhq,id,0.025647
data/processed/train/fake_diffusion/cifake/train_3041.png,1,cifake,id,0.601992
data/processed/train/fake_diffusion/cifake/test_323 (7).png,1,cifake,id,0.917231
data/processed/train/real/ffhq/23821.png,0,ffhq,id,0.491937
data/processed/train/fake_diffusion/cifake/train_1576 (9).png,1,cifake,id,0.786946
data/processed/train/real/ffhq/51226.png,0,ffhq,id,0.407024
data/processed/train/real/diverse_real/06168.png,0,diverse_real,id,0.041132
data/processed/train/fake_diffusion/cifake/test_631 (5).png,1,cifake,id,0.981369
data/processed/train/real/ffhq/29193.png,0,ffhq,id,0.053845
data/processed/train/fake_diffusion/cifake/train_5423.png,1,cifake,id,0.800434
data/processed/train/fake_diffusion/cifake/train_4773 (7).png,1,cifake,id,0.958737
data/processed/train/fake_diffusion/cifake/test_614 (3).png,1,cifake,id,0.954848
data/processed/train/real/cifake/train_4144 (6).png,0,cifake,id,0.983136
data/processed/train/real/diverse_real/61606.png,0,diverse_real,id,0.200078
data/processed/train/fake_gan/stylegan/JKW6VZ45JR.png,1,stylegan,id,0.003946
data/processed/train/real/ffhq/07075.png,0,ffhq,id,0.597243
data/processed/train/real/ffhq/27534.png,0,ffhq,id,0.344987
data/processed/train/fake_diffusion/cifake/test_366 (5).png,1,cifake,id,0.986556
data/processed/train/real/diverse_real/11130.png,0,diverse_real,id,0.510982
data/processed/train/real/cifake/train_3156 (7).png,0,cifake,id,0.425906
data/processed/train/fake_diffusion/cifake/train_1166 (3).png,1,cifake,id,0.900273
data/processed/train/real/real_camera_train/000000211674.png,0,real_camera_train,id,0.507511
data/processed/train/fake_diffusion/cifake/train_5666 (5).png,1,cifake,id,0.739901
data/processed/train/real/cifake/train_4590 (10).png,0,cifake,id,0.833123
data/processed/train/real/diverse_real/65198.png,0,diverse_real,id,0.119459
data/processed/train/fake_diffusion/cifake/train_3625 (6).png,1,cifake,id,0.944989
data/processed/train/fake_diffusion/cifake/train_2963 (6).png,1,cifake,id,0.888798
data/processed/train/real/cifake/train_3397 (7).png,0,cifake,id,0.627174
data/processed/train/fake_gan/stylegan/9Q2Y7VV4VS.png,1,stylegan,id,0.956283
data/processed/train/fake_diffusion/sd15/sd15_01042.png,1,sd15,id,0.357276
data/processed/train/real/cifake/train_3606 (8).png,0,cifake,id,0.830010
data/processed/train/real/cifake/train_2170 (9).png,0,cifake,id,0.917206
data/processed/train/real/ffhq/53563.png,0,ffhq,id,0.769005
data/processed/train/real/cifake/train_2414 (10).png,0,cifake,id,0.969129
data/processed/train/real/cifake/train_3800 (6).png,0,cifake,id,0.943635
data/processed/train/real/cifake/train_3020 (10).png,0,cifake,id,0.858708
data/processed/train/fake_diffusion/sd15/sd15_01580.png,1,sd15,id,0.338790
data/processed/train/real/cifake/train_2407 (4).png,0,cifake,id,0.847125
data/processed/train/real/cifake/test_0201 (6).png,0,cifake,id,0.715429
data/processed/train/real/cifake/train_0633 (9).png,0,cifake,id,0.785207
data/processed/train/real/cifake/train_3867 (8).png,0,cifake,id,0.848967
data/processed/train/fake_gan/stylegan/04O0I3V7X9.png,1,stylegan,id,0.476349
data/processed/train/fake_gan/stylegan/MYBYGGJWYE.png,1,stylegan,id,0.007012
data/processed/train/fake_gan/stylegan/RE44JWQWVT.png,1,stylegan,id,0.258610
data/processed/train/fake_diffusion/cifake/train_3472 (9).png,1,cifake,id,0.477290
data/processed/train/fake_gan/stylegan/2X1YP8855F.png,1,stylegan,id,0.054277
data/processed/train/real/ffhq/26867.png,0,ffhq,id,0.106564
data/processed/train/fake_diffusion/cifake/train_1175 (9).png,1,cifake,id,0.894757
data/processed/train/real/diverse_real/26302.png,0,diverse_real,id,0.143885
data/processed/train/fake_diffusion/cifake/train_4400 (2).png,1,cifake,id,0.832836
data/processed/train/fake_diffusion/sd15/sd15_01963.png,1,sd15,id,0.713528
data/processed/train/real/cifake/train_3999 (8).png,0,cifake,id,0.920146
data/processed/train/fake_diffusion/sd15/sd15_01598.png,1,sd15,id,0.164605
data/processed/train/fake_diffusion/cifake/test_559 (9).png,1,cifake,id,0.667156
data/processed/train/fake_diffusion/sd15/sd15_00566.png,1,sd15,id,0.945311
data/processed/train/fake_gan/stylegan/AEJMZXWWJ4.png,1,stylegan,id,0.124324
data/processed/train/real/diverse_real/56033.png,0,diverse_real,id,0.005212
data/processed/train/fake_diffusion/sd15/sd15_00920.png,1,sd15,id,0.890723
data/processed/train/real/diverse_real/03256.png,0,diverse_real,id,0.161872
data/processed/train/real/ffhq/33827.png,0,ffhq,id,0.240470
data/processed/train/fake_diffusion/cifake/train_2280 (7).png,1,cifake,id,0.769041
data/processed/train/real/ffhq/15505.png,0,ffhq,id,0.003753
data/processed/train/real/ffhq/11663.png,0,ffhq,id,0.020303
data/processed/train/fake_diffusion/cifake/train_4516 (5).png,1,cifake,id,0.902640
data/processed/train/real/ffhq/03903.png,0,ffhq,id,0.924057
data/processed/train/real/cifake/train_2121 (9).png,0,cifake,id,0.816990
data/processed/train/fake_diffusion/cifake/train_5331 (2).png,1,cifake,id,0.686033
data/processed/train/fake_diffusion/cifake/train_5910 (9).png,1,cifake,id,0.897692
data/processed/train/fake_gan/stylegan/RH1X5WHHFL.png,1,stylegan,id,0.882180
data/processed/train/fake_diffusion/cifake/test_125 (4).png,1,cifake,id,0.917913
data/processed/train/real/ffhq/40564.png,0,ffhq,id,0.013944
data/processed/train/fake_diffusion/cifake/train_2952 (9).png,1,cifake,id,0.864911
data/processed/train/real/ffhq/53413.png,0,ffhq,id,0.410635
data/processed/train/fake_diffusion/sd15/sd15_01590.png,1,sd15,id,0.634634
data/processed/train/real/ffhq/18475.png,0,ffhq,id,0.137918
data/processed/train/fake_diffusion/cifake/train_3834 (5).png,1,cifake,id,0.803652
data/processed/train/real/cifake/train_1245 (4).png,0,cifake,id,0.903588
data/processed/train/real/ffhq/51876.png,0,ffhq,id,0.311494
data/processed/train/real/ffhq/20965.png,0,ffhq,id,0.334999
data/processed/train/fake_gan/stylegan/DGRR5CXYDY.png,1,stylegan,id,0.052501
data/processed/train/real/cifake/train_2659 (8).png,0,cifake,id,0.884519
data/processed/train/real/cifake/train_4930 (9).png,0,cifake,id,0.839603
data/processed/train/real/ffhq/02058.png,0,ffhq,id,0.040327
data/processed/train/real/cifake/train_4980 (7).png,0,cifake,id,0.723746
data/processed/train/fake_diffusion/cifake/train_3915 (4).png,1,cifake,id,0.618822
data/processed/train/real/cifake/train_0451 (8).png,0,cifake,id,0.786662
data/processed/train/fake_gan/stylegan/Z1YBR4U7V2.png,1,stylegan,id,0.146003
data/processed/train/real/cifake/train_0242 (7).png,0,cifake,id,0.879077
data/processed/train/real/cifake/train_0815 (8).png,0,cifake,id,0.679192
data/processed/train/real/cifake/train_2006 (2).png,0,cifake,id,0.928272
data/processed/train/fake_diffusion/sd15/sd15_00202.png,1,sd15,id,0.991047
data/processed/train/fake_diffusion/cifake/train_3876 (9).png,1,cifake,id,0.787035
data/processed/train/real/cifake/test_0455 (5).png,0,cifake,id,0.863403
data/processed/train/real/real_camera_train/000000186632.png,0,real_camera_train,id,0.316394
data/processed/train/fake_gan/stylegan/ZVS3RSO6FF.png,1,stylegan,id,0.913198
data/processed/train/real/cifake/train_4995 (6).png,0,cifake,id,0.916897
data/processed/train/real/ffhq/26962.png,0,ffhq,id,0.150391
data/processed/train/real/cifake/test_0113 (6).png,0,cifake,id,0.961497
data/processed/train/real/cifake/train_3097 (7).png,0,cifake,id,0.910612
data/processed/train/fake_diffusion/cifake/train_1851 (4).png,1,cifake,id,0.740824
data/processed/train/real/cifake/train_2051 (7).png,0,cifake,id,0.875896
data/processed/train/real/cifake/train_4731.png,0,cifake,id,0.961626
data/processed/train/real/cifake/train_2758 (3).png,0,cifake,id,0.984252
data/processed/train/real/diverse_real/05207.png,0,diverse_real,id,0.388637
data/processed/train/real/ffhq/21768.png,0,ffhq,id,0.777732
data/processed/train/real/cifake/train_3486 (10).png,0,cifake,id,0.943398
data/processed/train/real/ffhq/26855.png,0,ffhq,id,0.993072
data/processed/train/fake_diffusion/cifake/test_315 (7).png,1,cifake,id,0.959705
data/processed/train/fake_gan/stylegan/RZJE4VRLDZ.png,1,stylegan,id,0.012664
data/processed/train/real/ffhq/02381.png,0,ffhq,id,0.987298
data/processed/train/real/ffhq/45531.png,0,ffhq,id,0.008428
data/processed/train/real/cifake/test_0110 (2).png,0,cifake,id,0.856587
data/processed/train/fake_diffusion/cifake/train_3158.png,1,cifake,id,0.882956
data/processed/train/real/ffhq/42993.png,0,ffhq,id,0.952303
data/processed/train/fake_diffusion/sd15/sd15_01571.png,1,sd15,id,0.938900
data/processed/train/fake_diffusion/cifake/train_1910 (10).png,1,cifake,id,0.882752
data/processed/train/fake_diffusion/cifake/train_2122 (4).png,1,cifake,id,0.920200
data/processed/train/fake_diffusion/cifake/train_4426 (8).png,1,cifake,id,0.970628
data/processed/train/fake_gan/stylegan/MVN5ALOYK4.png,1,stylegan,id,0.030273
data/processed/train/real/ffhq/40275.png,0,ffhq,id,0.988629
data/processed/train/fake_gan/stylegan/JOID2O5DSC.png,1,stylegan,id,0.067816
data/processed/train/real/cifake/train_3683 (3).png,0,cifake,id,0.753238
data/processed/train/real/ffhq/00628.png,0,ffhq,id,0.987974
data/processed/train/fake_diffusion/cifake/train_3380 (10).png,1,cifake,id,0.786700
data/processed/train/fake_diffusion/sd15/sd15_00123.png,1,sd15,id,0.775263
data/processed/train/real/ffhq/29238.png,0,ffhq,id,0.722785
data/processed/train/real/cifake/test_0994 (2).png,0,cifake,id,0.782284
data/processed/train/fake_diffusion/cifake/train_1591 (2).png,1,cifake,id,0.289760
data/processed/train/real/cifake/train_0046 (7).png,0,cifake,id,0.920841
data/processed/train/fake_diffusion/cifake/train_3970 (5).png,1,cifake,id,0.985315
data/processed/train/fake_diffusion/cifake/train_4929 (4).png,1,cifake,id,0.935775
data/processed/train/fake_diffusion/cifake/train_1687 (2).png,1,cifake,id,0.892752
data/processed/train/fake_diffusion/sd15/sd15_00716.png,1,sd15,id,0.532045
data/processed/train/fake_gan/stylegan/31MGF5R0E1.png,1,stylegan,id,0.000919
data/processed/train/real/ffhq/35158.png,0,ffhq,id,0.025508
data/processed/train/fake_gan/stylegan/HPLN9W29UE.png,1,stylegan,id,0.798159
data/processed/train/fake_gan/stylegan/4D071D9EZH.png,1,stylegan,id,0.717242
data/processed/train/fake_gan/stylegan/8IOD3MJGQI.png,1,stylegan,id,0.085444
data/processed/train/real/real_camera_train/000000322352.png,0,real_camera_train,id,0.081320
data/processed/train/fake_diffusion/cifake/train_3079.png,1,cifake,id,0.991278
data/processed/train/real/cifake/train_1704.png,0,cifake,id,0.777158
data/processed/train/real/cifake/train_4038 (10).png,0,cifake,id,0.746120
data/processed/train/real/ffhq/51820.png,0,ffhq,id,0.997146
data/processed/train/real/ffhq/44713.png,0,ffhq,id,0.695216
data/processed/train/fake_diffusion/sd15/sd15_01039.png,1,sd15,id,0.816274
data/processed/train/fake_diffusion/cifake/train_1085 (8).png,1,cifake,id,0.757793
data/processed/train/fake_diffusion/cifake/train_3423 (4).png,1,cifake,id,0.950151
data/processed/train/fake_gan/stylegan/P8TR73P0HC.png,1,stylegan,id,0.346333
data/processed/train/fake_gan/stylegan/YQT6I94NFF.png,1,stylegan,id,0.157226
data/processed/train/fake_gan/stylegan/B8Y0CKQJQN.png,1,stylegan,id,0.425525
data/processed/train/real/real_pexels_train/0022.png,0,real_pexels_train,id,0.599908
data/processed/train/fake_gan/stylegan/86T5FYX871.png,1,stylegan,id,0.035063
data/processed/train/fake_gan/stylegan/MZA9EE35FB.png,1,stylegan,id,0.808735
data/processed/train/real/cifake/train_4241 (9).png,0,cifake,id,0.558016
data/processed/train/fake_diffusion/sd15/sd15_01944.png,1,sd15,id,0.062610
data/processed/train/fake_diffusion/cifake/train_4738 (8).png,1,cifake,id,0.832289
data/processed/train/fake_diffusion/cifake/train_5326 (6).png,1,cifake,id,0.896003
data/processed/train/real/ffhq/44694.png,0,ffhq,id,0.972605
data/processed/train/fake_diffusion/cifake/train_5734 (9).png,1,cifake,id,0.902023
data/processed/train/real/cifake/train_0648.png,0,cifake,id,0.954046
data/processed/train/real/ffhq/06985.png,0,ffhq,id,0.487242
data/processed/train/fake_diffusion/cifake/train_4884 (7).png,1,cifake,id,0.977808
data/processed/train/fake_diffusion/sd15/sd15_00025.png,1,sd15,id,0.405698
data/processed/train/real/cifake/train_2472 (10).png,0,cifake,id,0.860880
data/processed/train/real/real_camera_train/000000026926.png,0,real_camera_train,id,0.631952
data/processed/train/fake_diffusion/cifake/train_4601 (9).png,1,cifake,id,0.867332
data/processed/train/real/cifake/train_3173 (5).png,0,cifake,id,0.922848
data/processed/train/fake_diffusion/cifake/train_3899 (10).png,1,cifake,id,0.932479
data/processed/train/real/cifake/test_0566 (4).png,0,cifake,id,0.732470
data/processed/train/real/cifake/train_3477 (10).png,0,cifake,id,0.682545
data/processed/train/real/ffhq/27146.png,0,ffhq,id,0.525542
data/processed/train/fake_diffusion/sd15/sd15_00835.png,1,sd15,id,0.106288
data/processed/train/fake_diffusion/cifake/train_4333 (3).png,1,cifake,id,0.815357
data/processed/train/fake_diffusion/cifake/test_130 (6).png,1,cifake,id,0.992674
data/processed/train/real/diverse_real/03653.png,0,diverse_real,id,0.055769
data/processed/train/fake_diffusion/cifake/test_588 (5).png,1,cifake,id,0.941619
data/processed/train/fake_diffusion/cifake/train_5595 (3).png,1,cifake,id,0.772284
data/processed/train/real/cifake/test_0829 (7).png,0,cifake,id,0.933235
data/processed/train/fake_diffusion/sd15/sd15_02365.png,1,sd15,id,0.850290
data/processed/train/real/ffhq/16076.png,0,ffhq,id,0.927398
data/processed/train/fake_gan/stylegan/24KK81J1G3.png,1,stylegan,id,0.028674
data/processed/train/real/cifake/train_4612 (10).png,0,cifake,id,0.536895
data/processed/train/fake_gan/stylegan/JF1BK2HYDD.png,1,stylegan,id,0.942271
data/processed/train/real/cifake/train_0942 (8).png,0,cifake,id,0.688046
data/processed/train/fake_gan/stylegan/DZ9ZF6KB39.png,1,stylegan,id,0.910349
data/processed/train/real/real_pexels_train/2556.png,0,real_pexels_train,id,0.708750
data/processed/train/fake_diffusion/cifake/test_18 (2).png,1,cifake,id,0.768174
data/processed/train/real/ffhq/39610.png,0,ffhq,id,0.075618
data/processed/train/fake_diffusion/cifake/train_5683 (8).png,1,cifake,id,0.950343
data/processed/train/real/cifake/train_2835 (3).png,0,cifake,id,0.954945
data/processed/train/fake_diffusion/cifake/train_1611 (10).png,1,cifake,id,0.599379
data/processed/train/fake_gan/stylegan/6JMD9JD3MH.png,1,stylegan,id,0.971247
data/processed/train/real/diverse_real/14443.png,0,diverse_real,id,0.987880
data/processed/train/real/cifake/train_0624.png,0,cifake,id,0.969252
data/processed/train/real/cifake/train_1817 (4).png,0,cifake,id,0.837582
data/processed/train/real/ffhq/39676.png,0,ffhq,id,0.103881
data/processed/train/real/real_pexels_train/5157.png,0,real_pexels_train,id,0.167454
data/processed/train/real/diverse_real/17414.png,0,diverse_real,id,0.008249
data/processed/train/real/cifake/train_0127 (10).png,0,cifake,id,0.935784
data/processed/train/real/ffhq/02899.png,0,ffhq,id,0.944135
data/processed/train/fake_diffusion/cifake/train_1989 (3).png,1,cifake,id,0.936102
data/processed/train/fake_diffusion/cifake/train_3705 (5).png,1,cifake,id,0.931790
data/processed/train/real/ffhq/11171.png,0,ffhq,id,0.110611
data/processed/train/real/ffhq/51462.png,0,ffhq,id,0.053583
data/processed/train/real/ffhq/31014.png,0,ffhq,id,0.422342
data/processed/train/real/cifake/train_3049 (10).png,0,cifake,id,0.974670
data/processed/train/fake_gan/stylegan/VYJ7K2C1E4.png,1,stylegan,id,0.944491
data/processed/train/fake_diffusion/sd15/sd15_02334.png,1,sd15,id,0.603911
data/processed/train/real/cifake/test_0899 (8).png,0,cifake,id,0.719846
data/processed/train/real/cifake/train_0160.png,0,cifake,id,0.751527
data/processed/train/real/cifake/test_0971 (8).png,0,cifake,id,0.867491
data/processed/train/real/cifake/test_0710 (4).png,0,cifake,id,0.955457
data/processed/train/fake_diffusion/sd15/sd15_00860.png,1,sd15,id,0.420477
data/processed/train/real/diverse_real/18455.png,0,diverse_real,id,0.964864
data/processed/train/real/cifake/train_3511 (10).png,0,cifake,id,0.553296
data/processed/train/real/ffhq/15163.png,0,ffhq,id,0.751010
data/processed/train/fake_diffusion/cifake/train_4577 (6).png,1,cifake,id,0.980424
data/processed/train/fake_gan/stylegan/UGMASD9GKX.png,1,stylegan,id,0.026197
data/processed/train/fake_gan/stylegan/EQUE1QDR0M.png,1,stylegan,id,0.872217
data/processed/train/real/cifake/train_0344 (8).png,0,cifake,id,0.664522
data/processed/train/fake_diffusion/sd15/sd15_00602.png,1,sd15,id,0.412207
data/processed/train/real/diverse_real/16337.png,0,diverse_real,id,0.350639
data/processed/train/fake_gan/stylegan/VYGUJQ4DDR.png,1,stylegan,id,0.566896
data/processed/train/fake_diffusion/sd15/sd15_01942.png,1,sd15,id,0.083083
data/processed/train/fake_diffusion/cifake/train_3744 (6).png,1,cifake,id,0.975885
data/processed/train/real/diverse_real/20689.png,0,diverse_real,id,0.870151
data/processed/train/real/diverse_real/53312.png,0,diverse_real,id,0.584536
data/processed/train/real/diverse_real/19925.png,0,diverse_real,id,0.921163
data/processed/train/real/ffhq/41660.png,0,ffhq,id,0.947547
data/processed/train/fake_gan/stylegan/VK0Z8PHWGP.png,1,stylegan,id,0.000828
data/processed/train/real/cifake/train_0128 (10).png,0,cifake,id,0.783637
data/processed/train/real/ffhq/04183.png,0,ffhq,id,0.027696
data/processed/train/fake_diffusion/cifake/train_2432 (4).png,1,cifake,id,0.914675
data/processed/train/real/cifake/train_0403.png,0,cifake,id,0.763626
data/processed/train/real/ffhq/26598.png,0,ffhq,id,0.737281
data/processed/train/fake_gan/stylegan/VMEGKHIKJW.png,1,stylegan,id,0.960198
data/processed/train/fake_diffusion/cifake/test_197 (7).png,1,cifake,id,0.955031
data/processed/train/fake_gan/stylegan/VRFZDSED26.png,1,stylegan,id,0.571614
data/processed/train/real/cifake/train_3216 (7).png,0,cifake,id,0.987530
data/processed/train/real/ffhq/20957.png,0,ffhq,id,0.033574
data/processed/train/real/cifake/train_1875 (10).png,0,cifake,id,0.785310
data/processed/train/fake_diffusion/cifake/train_5897 (5).png,1,cifake,id,0.920995
data/processed/train/real/diverse_real/50756.png,0,diverse_real,id,0.317355
data/processed/train/real/ffhq/21753.png,0,ffhq,id,0.083451
data/processed/train/fake_gan/stylegan/D26R4PQO9F.png,1,stylegan,id,0.636954
data/processed/train/real/cifake/train_3762 (2).png,0,cifake,id,0.417165
data/processed/train/fake_diffusion/cifake/train_2299 (4).png,1,cifake,id,0.942557
data/processed/train/fake_diffusion/cifake/train_5125 (9).png,1,cifake,id,0.835647
data/processed/train/real/cifake/train_0679 (7).png,0,cifake,id,0.913152
data/processed/train/real/cifake/train_3274 (10).png,0,cifake,id,0.843585
data/processed/train/fake_diffusion/sd15/sd15_01785.png,1,sd15,id,0.816928
data/processed/train/fake_diffusion/cifake/train_1247 (4).png,1,cifake,id,0.966141
data/processed/train/fake_gan/stylegan/URFJW44J45.png,1,stylegan,id,0.224285
data/processed/train/real/diverse_real/69094.png,0,diverse_real,id,0.242617
data/processed/train/real/cifake/train_0127.png,0,cifake,id,0.740448
data/processed/train/real/cifake/train_4021 (2).png,0,cifake,id,0.646671
data/processed/train/fake_diffusion/cifake/train_3081 (10).png,1,cifake,id,0.939603
data/processed/train/real/ffhq/21692.png,0,ffhq,id,0.943613
data/processed/train/real/ffhq/33035.png,0,ffhq,id,0.189294
data/processed/train/fake_diffusion/cifake/train_3583 (3).png,1,cifake,id,0.996766
data/processed/train/fake_gan/stylegan/O1409UHOQV.png,1,stylegan,id,0.910521
data/processed/train/fake_diffusion/cifake/train_3367 (3).png,1,cifake,id,0.946921
data/processed/train/real/cifake/train_0165 (7).png,0,cifake,id,0.810034
data/processed/train/real/diverse_real/42840.png,0,diverse_real,id,0.102206
data/processed/train/fake_diffusion/sd15/sd15_01101.png,1,sd15,id,0.361792
data/processed/train/fake_gan/stylegan/I5249DPQ1Z.png,1,stylegan,id,0.996294
data/processed/train/real/cifake/test_0522 (10).png,0,cifake,id,0.921318
data/processed/train/fake_gan/stylegan/TZ25JZ19Y5.png,1,stylegan,id,0.501966
data/processed/train/fake_gan/stylegan/0DKTHHA6TX.png,1,stylegan,id,0.088090
data/processed/train/fake_diffusion/cifake/train_4438 (6).png,1,cifake,id,0.859385
data/processed/train/fake_diffusion/cifake/train_4118 (4).png,1,cifake,id,0.925067
data/processed/train/real/cifake/train_2338 (5).png,0,cifake,id,0.836808
data/processed/train/real/ffhq/26327.png,0,ffhq,id,0.277671
data/processed/train/real/ffhq/15312.png,0,ffhq,id,0.010473
data/processed/train/real/cifake/train_2927 (9).png,0,cifake,id,0.579241
data/processed/train/fake_diffusion/sd15/sd15_02106.png,1,sd15,id,0.558497
data/processed/train/real/diverse_real/25057.png,0,diverse_real,id,0.088350
data/processed/train/fake_diffusion/sd15/sd15_00347.png,1,sd15,id,0.193268
data/processed/train/real/diverse_real/54924.png,0,diverse_real,id,0.195866
data/processed/train/fake_gan/stylegan/TIRL9Z93BG.png,1,stylegan,id,0.029499
data/processed/train/real/cifake/train_2598 (3).png,0,cifake,id,0.796293
data/processed/train/real/cifake/train_2716 (10).png,0,cifake,id,0.878662
data/processed/train/real/cifake/train_2248 (4).png,0,cifake,id,0.785665
data/processed/train/fake_gan/stylegan/6FC1P6EOOC.png,1,stylegan,id,0.186508
data/processed/train/fake_diffusion/cifake/train_4181 (10).png,1,cifake,id,0.881568
data/processed/train/real/cifake/test_0446 (8).png,0,cifake,id,0.847830
data/processed/train/fake_gan/stylegan/TUX6A3MVHM.png,1,stylegan,id,0.965748
data/processed/train/real/ffhq/02423.png,0,ffhq,id,0.299269
data/processed/train/real/ffhq/50034.png,0,ffhq,id,0.055541
data/processed/train/real/cifake/train_3643 (5).png,0,cifake,id,0.948790
data/processed/train/real/ffhq/43601.png,0,ffhq,id,0.063873
data/processed/train/fake_diffusion/cifake/train_2375 (5).png,1,cifake,id,0.977961
data/processed/train/real/real_pexels_train/2534.png,0,real_pexels_train,id,0.419560
data/processed/train/fake_diffusion/cifake/train_1356 (10).png,1,cifake,id,0.914715
data/processed/train/fake_diffusion/sd15/sd15_01294.png,1,sd15,id,0.483806
data/processed/train/real/cifake/train_1301 (9).png,0,cifake,id,0.654841
data/processed/train/fake_diffusion/cifake/train_2166 (2).png,1,cifake,id,0.643952
data/processed/train/real/diverse_real/28139.png,0,diverse_real,id,0.694763
data/processed/train/real/ffhq/18267.png,0,ffhq,id,0.097521
data/processed/train/fake_diffusion/cifake/train_4908 (7).png,1,cifake,id,0.932416
data/processed/train/real/ffhq/21783.png,0,ffhq,id,0.083267
data/processed/train/fake_diffusion/cifake/train_3539 (3).png,1,cifake,id,0.377128
data/processed/train/fake_diffusion/cifake/train_5203 (5).png,1,cifake,id,0.963905
data/processed/train/fake_diffusion/cifake/train_3363 (2).png,1,cifake,id,0.958220
data/processed/train/real/cifake/train_1493.png,0,cifake,id,0.468581
data/processed/train/fake_diffusion/sd15/sd15_00249.png,1,sd15,id,0.371414
data/processed/train/real/diverse_real/66287.png,0,diverse_real,id,0.898543
data/processed/train/fake_diffusion/cifake/test_208 (7).png,1,cifake,id,0.628428
data/processed/train/fake_diffusion/cifake/train_5822 (9).png,1,cifake,id,0.807715
data/processed/train/fake_gan/stylegan/KML5EEKMZR.png,1,stylegan,id,0.521452
data/processed/train/fake_diffusion/cifake/train_1348 (8).png,1,cifake,id,0.959212
data/processed/train/real/ffhq/24703.png,0,ffhq,id,0.761812
data/processed/train/fake_diffusion/cifake/test_847 (2).png,1,cifake,id,0.942328
data/processed/train/real/cifake/train_1138.png,0,cifake,id,0.801069
data/processed/train/real/diverse_real/33193.png,0,diverse_real,id,0.407339
data/processed/train/real/real_pexels_train/0585.png,0,real_pexels_train,id,0.428805
data/processed/train/fake_gan/stylegan/B2BW9WIOGN.png,1,stylegan,id,0.048711
data/processed/train/fake_diffusion/cifake/test_875 (7).png,1,cifake,id,0.956963
data/processed/train/real/ffhq/19589.png,0,ffhq,id,0.763598
data/processed/train/real/real_pexels_train/2883.png,0,real_pexels_train,id,0.414266
data/processed/train/fake_diffusion/cifake/train_3300.png,1,cifake,id,0.898463
data/processed/train/fake_gan/stylegan/0OR6EBPK3S.png,1,stylegan,id,0.008424
data/processed/train/real/ffhq/41610.png,0,ffhq,id,0.521470
data/processed/train/fake_diffusion/cifake/train_4655 (10).png,1,cifake,id,0.930799
data/processed/train/real/cifake/train_3956 (6).png,0,cifake,id,0.882750
data/processed/train/real/cifake/train_2010 (7).png,0,cifake,id,0.760707
data/processed/train/fake_diffusion/sd15/sd15_00354.png,1,sd15,id,0.765213
data/processed/train/fake_diffusion/sd15/sd15_01605.png,1,sd15,id,0.813159
data/processed/train/real/cifake/train_4681 (4).png,0,cifake,id,0.882844
data/processed/train/real/cifake/train_4868 (6).png,0,cifake,id,0.860065
data/processed/train/real/ffhq/33807.png,0,ffhq,id,0.911109
data/processed/train/fake_diffusion/cifake/train_3239.png,1,cifake,id,0.908306
data/processed/train/fake_diffusion/sd15/sd15_00784.png,1,sd15,id,0.637024
data/processed/train/real/diverse_real/57212.png,0,diverse_real,id,0.460595
data/processed/train/real/ffhq/48502.png,0,ffhq,id,0.792147
data/processed/train/real/cifake/train_1252 (5).png,0,cifake,id,0.982040
data/processed/train/real/cifake/test_0289 (6).png,0,cifake,id,0.945193
data/processed/train/real/ffhq/03994.png,0,ffhq,id,0.561343
data/processed/train/real/diverse_real/53407.png,0,diverse_real,id,0.033883
data/processed/train/real/cifake/train_4956 (3).png,0,cifake,id,0.967827
data/processed/train/real/cifake/train_4620 (3).png,0,cifake,id,0.939685
data/processed/train/real/ffhq/49032.png,0,ffhq,id,0.860212
data/processed/train/fake_diffusion/sd15/sd15_01349.png,1,sd15,id,0.774791
data/processed/train/real/diverse_real/10743.png,0,diverse_real,id,0.379788
data/processed/train/real/cifake/train_2488 (4).png,0,cifake,id,0.826646
data/processed/train/fake_gan/stylegan/WD79PP9GFX.png,1,stylegan,id,0.998537
data/processed/train/fake_gan/stylegan/92HA7XE7NU.png,1,stylegan,id,0.016393
data/processed/train/fake_diffusion/cifake/train_5764 (3).png,1,cifake,id,0.880088
data/processed/train/fake_diffusion/cifake/train_1862 (3).png,1,cifake,id,0.486352
data/processed/train/real/ffhq/26928.png,0,ffhq,id,0.002644
data/processed/train/real/ffhq/29885.png,0,ffhq,id,0.009958
data/processed/train/real/ffhq/07463.png,0,ffhq,id,0.341362
data/processed/train/real/ffhq/02041.png,0,ffhq,id,0.083676
data/processed/train/real/ffhq/33826.png,0,ffhq,id,0.052324
data/processed/train/fake_diffusion/cifake/train_1396 (5).png,1,cifake,id,0.939577
data/processed/train/fake_diffusion/cifake/train_5271 (4).png,1,cifake,id,0.910092
data/processed/train/fake_gan/stylegan/X4K2C0DCX3.png,1,stylegan,id,0.977518
data/processed/train/fake_gan/stylegan/B5R2X5C0Y0.png,1,stylegan,id,0.085418
data/processed/train/fake_gan/stylegan/5XWKEFVH0B.png,1,stylegan,id,0.220762
data/processed/train/real/diverse_real/02217.png,0,diverse_real,id,0.506193
data/processed/train/fake_gan/stylegan/5DF7VHQ6YG.png,1,stylegan,id,0.946006
data/processed/train/fake_gan/stylegan/6ZG0XHFXVT.png,1,stylegan,id,0.992649
data/processed/train/real/cifake/train_2939 (6).png,0,cifake,id,0.953480
data/processed/train/fake_diffusion/cifake/test_805 (6).png,1,cifake,id,0.972619
data/processed/train/fake_diffusion/cifake/train_4150 (7).png,1,cifake,id,0.926078
data/processed/train/fake_diffusion/cifake/train_2482.png,1,cifake,id,0.870491
data/processed/train/fake_diffusion/cifake/train_4455 (6).png,1,cifake,id,0.596125
data/processed/train/real/ffhq/32534.png,0,ffhq,id,0.055810
data/processed/train/fake_diffusion/cifake/train_1124 (4).png,1,cifake,id,0.936346
data/processed/train/fake_diffusion/cifake/train_2047.png,1,cifake,id,0.941307
data/processed/train/real/ffhq/15448.png,0,ffhq,id,0.959337
data/processed/train/real/diverse_real/24000.png,0,diverse_real,id,0.336585
data/processed/train/real/ffhq/49874.png,0,ffhq,id,0.790316
data/processed/train/real/cifake/train_0701 (5).png,0,cifake,id,0.990173
data/processed/train/real/real_camera_train/000000401250.png,0,real_camera_train,id,0.509132
data/processed/train/real/ffhq/50713.png,0,ffhq,id,0.060020
data/processed/train/fake_diffusion/sd15/sd15_00456.png,1,sd15,id,0.574849
data/processed/train/fake_diffusion/sd15/sd15_00952.png,1,sd15,id,0.399597
data/processed/train/fake_diffusion/cifake/train_1602 (6).png,1,cifake,id,0.841353
data/processed/train/fake_gan/stylegan/HJO0P42BMR.png,1,stylegan,id,0.420065
data/processed/train/fake_diffusion/sd15/sd15_00274.png,1,sd15,id,0.498365
data/processed/train/real/ffhq/41758.png,0,ffhq,id,0.966944
data/processed/train/real/ffhq/13120.png,0,ffhq,id,0.372635
data/processed/train/fake_gan/stylegan/D7RG4YRJC5.png,1,stylegan,id,0.037975
data/processed/train/fake_gan/stylegan/MOJGCOWT7P.png,1,stylegan,id,0.977426
data/processed/train/real/ffhq/42583.png,0,ffhq,id,0.072950
data/processed/train/fake_diffusion/sd15/sd15_02496.png,1,sd15,id,0.215829
data/processed/train/fake_diffusion/sd15/sd15_00828.png,1,sd15,id,0.625047
data/processed/train/fake_gan/stylegan/UMASF44XSJ.png,1,stylegan,id,0.774525
data/processed/train/fake_diffusion/sd15/sd15_00461.png,1,sd15,id,0.125659
data/processed/train/real/diverse_real/22959.png,0,diverse_real,id,0.032334
data/processed/train/fake_gan/stylegan/NJPP22H82T.png,1,stylegan,id,0.728662
data/processed/train/real/diverse_real/28170.png,0,diverse_real,id,0.470053
data/processed/train/real/cifake/train_1152 (7).png,0,cifake,id,0.668915
data/processed/train/fake_gan/stylegan/T3QNVH2EM0.png,1,stylegan,id,0.545293
data/processed/train/fake_diffusion/cifake/train_2345 (6).png,1,cifake,id,0.676870
data/processed/train/fake_diffusion/cifake/test_236 (6).png,1,cifake,id,0.937365
data/processed/train/fake_gan/stylegan/X2ZMDWHSU2.png,1,stylegan,id,0.101667
data/processed/train/fake_diffusion/sd15/sd15_00080.png,1,sd15,id,0.799653
data/processed/train/real/ffhq/26358.png,0,ffhq,id,0.926773
data/processed/train/fake_diffusion/sd15/sd15_01609.png,1,sd15,id,0.625166
data/processed/train/fake_diffusion/cifake/train_3994 (5).png,1,cifake,id,0.814375
data/processed/train/fake_diffusion/cifake/test_516 (7).png,1,cifake,id,0.939767
data/processed/train/real/cifake/train_2436.png,0,cifake,id,0.846589
data/processed/train/fake_diffusion/cifake/test_356 (8).png,1,cifake,id,0.905016
data/processed/train/fake_diffusion/cifake/train_3594 (6).png,1,cifake,id,0.806514
data/processed/train/fake_diffusion/cifake/train_5050 (8).png,1,cifake,id,0.981389
data/processed/train/real/diverse_real/53016.png,0,diverse_real,id,0.647777
data/processed/train/fake_diffusion/sd15/sd15_01028.png,1,sd15,id,0.188966
data/processed/train/fake_diffusion/cifake/test_913 (7).png,1,cifake,id,0.829470
data/processed/train/real/cifake/train_3658 (6).png,0,cifake,id,0.786084
data/processed/train/fake_gan/stylegan/KPW3JJ91N6.png,1,stylegan,id,0.999664
data/processed/train/real/ffhq/43401.png,0,ffhq,id,0.004133
data/processed/train/fake_diffusion/sd15/sd15_00719.png,1,sd15,id,0.646549
data/processed/train/fake_diffusion/cifake/train_3792 (6).png,1,cifake,id,0.852535
data/processed/train/real/diverse_real/30757.png,0,diverse_real,id,0.959936
data/processed/train/real/ffhq/15079.png,0,ffhq,id,0.217629
data/processed/train/real/ffhq/15689.png,0,ffhq,id,0.339722
data/processed/train/real/cifake/train_4232 (9).png,0,cifake,id,0.781639
data/processed/train/real/ffhq/31111.png,0,ffhq,id,0.671359
data/processed/train/real/cifake/train_4427 (8).png,0,cifake,id,0.565968
data/processed/train/fake_diffusion/sd15/sd15_00758.png,1,sd15,id,0.600126
data/processed/train/fake_diffusion/cifake/train_1615 (8).png,1,cifake,id,0.779756
data/processed/train/fake_diffusion/cifake/train_4170 (4).png,1,cifake,id,0.898425
data/processed/train/real/cifake/train_4347 (4).png,0,cifake,id,0.944496
data/processed/train/real/cifake/train_0795 (4).png,0,cifake,id,0.965499
data/processed/train/real/diverse_real/41727.png,0,diverse_real,id,0.625351
data/processed/train/fake_gan/stylegan/4ULRCRZRZW.png,1,stylegan,id,0.045228
data/processed/train/fake_diffusion/cifake/test_168 (10).png,1,cifake,id,0.945064
data/processed/train/fake_diffusion/sd15/sd15_01772.png,1,sd15,id,0.620536
data/processed/train/real/cifake/train_1535 (8).png,0,cifake,id,0.983118
data/processed/train/fake_diffusion/cifake/train_5240 (8).png,1,cifake,id,0.928163
data/processed/train/real/cifake/train_4737 (5).png,0,cifake,id,0.940893
data/processed/train/fake_diffusion/cifake/train_2596 (8).png,1,cifake,id,0.827734
data/processed/train/real/ffhq/15340.png,0,ffhq,id,0.959953
data/processed/train/real/diverse_real/38162.png,0,diverse_real,id,0.892884
data/processed/train/fake_diffusion/cifake/test_544 (4).png,1,cifake,id,0.873639
data/processed/train/fake_diffusion/cifake/train_3590 (7).png,1,cifake,id,0.820696
data/processed/train/real/diverse_real/10577.png,0,diverse_real,id,0.097053
data/processed/train/real/diverse_real/05513.png,0,diverse_real,id,0.868510
data/processed/train/fake_diffusion/cifake/train_2679 (3).png,1,cifake,id,0.992147
data/processed/train/fake_diffusion/cifake/train_3427 (6).png,1,cifake,id,0.678726
data/processed/train/fake_diffusion/cifake/train_2373 (6).png,1,cifake,id,0.405244
data/processed/train/real/diverse_real/62426.png,0,diverse_real,id,0.494268
data/processed/train/real/cifake/train_1748 (6).png,0,cifake,id,0.884498
data/processed/train/real/cifake/train_0063 (4).png,0,cifake,id,0.529927
data/processed/train/fake_diffusion/sd15/sd15_02406.png,1,sd15,id,0.749452
data/processed/train/fake_diffusion/cifake/train_4404 (5).png,1,cifake,id,0.977018
data/processed/train/real/cifake/train_3198 (5).png,0,cifake,id,0.615705
data/processed/train/real/diverse_real/28458.png,0,diverse_real,id,0.992623
data/processed/train/real/diverse_real/62672.png,0,diverse_real,id,0.995267
data/processed/train/real/diverse_real/33229.png,0,diverse_real,id,0.983659
data/processed/train/real/ffhq/22899.png,0,ffhq,id,0.690812
data/processed/train/real/ffhq/36497.png,0,ffhq,id,0.984193
data/processed/train/fake_diffusion/sd15/sd15_00964.png,1,sd15,id,0.568896
data/processed/train/fake_gan/stylegan/DW1TNFOI8B.png,1,stylegan,id,0.801227
data/processed/train/fake_diffusion/cifake/test_42 (2).png,1,cifake,id,0.844025
data/processed/train/real/cifake/train_2948 (7).png,0,cifake,id,0.343271
data/processed/train/real/cifake/train_1000 (7).png,0,cifake,id,0.936467
data/processed/train/fake_diffusion/cifake/train_4126 (6).png,1,cifake,id,0.870254
data/processed/train/real/diverse_real/49531.png,0,diverse_real,id,0.168580
data/processed/train/fake_gan/stylegan/NUWR8YXEY9.png,1,stylegan,id,0.857627
data/processed/train/real/ffhq/51971.png,0,ffhq,id,0.032998
data/processed/train/real/cifake/train_3659 (2).png,0,cifake,id,0.839495
data/processed/train/real/cifake/train_4578 (9).png,0,cifake,id,0.798826
data/processed/train/fake_diffusion/sd15/sd15_01581.png,1,sd15,id,0.487587
data/processed/train/real/ffhq/45540.png,0,ffhq,id,0.601835
data/processed/train/real/ffhq/11017.png,0,ffhq,id,0.721277
data/processed/train/fake_diffusion/cifake/train_3376 (2).png,1,cifake,id,0.797615
data/processed/train/real/diverse_real/59552.png,0,diverse_real,id,0.390755
data/processed/train/fake_diffusion/cifake/train_2864 (5).png,1,cifake,id,0.970662
data/processed/train/real/ffhq/01130.png,0,ffhq,id,0.052484
data/processed/train/real/cifake/train_0868 (4).png,0,cifake,id,0.496073
data/processed/train/real/cifake/train_3480 (2).png,0,cifake,id,0.961117
data/processed/train/fake_diffusion/cifake/train_5819 (10).png,1,cifake,id,0.685058
data/processed/train/fake_gan/stylegan/471DHIZNJW.png,1,stylegan,id,0.667280
data/processed/train/real/cifake/train_4610 (8).png,0,cifake,id,0.886008
data/processed/train/real/ffhq/52629.png,0,ffhq,id,0.043245
data/processed/train/fake_diffusion/tristanzhang_train/3134.png,1,tristanzhang_train,id,0.085550
data/processed/train/real/ffhq/22793.png,0,ffhq,id,0.999931
data/processed/train/real/cifake/train_0147 (2).png,0,cifake,id,0.728483
data/processed/train/fake_diffusion/cifake/train_5465.png,1,cifake,id,0.670167
data/processed/train/real/ffhq/28436.png,0,ffhq,id,0.996985
data/processed/train/real/diverse_real/60838.png,0,diverse_real,id,0.779246
data/processed/train/fake_gan/stylegan/08FDG3WWVE.png,1,stylegan,id,0.006904
data/processed/train/fake_gan/stylegan/9T2BKJDYMI.png,1,stylegan,id,0.366526
data/processed/train/fake_diffusion/cifake/train_2095 (4).png,1,cifake,id,0.913333
data/processed/train/real/diverse_real/42560.png,0,diverse_real,id,0.653793
data/processed/train/real/ffhq/42311.png,0,ffhq,id,0.030355
data/processed/train/real/cifake/train_0877 (5).png,0,cifake,id,0.554006
data/processed/train/real/diverse_real/60688.png,0,diverse_real,id,0.155075
data/processed/train/fake_diffusion/cifake/train_4873 (5).png,1,cifake,id,0.946714
data/processed/train/real/ffhq/25018.png,0,ffhq,id,0.013792
data/processed/train/fake_diffusion/sd15/sd15_02223.png,1,sd15,id,0.898832
data/processed/train/fake_diffusion/cifake/train_3137 (3).png,1,cifake,id,0.933315
data/processed/train/real/ffhq/17306.png,0,ffhq,id,0.987933
data/processed/train/real/cifake/train_1592 (6).png,0,cifake,id,0.836448
data/processed/train/real/ffhq/36073.png,0,ffhq,id,0.947941
data/processed/train/fake_diffusion/cifake/train_3500 (8).png,1,cifake,id,0.927480
data/processed/train/fake_diffusion/sd15/sd15_01099.png,1,sd15,id,0.785289
data/processed/train/fake_diffusion/sd15/sd15_02057.png,1,sd15,id,0.875796
data/processed/train/real/ffhq/24634.png,0,ffhq,id,0.974094
data/processed/train/real/cifake/test_0854 (7).png,0,cifake,id,0.682185
data/processed/train/real/diverse_real/11599.png,0,diverse_real,id,0.122875
data/processed/train/fake_gan/stylegan/5N0SVX6Z72.png,1,stylegan,id,0.971304
data/processed/train/real/cifake/train_1821 (8).png,0,cifake,id,0.958105
data/processed/train/real/cifake/train_4091 (6).png,0,cifake,id,0.989621
data/processed/train/real/cifake/train_4404.png,0,cifake,id,0.867907
data/processed/train/fake_diffusion/sd15/sd15_02262.png,1,sd15,id,0.677909
data/processed/train/real/cifake/test_0456 (8).png,0,cifake,id,0.916794
data/processed/train/fake_diffusion/sd15/sd15_02184.png,1,sd15,id,0.205413
data/processed/train/real/cifake/train_1450 (8).png,0,cifake,id,0.897605
data/processed/train/fake_diffusion/sd15/sd15_01448.png,1,sd15,id,0.245129
data/processed/train/real/diverse_real/44757.png,0,diverse_real,id,0.048839
data/processed/train/real/cifake/train_2520.png,0,cifake,id,0.902310
data/processed/train/fake_gan/stylegan/DED9557FCA.png,1,stylegan,id,0.000744
data/processed/train/fake_diffusion/sd15/sd15_00409.png,1,sd15,id,0.997628
data/processed/train/real/cifake/train_3513 (10).png,0,cifake,id,0.985110
data/processed/train/fake_diffusion/cifake/train_4827 (2).png,1,cifake,id,0.228617
data/processed/train/fake_diffusion/cifake/train_4776 (4).png,1,cifake,id,0.949311
data/processed/train/fake_diffusion/cifake/train_1952 (5).png,1,cifake,id,0.973716
data/processed/train/fake_diffusion/sd15/sd15_01547.png,1,sd15,id,0.561042
data/processed/train/real/real_pexels_train/3840.png,0,real_pexels_train,id,0.217064
data/processed/train/real/ffhq/20369.png,0,ffhq,id,0.149884
data/processed/train/fake_diffusion/cifake/train_5850 (2).png,1,cifake,id,0.570775
data/processed/train/real/ffhq/22254.png,0,ffhq,id,0.028741
data/processed/train/real/ffhq/46377.png,0,ffhq,id,0.047066
data/processed/train/real/cifake/test_0154 (8).png,0,cifake,id,0.960823
data/processed/train/fake_gan/stylegan/U73GFQMVG3.png,1,stylegan,id,0.195723
data/processed/train/fake_gan/stylegan/ZHKHFH6OB9.png,1,stylegan,id,0.674597
data/processed/train/fake_gan/stylegan/2Y2GDMG6QV.png,1,stylegan,id,0.996702
data/processed/train/real/diverse_real/50336.png,0,diverse_real,id,0.003621
data/processed/train/real/ffhq/26370.png,0,ffhq,id,0.379224
data/processed/train/fake_diffusion/cifake/test_979.png,1,cifake,id,0.726661
data/processed/train/fake_diffusion/cifake/train_3860 (2).png,1,cifake,id,0.871974
data/processed/train/real/ffhq/29648.png,0,ffhq,id,0.999496
data/processed/train/real/cifake/train_1094 (6).png,0,cifake,id,0.706694
data/processed/train/fake_diffusion/cifake/train_1711.png,1,cifake,id,0.852853
data/processed/train/fake_diffusion/cifake/train_2967.png,1,cifake,id,0.653830
data/processed/train/fake_diffusion/sd15/sd15_01251.png,1,sd15,id,0.116447
data/processed/train/real/ffhq/38956.png,0,ffhq,id,0.266202
data/processed/train/fake_diffusion/cifake/train_3857 (8).png,1,cifake,id,0.978701
data/processed/train/real/cifake/train_0041 (9).png,0,cifake,id,0.872732
data/processed/train/real/cifake/train_4732.png,0,cifake,id,0.875964
data/processed/train/fake_diffusion/cifake/train_3543 (6).png,1,cifake,id,0.881768
data/processed/train/fake_diffusion/sd15/sd15_01543.png,1,sd15,id,0.408531
data/processed/train/fake_gan/stylegan/JA0FXL5VFQ.png,1,stylegan,id,0.989626
data/processed/train/real/ffhq/25402.png,0,ffhq,id,0.355178
data/processed/train/real/ffhq/34258.png,0,ffhq,id,0.999009
data/processed/train/real/ffhq/50804.png,0,ffhq,id,0.032050
data/processed/train/real/diverse_real/40755.png,0,diverse_real,id,0.763975
data/processed/train/fake_gan/stylegan/Y87JHBV8WF.png,1,stylegan,id,0.297617
data/processed/train/fake_gan/stylegan/RG3M0A88SL.png,1,stylegan,id,0.986973
data/processed/train/real/diverse_real/33821.png,0,diverse_real,id,0.441755
data/processed/train/real/cifake/train_2321 (9).png,0,cifake,id,0.851834
data/processed/train/fake_gan/stylegan/Z97QGHIZ4M.png,1,stylegan,id,0.334802
data/processed/train/fake_diffusion/cifake/train_2259 (7).png,1,cifake,id,0.799621
data/processed/train/fake_diffusion/cifake/test_415 (3).png,1,cifake,id,0.909208
data/processed/train/fake_diffusion/cifake/train_1254 (5).png,1,cifake,id,0.985315
data/processed/train/real/cifake/test_0978 (7).png,0,cifake,id,0.853063
data/processed/train/fake_diffusion/cifake/train_3617 (2).png,1,cifake,id,0.468908
data/processed/train/real/ffhq/16968.png,0,ffhq,id,0.405758
data/processed/train/real/cifake/train_4340 (9).png,0,cifake,id,0.817359
data/processed/train/real/cifake/train_0726 (8).png,0,cifake,id,0.924613
data/processed/train/fake_diffusion/cifake/train_2859 (5).png,1,cifake,id,0.966108
data/processed/train/fake_gan/stylegan/H162OE8VZY.png,1,stylegan,id,0.967244
data/processed/train/fake_diffusion/cifake/train_2836 (8).png,1,cifake,id,0.731358
data/processed/train/fake_diffusion/cifake/test_130 (4).png,1,cifake,id,0.940173
data/processed/train/fake_diffusion/cifake/train_5635 (3).png,1,cifake,id,0.973033
data/processed/train/real/ffhq/14630.png,0,ffhq,id,0.046185
data/processed/train/fake_diffusion/cifake/train_1079 (9).png,1,cifake,id,0.918600
data/processed/train/real/cifake/train_0176 (8).png,0,cifake,id,0.950771
data/processed/train/real/diverse_real/55745.png,0,diverse_real,id,0.032818
data/processed/train/fake_gan/stylegan/L83A1V65MV.png,1,stylegan,id,0.107291
data/processed/train/real/cifake/train_2575.png,0,cifake,id,0.738008
data/processed/train/fake_diffusion/sd15/sd15_01072.png,1,sd15,id,0.316451
data/processed/train/real/cifake/train_2064 (5).png,0,cifake,id,0.984273
data/processed/train/fake_gan/stylegan/2J6OJR0GJB.png,1,stylegan,id,0.003967
data/processed/train/fake_gan/stylegan/FJVQ344J8X.png,1,stylegan,id,0.990763
data/processed/train/fake_diffusion/cifake/train_3357 (6).png,1,cifake,id,0.454698
data/processed/train/real/cifake/test_0399.png,0,cifake,id,0.945940
data/processed/train/real/diverse_real/11379.png,0,diverse_real,id,0.982176
data/processed/train/real/real_pexels_train/2365.png,0,real_pexels_train,id,0.832094
data/processed/train/real/cifake/train_4671 (10).png,0,cifake,id,0.785114
data/processed/train/fake_diffusion/cifake/test_250 (5).png,1,cifake,id,0.981951
data/processed/train/real/cifake/train_0430 (9).png,0,cifake,id,0.924584
data/processed/train/real/ffhq/19807.png,0,ffhq,id,0.114460
data/processed/train/fake_gan/stylegan/8XZBNG5Z5H.png,1,stylegan,id,0.060076
data/processed/train/fake_gan/stylegan/OUUQLZME94.png,1,stylegan,id,0.003399
data/processed/train/real/cifake/train_0975 (9).png,0,cifake,id,0.910159
data/processed/train/real/cifake/train_0741.png,0,cifake,id,0.904566
data/processed/train/real/cifake/train_3086 (4).png,0,cifake,id,0.783800
data/processed/train/real/cifake/train_4475 (8).png,0,cifake,id,0.876187
data/processed/train/fake_diffusion/cifake/train_3345.png,1,cifake,id,0.528753
data/processed/train/fake_diffusion/sd15/sd15_00366.png,1,sd15,id,0.125484
data/processed/train/fake_diffusion/cifake/train_3725 (2).png,1,cifake,id,0.362014
data/processed/train/fake_diffusion/cifake/train_2432 (6).png,1,cifake,id,0.686888
data/processed/train/real/cifake/test_0974 (8).png,0,cifake,id,0.779484
data/processed/train/real/cifake/train_1629 (6).png,0,cifake,id,0.899554
data/processed/train/fake_diffusion/cifake/train_2768 (10).png,1,cifake,id,0.845649
data/processed/train/real/ffhq/11297.png,0,ffhq,id,0.626208
data/processed/train/real/cifake/train_0318 (4).png,0,cifake,id,0.966660
data/processed/train/fake_diffusion/cifake/train_3445 (9).png,1,cifake,id,0.908433
data/processed/train/fake_diffusion/cifake/train_2978 (2).png,1,cifake,id,0.479445
data/processed/train/fake_diffusion/cifake/train_1649 (5).png,1,cifake,id,0.983567
data/processed/train/fake_gan/stylegan/7X7ZFR2B2W.png,1,stylegan,id,0.019060
data/processed/train/real/real_camera_train/000000439994.png,0,real_camera_train,id,0.491659
data/processed/train/fake_diffusion/sd15/sd15_01142.png,1,sd15,id,0.993770
data/processed/train/real/ffhq/33735.png,0,ffhq,id,0.043581
data/processed/train/fake_gan/stylegan/NSDITN6JOR.png,1,stylegan,id,0.953383
data/processed/train/fake_diffusion/cifake/train_2726 (2).png,1,cifake,id,0.869254
data/processed/train/real/ffhq/05972.png,0,ffhq,id,0.169488
data/processed/train/fake_diffusion/cifake/train_4672 (8).png,1,cifake,id,0.883636
data/processed/train/real/diverse_real/40787.png,0,diverse_real,id,0.330389
data/processed/train/real/ffhq/19909.png,0,ffhq,id,0.040180
data/processed/train/real/diverse_real/12448.png,0,diverse_real,id,0.217932
data/processed/train/fake_diffusion/cifake/train_2366 (10).png,1,cifake,id,0.577283
data/processed/train/real/cifake/train_0959 (7).png,0,cifake,id,0.949882
data/processed/train/real/diverse_real/16713.png,0,diverse_real,id,0.758514
data/processed/train/real/ffhq/39083.png,0,ffhq,id,0.001411
data/processed/train/fake_gan/stylegan/NN1IE8CDB5.png,1,stylegan,id,0.562173
data/processed/train/real/ffhq/14352.png,0,ffhq,id,0.856112
data/processed/train/fake_gan/stylegan/UDZLAQG8MG.png,1,stylegan,id,0.001457
data/processed/train/real/cifake/train_0259 (2).png,0,cifake,id,0.951011
data/processed/train/fake_diffusion/cifake/train_4344 (5).png,1,cifake,id,0.962490
data/processed/train/fake_diffusion/tristanzhang_train/3470.png,1,tristanzhang_train,id,0.102152
data/processed/train/real/ffhq/12315.png,0,ffhq,id,0.191949
data/processed/train/real/cifake/test_0577 (6).png,0,cifake,id,0.966523
data/processed/train/real/cifake/train_0360 (7).png,0,cifake,id,0.977386
data/processed/train/real/cifake/train_4206 (9).png,0,cifake,id,0.526144
data/processed/train/fake_gan/stylegan/ZLJ2YJV2W6.png,1,stylegan,id,0.002084
data/processed/train/fake_gan/stylegan/OT9LKH1N6A.png,1,stylegan,id,0.386544
data/processed/train/fake_diffusion/cifake/train_5824 (2).png,1,cifake,id,0.956843
data/processed/train/real/cifake/train_2371 (3).png,0,cifake,id,0.961574
data/processed/train/real/ffhq/17748.png,0,ffhq,id,0.115141
data/processed/train/real/cifake/test_0209 (2).png,0,cifake,id,0.584209
data/processed/train/real/cifake/train_0976 (10).png,0,cifake,id,0.980159
data/processed/train/real/diverse_real/55223.png,0,diverse_real,id,0.008905
data/processed/train/fake_diffusion/tristanzhang_train/2188.png,1,tristanzhang_train,id,0.182767
data/processed/train/real/cifake/train_0635 (3).png,0,cifake,id,0.959790
data/processed/train/real/ffhq/26432.png,0,ffhq,id,0.958858
data/processed/train/fake_diffusion/cifake/train_1352 (8).png,1,cifake,id,0.754445
data/processed/train/fake_diffusion/cifake/train_5700 (3).png,1,cifake,id,0.888665
data/processed/train/real/cifake/train_4034 (5).png,0,cifake,id,0.842058
data/processed/train/fake_gan/stylegan/AQ3V4LVXM8.png,1,stylegan,id,0.207131
data/processed/train/real/diverse_real/06023.png,0,diverse_real,id,0.044696
data/processed/train/fake_gan/stylegan/J87O2TLKX8.png,1,stylegan,id,0.829893
data/processed/train/fake_gan/stylegan/6FOJ8R9P6D.png,1,stylegan,id,0.111305
data/processed/train/real/cifake/train_0301 (5).png,0,cifake,id,0.646327
data/processed/train/fake_gan/stylegan/KANW1RG5QZ.png,1,stylegan,id,0.000602
data/processed/train/real/diverse_real/31246.png,0,diverse_real,id,0.900003
data/processed/train/real/ffhq/14450.png,0,ffhq,id,0.033994
data/processed/train/fake_diffusion/sd15/sd15_01131.png,1,sd15,id,0.617410
data/processed/train/real/cifake/train_2961 (7).png,0,cifake,id,0.894160
data/processed/train/fake_diffusion/cifake/train_5520 (2).png,1,cifake,id,0.727704
data/processed/train/real/cifake/test_0723 (5).png,0,cifake,id,0.964654
data/processed/train/real/diverse_real/33599.png,0,diverse_real,id,0.184738
data/processed/train/real/ffhq/34958.png,0,ffhq,id,0.478679
data/processed/train/real/ffhq/32674.png,0,ffhq,id,0.464341
data/processed/train/real/cifake/train_4901.png,0,cifake,id,0.961996
data/processed/train/real/cifake/test_0039 (6).png,0,cifake,id,0.967419
data/processed/train/real/cifake/train_4895 (7).png,0,cifake,id,0.918923
data/processed/train/real/cifake/train_2394 (8).png,0,cifake,id,0.911896
data/processed/train/real/ffhq/12295.png,0,ffhq,id,0.036574
data/processed/train/fake_gan/stylegan/EHUTSZ5WRW.png,1,stylegan,id,0.906580
data/processed/train/fake_gan/stylegan/K5SU64H838.png,1,stylegan,id,0.883963
data/processed/train/fake_diffusion/sd15/sd15_00541.png,1,sd15,id,0.901846
data/processed/train/real/diverse_real/53592.png,0,diverse_real,id,0.558609
data/processed/train/real/ffhq/33108.png,0,ffhq,id,0.995792
data/processed/train/fake_diffusion/cifake/train_3225 (8).png,1,cifake,id,0.844739
data/processed/train/real/ffhq/03393.png,0,ffhq,id,0.119655
data/processed/train/fake_gan/stylegan/E1OMKHHYPK.png,1,stylegan,id,0.299626
data/processed/train/fake_diffusion/cifake/train_4813 (7).png,1,cifake,id,0.594762
data/processed/train/real/cifake/test_0998 (9).png,0,cifake,id,0.913338
data/processed/train/fake_diffusion/sd15/sd15_00999.png,1,sd15,id,0.990521
data/processed/train/real/cifake/train_4415 (9).png,0,cifake,id,0.861116
data/processed/train/real/diverse_real/46411.png,0,diverse_real,id,0.774074
data/processed/train/fake_diffusion/sd15/sd15_01307.png,1,sd15,id,0.980475
data/processed/train/fake_gan/stylegan/9AHYVLSZS3.png,1,stylegan,id,0.396397
data/processed/train/fake_gan/stylegan/OC7MK7DE12.png,1,stylegan,id,0.035266
data/processed/train/real/ffhq/19634.png,0,ffhq,id,0.604843
data/processed/train/fake_gan/stylegan/2OBGFKVXP2.png,1,stylegan,id,0.317600
data/processed/train/fake_diffusion/cifake/train_4442 (4).png,1,cifake,id,0.806920
data/processed/train/real/ffhq/41707.png,0,ffhq,id,0.024414
data/processed/train/real/diverse_real/11960.png,0,diverse_real,id,0.343337
data/processed/train/fake_diffusion/cifake/train_5200 (7).png,1,cifake,id,0.896453
data/processed/train/real/diverse_real/02639.png,0,diverse_real,id,0.784188
data/processed/train/fake_gan/stylegan/8DGHI03G39.png,1,stylegan,id,0.996799
data/processed/train/real/ffhq/29528.png,0,ffhq,id,0.231618
data/processed/train/real/ffhq/18238.png,0,ffhq,id,0.977916
data/processed/train/real/diverse_real/65568.png,0,diverse_real,id,0.022600
data/processed/train/real/real_camera_train/000000102411.png,0,real_camera_train,id,0.411088
data/processed/train/real/ffhq/34170.png,0,ffhq,id,0.011709
data/processed/train/fake_gan/stylegan/D118J9TMQD.png,1,stylegan,id,0.822314
data/processed/train/real/cifake/train_0769 (5).png,0,cifake,id,0.878166
data/processed/train/fake_diffusion/cifake/train_3496 (6).png,1,cifake,id,0.852776
data/processed/train/fake_diffusion/cifake/train_3573 (2).png,1,cifake,id,0.958314
data/processed/train/real/cifake/train_4624 (7).png,0,cifake,id,0.916040
data/processed/train/fake_gan/stylegan/CGQZ31IKC0.png,1,stylegan,id,0.001174
data/processed/train/real/ffhq/51562.png,0,ffhq,id,0.733732
data/processed/train/real/cifake/train_0351 (4).png,0,cifake,id,0.963005
data/processed/train/fake_gan/stylegan/NZSYL6WR3D.png,1,stylegan,id,0.994481
data/processed/train/fake_gan/stylegan/9UCC6BI098.png,1,stylegan,id,0.519263
data/processed/train/fake_diffusion/cifake/train_1815 (8).png,1,cifake,id,0.789279
data/processed/train/fake_diffusion/cifake/train_3272 (2).png,1,cifake,id,0.755785
data/processed/train/fake_diffusion/sd15/sd15_00411.png,1,sd15,id,0.973962
data/processed/train/fake_diffusion/cifake/train_4153 (10).png,1,cifake,id,0.718687
data/processed/train/real/ffhq/20634.png,0,ffhq,id,0.439786
data/processed/train/real/ffhq/37560.png,0,ffhq,id,0.006673
data/processed/train/real/ffhq/13477.png,0,ffhq,id,0.241088
data/processed/train/real/cifake/train_0502 (9).png,0,cifake,id,0.974980
data/processed/train/real/diverse_real/57448.png,0,diverse_real,id,0.252166
data/processed/train/fake_gan/stylegan/ZACA4DYBHE.png,1,stylegan,id,0.024379
data/processed/train/real/cifake/train_2101 (4).png,0,cifake,id,0.777225
data/processed/train/real/ffhq/37110.png,0,ffhq,id,0.001184
data/processed/train/real/cifake/train_3623 (3).png,0,cifake,id,0.961351
data/processed/train/fake_gan/stylegan/WQZUNEKZO1.png,1,stylegan,id,0.026490
data/processed/train/real/ffhq/01096.png,0,ffhq,id,0.825911
data/processed/train/real/cifake/train_4847.png,0,cifake,id,0.644767
data/processed/train/real/diverse_real/02064.png,0,diverse_real,id,0.425417
data/processed/train/fake_diffusion/cifake/train_5000 (4).png,1,cifake,id,0.988971
data/processed/train/fake_diffusion/sd15/sd15_02170.png,1,sd15,id,0.909395
data/processed/train/real/ffhq/04754.png,0,ffhq,id,0.007769
data/processed/train/fake_gan/stylegan/DUWQ273EYS.png,1,stylegan,id,0.721707
data/processed/train/real/ffhq/13353.png,0,ffhq,id,0.944165
data/processed/train/fake_gan/stylegan/GJEHWKVHU7.png,1,stylegan,id,0.787161
data/processed/train/real/diverse_real/58785.png,0,diverse_real,id,0.045324
data/processed/train/fake_diffusion/cifake/test_559.png,1,cifake,id,0.781801
data/processed/train/fake_gan/stylegan/PWTEDFMNIK.png,1,stylegan,id,0.935999
data/processed/train/real/cifake/train_1514.png,0,cifake,id,0.967519
data/processed/train/fake_diffusion/cifake/train_3056.png,1,cifake,id,0.816842
data/processed/train/fake_diffusion/cifake/train_4074 (2).png,1,cifake,id,0.585653
data/processed/train/fake_diffusion/sd15/sd15_02130.png,1,sd15,id,0.126480
data/processed/train/real/diverse_real/36537.png,0,diverse_real,id,0.109934
data/processed/train/real/diverse_real/54737.png,0,diverse_real,id,0.268477
data/processed/train/fake_gan/stylegan/JFMXR9AAX4.png,1,stylegan,id,0.374125
data/processed/train/fake_gan/stylegan/O94MFZKUHD.png,1,stylegan,id,0.333895
data/processed/train/real/ffhq/53871.png,0,ffhq,id,0.451451
data/processed/train/real/diverse_real/04299.png,0,diverse_real,id,0.999060
data/processed/train/real/ffhq/16127.png,0,ffhq,id,0.019257
data/processed/train/real/cifake/train_4680 (2).png,0,cifake,id,0.548718
data/processed/train/real/ffhq/15969.png,0,ffhq,id,0.509542
data/processed/train/fake_gan/stylegan/2FBC3UQ67D.png,1,stylegan,id,0.016601
data/processed/train/fake_diffusion/cifake/train_3192 (2).png,1,cifake,id,0.683974
data/processed/train/fake_diffusion/cifake/train_2769 (2).png,1,cifake,id,0.882848
data/processed/train/fake_diffusion/cifake/train_3358 (8).png,1,cifake,id,0.811276
data/processed/train/fake_diffusion/cifake/train_2121.png,1,cifake,id,0.887354
data/processed/train/real/cifake/train_4404 (8).png,0,cifake,id,0.972480
data/processed/train/real/diverse_real/38661.png,0,diverse_real,id,0.346672
data/processed/train/fake_diffusion/sd15/sd15_00069.png,1,sd15,id,0.185108
data/processed/train/real/cifake/train_0928 (4).png,0,cifake,id,0.920678
data/processed/train/real/ffhq/06193.png,0,ffhq,id,0.035422
data/processed/train/real/cifake/train_2649 (8).png,0,cifake,id,0.977497
data/processed/train/fake_gan/stylegan/2FZEK7I8VO.png,1,stylegan,id,0.635641
data/processed/train/fake_gan/stylegan/V5Q3SW707D.png,1,stylegan,id,0.925875
data/processed/train/real/ffhq/24991.png,0,ffhq,id,0.996333
data/processed/train/real/diverse_real/57167.png,0,diverse_real,id,0.064258
data/processed/train/real/ffhq/18623.png,0,ffhq,id,0.083806
data/processed/train/real/cifake/train_3827 (9).png,0,cifake,id,0.951824
data/processed/train/fake_gan/stylegan/X8VGFNIFLV.png,1,stylegan,id,0.110387
data/processed/train/real/cifake/train_4224.png,0,cifake,id,0.919950
data/processed/train/real/ffhq/26797.png,0,ffhq,id,0.418625
data/processed/train/fake_gan/stylegan/G788T141R3.png,1,stylegan,id,0.023539
data/processed/train/real/diverse_real/25150.png,0,diverse_real,id,0.915942
data/processed/train/fake_gan/stylegan/SPGEPHHP1M.png,1,stylegan,id,0.012027
data/processed/train/real/cifake/train_0490 (7).png,0,cifake,id,0.933518
data/processed/train/real/cifake/train_3103 (6).png,0,cifake,id,0.861756
data/processed/train/real/cifake/train_2878 (10).png,0,cifake,id,0.746214
data/processed/train/real/ffhq/33148.png,0,ffhq,id,0.025800
data/processed/train/real/cifake/train_2466 (4).png,0,cifake,id,0.940610
data/processed/train/fake_gan/stylegan/YP3LWP4E6M.png,1,stylegan,id,0.147162
data/processed/train/fake_diffusion/cifake/train_4744 (8).png,1,cifake,id,0.917688
data/processed/train/real/cifake/train_4767 (8).png,0,cifake,id,0.803829
data/processed/train/fake_diffusion/cifake/test_28 (6).png,1,cifake,id,0.570694
data/processed/train/fake_diffusion/cifake/train_4005 (8).png,1,cifake,id,0.931433
data/processed/train/fake_diffusion/cifake/train_5433 (7).png,1,cifake,id,0.961945
data/processed/train/fake_gan/stylegan/ZV903E5CMY.png,1,stylegan,id,0.103704
data/processed/train/real/cifake/train_3753 (4).png,0,cifake,id,0.975451
data/processed/train/real/ffhq/34717.png,0,ffhq,id,0.998038
data/processed/train/fake_gan/stylegan/3ZS95PQMSD.png,1,stylegan,id,0.122430
data/processed/train/fake_diffusion/sd15/sd15_00994.png,1,sd15,id,0.110192
data/processed/train/fake_diffusion/cifake/test_833 (5).png,1,cifake,id,0.897180
data/processed/train/fake_gan/stylegan/NRWY8I6GPH.png,1,stylegan,id,0.044885
data/processed/train/real/ffhq/46390.png,0,ffhq,id,0.012494
data/processed/train/real/cifake/test_0773 (2).png,0,cifake,id,0.803874
data/processed/train/fake_diffusion/cifake/train_1661 (3).png,1,cifake,id,0.871134
data/processed/train/fake_diffusion/cifake/train_2264 (8).png,1,cifake,id,0.836683
data/processed/train/fake_diffusion/sd15/sd15_01386.png,1,sd15,id,0.260280
data/processed/train/real/diverse_real/68587.png,0,diverse_real,id,0.002788
data/processed/train/real/diverse_real/64811.png,0,diverse_real,id,0.735448
data/processed/train/real/ffhq/50474.png,0,ffhq,id,0.364421
data/processed/train/real/cifake/train_2468 (7).png,0,cifake,id,0.936305
data/processed/train/fake_diffusion/cifake/train_3568 (10).png,1,cifake,id,0.647927
data/processed/train/real/cifake/train_3618 (2).png,0,cifake,id,0.989294
data/processed/train/real/cifake/train_2845 (6).png,0,cifake,id,0.982516
data/processed/train/real/cifake/train_1205 (9).png,0,cifake,id,0.878228
data/processed/train/fake_diffusion/cifake/train_2323 (8).png,1,cifake,id,0.970963
data/processed/train/real/ffhq/14440.png,0,ffhq,id,0.063261
data/processed/train/real/ffhq/21799.png,0,ffhq,id,0.006138
data/processed/train/real/cifake/test_0442 (10).png,0,cifake,id,0.635272
data/processed/train/real/ffhq/44443.png,0,ffhq,id,0.013550
data/processed/train/real/diverse_real/27588.png,0,diverse_real,id,0.986256
data/processed/train/fake_gan/stylegan/WWWZZ91BMF.png,1,stylegan,id,0.940443
data/processed/train/fake_diffusion/sd15/sd15_00055.png,1,sd15,id,0.331515
data/processed/train/fake_diffusion/cifake/test_555 (6).png,1,cifake,id,0.764962
data/processed/train/fake_diffusion/cifake/test_831 (4).png,1,cifake,id,0.719309
data/processed/train/fake_diffusion/sd15/sd15_01943.png,1,sd15,id,0.485083
data/processed/train/real/diverse_real/26194.png,0,diverse_real,id,0.039412
data/processed/train/fake_gan/stylegan/HN7KKW89L4.png,1,stylegan,id,0.026655
data/processed/train/real/cifake/train_2120 (8).png,0,cifake,id,0.971108
data/processed/train/real/cifake/train_0318 (9).png,0,cifake,id,0.789711
data/processed/train/real/cifake/train_0357 (4).png,0,cifake,id,0.761969
data/processed/train/fake_diffusion/cifake/train_2532 (2).png,1,cifake,id,0.349621
data/processed/train/fake_gan/stylegan/3K6CZ60BK1.png,1,stylegan,id,0.012745
data/processed/train/fake_gan/stylegan/9R1AEG1GOR.png,1,stylegan,id,0.209445
data/processed/train/fake_diffusion/cifake/train_3119 (9).png,1,cifake,id,0.819748
data/processed/train/fake_diffusion/sd15/sd15_02141.png,1,sd15,id,0.604995
data/processed/train/real/diverse_real/35551.png,0,diverse_real,id,0.303950
data/processed/train/fake_diffusion/sd15/sd15_02369.png,1,sd15,id,0.952705
data/processed/train/real/cifake/test_0649.png,0,cifake,id,0.804144
data/processed/train/real/ffhq/18003.png,0,ffhq,id,0.873594
data/processed/train/fake_gan/stylegan/PVBVMQY77A.png,1,stylegan,id,0.990827
data/processed/train/real/cifake/train_0835 (3).png,0,cifake,id,0.903219
data/processed/train/fake_diffusion/cifake/train_1658 (8).png,1,cifake,id,0.919579
data/processed/train/real/cifake/test_0977 (3).png,0,cifake,id,0.695876
data/processed/train/fake_gan/stylegan/BZFVRNEBNP.png,1,stylegan,id,0.117945
data/processed/train/real/ffhq/04483.png,0,ffhq,id,0.981136
data/processed/train/fake_gan/stylegan/TWWLKWK1CI.png,1,stylegan,id,0.076932
data/processed/train/fake_diffusion/cifake/train_4250 (2).png,1,cifake,id,0.461339
data/processed/train/fake_diffusion/sd15/sd15_01041.png,1,sd15,id,0.359787
data/processed/train/real/ffhq/29502.png,0,ffhq,id,0.139966
data/processed/train/fake_gan/stylegan/507D5331UK.png,1,stylegan,id,0.043382
data/processed/train/real/ffhq/41819.png,0,ffhq,id,0.567017
data/processed/train/real/ffhq/28677.png,0,ffhq,id,0.006501
data/processed/train/fake_diffusion/sd15/sd15_02368.png,1,sd15,id,0.219417
data/processed/train/real/cifake/train_0456 (10).png,0,cifake,id,0.874928
data/processed/train/fake_diffusion/cifake/train_2715 (8).png,1,cifake,id,0.931762
data/processed/train/real/cifake/train_4904 (9).png,0,cifake,id,0.690780
data/processed/train/real/ffhq/20340.png,0,ffhq,id,0.424697
data/processed/train/real/ffhq/08889.png,0,ffhq,id,0.145454
data/processed/train/fake_diffusion/cifake/train_2335 (2).png,1,cifake,id,0.979594
data/processed/train/fake_diffusion/cifake/train_1778 (4).png,1,cifake,id,0.837881
data/processed/train/real/diverse_real/27637.png,0,diverse_real,id,0.220459
data/processed/train/fake_diffusion/cifake/test_872 (8).png,1,cifake,id,0.915186
data/processed/train/real/ffhq/26654.png,0,ffhq,id,0.296459
data/processed/train/fake_gan/stylegan/6I2NPYOCBB.png,1,stylegan,id,0.997937
data/processed/train/real/diverse_real/04783.png,0,diverse_real,id,0.293932
data/processed/train/fake_gan/stylegan/45TZNAVBXN.png,1,stylegan,id,0.917324
data/processed/train/real/diverse_real/13768.png,0,diverse_real,id,0.092966
data/processed/train/fake_diffusion/cifake/train_1790 (7).png,1,cifake,id,0.491707
data/processed/train/real/cifake/train_0245 (6).png,0,cifake,id,0.970817
data/processed/train/real/ffhq/29627.png,0,ffhq,id,0.073441
data/processed/train/fake_gan/stylegan/2TS3M9G888.png,1,stylegan,id,0.980611
data/processed/train/fake_gan/stylegan/UPRQCTZAKI.png,1,stylegan,id,0.955294
data/processed/train/real/cifake/train_4651 (7).png,0,cifake,id,0.886708
data/processed/train/fake_diffusion/sd15/sd15_01504.png,1,sd15,id,0.729905
data/processed/train/real/diverse_real/65830.png,0,diverse_real,id,0.046259
data/processed/train/fake_diffusion/cifake/train_3437 (3).png,1,cifake,id,0.248660
data/processed/train/real/cifake/train_2643 (9).png,0,cifake,id,0.943338
data/processed/train/fake_diffusion/cifake/train_5532.png,1,cifake,id,0.898093
data/processed/train/real/ffhq/52726.png,0,ffhq,id,0.000296
data/processed/train/real/diverse_real/55695.png,0,diverse_real,id,0.337072
data/processed/train/fake_gan/stylegan/A32AZS97Z8.png,1,stylegan,id,0.015106
data/processed/train/fake_diffusion/cifake/train_1781 (4).png,1,cifake,id,0.735634
data/processed/train/real/diverse_real/15964.png,0,diverse_real,id,0.864713
data/processed/train/real/real_pexels_train/0159.png,0,real_pexels_train,id,0.790351
data/processed/train/fake_gan/stylegan/AP2ZVK2VDZ.png,1,stylegan,id,0.738107
data/processed/train/real/cifake/train_0003 (8).png,0,cifake,id,0.898608
data/processed/train/fake_gan/stylegan/5Q6D8UTP2L.png,1,stylegan,id,0.231213
data/processed/train/fake_diffusion/sd15/sd15_01830.png,1,sd15,id,0.322329
data/processed/train/fake_diffusion/sd15/sd15_01976.png,1,sd15,id,0.700076
data/processed/train/real/ffhq/39976.png,0,ffhq,id,0.713604
data/processed/train/real/diverse_real/28987.png,0,diverse_real,id,0.044989
data/processed/train/real/cifake/train_2911 (2).png,0,cifake,id,0.870168
data/processed/train/real/ffhq/03633.png,0,ffhq,id,0.015535
data/processed/train/real/cifake/train_1721.png,0,cifake,id,0.761150
data/processed/train/fake_diffusion/cifake/train_3951 (9).png,1,cifake,id,0.743740
data/processed/train/fake_gan/stylegan/DKW5IP4W3Y.png,1,stylegan,id,0.969075
data/processed/train/fake_gan/stylegan/4CMC0J44YF.png,1,stylegan,id,0.980380
data/processed/train/real/cifake/train_3953 (3).png,0,cifake,id,0.766701
data/processed/train/fake_diffusion/cifake/train_4445 (5).png,1,cifake,id,0.985797
data/processed/train/real/real_camera_train/000000134886.png,0,real_camera_train,id,0.516701
data/processed/train/fake_diffusion/cifake/train_4263 (3).png,1,cifake,id,0.945908
data/processed/train/real/cifake/train_4190 (9).png,0,cifake,id,0.905866
data/processed/train/real/ffhq/29513.png,0,ffhq,id,0.113975
data/processed/train/real/cifake/train_4606 (2).png,0,cifake,id,0.596578
data/processed/train/real/cifake/train_3450 (2).png,0,cifake,id,0.517665
data/processed/train/real/diverse_real/37661.png,0,diverse_real,id,0.200142
data/processed/train/fake_diffusion/cifake/train_2688 (8).png,1,cifake,id,0.927691
data/processed/train/fake_diffusion/sd15/sd15_00400.png,1,sd15,id,0.978301
data/processed/train/real/ffhq/43693.png,0,ffhq,id,0.474490
data/processed/train/real/diverse_real/26565.png,0,diverse_real,id,0.221188
data/processed/train/real/ffhq/49891.png,0,ffhq,id,0.102963
data/processed/train/fake_gan/stylegan/TKVTFKIM9L.png,1,stylegan,id,0.005885
data/processed/train/real/cifake/test_0341 (3).png,0,cifake,id,0.578276
data/processed/train/real/ffhq/39924.png,0,ffhq,id,0.001638
data/processed/train/fake_diffusion/cifake/test_798 (6).png,1,cifake,id,0.749436
data/processed/train/real/cifake/train_4846 (9).png,0,cifake,id,0.808392
data/processed/train/real/cifake/train_4273 (9).png,0,cifake,id,0.658978
data/processed/train/fake_gan/stylegan/FUJ27FSSAJ.png,1,stylegan,id,0.756500
data/processed/train/fake_diffusion/sd15/sd15_02080.png,1,sd15,id,0.714983
data/processed/train/real/cifake/train_2594 (9).png,0,cifake,id,0.879635
data/processed/train/real/ffhq/12996.png,0,ffhq,id,0.074068
data/processed/train/fake_gan/stylegan/312RBQR4HD.png,1,stylegan,id,0.059698
data/processed/train/fake_diffusion/tristanzhang_train/2283.png,1,tristanzhang_train,id,0.306888
data/processed/train/real/cifake/train_3903 (4).png,0,cifake,id,0.989035
data/processed/train/real/cifake/train_0062 (9).png,0,cifake,id,0.641242
data/processed/train/fake_gan/stylegan/GVPYY3E60R.png,1,stylegan,id,0.810439
data/processed/train/real/cifake/train_4938 (6).png,0,cifake,id,0.971218
data/processed/train/real/real_camera_train/000000430875.png,0,real_camera_train,id,0.890274
data/processed/train/real/cifake/train_3096 (3).png,0,cifake,id,0.971109
data/processed/train/fake_gan/stylegan/LVYSUJOEAO.png,1,stylegan,id,0.979582
data/processed/train/fake_gan/stylegan/RBEJ3X6TX7.png,1,stylegan,id,0.005536
data/processed/train/fake_gan/stylegan/8APVC09006.png,1,stylegan,id,0.007364
data/processed/train/real/cifake/train_4653.png,0,cifake,id,0.816849
data/processed/train/real/ffhq/50410.png,0,ffhq,id,0.193881
data/processed/train/real/ffhq/21569.png,0,ffhq,id,0.563848
data/processed/train/real/ffhq/38066.png,0,ffhq,id,0.581522
data/processed/train/real/ffhq/27009.png,0,ffhq,id,0.128288
data/processed/train/fake_gan/stylegan/FCSJ49OT19.png,1,stylegan,id,0.002394
data/processed/train/real/cifake/train_1725 (7).png,0,cifake,id,0.615263
data/processed/train/fake_gan/stylegan/WHIT941P43.png,1,stylegan,id,0.088548
data/processed/train/real/ffhq/35905.png,0,ffhq,id,0.343869
data/processed/train/real/ffhq/30089.png,0,ffhq,id,0.433753
data/processed/train/real/diverse_real/58654.png,0,diverse_real,id,0.119610
data/processed/train/fake_gan/stylegan/JCV04FO7XF.png,1,stylegan,id,0.726181
data/processed/train/fake_gan/stylegan/E28PRCKYAR.png,1,stylegan,id,0.012713
data/processed/train/real/cifake/train_3767 (7).png,0,cifake,id,0.936915
data/processed/train/fake_gan/stylegan/TLOWGCLR59.png,1,stylegan,id,0.546538
data/processed/train/real/cifake/train_2963 (6).png,0,cifake,id,0.914874
data/processed/train/fake_gan/stylegan/3VW6CLU88W.png,1,stylegan,id,0.117189
data/processed/train/real/cifake/train_2842 (4).png,0,cifake,id,0.896902
data/processed/train/real/ffhq/53173.png,0,ffhq,id,0.324537
data/processed/train/real/cifake/train_3775 (6).png,0,cifake,id,0.974620
data/processed/train/real/cifake/train_0397 (3).png,0,cifake,id,0.955978
data/processed/train/real/ffhq/18806.png,0,ffhq,id,0.420778
data/processed/train/fake_diffusion/cifake/train_4436 (6).png,1,cifake,id,0.680682
data/processed/train/real/cifake/train_3283 (7).png,0,cifake,id,0.795944
data/processed/train/fake_diffusion/tristanzhang_train/0618.png,1,tristanzhang_train,id,0.530668
data/processed/train/real/ffhq/27939.png,0,ffhq,id,0.018190
data/processed/train/fake_gan/stylegan/5969LQCDMZ.png,1,stylegan,id,0.547666
data/processed/train/real/cifake/train_0451 (2).png,0,cifake,id,0.546036
data/processed/train/real/cifake/train_1556.png,0,cifake,id,0.852258
data/processed/train/fake_diffusion/cifake/train_5019 (10).png,1,cifake,id,0.792255
data/processed/train/fake_diffusion/cifake/test_376 (6).png,1,cifake,id,0.870538
data/processed/train/fake_diffusion/cifake/train_5017 (7).png,1,cifake,id,0.820441
data/processed/train/real/diverse_real/12329.png,0,diverse_real,id,0.440364
data/processed/train/fake_gan/stylegan/QQCWVYZM9M.png,1,stylegan,id,0.038287
data/processed/train/real/ffhq/22562.png,0,ffhq,id,0.000605
data/processed/train/fake_gan/stylegan/68SI1X96JM.png,1,stylegan,id,0.377630
data/processed/train/fake_gan/stylegan/3JL6DRP0BB.png,1,stylegan,id,0.996793
data/processed/train/fake_gan/stylegan/AXM1CWTN2E.png,1,stylegan,id,0.046629
data/processed/train/real/ffhq/11427.png,0,ffhq,id,0.935330
data/processed/train/real/diverse_real/42960.png,0,diverse_real,id,0.032361
data/processed/train/fake_diffusion/cifake/train_4717 (5).png,1,cifake,id,0.977630
data/processed/train/fake_diffusion/tristanzhang_train/3287.png,1,tristanzhang_train,id,0.345853
data/processed/train/real/cifake/train_3769 (9).png,0,cifake,id,0.538703
data/processed/train/fake_diffusion/cifake/test_663 (6).png,1,cifake,id,0.937737
data/processed/train/fake_diffusion/sd15/sd15_02411.png,1,sd15,id,0.513247
data/processed/train/fake_gan/stylegan/QY8A8WKKO2.png,1,stylegan,id,0.078592
data/processed/train/real/cifake/test_0794 (3).png,0,cifake,id,0.874260
data/processed/train/real/cifake/train_3621 (10).png,0,cifake,id,0.726331
data/processed/train/real/cifake/train_3443.png,0,cifake,id,0.795985
data/processed/train/fake_gan/stylegan/KIAQP9PR7A.png,1,stylegan,id,0.096204
data/processed/train/fake_diffusion/cifake/train_5273 (2).png,1,cifake,id,0.849194
data/processed/train/real/cifake/train_4596 (3).png,0,cifake,id,0.734887
data/processed/train/real/cifake/train_1179 (6).png,0,cifake,id,0.972813
data/processed/train/real/real_pexels_train/5098.png,0,real_pexels_train,id,0.320294
data/processed/train/fake_diffusion/sd15/sd15_00006.png,1,sd15,id,0.316033
data/processed/train/fake_diffusion/cifake/train_2590 (5).png,1,cifake,id,0.882187
data/processed/train/real/cifake/test_0212 (8).png,0,cifake,id,0.856652
data/processed/train/real/cifake/train_0851.png,0,cifake,id,0.833955
data/processed/train/fake_gan/stylegan/I6YXMK02CG.png,1,stylegan,id,0.105268
data/processed/train/real/ffhq/18704.png,0,ffhq,id,0.727272
data/processed/train/real/cifake/train_3586 (7).png,0,cifake,id,0.858255
data/processed/train/fake_diffusion/cifake/train_1305 (9).png,1,cifake,id,0.830188
data/processed/train/fake_diffusion/cifake/test_882 (8).png,1,cifake,id,0.899215
data/processed/train/real/cifake/train_2245 (8).png,0,cifake,id,0.928721
data/processed/train/fake_diffusion/cifake/train_2404 (3).png,1,cifake,id,0.954123
data/processed/train/fake_gan/stylegan/OKJ7EUP77I.png,1,stylegan,id,0.118747
data/processed/train/real/cifake/test_0165 (10).png,0,cifake,id,0.610509
data/processed/train/real/ffhq/43876.png,0,ffhq,id,0.896196
data/processed/train/fake_diffusion/cifake/train_1907 (9).png,1,cifake,id,0.894381
data/processed/train/fake_diffusion/cifake/train_2820.png,1,cifake,id,0.630547
data/processed/train/fake_gan/stylegan/VGUFZMZ9W8.png,1,stylegan,id,0.011772
data/processed/train/real/ffhq/18295.png,0,ffhq,id,0.011906
data/processed/train/fake_diffusion/cifake/train_2512 (8).png,1,cifake,id,0.876270
data/processed/train/real/cifake/train_3139 (4).png,0,cifake,id,0.636434
data/processed/train/real/ffhq/35816.png,0,ffhq,id,0.052756
data/processed/train/fake_diffusion/cifake/train_1986 (2).png,1,cifake,id,0.448919
data/processed/train/fake_diffusion/cifake/train_3899.png,1,cifake,id,0.637145
data/processed/train/real/cifake/train_3057 (10).png,0,cifake,id,0.742898
data/processed/train/fake_diffusion/cifake/test_457 (3).png,1,cifake,id,0.960425
data/processed/train/real/cifake/train_2152 (8).png,0,cifake,id,0.966112
data/processed/train/real/diverse_real/69626.png,0,diverse_real,id,0.002215
data/processed/train/fake_diffusion/cifake/train_5151.png,1,cifake,id,0.750392
data/processed/train/fake_diffusion/cifake/train_4591 (10).png,1,cifake,id,0.977973
data/processed/train/real/ffhq/05901.png,0,ffhq,id,0.824193
data/processed/train/real/ffhq/05283.png,0,ffhq,id,0.013928
data/processed/train/fake_diffusion/sd15/sd15_00747.png,1,sd15,id,0.871117
data/processed/train/fake_diffusion/cifake/train_1788 (3).png,1,cifake,id,0.806391
data/processed/train/real/ffhq/17155.png,0,ffhq,id,0.914151
data/processed/train/real/cifake/train_0218.png,0,cifake,id,0.864359
data/processed/train/fake_diffusion/cifake/train_3365 (4).png,1,cifake,id,0.687112
data/processed/train/fake_diffusion/cifake/train_5681 (6).png,1,cifake,id,0.951041
data/processed/train/real/ffhq/04427.png,0,ffhq,id,0.021293
data/processed/train/real/ffhq/18162.png,0,ffhq,id,0.998458
data/processed/train/real/cifake/train_2965 (2).png,0,cifake,id,0.767571
data/processed/train/fake_diffusion/cifake/test_456 (7).png,1,cifake,id,0.659181
data/processed/train/real/ffhq/22281.png,0,ffhq,id,0.526041
data/processed/train/fake_diffusion/cifake/train_5348 (7).png,1,cifake,id,0.948614
data/processed/train/fake_diffusion/cifake/train_3471 (3).png,1,cifake,id,0.932359
data/processed/train/fake_diffusion/sd15/sd15_01633.png,1,sd15,id,0.165009
data/processed/train/real/cifake/test_0935.png,0,cifake,id,0.808352
data/processed/train/real/cifake/train_2758 (2).png,0,cifake,id,0.885557
data/processed/train/fake_diffusion/sd15/sd15_00927.png,1,sd15,id,0.700192
data/processed/train/fake_diffusion/cifake/train_5531.png,1,cifake,id,0.774203
data/processed/train/real/diverse_real/26174.png,0,diverse_real,id,0.768684
data/processed/train/fake_gan/stylegan/UUBPP98CVU.png,1,stylegan,id,0.829402
data/processed/train/real/cifake/train_4562 (6).png,0,cifake,id,0.977790
data/processed/train/real/diverse_real/41161.png,0,diverse_real,id,0.140180
data/processed/train/real/cifake/test_0320 (10).png,0,cifake,id,0.869117
data/processed/train/real/cifake/train_2141 (4).png,0,cifake,id,0.953934
data/processed/train/real/diverse_real/62512.png,0,diverse_real,id,0.978802
data/processed/train/real/cifake/test_0037 (6).png,0,cifake,id,0.804403
data/processed/train/fake_gan/stylegan/XLFPOYVSR9.png,1,stylegan,id,0.029957
data/processed/train/real/cifake/train_4761 (6).png,0,cifake,id,0.983218
data/processed/train/fake_diffusion/cifake/train_2184.png,1,cifake,id,0.789398
data/processed/train/fake_diffusion/cifake/train_5632 (10).png,1,cifake,id,0.926582
data/processed/train/fake_diffusion/cifake/train_2858 (7).png,1,cifake,id,0.884415
data/processed/train/real/cifake/train_2751 (4).png,0,cifake,id,0.707631
data/processed/train/fake_diffusion/sd15/sd15_02060.png,1,sd15,id,0.972044
data/processed/train/real/ffhq/50540.png,0,ffhq,id,0.057674
data/processed/train/real/cifake/train_3302 (4).png,0,cifake,id,0.925372
data/processed/train/real/cifake/test_0554 (2).png,0,cifake,id,0.793663
data/processed/train/fake_gan/stylegan/1E8H6XTYWL.png,1,stylegan,id,0.077574
data/processed/train/fake_diffusion/cifake/test_915 (4).png,1,cifake,id,0.842456
data/processed/train/real/diverse_real/04137.png,0,diverse_real,id,0.043296
data/processed/train/fake_diffusion/cifake/test_279 (2).png,1,cifake,id,0.818405
data/processed/train/real/diverse_real/53257.png,0,diverse_real,id,0.931722
data/processed/train/fake_diffusion/cifake/train_1568 (9).png,1,cifake,id,0.781864
data/processed/train/fake_gan/stylegan/FZPDQ2XUQA.png,1,stylegan,id,0.719433
data/processed/train/fake_diffusion/cifake/train_3732 (4).png,1,cifake,id,0.959483
data/processed/train/real/ffhq/26088.png,0,ffhq,id,0.941385
data/processed/train/fake_diffusion/cifake/train_2919 (2).png,1,cifake,id,0.669856
data/processed/train/fake_diffusion/cifake/train_5413 (3).png,1,cifake,id,0.956044
data/processed/train/real/cifake/train_0570 (4).png,0,cifake,id,0.979092
data/processed/train/fake_diffusion/cifake/test_72 (3).png,1,cifake,id,0.410491
data/processed/train/real/cifake/train_1517 (10).png,0,cifake,id,0.620836
data/processed/train/real/cifake/test_0341 (5).png,0,cifake,id,0.966560
data/processed/train/fake_gan/stylegan/42Y55DLMTG.png,1,stylegan,id,0.442781
data/processed/train/fake_diffusion/cifake/train_4126 (9).png,1,cifake,id,0.844489
data/processed/train/fake_diffusion/cifake/train_1149 (10).png,1,cifake,id,0.835569
data/processed/train/real/ffhq/19486.png,0,ffhq,id,0.029868
data/processed/train/fake_diffusion/cifake/test_501 (4).png,1,cifake,id,0.948559
data/processed/train/real/ffhq/42979.png,0,ffhq,id,0.220540
data/processed/train/real/cifake/train_1018 (3).png,0,cifake,id,0.895782
data/processed/train/fake_diffusion/cifake/train_2547 (6).png,1,cifake,id,0.760910
data/processed/train/fake_gan/stylegan/PAAI6DCP3P.png,1,stylegan,id,0.028953
data/processed/train/real/cifake/train_4457 (2).png,0,cifake,id,0.702340
data/processed/train/fake_diffusion/cifake/train_5456 (5).png,1,cifake,id,0.860372
data/processed/train/real/diverse_real/66055.png,0,diverse_real,id,0.193363
data/processed/train/real/cifake/train_2443 (3).png,0,cifake,id,0.910472
data/processed/train/fake_diffusion/cifake/test_948 (2).png,1,cifake,id,0.938234
data/processed/train/real/cifake/train_1344 (9).png,0,cifake,id,0.919431
data/processed/train/real/ffhq/47238.png,0,ffhq,id,0.135019
data/processed/train/real/cifake/train_3247 (2).png,0,cifake,id,0.713091
data/processed/train/fake_gan/stylegan/WF609HDCHO.png,1,stylegan,id,0.100014
data/processed/train/real/cifake/test_0006 (10).png,0,cifake,id,0.700726
data/processed/train/real/ffhq/28497.png,0,ffhq,id,0.080913
data/processed/train/real/diverse_real/15164.png,0,diverse_real,id,0.406725
data/processed/train/real/cifake/train_4841 (7).png,0,cifake,id,0.729795
data/processed/train/real/cifake/train_0442 (6).png,0,cifake,id,0.912045
data/processed/train/fake_diffusion/sd15/sd15_00193.png,1,sd15,id,0.554766
data/processed/train/fake_diffusion/sd15/sd15_01728.png,1,sd15,id,0.315108
data/processed/train/real/ffhq/14445.png,0,ffhq,id,0.539103
data/processed/train/real/cifake/test_0621 (3).png,0,cifake,id,0.905024
data/processed/train/real/ffhq/43874.png,0,ffhq,id,0.114570
data/processed/train/fake_diffusion/cifake/train_3964 (9).png,1,cifake,id,0.633367
data/processed/train/real/ffhq/40311.png,0,ffhq,id,0.385604
data/processed/train/real/ffhq/44486.png,0,ffhq,id,0.411676
data/processed/train/real/ffhq/45137.png,0,ffhq,id,0.547474
data/processed/train/real/cifake/train_0527 (2).png,0,cifake,id,0.828736
data/processed/train/real/ffhq/47857.png,0,ffhq,id,0.020660
data/processed/train/real/ffhq/40652.png,0,ffhq,id,0.842595
data/processed/train/real/diverse_real/53748.png,0,diverse_real,id,0.201389
data/processed/train/fake_diffusion/cifake/train_3501.png,1,cifake,id,0.625398
data/processed/train/fake_diffusion/sd15/sd15_00317.png,1,sd15,id,0.815947
data/processed/train/real/ffhq/18135.png,0,ffhq,id,0.215039
data/processed/train/real/ffhq/40591.png,0,ffhq,id,0.995530
data/processed/train/real/cifake/train_3016 (7).png,0,cifake,id,0.701787
data/processed/train/real/ffhq/02591.png,0,ffhq,id,0.014128
data/processed/train/real/cifake/test_0030 (10).png,0,cifake,id,0.764764
data/processed/train/real/ffhq/01698.png,0,ffhq,id,0.985299
data/processed/train/fake_diffusion/sd15/sd15_01913.png,1,sd15,id,0.094557
data/processed/train/fake_gan/stylegan/UAUSDEC9VF.png,1,stylegan,id,0.200626
data/processed/train/real/ffhq/41565.png,0,ffhq,id,0.082223
data/processed/train/fake_diffusion/cifake/train_3121 (3).png,1,cifake,id,0.670096
data/processed/train/real/diverse_real/21478.png,0,diverse_real,id,0.107274
data/processed/train/real/ffhq/41865.png,0,ffhq,id,0.004222
data/processed/train/fake_diffusion/cifake/train_1783 (8).png,1,cifake,id,0.866076
data/processed/train/real/cifake/train_2876 (8).png,0,cifake,id,0.720031
data/processed/train/fake_gan/stylegan/RZ8SG56WXD.png,1,stylegan,id,0.937672
data/processed/train/fake_gan/stylegan/HJXVUIOK78.png,1,stylegan,id,0.005821
data/processed/train/real/cifake/train_4470 (9).png,0,cifake,id,0.904647
data/processed/train/fake_diffusion/cifake/train_1680.png,1,cifake,id,0.845631
data/processed/train/real/cifake/train_4683 (9).png,0,cifake,id,0.748570
data/processed/train/fake_diffusion/cifake/train_4110 (3).png,1,cifake,id,0.730176
data/processed/train/fake_diffusion/cifake/train_2786 (5).png,1,cifake,id,0.981278
data/processed/train/real/cifake/train_4422 (7).png,0,cifake,id,0.603360
data/processed/train/fake_diffusion/cifake/train_4358 (9).png,1,cifake,id,0.932666
data/processed/train/fake_diffusion/sd15/sd15_01150.png,1,sd15,id,0.618348
data/processed/train/fake_gan/stylegan/PD0CRHNAN3.png,1,stylegan,id,0.032884
data/processed/train/fake_diffusion/cifake/test_291 (2).png,1,cifake,id,0.952532
data/processed/train/fake_diffusion/cifake/test_226 (4).png,1,cifake,id,0.809624
data/processed/train/real/cifake/train_0863 (8).png,0,cifake,id,0.823385
data/processed/train/real/ffhq/46508.png,0,ffhq,id,0.292820
data/processed/train/real/cifake/train_2892 (10).png,0,cifake,id,0.744144
data/processed/train/fake_diffusion/cifake/train_4792 (4).png,1,cifake,id,0.945679
data/processed/train/real/cifake/train_0989 (4).png,0,cifake,id,0.945773
data/processed/train/fake_diffusion/cifake/train_1901 (3).png,1,cifake,id,0.801842
data/processed/train/real/cifake/train_0261 (5).png,0,cifake,id,0.976596
data/processed/train/real/diverse_real/55637.png,0,diverse_real,id,0.988552
data/processed/train/real/ffhq/29386.png,0,ffhq,id,0.334181
data/processed/train/fake_gan/stylegan/YW4SO28GPN.png,1,stylegan,id,0.256226
data/processed/train/real/cifake/train_2344 (3).png,0,cifake,id,0.941478
data/processed/train/fake_diffusion/sd15/sd15_01253.png,1,sd15,id,0.577774
data/processed/train/fake_gan/stylegan/U1EF0ZKC26.png,1,stylegan,id,0.057632
data/processed/train/fake_gan/stylegan/6396CIKJ76.png,1,stylegan,id,0.056242
data/processed/train/real/ffhq/06922.png,0,ffhq,id,0.004314
data/processed/train/fake_diffusion/cifake/train_4645.png,1,cifake,id,0.885176
data/processed/train/fake_gan/stylegan/YKWLJSOPBK.png,1,stylegan,id,0.566899
data/processed/train/fake_gan/stylegan/0FIEF5AI1O.png,1,stylegan,id,0.010828
data/processed/train/real/cifake/train_1478 (4).png,0,cifake,id,0.832097
data/processed/train/real/diverse_real/51919.png,0,diverse_real,id,0.004465
data/processed/train/real/ffhq/17167.png,0,ffhq,id,0.307169
data/processed/train/real/cifake/train_3298 (7).png,0,cifake,id,0.730208
data/processed/train/fake_diffusion/cifake/train_5726 (6).png,1,cifake,id,0.786132
data/processed/train/real/cifake/test_0645 (8).png,0,cifake,id,0.617680
data/processed/train/fake_gan/stylegan/2TG4LHBFI0.png,1,stylegan,id,0.097495
data/processed/train/fake_gan/stylegan/X63Q1JFH6M.png,1,stylegan,id,0.046695
data/processed/train/fake_gan/stylegan/62VW1O0DQZ.png,1,stylegan,id,0.965707
data/processed/train/real/ffhq/18374.png,0,ffhq,id,0.025211
data/processed/train/real/diverse_real/43337.png,0,diverse_real,id,0.021216
data/processed/train/real/cifake/test_0524 (9).png,0,cifake,id,0.877556
data/processed/train/real/cifake/train_4234 (5).png,0,cifake,id,0.956845
data/processed/train/real/ffhq/02444.png,0,ffhq,id,0.838318
data/processed/train/real/ffhq/15159.png,0,ffhq,id,0.474717
data/processed/train/fake_diffusion/sd15/sd15_02200.png,1,sd15,id,0.964216
data/processed/train/fake_diffusion/cifake/train_1813 (10).png,1,cifake,id,0.463042
data/processed/train/real/cifake/train_3291 (9).png,0,cifake,id,0.902496
data/processed/train/real/ffhq/06924.png,0,ffhq,id,0.330266
data/processed/train/fake_gan/stylegan/3BBMA764Z8.png,1,stylegan,id,0.591507
data/processed/train/fake_gan/stylegan/OES06Y0TLU.png,1,stylegan,id,0.580126
data/processed/train/fake_gan/stylegan/WHQF1YT1IV.png,1,stylegan,id,0.972602
data/processed/train/fake_diffusion/cifake/train_3059 (7).png,1,cifake,id,0.983394
data/processed/train/fake_diffusion/cifake/test_203 (10).png,1,cifake,id,0.722181
data/processed/train/fake_gan/stylegan/OWHQYH5QDT.png,1,stylegan,id,0.835113
data/processed/train/real/diverse_real/24513.png,0,diverse_real,id,0.857726
data/processed/train/fake_diffusion/sd15/sd15_00219.png,1,sd15,id,0.531107
data/processed/train/fake_gan/stylegan/CMM5CAKSTE.png,1,stylegan,id,0.023113
data/processed/train/real/cifake/test_0619.png,0,cifake,id,0.853948
data/processed/train/fake_diffusion/sd15/sd15_01795.png,1,sd15,id,0.736556
data/processed/train/real/ffhq/15557.png,0,ffhq,id,0.632803
data/processed/train/real/cifake/train_2354 (4).png,0,cifake,id,0.730533
data/processed/train/fake_gan/stylegan/IL0ME91OF2.png,1,stylegan,id,0.999592
data/processed/train/real/ffhq/40916.png,0,ffhq,id,0.114542
data/processed/train/real/cifake/train_4370 (3).png,0,cifake,id,0.885180
data/processed/train/real/cifake/train_2159 (7).png,0,cifake,id,0.868117
data/processed/train/real/ffhq/39088.png,0,ffhq,id,0.841057
data/processed/train/fake_diffusion/cifake/train_5557 (4).png,1,cifake,id,0.895334
data/processed/train/fake_gan/stylegan/VQ4AO008P8.png,1,stylegan,id,0.788913
data/processed/train/fake_diffusion/cifake/train_2385 (3).png,1,cifake,id,0.604346
data/processed/train/real/ffhq/02156.png,0,ffhq,id,0.902548
data/processed/train/fake_diffusion/cifake/train_2912.png,1,cifake,id,0.887486
data/processed/train/fake_diffusion/cifake/train_2374 (6).png,1,cifake,id,0.688829
data/processed/train/fake_diffusion/cifake/train_2212.png,1,cifake,id,0.889584
data/processed/train/real/cifake/train_2243 (5).png,0,cifake,id,0.595527
data/processed/train/fake_diffusion/cifake/train_5320.png,1,cifake,id,0.830060
data/processed/train/fake_gan/stylegan/HIPTKCKBCH.png,1,stylegan,id,0.195962
data/processed/train/fake_diffusion/cifake/train_4817 (2).png,1,cifake,id,0.960422
data/processed/train/real/ffhq/14600.png,0,ffhq,id,0.532246
data/processed/train/real/cifake/test_0704 (3).png,0,cifake,id,0.873993
data/processed/train/fake_diffusion/cifake/train_4245.png,1,cifake,id,0.742388
data/processed/train/fake_diffusion/cifake/test_808 (8).png,1,cifake,id,0.732788
data/processed/train/real/diverse_real/34616.png,0,diverse_real,id,0.718781
data/processed/train/fake_gan/stylegan/UHFQP50Z9Z.png,1,stylegan,id,0.071307
data/processed/train/real/cifake/train_0515 (5).png,0,cifake,id,0.964033
data/processed/train/fake_diffusion/cifake/train_4876.png,1,cifake,id,0.492676
data/processed/train/fake_diffusion/cifake/train_3904 (3).png,1,cifake,id,0.942244
data/processed/train/fake_gan/stylegan/O7I4E3Y7DK.png,1,stylegan,id,0.071184
data/processed/train/real/ffhq/36459.png,0,ffhq,id,0.951702
data/processed/train/real/cifake/train_0449 (7).png,0,cifake,id,0.818881
data/processed/train/fake_gan/stylegan/I431ON1HTH.png,1,stylegan,id,0.939195
data/processed/train/real/cifake/train_1575 (2).png,0,cifake,id,0.608096
data/processed/train/real/ffhq/20284.png,0,ffhq,id,0.043256
data/processed/train/fake_diffusion/cifake/train_5186 (8).png,1,cifake,id,0.916873
data/processed/train/real/cifake/train_3694.png,0,cifake,id,0.756381
data/processed/train/fake_diffusion/cifake/train_5841 (9).png,1,cifake,id,0.848692
data/processed/train/fake_diffusion/sd15/sd15_02477.png,1,sd15,id,0.978179
data/processed/train/real/ffhq/27936.png,0,ffhq,id,0.014064
data/processed/train/fake_diffusion/tristanzhang_train/3755.png,1,tristanzhang_train,id,0.576759
data/processed/train/fake_diffusion/cifake/train_1152 (4).png,1,cifake,id,0.818106
data/processed/train/real/diverse_real/41456.png,0,diverse_real,id,0.982430
data/processed/train/real/diverse_real/07729.png,0,diverse_real,id,0.107849
data/processed/train/real/cifake/train_1191 (8).png,0,cifake,id,0.540159
data/processed/train/fake_diffusion/cifake/train_3074 (9).png,1,cifake,id,0.749883
data/processed/train/real/diverse_real/49258.png,0,diverse_real,id,0.027859
data/processed/train/real/ffhq/29597.png,0,ffhq,id,0.157583
data/processed/train/fake_diffusion/cifake/train_5392 (9).png,1,cifake,id,0.873111
data/processed/train/fake_gan/stylegan/63BJA629AF.png,1,stylegan,id,0.514306
data/processed/train/fake_gan/stylegan/72AMN2C2VK.png,1,stylegan,id,0.271954
data/processed/train/real/ffhq/30504.png,0,ffhq,id,0.470197
data/processed/train/real/cifake/train_2692 (10).png,0,cifake,id,0.683276
data/processed/train/real/ffhq/38026.png,0,ffhq,id,0.880985
data/processed/train/real/cifake/train_4959 (7).png,0,cifake,id,0.765751
data/processed/train/real/real_camera_train/000000002261.png,0,real_camera_train,id,0.583926
data/processed/train/real/real_pexels_train/4029.png,0,real_pexels_train,id,0.986938
data/processed/train/fake_diffusion/sd15/sd15_00687.png,1,sd15,id,0.348621
data/processed/train/real/diverse_real/13951.png,0,diverse_real,id,0.991270
data/processed/train/fake_diffusion/cifake/train_3588 (3).png,1,cifake,id,0.996499
data/processed/train/fake_diffusion/cifake/train_2544 (3).png,1,cifake,id,0.866602
data/processed/train/fake_diffusion/cifake/test_192 (5).png,1,cifake,id,0.960858
data/processed/train/fake_gan/stylegan/6MFKXQT6HI.png,1,stylegan,id,0.056909
data/processed/train/fake_gan/stylegan/XKPCTFZZVU.png,1,stylegan,id,0.928718
data/processed/train/real/diverse_real/32040.png,0,diverse_real,id,0.053347
data/processed/train/fake_gan/stylegan/L426TPGUVR.png,1,stylegan,id,0.729569
data/processed/train/fake_diffusion/cifake/test_242 (8).png,1,cifake,id,0.829930
data/processed/train/fake_diffusion/cifake/test_136 (2).png,1,cifake,id,0.312086
data/processed/train/fake_diffusion/cifake/train_2146.png,1,cifake,id,0.919617
data/processed/train/real/ffhq/47705.png,0,ffhq,id,0.999775
data/processed/train/real/ffhq/29588.png,0,ffhq,id,0.010045
data/processed/train/fake_diffusion/cifake/train_5584 (3).png,1,cifake,id,0.615400
data/processed/train/real/diverse_real/63049.png,0,diverse_real,id,0.096232
data/processed/train/real/cifake/test_0051 (3).png,0,cifake,id,0.977150
data/processed/train/real/cifake/train_2735.png,0,cifake,id,0.732880
data/processed/train/real/diverse_real/68683.png,0,diverse_real,id,0.630910
data/processed/train/real/cifake/train_3642 (3).png,0,cifake,id,0.801587
data/processed/train/real/cifake/train_0339 (4).png,0,cifake,id,0.969759
data/processed/train/fake_diffusion/cifake/train_2347.png,1,cifake,id,0.969840
data/processed/train/real/cifake/train_0726 (6).png,0,cifake,id,0.988248
data/processed/train/real/ffhq/15881.png,0,ffhq,id,0.093568
data/processed/train/fake_gan/stylegan/SDFDCQ20D0.png,1,stylegan,id,0.855460
data/processed/train/fake_diffusion/cifake/train_3479 (7).png,1,cifake,id,0.804504
data/processed/train/real/cifake/train_3069 (3).png,0,cifake,id,0.521821
data/processed/train/real/ffhq/52289.png,0,ffhq,id,0.034799
data/processed/train/fake_gan/stylegan/JATB3RBCEG.png,1,stylegan,id,0.167953
data/processed/train/fake_diffusion/sd15/sd15_01753.png,1,sd15,id,0.547743
data/processed/train/real/cifake/train_2758 (9).png,0,cifake,id,0.781337
data/processed/train/fake_gan/stylegan/SGO1L879CN.png,1,stylegan,id,0.599950
data/processed/train/real/diverse_real/49878.png,0,diverse_real,id,0.077991
data/processed/train/real/ffhq/01436.png,0,ffhq,id,0.061049
data/processed/train/real/diverse_real/15816.png,0,diverse_real,id,0.058763
data/processed/train/fake_diffusion/cifake/train_2282 (4).png,1,cifake,id,0.947238
data/processed/train/fake_diffusion/cifake/train_5068 (10).png,1,cifake,id,0.748354
data/processed/train/real/ffhq/23210.png,0,ffhq,id,0.027893
data/processed/train/fake_gan/stylegan/7OWMIFUM54.png,1,stylegan,id,0.036100
data/processed/train/fake_diffusion/cifake/train_4234 (2).png,1,cifake,id,0.861347
data/processed/train/fake_diffusion/cifake/train_2795.png,1,cifake,id,0.641365
data/processed/train/fake_diffusion/sd15/sd15_00422.png,1,sd15,id,0.628222
data/processed/train/fake_diffusion/cifake/train_3398 (2).png,1,cifake,id,0.295162
data/processed/train/fake_diffusion/tristanzhang_train/3944.png,1,tristanzhang_train,id,0.143696
data/processed/train/real/ffhq/42349.png,0,ffhq,id,0.147787
data/processed/train/real/cifake/train_3875.png,0,cifake,id,0.770586
data/processed/train/real/cifake/train_1781 (5).png,0,cifake,id,0.910294
data/processed/train/real/ffhq/39842.png,0,ffhq,id,0.113923
data/processed/train/real/ffhq/37185.png,0,ffhq,id,0.479077
data/processed/train/real/diverse_real/58840.png,0,diverse_real,id,0.011643
data/processed/train/fake_gan/stylegan/CZQ0B07RUW.png,1,stylegan,id,0.012349
data/processed/train/real/cifake/train_4178 (8).png,0,cifake,id,0.987637
data/processed/train/fake_diffusion/cifake/train_2553.png,1,cifake,id,0.732049
data/processed/train/fake_diffusion/cifake/train_4519 (10).png,1,cifake,id,0.931658
data/processed/train/fake_gan/stylegan/QZ0XYGUGO0.png,1,stylegan,id,0.750212
data/processed/train/real/cifake/train_2513 (9).png,0,cifake,id,0.938019
data/processed/train/fake_diffusion/cifake/train_2261 (5).png,1,cifake,id,0.993616
data/processed/train/real/diverse_real/21988.png,0,diverse_real,id,0.427024
data/processed/train/real/cifake/train_4258 (8).png,0,cifake,id,0.834628
data/processed/train/real/diverse_real/27908.png,0,diverse_real,id,0.041959
data/processed/train/fake_gan/stylegan/ZVIECE0NAK.png,1,stylegan,id,0.311252
data/processed/train/real/diverse_real/47985.png,0,diverse_real,id,0.222398
data/processed/train/real/ffhq/20001.png,0,ffhq,id,0.952277
data/processed/train/real/cifake/train_0575 (4).png,0,cifake,id,0.980860
data/processed/train/fake_gan/stylegan/911UAN60JP.png,1,stylegan,id,0.022721
data/processed/train/fake_diffusion/cifake/train_4001 (6).png,1,cifake,id,0.902959
data/processed/train/fake_diffusion/cifake/train_5966 (4).png,1,cifake,id,0.919422
data/processed/train/fake_diffusion/cifake/test_114 (4).png,1,cifake,id,0.946098
data/processed/train/real/ffhq/32130.png,0,ffhq,id,0.463030
data/processed/train/fake_diffusion/cifake/train_1020 (3).png,1,cifake,id,0.903962
data/processed/train/real/cifake/train_4179 (5).png,0,cifake,id,0.687558
data/processed/train/fake_diffusion/cifake/train_4953.png,1,cifake,id,0.626946
data/processed/train/fake_diffusion/cifake/train_5988 (2).png,1,cifake,id,0.285612
data/processed/train/real/diverse_real/54620.png,0,diverse_real,id,0.698853
data/processed/train/fake_gan/stylegan/6L1TDCLG4Z.png,1,stylegan,id,0.238881
data/processed/train/real/cifake/train_4540 (7).png,0,cifake,id,0.983789
data/processed/train/real/ffhq/34758.png,0,ffhq,id,0.999798
data/processed/train/fake_diffusion/sd15/sd15_01011.png,1,sd15,id,0.947623
data/processed/train/real/cifake/test_0560 (6).png,0,cifake,id,0.823050
data/processed/train/real/diverse_real/28816.png,0,diverse_real,id,0.067875
data/processed/train/real/cifake/train_3580 (10).png,0,cifake,id,0.576962
data/processed/train/real/diverse_real/64841.png,0,diverse_real,id,0.045314
data/processed/train/real/cifake/train_0027 (10).png,0,cifake,id,0.766585
data/processed/train/fake_diffusion/cifake/train_1798 (2).png,1,cifake,id,0.919045
data/processed/train/fake_gan/stylegan/0OX0N4CCRK.png,1,stylegan,id,0.659634
data/processed/train/real/cifake/train_1381 (6).png,0,cifake,id,0.956090
data/processed/train/fake_diffusion/cifake/test_101 (3).png,1,cifake,id,0.986428
data/processed/train/fake_gan/stylegan/19CCJ4JDP8.png,1,stylegan,id,0.021744
data/processed/train/fake_diffusion/cifake/train_4653 (6).png,1,cifake,id,0.498137
data/processed/train/fake_diffusion/cifake/train_2060 (4).png,1,cifake,id,0.896937
data/processed/train/real/cifake/train_2195 (8).png,0,cifake,id,0.710318
data/processed/train/fake_diffusion/cifake/train_4525 (9).png,1,cifake,id,0.915123
data/processed/train/fake_diffusion/cifake/train_3924 (2).png,1,cifake,id,0.688383
data/processed/train/fake_diffusion/cifake/train_3210 (9).png,1,cifake,id,0.620293
data/processed/train/fake_diffusion/cifake/train_5822 (8).png,1,cifake,id,0.879456
data/processed/train/real/ffhq/23757.png,0,ffhq,id,0.952712
data/processed/train/real/ffhq/31635.png,0,ffhq,id,0.029909
data/processed/train/fake_gan/stylegan/MHKLWHUQSN.png,1,stylegan,id,0.390989
data/processed/train/fake_gan/stylegan/JFKR5069M0.png,1,stylegan,id,0.939790
data/processed/train/real/cifake/train_1010 (2).png,0,cifake,id,0.777441
data/processed/train/real/ffhq/06958.png,0,ffhq,id,0.384429
data/processed/train/real/cifake/train_3488 (4).png,0,cifake,id,0.857851
data/processed/train/fake_diffusion/cifake/train_4114 (8).png,1,cifake,id,0.975882
data/processed/train/real/ffhq/38179.png,0,ffhq,id,0.977255
data/processed/train/fake_diffusion/sd15/sd15_00834.png,1,sd15,id,0.882817
data/processed/train/real/ffhq/50416.png,0,ffhq,id,0.360765
data/processed/train/fake_diffusion/cifake/test_434 (10).png,1,cifake,id,0.713953
data/processed/train/real/ffhq/40405.png,0,ffhq,id,0.700009
data/processed/train/fake_diffusion/cifake/train_1497 (4).png,1,cifake,id,0.936512
data/processed/train/real/cifake/test_0360 (9).png,0,cifake,id,0.981627
data/processed/train/real/diverse_real/61991.png,0,diverse_real,id,0.024304
data/processed/train/real/cifake/train_2744 (9).png,0,cifake,id,0.660744
data/processed/train/real/ffhq/15942.png,0,ffhq,id,0.101140
data/processed/train/real/cifake/train_4243 (8).png,0,cifake,id,0.874132
data/processed/train/fake_diffusion/cifake/train_1125 (10).png,1,cifake,id,0.696347
data/processed/train/real/diverse_real/57135.png,0,diverse_real,id,0.242986
data/processed/train/real/cifake/test_0255 (6).png,0,cifake,id,0.810531
data/processed/train/fake_gan/stylegan/YHEUE0LHM0.png,1,stylegan,id,0.228789
data/processed/train/fake_diffusion/cifake/train_1562 (8).png,1,cifake,id,0.724904
data/processed/train/real/ffhq/41503.png,0,ffhq,id,0.295155
data/processed/train/real/cifake/train_1160 (4).png,0,cifake,id,0.959040
data/processed/train/fake_gan/stylegan/Q3JMVUS50A.png,1,stylegan,id,0.099448
data/processed/train/real/diverse_real/67587.png,0,diverse_real,id,0.735323
data/processed/train/real/diverse_real/23239.png,0,diverse_real,id,0.895636
data/processed/train/fake_gan/stylegan/1DMX3OTXNR.png,1,stylegan,id,0.865446
data/processed/train/real/diverse_real/51636.png,0,diverse_real,id,0.145729
data/processed/train/real/cifake/train_3650 (3).png,0,cifake,id,0.859483
data/processed/train/real/cifake/train_2868 (9).png,0,cifake,id,0.525151
data/processed/train/fake_diffusion/sd15/sd15_00775.png,1,sd15,id,0.925400
data/processed/train/fake_diffusion/cifake/train_4258.png,1,cifake,id,0.851737
data/processed/train/real/cifake/train_2049 (4).png,0,cifake,id,0.824453
data/processed/train/real/cifake/train_2460 (7).png,0,cifake,id,0.836676
data/processed/train/fake_gan/stylegan/WEGA9R220U.png,1,stylegan,id,0.073416
data/processed/train/real/ffhq/20681.png,0,ffhq,id,0.998398
data/processed/train/real/cifake/train_0861 (3).png,0,cifake,id,0.915676
data/processed/train/real/diverse_real/20950.png,0,diverse_real,id,0.735483
data/processed/train/real/cifake/test_0700 (8).png,0,cifake,id,0.905359
data/processed/train/fake_diffusion/cifake/train_2344 (4).png,1,cifake,id,0.857009
data/processed/train/fake_gan/stylegan/ENAZVP7GCM.png,1,stylegan,id,0.002281
data/processed/train/real/cifake/test_0830 (9).png,0,cifake,id,0.966743
data/processed/train/real/ffhq/37235.png,0,ffhq,id,0.266714
data/processed/train/real/ffhq/39174.png,0,ffhq,id,0.530166
data/processed/train/real/ffhq/11065.png,0,ffhq,id,0.022428
data/processed/train/fake_gan/stylegan/AB02Y1D2CQ.png,1,stylegan,id,0.139702
data/processed/train/fake_gan/stylegan/0KKVL4RFIN.png,1,stylegan,id,0.155229
data/processed/train/real/cifake/train_2911 (10).png,0,cifake,id,0.963333
data/processed/train/fake_diffusion/cifake/train_3075 (8).png,1,cifake,id,0.960130
data/processed/train/real/cifake/train_3697 (9).png,0,cifake,id,0.901148
data/processed/train/fake_gan/stylegan/SGJUDL3DZ8.png,1,stylegan,id,0.656658
data/processed/train/fake_diffusion/sd15/sd15_01959.png,1,sd15,id,0.854437
data/processed/train/fake_diffusion/cifake/test_903 (5).png,1,cifake,id,0.972811
data/processed/train/real/cifake/train_4151 (7).png,0,cifake,id,0.989139
data/processed/train/fake_diffusion/cifake/train_4777 (7).png,1,cifake,id,0.525484
data/processed/train/fake_diffusion/cifake/train_3136.png,1,cifake,id,0.707349
data/processed/train/real/real_camera_train/000000437351.png,0,real_camera_train,id,0.402921
data/processed/train/real/cifake/train_3991 (5).png,0,cifake,id,0.991161
data/processed/train/fake_diffusion/cifake/train_5866 (7).png,1,cifake,id,0.917281
data/processed/train/fake_diffusion/cifake/train_1267 (4).png,1,cifake,id,0.823922
data/processed/train/real/cifake/test_0947 (7).png,0,cifake,id,0.811838
data/processed/train/fake_gan/stylegan/VQZ7C78IKF.png,1,stylegan,id,0.996058
data/processed/train/fake_gan/stylegan/FJ7SH87A8P.png,1,stylegan,id,0.701308
data/processed/train/fake_diffusion/cifake/train_2135 (7).png,1,cifake,id,0.908307
data/processed/train/fake_diffusion/cifake/train_4572 (5).png,1,cifake,id,0.982968
data/processed/train/fake_gan/stylegan/6MRJ9MN3UF.png,1,stylegan,id,0.014683
data/processed/train/real/cifake/train_3047 (4).png,0,cifake,id,0.877117
data/processed/train/fake_gan/stylegan/NF43VUMKYA.png,1,stylegan,id,0.270459
data/processed/train/fake_diffusion/cifake/test_266.png,1,cifake,id,0.968951
data/processed/train/fake_diffusion/cifake/train_2114.png,1,cifake,id,0.879529
data/processed/train/real/cifake/train_2352.png,0,cifake,id,0.735038
data/processed/train/fake_diffusion/cifake/train_4765 (3).png,1,cifake,id,0.882169
data/processed/train/fake_diffusion/cifake/train_5223 (4).png,1,cifake,id,0.930437
data/processed/train/real/cifake/train_4619 (7).png,0,cifake,id,0.861348
data/processed/train/real/cifake/train_2562 (5).png,0,cifake,id,0.949117
data/processed/train/fake_diffusion/cifake/train_3345 (10).png,1,cifake,id,0.813010
data/processed/train/real/diverse_real/47089.png,0,diverse_real,id,0.815644
data/processed/train/real/real_camera_train/000000017379.png,0,real_camera_train,id,0.661828
data/processed/train/real/cifake/train_0917 (6).png,0,cifake,id,0.979139
data/processed/train/fake_diffusion/cifake/train_5950 (6).png,1,cifake,id,0.769100
data/processed/train/real/ffhq/40135.png,0,ffhq,id,0.273799
data/processed/train/fake_gan/stylegan/6AC0XX0NY6.png,1,stylegan,id,0.102606
data/processed/train/real/cifake/train_0478 (3).png,0,cifake,id,0.973787
data/processed/train/fake_gan/stylegan/NDR5KCJZ2U.png,1,stylegan,id,0.609188
data/processed/train/fake_gan/stylegan/DRWMO21S6W.png,1,stylegan,id,0.834947
data/processed/train/real/cifake/train_2771 (8).png,0,cifake,id,0.951719
data/processed/train/real/ffhq/35248.png,0,ffhq,id,0.022076
data/processed/train/real/diverse_real/22377.png,0,diverse_real,id,0.881358
data/processed/train/real/cifake/train_1188 (6).png,0,cifake,id,0.758130
data/processed/train/real/diverse_real/07639.png,0,diverse_real,id,0.610143
data/processed/train/fake_diffusion/cifake/train_2215.png,1,cifake,id,0.843868
data/processed/train/fake_gan/stylegan/M84XCOJWG7.png,1,stylegan,id,0.001041
data/processed/train/fake_diffusion/cifake/test_37 (2).png,1,cifake,id,0.798969
data/processed/train/real/cifake/test_0187 (2).png,0,cifake,id,0.934664
data/processed/train/real/cifake/train_3421 (3).png,0,cifake,id,0.920840
data/processed/train/real/cifake/train_4349 (10).png,0,cifake,id,0.846175
data/processed/train/fake_diffusion/cifake/train_3424 (4).png,1,cifake,id,0.962645
data/processed/train/fake_diffusion/cifake/train_1292 (9).png,1,cifake,id,0.890341
data/processed/train/fake_diffusion/cifake/test_440.png,1,cifake,id,0.675243
data/processed/train/fake_gan/stylegan/SC69TQP1JL.png,1,stylegan,id,0.895811
data/processed/train/fake_gan/stylegan/HCZYXU3OXD.png,1,stylegan,id,0.075591
data/processed/train/fake_diffusion/cifake/train_4750 (10).png,1,cifake,id,0.774975
data/processed/train/fake_diffusion/sd15/sd15_01743.png,1,sd15,id,0.586312
data/processed/train/real/cifake/train_1622 (3).png,0,cifake,id,0.899759
data/processed/train/real/cifake/train_3100 (2).png,0,cifake,id,0.505575
data/processed/train/real/ffhq/22380.png,0,ffhq,id,0.996192
data/processed/train/fake_gan/stylegan/EIJJOH803F.png,1,stylegan,id,0.991195
data/processed/train/real/cifake/train_0031 (7).png,0,cifake,id,0.561151
data/processed/train/real/diverse_real/37825.png,0,diverse_real,id,0.307676
data/processed/train/fake_diffusion/sd15/sd15_01357.png,1,sd15,id,0.268837
data/processed/train/fake_diffusion/sd15/sd15_01872.png,1,sd15,id,0.625200
data/processed/train/real/diverse_real/14182.png,0,diverse_real,id,0.028053
data/processed/train/fake_gan/stylegan/4K8PEP7XGS.png,1,stylegan,id,0.977278
data/processed/train/real/ffhq/05104.png,0,ffhq,id,0.059790
data/processed/train/real/ffhq/36371.png,0,ffhq,id,0.549413
data/processed/train/real/diverse_real/30746.png,0,diverse_real,id,0.007617
data/processed/train/fake_diffusion/sd15/sd15_00113.png,1,sd15,id,0.424335
data/processed/train/real/diverse_real/40597.png,0,diverse_real,id,0.082357
data/processed/train/real/ffhq/47889.png,0,ffhq,id,0.289971
data/processed/train/real/diverse_real/01036.png,0,diverse_real,id,0.547498
data/processed/train/real/cifake/train_3785 (6).png,0,cifake,id,0.677235
data/processed/train/fake_diffusion/sd15/sd15_00792.png,1,sd15,id,0.844186
data/processed/train/fake_diffusion/sd15/sd15_01225.png,1,sd15,id,0.103073
data/processed/train/fake_diffusion/cifake/test_925 (3).png,1,cifake,id,0.986822
data/processed/train/fake_gan/stylegan/WS13S4OS14.png,1,stylegan,id,0.002337
data/processed/train/fake_diffusion/cifake/test_958 (6).png,1,cifake,id,0.895736
data/processed/train/real/cifake/train_2637 (9).png,0,cifake,id,0.719353
data/processed/train/fake_diffusion/cifake/train_3903 (9).png,1,cifake,id,0.824031
data/processed/train/real/cifake/test_0802.png,0,cifake,id,0.963490
data/processed/train/fake_diffusion/sd15/sd15_02138.png,1,sd15,id,0.317043
data/processed/train/real/diverse_real/33178.png,0,diverse_real,id,0.897407
data/processed/train/real/cifake/train_4995 (10).png,0,cifake,id,0.756073
data/processed/train/real/cifake/train_2597 (5).png,0,cifake,id,0.960781
data/processed/train/fake_diffusion/cifake/train_1520 (3).png,1,cifake,id,0.868491
data/processed/train/fake_diffusion/cifake/train_2009 (8).png,1,cifake,id,0.823365
data/processed/train/real/ffhq/15284.png,0,ffhq,id,0.163834
data/processed/train/fake_diffusion/sd15/sd15_01328.png,1,sd15,id,0.990380
data/processed/train/fake_gan/stylegan/ELT6C7J43D.png,1,stylegan,id,0.018679
data/processed/train/real/diverse_real/21895.png,0,diverse_real,id,0.138903
data/processed/train/real/ffhq/18476.png,0,ffhq,id,0.998821
data/processed/train/fake_gan/stylegan/P1P0K74IJT.png,1,stylegan,id,0.044292
data/processed/train/real/cifake/train_1846 (7).png,0,cifake,id,0.853901
data/processed/train/fake_diffusion/cifake/train_5831.png,1,cifake,id,0.650592
data/processed/train/fake_diffusion/cifake/train_5142 (10).png,1,cifake,id,0.789918
data/processed/train/real/diverse_real/04792.png,0,diverse_real,id,0.827670
data/processed/train/fake_gan/stylegan/YFB008A2R4.png,1,stylegan,id,0.624947
data/processed/train/real/cifake/train_4943.png,0,cifake,id,0.967077
data/processed/train/real/diverse_real/49208.png,0,diverse_real,id,0.316348
data/processed/train/fake_gan/stylegan/JCRSLJ7E2S.png,1,stylegan,id,0.010195
data/processed/train/real/cifake/train_4545 (4).png,0,cifake,id,0.696564
data/processed/train/fake_gan/stylegan/M9Q23CI2BG.png,1,stylegan,id,0.030003
data/processed/train/fake_gan/stylegan/UTIT9SVN77.png,1,stylegan,id,0.299910
data/processed/train/fake_diffusion/cifake/train_5552 (3).png,1,cifake,id,0.524853
data/processed/train/fake_diffusion/cifake/train_1953 (7).png,1,cifake,id,0.875530
data/processed/train/fake_gan/stylegan/VAXTDDCWN6.png,1,stylegan,id,0.001155
data/processed/train/real/ffhq/39303.png,0,ffhq,id,0.008129
data/processed/train/fake_diffusion/cifake/test_852 (7).png,1,cifake,id,0.929998
data/processed/train/fake_diffusion/tristanzhang_train/0992.png,1,tristanzhang_train,id,0.347339
data/processed/train/fake_gan/stylegan/CWAX4TMPZU.png,1,stylegan,id,0.009965
data/processed/train/fake_diffusion/cifake/test_497 (8).png,1,cifake,id,0.826360
data/processed/train/fake_gan/stylegan/6UQ89Q8QAP.png,1,stylegan,id,0.400671
data/processed/train/real/diverse_real/03965.png,0,diverse_real,id,0.837450
data/processed/train/real/ffhq/07167.png,0,ffhq,id,0.229180
data/processed/train/real/cifake/train_2114 (6).png,0,cifake,id,0.958926
data/processed/train/fake_gan/stylegan/YOWGZKI8UK.png,1,stylegan,id,0.919069
data/processed/train/real/cifake/test_0017 (5).png,0,cifake,id,0.982376
data/processed/train/fake_diffusion/sd15/sd15_00305.png,1,sd15,id,0.361501
data/processed/train/real/cifake/test_0350.png,0,cifake,id,0.526127
data/processed/train/real/cifake/train_4975 (2).png,0,cifake,id,0.544491
data/processed/train/fake_gan/stylegan/LPQNK2USD7.png,1,stylegan,id,0.999941
data/processed/train/fake_diffusion/cifake/train_2720 (7).png,1,cifake,id,0.857593
data/processed/train/real/diverse_real/32944.png,0,diverse_real,id,0.021861
data/processed/train/real/ffhq/36770.png,0,ffhq,id,0.427775
data/processed/train/fake_gan/stylegan/L533P2MFHD.png,1,stylegan,id,0.407767
data/processed/train/fake_diffusion/cifake/train_1069 (4).png,1,cifake,id,0.940416
data/processed/train/real/cifake/train_0394 (9).png,0,cifake,id,0.884070
data/processed/train/fake_diffusion/sd15/sd15_00485.png,1,sd15,id,0.952805
data/processed/train/real/cifake/train_2972 (4).png,0,cifake,id,0.983780
data/processed/train/real/cifake/train_4824 (9).png,0,cifake,id,0.876134
data/processed/train/fake_diffusion/cifake/train_4952.png,1,cifake,id,0.854173
data/processed/train/real/ffhq/26836.png,0,ffhq,id,0.999771
data/processed/train/real/cifake/train_0301 (10).png,0,cifake,id,0.911073
data/processed/train/fake_diffusion/sd15/sd15_00798.png,1,sd15,id,0.104476
data/processed/train/real/cifake/train_2137 (4).png,0,cifake,id,0.467126
data/processed/train/real/diverse_real/49532.png,0,diverse_real,id,0.566015
data/processed/train/fake_gan/stylegan/DD77MKH6QZ.png,1,stylegan,id,0.970595
data/processed/train/fake_diffusion/sd15/sd15_00691.png,1,sd15,id,0.539846
data/processed/train/fake_diffusion/cifake/train_1566 (8).png,1,cifake,id,0.831186
data/processed/train/real/cifake/train_1190.png,0,cifake,id,0.649569
data/processed/train/real/ffhq/40319.png,0,ffhq,id,0.004331
data/processed/train/real/cifake/train_0246 (5).png,0,cifake,id,0.794708
data/processed/train/real/cifake/train_4710 (6).png,0,cifake,id,0.977998
data/processed/train/fake_diffusion/cifake/train_1115 (7).png,1,cifake,id,0.937659
data/processed/train/real/cifake/test_0108 (8).png,0,cifake,id,0.925702
data/processed/train/fake_gan/stylegan/3UY71EAAEW.png,1,stylegan,id,0.859228
data/processed/train/fake_gan/stylegan/9WYIVATEO5.png,1,stylegan,id,0.210459
data/processed/train/fake_gan/stylegan/R55Q3SD11O.png,1,stylegan,id,0.997302
data/processed/train/fake_gan/stylegan/SEZQBCPHOM.png,1,stylegan,id,0.399274
data/processed/train/real/ffhq/29229.png,0,ffhq,id,0.519178
data/processed/train/real/real_camera_train/000000066561.png,0,real_camera_train,id,0.257921
data/processed/train/real/diverse_real/08630.png,0,diverse_real,id,0.601465
data/processed/train/real/cifake/train_3708 (9).png,0,cifake,id,0.912007
data/processed/train/fake_gan/stylegan/2GJ2J81O94.png,1,stylegan,id,0.630027
data/processed/train/fake_gan/stylegan/LP814FXDUM.png,1,stylegan,id,0.851194
data/processed/train/real/cifake/train_3419 (4).png,0,cifake,id,0.897121
data/processed/train/fake_gan/stylegan/P3J98EG62N.png,1,stylegan,id,0.106027
data/processed/train/real/cifake/train_1565 (6).png,0,cifake,id,0.781065
data/processed/train/fake_diffusion/cifake/train_5154 (6).png,1,cifake,id,0.385395
data/processed/train/real/ffhq/05594.png,0,ffhq,id,0.103968
data/processed/train/fake_gan/stylegan/5KTHU813CK.png,1,stylegan,id,0.127099
data/processed/train/fake_gan/stylegan/U3WL0JYCJ7.png,1,stylegan,id,0.100038
data/processed/train/real/diverse_real/06257.png,0,diverse_real,id,0.033161
data/processed/train/fake_gan/stylegan/H3V1A3IB1V.png,1,stylegan,id,0.007246
data/processed/train/fake_diffusion/cifake/train_4556 (9).png,1,cifake,id,0.936900
data/processed/train/real/diverse_real/49631.png,0,diverse_real,id,0.728429
data/processed/train/fake_gan/stylegan/L1706LXNIT.png,1,stylegan,id,0.331996
data/processed/train/real/cifake/train_1285 (8).png,0,cifake,id,0.844079
data/processed/train/fake_diffusion/sd15/sd15_02288.png,1,sd15,id,0.840151
data/processed/train/fake_diffusion/cifake/train_4429 (3).png,1,cifake,id,0.957756
data/processed/train/fake_diffusion/cifake/train_1152 (5).png,1,cifake,id,0.959005
data/processed/train/fake_gan/stylegan/NHU8COWKDE.png,1,stylegan,id,0.002155
data/processed/train/real/cifake/train_1756 (2).png,0,cifake,id,0.936622
data/processed/train/real/ffhq/43272.png,0,ffhq,id,0.092602
data/processed/train/fake_gan/stylegan/PIWE93PYXO.png,1,stylegan,id,0.052607
data/processed/train/real/ffhq/45513.png,0,ffhq,id,0.123867
data/processed/train/real/cifake/train_2111 (9).png,0,cifake,id,0.961000
data/processed/train/real/cifake/train_0525 (10).png,0,cifake,id,0.382540
data/processed/train/real/ffhq/44068.png,0,ffhq,id,0.004608
data/processed/train/fake_gan/stylegan/K3RIV1TXDY.png,1,stylegan,id,0.692994
data/processed/train/fake_gan/stylegan/10G9189AD6.png,1,stylegan,id,0.999781
data/processed/train/real/diverse_real/05576.png,0,diverse_real,id,0.100245
data/processed/train/fake_diffusion/sd15/sd15_01742.png,1,sd15,id,0.648756
data/processed/train/fake_gan/stylegan/W39AR29MIT.png,1,stylegan,id,0.395851
data/processed/train/fake_diffusion/cifake/test_284 (6).png,1,cifake,id,0.880059
data/processed/train/fake_diffusion/cifake/train_2539 (10).png,1,cifake,id,0.845695
data/processed/train/real/cifake/train_0937.png,0,cifake,id,0.883635
data/processed/train/fake_diffusion/cifake/train_3749 (4).png,1,cifake,id,0.770382
data/processed/train/real/cifake/train_4271 (4).png,0,cifake,id,0.637844
data/processed/train/fake_diffusion/cifake/train_4588 (9).png,1,cifake,id,0.794677
data/processed/train/real/cifake/train_0399 (7).png,0,cifake,id,0.871341
data/processed/train/fake_gan/stylegan/90HPKR8KMI.png,1,stylegan,id,0.704495
data/processed/train/fake_diffusion/cifake/test_271 (8).png,1,cifake,id,0.698817
data/processed/train/real/cifake/test_0025.png,0,cifake,id,0.888985
data/processed/train/fake_diffusion/cifake/train_2975 (10).png,1,cifake,id,0.868534
data/processed/train/fake_diffusion/cifake/train_3821.png,1,cifake,id,0.865838
data/processed/train/real/real_camera_train/000000188439.png,0,real_camera_train,id,0.529720
data/processed/train/fake_diffusion/sd15/sd15_01481.png,1,sd15,id,0.710180
data/processed/train/real/cifake/train_3990 (9).png,0,cifake,id,0.878711
data/processed/train/real/cifake/train_0566.png,0,cifake,id,0.988807
data/processed/train/real/ffhq/26395.png,0,ffhq,id,0.016397
data/processed/train/fake_diffusion/sd15/sd15_01841.png,1,sd15,id,0.422331
data/processed/train/real/ffhq/48687.png,0,ffhq,id,0.002025
data/processed/train/fake_diffusion/cifake/train_4446 (2).png,1,cifake,id,0.726971
data/processed/train/fake_diffusion/cifake/train_4452 (10).png,1,cifake,id,0.868946
data/processed/train/real/ffhq/53823.png,0,ffhq,id,0.422181
data/processed/train/fake_gan/stylegan/6P743LGIW7.png,1,stylegan,id,0.073615
data/processed/train/fake_gan/stylegan/PA19VL8PA1.png,1,stylegan,id,0.136891
data/processed/train/fake_gan/stylegan/QRWUTK50RJ.png,1,stylegan,id,0.064710
data/processed/train/real/diverse_real/67845.png,0,diverse_real,id,0.984170
data/processed/train/real/cifake/train_2959 (4).png,0,cifake,id,0.927168
data/processed/train/fake_diffusion/sd15/sd15_00142.png,1,sd15,id,0.585742
data/processed/train/real/cifake/train_4172 (2).png,0,cifake,id,0.621328
data/processed/train/real/cifake/train_3632 (8).png,0,cifake,id,0.842108
data/processed/train/real/ffhq/11943.png,0,ffhq,id,0.382448
data/processed/train/fake_diffusion/cifake/train_4537 (2).png,1,cifake,id,0.718360
data/processed/train/real/ffhq/05616.png,0,ffhq,id,0.079386
data/processed/train/real/real_pexels_train/3486.png,0,real_pexels_train,id,0.234395
data/processed/train/real/ffhq/05346.png,0,ffhq,id,0.221246
data/processed/train/fake_gan/stylegan/H6YFLVH7LG.png,1,stylegan,id,0.952588
data/processed/train/real/cifake/train_4727 (10).png,0,cifake,id,0.593145
data/processed/train/real/ffhq/50797.png,0,ffhq,id,0.614738
data/processed/train/real/diverse_real/62582.png,0,diverse_real,id,0.371582
data/processed/train/fake_diffusion/sd15/sd15_01421.png,1,sd15,id,0.391645
data/processed/train/fake_diffusion/cifake/train_4093 (4).png,1,cifake,id,0.954908
data/processed/train/real/cifake/train_1103 (5).png,0,cifake,id,0.880725
data/processed/train/real/cifake/train_1505 (2).png,0,cifake,id,0.840034
data/processed/train/real/cifake/train_4922 (7).png,0,cifake,id,0.992905
data/processed/train/fake_diffusion/cifake/train_5533 (9).png,1,cifake,id,0.704451
data/processed/train/real/diverse_real/30592.png,0,diverse_real,id,0.304778
data/processed/train/real/diverse_real/10480.png,0,diverse_real,id,0.986349
data/processed/train/real/cifake/train_3568 (6).png,0,cifake,id,0.786999
data/processed/train/real/cifake/test_0130 (9).png,0,cifake,id,0.809916
data/processed/train/real/diverse_real/64164.png,0,diverse_real,id,0.974986
data/processed/train/real/ffhq/17528.png,0,ffhq,id,0.551604
data/processed/train/real/cifake/train_2020 (3).png,0,cifake,id,0.847807
data/processed/train/fake_gan/stylegan/71C7FSGTL5.png,1,stylegan,id,0.146790
data/processed/train/fake_diffusion/cifake/train_2746 (6).png,1,cifake,id,0.898017
data/processed/train/real/diverse_real/37515.png,0,diverse_real,id,0.008084
data/processed/train/fake_diffusion/tristanzhang_train/2780.png,1,tristanzhang_train,id,0.725346
data/processed/train/fake_diffusion/cifake/train_1608.png,1,cifake,id,0.940883
data/processed/train/fake_diffusion/cifake/train_2916 (9).png,1,cifake,id,0.669764
data/processed/train/real/ffhq/28102.png,0,ffhq,id,0.675871
data/processed/train/real/diverse_real/24475.png,0,diverse_real,id,0.905218
data/processed/train/fake_diffusion/cifake/train_4159 (3).png,1,cifake,id,0.997137
data/processed/train/real/ffhq/30130.png,0,ffhq,id,0.319111
data/processed/train/real/cifake/train_4900 (4).png,0,cifake,id,0.947094
data/processed/train/real/cifake/train_4681 (8).png,0,cifake,id,0.778770
data/processed/train/fake_diffusion/sd15/sd15_02251.png,1,sd15,id,0.796880
data/processed/train/real/cifake/train_1043 (10).png,0,cifake,id,0.564363
data/processed/train/real/cifake/train_0130 (7).png,0,cifake,id,0.771204
data/processed/train/real/cifake/test_0136 (8).png,0,cifake,id,0.785194
data/processed/train/real/ffhq/20064.png,0,ffhq,id,0.990758
data/processed/train/fake_gan/stylegan/UHYXQDROK8.png,1,stylegan,id,0.029119
data/processed/train/real/cifake/test_0401 (8).png,0,cifake,id,0.400560
data/processed/train/real/ffhq/38759.png,0,ffhq,id,0.045212
data/processed/train/real/cifake/train_4298.png,0,cifake,id,0.551080
data/processed/train/fake_diffusion/cifake/train_5025 (9).png,1,cifake,id,0.929000
data/processed/train/real/cifake/train_2072 (10).png,0,cifake,id,0.708374
data/processed/train/real/diverse_real/68764.png,0,diverse_real,id,0.947052
data/processed/train/real/ffhq/17387.png,0,ffhq,id,0.529249
data/processed/train/real/cifake/test_0432 (7).png,0,cifake,id,0.927051
data/processed/train/real/diverse_real/69790.png,0,diverse_real,id,0.994494
data/processed/train/real/cifake/train_3407 (4).png,0,cifake,id,0.799925
data/processed/train/fake_gan/stylegan/CWL8GM0FEN.png,1,stylegan,id,0.005948
data/processed/train/real/cifake/train_0109 (4).png,0,cifake,id,0.971233
data/processed/train/real/diverse_real/34347.png,0,diverse_real,id,0.154196
data/processed/train/fake_diffusion/cifake/train_3746 (4).png,1,cifake,id,0.598436
data/processed/train/fake_diffusion/sd15/sd15_00311.png,1,sd15,id,0.656567
data/processed/train/fake_gan/stylegan/KLR90VWP3T.png,1,stylegan,id,0.852672
data/processed/train/fake_diffusion/cifake/train_2967 (9).png,1,cifake,id,0.982215
data/processed/train/real/ffhq/07310.png,0,ffhq,id,0.999854
data/processed/train/fake_diffusion/cifake/train_1000 (7).png,1,cifake,id,0.460448
data/processed/train/real/ffhq/44040.png,0,ffhq,id,0.611822
data/processed/train/real/diverse_real/54902.png,0,diverse_real,id,0.032967
data/processed/train/real/cifake/train_4832 (6).png,0,cifake,id,0.887289
data/processed/train/fake_diffusion/cifake/test_692 (6).png,1,cifake,id,0.981566
data/processed/train/real/ffhq/28427.png,0,ffhq,id,0.997174
data/processed/train/real/cifake/train_1317 (2).png,0,cifake,id,0.636519
data/processed/train/real/diverse_real/37338.png,0,diverse_real,id,0.545319
data/processed/train/real/ffhq/49119.png,0,ffhq,id,0.044259
data/processed/train/fake_gan/stylegan/AUF08JMH3A.png,1,stylegan,id,0.000295
data/processed/train/real/cifake/train_2488 (8).png,0,cifake,id,0.954942
data/processed/train/real/diverse_real/41036.png,0,diverse_real,id,0.680874
data/processed/train/real/diverse_real/28404.png,0,diverse_real,id,0.081713
data/processed/train/fake_gan/stylegan/CAY327LWDC.png,1,stylegan,id,0.007800
data/processed/train/fake_diffusion/cifake/train_3204 (5).png,1,cifake,id,0.987386
data/processed/train/real/ffhq/30925.png,0,ffhq,id,0.388841
data/processed/train/fake_diffusion/cifake/train_5331 (5).png,1,cifake,id,0.972591
data/processed/train/real/diverse_real/58946.png,0,diverse_real,id,0.997567
data/processed/train/fake_gan/stylegan/WFAIZYSJHZ.png,1,stylegan,id,0.017143
data/processed/train/fake_diffusion/cifake/train_2204 (2).png,1,cifake,id,0.957489
data/processed/train/real/cifake/train_3818 (5).png,0,cifake,id,0.789672
data/processed/train/fake_diffusion/sd15/sd15_01585.png,1,sd15,id,0.513940
data/processed/train/fake_diffusion/cifake/train_1533 (3).png,1,cifake,id,0.824023
data/processed/train/fake_diffusion/cifake/train_2222 (6).png,1,cifake,id,0.885104
data/processed/train/real/ffhq/30903.png,0,ffhq,id,0.972591
data/processed/train/fake_diffusion/cifake/train_5690 (3).png,1,cifake,id,0.726883
data/processed/train/real/diverse_real/20178.png,0,diverse_real,id,0.001624
data/processed/train/real/cifake/train_4740 (10).png,0,cifake,id,0.834050
data/processed/train/fake_diffusion/cifake/train_5234 (9).png,1,cifake,id,0.799139
data/processed/train/fake_diffusion/cifake/train_2492 (6).png,1,cifake,id,0.645310
data/processed/train/real/ffhq/05906.png,0,ffhq,id,0.226583
data/processed/train/real/cifake/train_0656 (7).png,0,cifake,id,0.920831
data/processed/train/fake_diffusion/sd15/sd15_01482.png,1,sd15,id,0.466947
data/processed/train/real/diverse_real/12216.png,0,diverse_real,id,0.235618
data/processed/train/fake_gan/stylegan/63QP4XJJVG.png,1,stylegan,id,0.019579
data/processed/train/real/ffhq/03382.png,0,ffhq,id,0.993534
data/processed/train/real/diverse_real/52605.png,0,diverse_real,id,0.999726
data/processed/train/real/cifake/train_4485 (4).png,0,cifake,id,0.940558
data/processed/train/real/cifake/train_3834 (7).png,0,cifake,id,0.737947
data/processed/train/fake_diffusion/cifake/train_4524 (2).png,1,cifake,id,0.847110
data/processed/train/fake_gan/stylegan/NIVYLBRYBM.png,1,stylegan,id,0.197605
data/processed/train/fake_diffusion/cifake/train_4923 (6).png,1,cifake,id,0.872422
data/processed/train/real/diverse_real/52155.png,0,diverse_real,id,0.973678
data/processed/train/fake_diffusion/sd15/sd15_00958.png,1,sd15,id,0.914935
data/processed/train/fake_diffusion/cifake/train_5284.png,1,cifake,id,0.855180
data/processed/train/fake_diffusion/cifake/train_2153.png,1,cifake,id,0.530589
data/processed/train/real/diverse_real/40829.png,0,diverse_real,id,0.174250
data/processed/train/real/cifake/train_2297 (9).png,0,cifake,id,0.674857
data/processed/train/real/cifake/train_1093 (10).png,0,cifake,id,0.846278
data/processed/train/real/cifake/train_4378 (8).png,0,cifake,id,0.969405
data/processed/train/fake_gan/stylegan/EYEYCE9NRN.png,1,stylegan,id,0.072127
data/processed/train/fake_gan/stylegan/RO47VNFHMD.png,1,stylegan,id,0.172057
data/processed/train/fake_diffusion/cifake/train_1388 (5).png,1,cifake,id,0.910237
data/processed/train/real/diverse_real/48910.png,0,diverse_real,id,0.100683
data/processed/train/fake_diffusion/cifake/train_2749 (4).png,1,cifake,id,0.895928
data/processed/train/real/cifake/train_2553 (5).png,0,cifake,id,0.925413
data/processed/train/fake_gan/stylegan/BF4J12TB3U.png,1,stylegan,id,0.973681
data/processed/train/fake_gan/stylegan/JO9N6R4AVJ.png,1,stylegan,id,0.238147
data/processed/train/real/cifake/train_1097 (10).png,0,cifake,id,0.670080
data/processed/train/fake_diffusion/sd15/sd15_01519.png,1,sd15,id,0.516490
data/processed/train/real/ffhq/26457.png,0,ffhq,id,0.459745
data/processed/train/real/cifake/train_1132 (3).png,0,cifake,id,0.723638
data/processed/train/real/diverse_real/43670.png,0,diverse_real,id,0.094867
data/processed/train/fake_gan/stylegan/868F877ZQ8.png,1,stylegan,id,0.878644
data/processed/train/fake_gan/stylegan/VTLI9YXKYY.png,1,stylegan,id,0.117127
data/processed/train/real/ffhq/03849.png,0,ffhq,id,0.972808
data/processed/train/fake_diffusion/cifake/train_4279 (7).png,1,cifake,id,0.890162
data/processed/train/fake_gan/stylegan/P3SD0PQPKX.png,1,stylegan,id,0.313829
data/processed/train/real/diverse_real/29973.png,0,diverse_real,id,0.387042
data/processed/train/fake_gan/stylegan/FOMNMMBJNW.png,1,stylegan,id,0.032055
data/processed/train/fake_diffusion/cifake/train_1157 (5).png,1,cifake,id,0.884672
data/processed/train/fake_diffusion/cifake/test_552 (8).png,1,cifake,id,0.867999
data/processed/train/fake_gan/stylegan/DDCYV7Z0D5.png,1,stylegan,id,0.053489
data/processed/train/fake_diffusion/cifake/train_1889 (9).png,1,cifake,id,0.560658
data/processed/train/real/ffhq/19600.png,0,ffhq,id,0.896481
data/processed/train/fake_diffusion/cifake/train_1102 (5).png,1,cifake,id,0.970762
data/processed/train/fake_diffusion/cifake/train_3473 (3).png,1,cifake,id,0.977786
data/processed/train/real/ffhq/18222.png,0,ffhq,id,0.241889
data/processed/train/real/cifake/train_0555 (5).png,0,cifake,id,0.851880
data/processed/train/real/cifake/train_3821 (8).png,0,cifake,id,0.910895
data/processed/train/real/ffhq/19467.png,0,ffhq,id,0.997708
data/processed/train/fake_diffusion/cifake/train_5339 (10).png,1,cifake,id,0.631239
data/processed/train/fake_gan/stylegan/OQP3VGA13F.png,1,stylegan,id,0.071021
data/processed/train/fake_gan/stylegan/4HP5K967ZY.png,1,stylegan,id,0.033583
data/processed/train/fake_gan/stylegan/W2OIUY59XU.png,1,stylegan,id,0.997733
data/processed/train/fake_diffusion/sd15/sd15_00940.png,1,sd15,id,0.540883
data/processed/train/fake_diffusion/cifake/train_2328 (10).png,1,cifake,id,0.807072
data/processed/train/real/ffhq/17674.png,0,ffhq,id,0.144119
data/processed/train/real/diverse_real/68034.png,0,diverse_real,id,0.427655
data/processed/train/fake_diffusion/sd15/sd15_01100.png,1,sd15,id,0.574009
data/processed/train/real/ffhq/14931.png,0,ffhq,id,0.821734
data/processed/train/real/cifake/train_1840 (4).png,0,cifake,id,0.907345
data/processed/train/real/diverse_real/07179.png,0,diverse_real,id,0.412677
data/processed/train/fake_diffusion/sd15/sd15_02322.png,1,sd15,id,0.612064
data/processed/train/fake_diffusion/sd15/sd15_00674.png,1,sd15,id,0.134287
data/processed/train/real/diverse_real/62883.png,0,diverse_real,id,0.549002
data/processed/train/fake_diffusion/cifake/train_4765.png,1,cifake,id,0.949645
data/processed/train/fake_gan/stylegan/HHEXHCXHW0.png,1,stylegan,id,0.944760
data/processed/train/fake_diffusion/cifake/train_3749 (8).png,1,cifake,id,0.990982
data/processed/train/fake_diffusion/sd15/sd15_01804.png,1,sd15,id,0.960812
data/processed/train/fake_diffusion/cifake/train_2922 (8).png,1,cifake,id,0.963782
data/processed/train/fake_gan/stylegan/ZJQCOXR9W5.png,1,stylegan,id,0.984753
data/processed/train/real/diverse_real/23906.png,0,diverse_real,id,0.953295
data/processed/train/fake_diffusion/sd15/sd15_00258.png,1,sd15,id,0.148041
data/processed/train/real/cifake/train_0785 (9).png,0,cifake,id,0.817001
data/processed/train/real/real_camera_train/000000228981.png,0,real_camera_train,id,0.401956
data/processed/train/fake_diffusion/cifake/test_347 (7).png,1,cifake,id,0.877852
data/processed/train/real/ffhq/43780.png,0,ffhq,id,0.006781
data/processed/train/fake_diffusion/cifake/train_1950 (8).png,1,cifake,id,0.870821
data/processed/train/fake_gan/stylegan/AVKH6YEP0O.png,1,stylegan,id,0.026910
data/processed/train/fake_gan/stylegan/KA59IYBA53.png,1,stylegan,id,0.009180
data/processed/train/real/ffhq/05923.png,0,ffhq,id,0.995869
data/processed/train/fake_diffusion/cifake/train_1418 (10).png,1,cifake,id,0.759355
data/processed/train/real/cifake/test_0705 (4).png,0,cifake,id,0.811611
data/processed/train/fake_diffusion/sd15/sd15_00479.png,1,sd15,id,0.358618
data/processed/train/real/ffhq/28085.png,0,ffhq,id,0.972582
data/processed/train/fake_diffusion/cifake/train_3850 (7).png,1,cifake,id,0.425613
data/processed/train/real/cifake/train_4446 (6).png,0,cifake,id,0.841073
data/processed/train/fake_diffusion/sd15/sd15_00708.png,1,sd15,id,0.584337
data/processed/train/real/ffhq/50772.png,0,ffhq,id,0.066364
data/processed/train/real/ffhq/06812.png,0,ffhq,id,0.009097
data/processed/train/real/diverse_real/34900.png,0,diverse_real,id,0.900989
data/processed/train/real/cifake/train_4901 (7).png,0,cifake,id,0.888708
data/processed/train/real/ffhq/44401.png,0,ffhq,id,0.953623
data/processed/train/fake_diffusion/cifake/train_3383 (7).png,1,cifake,id,0.510934
data/processed/train/real/diverse_real/66826.png,0,diverse_real,id,0.010186
data/processed/train/real/real_pexels_train/3626.png,0,real_pexels_train,id,0.742464
data/processed/train/real/cifake/test_0508 (4).png,0,cifake,id,0.858417
data/processed/train/real/diverse_real/40024.png,0,diverse_real,id,0.866906
data/processed/train/fake_diffusion/cifake/test_16 (3).png,1,cifake,id,0.604347
data/processed/train/real/cifake/train_1435 (3).png,0,cifake,id,0.952755
data/processed/train/fake_diffusion/cifake/train_4502 (10).png,1,cifake,id,0.887949
data/processed/train/fake_gan/stylegan/PDWGUEVVLO.png,1,stylegan,id,0.100317
data/processed/train/real/ffhq/28320.png,0,ffhq,id,0.123810
data/processed/train/fake_gan/stylegan/QTACZDWIMG.png,1,stylegan,id,0.302682
data/processed/train/real/ffhq/16776.png,0,ffhq,id,0.007701
data/processed/train/real/real_camera_train/000000255718.png,0,real_camera_train,id,0.465441
data/processed/train/real/ffhq/24699.png,0,ffhq,id,0.991110
data/processed/train/real/cifake/train_3669 (3).png,0,cifake,id,0.938910
data/processed/train/fake_diffusion/cifake/test_435 (4).png,1,cifake,id,0.954652
data/processed/train/real/ffhq/29045.png,0,ffhq,id,0.629879
data/processed/train/real/diverse_real/51160.png,0,diverse_real,id,0.011039
data/processed/train/real/cifake/train_0162 (5).png,0,cifake,id,0.615396
data/processed/train/fake_diffusion/sd15/sd15_00796.png,1,sd15,id,0.807151
data/processed/train/fake_diffusion/sd15/sd15_02117.png,1,sd15,id,0.727968
data/processed/train/real/diverse_real/42926.png,0,diverse_real,id,0.156783
data/processed/train/fake_gan/stylegan/E0PMEVY432.png,1,stylegan,id,0.999383
data/processed/train/real/diverse_real/09671.png,0,diverse_real,id,0.973347
data/processed/train/fake_diffusion/cifake/train_5909 (3).png,1,cifake,id,0.789330
data/processed/train/real/ffhq/05250.png,0,ffhq,id,0.117085
data/processed/train/fake_diffusion/cifake/train_2022 (8).png,1,cifake,id,0.953977
data/processed/train/real/cifake/train_3614.png,0,cifake,id,0.743414
data/processed/train/fake_diffusion/cifake/train_5167 (3).png,1,cifake,id,0.830517
data/processed/train/fake_gan/stylegan/X735H3ESQX.png,1,stylegan,id,0.848541
data/processed/train/real/cifake/train_1265 (7).png,0,cifake,id,0.686531
data/processed/train/fake_gan/stylegan/1HP1ELOUF0.png,1,stylegan,id,0.405956
data/processed/train/real/ffhq/21345.png,0,ffhq,id,0.227588
data/processed/train/real/cifake/train_1992 (9).png,0,cifake,id,0.966820
data/processed/train/real/ffhq/35103.png,0,ffhq,id,0.406440
data/processed/train/fake_diffusion/sd15/sd15_02207.png,1,sd15,id,0.669591
data/processed/train/fake_diffusion/sd15/sd15_00053.png,1,sd15,id,0.533554
data/processed/train/real/ffhq/12716.png,0,ffhq,id,0.026453
data/processed/train/real/ffhq/33758.png,0,ffhq,id,0.030693
data/processed/train/real/ffhq/35447.png,0,ffhq,id,0.989577
data/processed/train/real/cifake/train_2351 (10).png,0,cifake,id,0.953724
data/processed/train/fake_diffusion/sd15/sd15_02389.png,1,sd15,id,0.242122
data/processed/train/real/real_camera_train/000000533206.png,0,real_camera_train,id,0.297564
data/processed/train/real/cifake/train_1355 (6).png,0,cifake,id,0.934359
data/processed/train/real/ffhq/11679.png,0,ffhq,id,0.370910
data/processed/train/real/cifake/train_0240 (5).png,0,cifake,id,0.808404
data/processed/train/fake_gan/stylegan/C4AA4WZ4J9.png,1,stylegan,id,0.556210
data/processed/train/fake_gan/stylegan/6FGIDGH9GP.png,1,stylegan,id,0.993320
data/processed/train/fake_diffusion/cifake/train_1974 (10).png,1,cifake,id,0.659010
data/processed/train/fake_gan/stylegan/CBVJ8C4OY9.png,1,stylegan,id,0.113131
data/processed/train/fake_gan/stylegan/WIWOK5ZTC1.png,1,stylegan,id,0.399434
data/processed/train/real/cifake/test_0743 (4).png,0,cifake,id,0.946601
data/processed/train/real/cifake/train_4361 (7).png,0,cifake,id,0.737718
data/processed/train/real/ffhq/19590.png,0,ffhq,id,0.045135
data/processed/train/fake_diffusion/cifake/train_3463 (9).png,1,cifake,id,0.817096
data/processed/train/fake_diffusion/cifake/train_2251 (2).png,1,cifake,id,0.826230
data/processed/train/real/cifake/train_2513 (8).png,0,cifake,id,0.792053
data/processed/train/real/diverse_real/11489.png,0,diverse_real,id,0.304993
data/processed/train/real/ffhq/01378.png,0,ffhq,id,0.296291
data/processed/train/fake_diffusion/sd15/sd15_02004.png,1,sd15,id,0.599305
data/processed/train/fake_gan/stylegan/53ANUM9JD9.png,1,stylegan,id,0.102483
data/processed/train/fake_gan/stylegan/BCP9P7EUHN.png,1,stylegan,id,0.887201
data/processed/train/fake_gan/stylegan/ACI7OYH6AP.png,1,stylegan,id,0.003396
data/processed/train/real/cifake/train_1033 (9).png,0,cifake,id,0.754855
data/processed/train/fake_gan/stylegan/MXT2IGDNKP.png,1,stylegan,id,0.665221
data/processed/train/fake_diffusion/cifake/test_436 (5).png,1,cifake,id,0.971710
data/processed/train/real/ffhq/06493.png,0,ffhq,id,0.138711
data/processed/train/real/cifake/train_1740 (2).png,0,cifake,id,0.721692
data/processed/train/fake_diffusion/cifake/test_741 (7).png,1,cifake,id,0.430463
data/processed/train/fake_diffusion/cifake/train_1602 (4).png,1,cifake,id,0.870889
data/processed/train/real/cifake/test_0614 (7).png,0,cifake,id,0.965536
data/processed/train/fake_gan/stylegan/ZCCMDFLXU7.png,1,stylegan,id,0.017531
data/processed/train/real/cifake/train_4948 (7).png,0,cifake,id,0.995895
data/processed/train/fake_diffusion/cifake/train_1764 (7).png,1,cifake,id,0.773004
data/processed/train/fake_gan/stylegan/GXI05UH1Y2.png,1,stylegan,id,0.049224
data/processed/train/fake_diffusion/sd15/sd15_00618.png,1,sd15,id,0.467352
data/processed/train/real/ffhq/06099.png,0,ffhq,id,0.546540
data/processed/train/real/ffhq/25621.png,0,ffhq,id,0.202171
data/processed/train/real/diverse_real/23022.png,0,diverse_real,id,0.549636
data/processed/train/real/ffhq/34553.png,0,ffhq,id,0.070736
data/processed/train/real/cifake/train_3195 (5).png,0,cifake,id,0.851969
data/processed/train/real/diverse_real/47307.png,0,diverse_real,id,0.036081
data/processed/train/real/ffhq/18265.png,0,ffhq,id,0.295000
data/processed/train/fake_diffusion/cifake/train_4485 (6).png,1,cifake,id,0.875229
data/processed/train/fake_diffusion/cifake/test_746 (6).png,1,cifake,id,0.659757
data/processed/train/fake_diffusion/cifake/train_3523 (5).png,1,cifake,id,0.954796
data/processed/train/fake_diffusion/cifake/train_3858 (3).png,1,cifake,id,0.982467
data/processed/train/fake_diffusion/cifake/test_108 (5).png,1,cifake,id,0.941056
data/processed/train/real/cifake/train_4949 (7).png,0,cifake,id,0.804017
data/processed/train/fake_diffusion/cifake/train_1853 (4).png,1,cifake,id,0.745355
data/processed/train/real/ffhq/16506.png,0,ffhq,id,0.106336
data/processed/train/real/cifake/test_0691 (6).png,0,cifake,id,0.972733
data/processed/train/real/diverse_real/22463.png,0,diverse_real,id,0.150495
data/processed/train/real/cifake/train_2856 (7).png,0,cifake,id,0.956382
data/processed/train/fake_gan/stylegan/W9A0Q40XHH.png,1,stylegan,id,0.857592
data/processed/train/real/cifake/test_0377 (6).png,0,cifake,id,0.693451
data/processed/train/fake_gan/stylegan/LKB8UOJZ06.png,1,stylegan,id,0.533993
data/processed/train/fake_diffusion/cifake/train_3114 (8).png,1,cifake,id,0.928386
data/processed/train/fake_diffusion/sd15/sd15_00348.png,1,sd15,id,0.135932
data/processed/train/real/ffhq/44006.png,0,ffhq,id,0.258301
data/processed/train/real/cifake/train_4788 (5).png,0,cifake,id,0.905599
data/processed/train/real/cifake/train_3473 (4).png,0,cifake,id,0.920662
data/processed/train/fake_diffusion/sd15/sd15_00741.png,1,sd15,id,0.608199
data/processed/train/real/ffhq/01747.png,0,ffhq,id,0.497246
data/processed/train/fake_gan/stylegan/VY05IXU6O9.png,1,stylegan,id,0.179391
data/processed/train/real/cifake/train_1386 (2).png,0,cifake,id,0.934831
data/processed/train/real/diverse_real/41285.png,0,diverse_real,id,0.835694
data/processed/train/real/ffhq/42338.png,0,ffhq,id,0.824610
data/processed/train/fake_gan/stylegan/4KGC8PRJFG.png,1,stylegan,id,0.017303
data/processed/train/real/ffhq/01859.png,0,ffhq,id,0.224614
data/processed/train/real/cifake/train_1852 (8).png,0,cifake,id,0.534326
data/processed/train/fake_gan/stylegan/OBMZTQFBF8.png,1,stylegan,id,0.275000
data/processed/train/real/diverse_real/34070.png,0,diverse_real,id,0.013673
data/processed/train/real/ffhq/31039.png,0,ffhq,id,0.089031
data/processed/train/real/cifake/train_4588.png,0,cifake,id,0.707890
data/processed/train/fake_diffusion/cifake/train_3138 (5).png,1,cifake,id,0.970532
data/processed/train/real/diverse_real/37519.png,0,diverse_real,id,0.214884
data/processed/train/real/cifake/test_0641 (2).png,0,cifake,id,0.929661
data/processed/train/fake_gan/stylegan/KCLI2ZR0T5.png,1,stylegan,id,0.034747
data/processed/train/fake_gan/stylegan/QEHBGDOZ8V.png,1,stylegan,id,0.325145
data/processed/train/real/cifake/train_4148 (10).png,0,cifake,id,0.729688
data/processed/train/real/cifake/train_2042 (4).png,0,cifake,id,0.976777
data/processed/train/real/diverse_real/62295.png,0,diverse_real,id,0.972965
data/processed/train/real/ffhq/22844.png,0,ffhq,id,0.801338
data/processed/train/fake_diffusion/cifake/train_4742 (2).png,1,cifake,id,0.866836
data/processed/train/fake_diffusion/cifake/train_1970 (3).png,1,cifake,id,0.876789
data/processed/train/real/ffhq/13759.png,0,ffhq,id,0.556279
data/processed/train/real/diverse_real/43638.png,0,diverse_real,id,0.076002
data/processed/train/fake_gan/stylegan/QH824JMN9X.png,1,stylegan,id,0.847591
data/processed/train/fake_diffusion/cifake/train_1074 (10).png,1,cifake,id,0.457252
data/processed/train/fake_diffusion/cifake/train_5198 (4).png,1,cifake,id,0.774637
data/processed/train/real/cifake/train_3246 (10).png,0,cifake,id,0.834540
data/processed/train/real/ffhq/35253.png,0,ffhq,id,0.020348
data/processed/train/fake_diffusion/cifake/train_5447 (4).png,1,cifake,id,0.983035
data/processed/train/fake_diffusion/cifake/test_823 (9).png,1,cifake,id,0.917455
data/processed/train/fake_diffusion/cifake/train_2117 (3).png,1,cifake,id,0.905758
data/processed/train/fake_diffusion/cifake/train_5289 (5).png,1,cifake,id,0.973228
data/processed/train/real/cifake/train_2486 (8).png,0,cifake,id,0.857152
data/processed/train/fake_diffusion/cifake/train_4317 (7).png,1,cifake,id,0.895119
data/processed/train/fake_diffusion/cifake/train_3700 (5).png,1,cifake,id,0.954732
data/processed/train/real/ffhq/21804.png,0,ffhq,id,0.902320
data/processed/train/fake_diffusion/sd15/sd15_01880.png,1,sd15,id,0.305478
data/processed/train/real/ffhq/23207.png,0,ffhq,id,0.490607
data/processed/train/fake_gan/stylegan/ZX305QC9MR.png,1,stylegan,id,0.773593
data/processed/train/real/diverse_real/04451.png,0,diverse_real,id,0.879723
data/processed/train/real/ffhq/38384.png,0,ffhq,id,0.954169
data/processed/train/fake_diffusion/sd15/sd15_02161.png,1,sd15,id,0.959675
data/processed/train/fake_gan/stylegan/SZG793JIOW.png,1,stylegan,id,0.011190
data/processed/train/fake_diffusion/cifake/train_4835 (3).png,1,cifake,id,0.918518
data/processed/train/fake_diffusion/sd15/sd15_01526.png,1,sd15,id,0.193940
data/processed/train/fake_diffusion/cifake/train_1586 (5).png,1,cifake,id,0.946237
data/processed/train/fake_diffusion/cifake/train_2901 (9).png,1,cifake,id,0.911798
data/processed/train/real/diverse_real/62259.png,0,diverse_real,id,0.030145
data/processed/train/real/ffhq/14202.png,0,ffhq,id,0.008026
data/processed/train/real/cifake/train_3148 (7).png,0,cifake,id,0.813258
data/processed/train/fake_gan/stylegan/Z08ITFO5JQ.png,1,stylegan,id,0.999521
data/processed/train/fake_gan/stylegan/VJULF7FCSP.png,1,stylegan,id,0.999116
data/processed/train/real/diverse_real/52214.png,0,diverse_real,id,0.625442
data/processed/train/real/ffhq/40569.png,0,ffhq,id,0.004442
data/processed/train/fake_gan/stylegan/CG4C0CIZW3.png,1,stylegan,id,0.344261
data/processed/train/fake_gan/stylegan/XGE0RJ1BK5.png,1,stylegan,id,0.282168
data/processed/train/real/ffhq/19561.png,0,ffhq,id,0.114070
data/processed/train/real/ffhq/04225.png,0,ffhq,id,0.039097
data/processed/train/fake_diffusion/sd15/sd15_01623.png,1,sd15,id,0.917176
data/processed/train/fake_gan/stylegan/9CMIF9KT8L.png,1,stylegan,id,0.985180
data/processed/train/fake_gan/stylegan/BQXYXWW1GL.png,1,stylegan,id,0.085573
data/processed/train/fake_diffusion/cifake/train_1054 (7).png,1,cifake,id,0.947705
data/processed/train/real/ffhq/53601.png,0,ffhq,id,0.082006
data/processed/train/fake_diffusion/cifake/test_478 (6).png,1,cifake,id,0.969925
data/processed/train/real/cifake/test_0269 (6).png,0,cifake,id,0.952156
data/processed/train/real/cifake/train_0393 (10).png,0,cifake,id,0.561383
data/processed/train/real/cifake/train_4929 (2).png,0,cifake,id,0.604323
data/processed/train/real/diverse_real/12347.png,0,diverse_real,id,0.027917
data/processed/train/fake_diffusion/cifake/test_979 (6).png,1,cifake,id,0.873616
data/processed/train/real/cifake/train_2533 (4).png,0,cifake,id,0.803098
data/processed/train/fake_diffusion/cifake/train_3134 (5).png,1,cifake,id,0.764219
data/processed/train/real/ffhq/40962.png,0,ffhq,id,0.999674
data/processed/train/real/cifake/train_1187.png,0,cifake,id,0.881471
data/processed/train/real/ffhq/31565.png,0,ffhq,id,0.986080
data/processed/train/fake_diffusion/cifake/test_418 (3).png,1,cifake,id,0.971465
data/processed/train/fake_gan/stylegan/5RUDPZY3CC.png,1,stylegan,id,0.550961
data/processed/train/real/ffhq/03431.png,0,ffhq,id,0.302301
data/processed/train/fake_gan/stylegan/V0RFVE4509.png,1,stylegan,id,0.991333
data/processed/train/fake_diffusion/cifake/train_5652 (4).png,1,cifake,id,0.939855
data/processed/train/real/ffhq/31060.png,0,ffhq,id,0.444506
data/processed/train/fake_diffusion/cifake/train_4815 (3).png,1,cifake,id,0.579259
data/processed/train/real/diverse_real/58828.png,0,diverse_real,id,0.980264
data/processed/train/real/ffhq/07084.png,0,ffhq,id,0.645128
data/processed/train/real/ffhq/40009.png,0,ffhq,id,0.028276
data/processed/train/real/ffhq/03947.png,0,ffhq,id,0.858927
data/processed/train/fake_gan/stylegan/IJ5WYJC47X.png,1,stylegan,id,0.601678
data/processed/train/real/ffhq/19880.png,0,ffhq,id,0.905187
data/processed/train/real/cifake/test_0802 (9).png,0,cifake,id,0.947748
data/processed/train/real/diverse_real/27399.png,0,diverse_real,id,0.048555
data/processed/train/fake_diffusion/cifake/test_451 (3).png,1,cifake,id,0.806005
data/processed/train/fake_diffusion/cifake/train_4642 (5).png,1,cifake,id,0.910182
data/processed/train/fake_gan/stylegan/LSXLJOZ2J8.png,1,stylegan,id,0.251400
data/processed/train/fake_diffusion/cifake/train_1540.png,1,cifake,id,0.939503
data/processed/train/real/real_pexels_train/4411.png,0,real_pexels_train,id,0.408018
data/processed/train/real/ffhq/42380.png,0,ffhq,id,0.048242
data/processed/train/fake_diffusion/cifake/train_5759 (3).png,1,cifake,id,0.814154
data/processed/train/fake_diffusion/cifake/train_3555 (9).png,1,cifake,id,0.922732
data/processed/train/real/cifake/test_0283 (4).png,0,cifake,id,0.819299
data/processed/train/real/ffhq/05814.png,0,ffhq,id,0.039975
data/processed/train/fake_gan/stylegan/BMNFRKPFZO.png,1,stylegan,id,0.299752
data/processed/train/fake_diffusion/sd15/sd15_00975.png,1,sd15,id,0.927996
data/processed/train/real/diverse_real/20682.png,0,diverse_real,id,0.993948
data/processed/train/fake_diffusion/cifake/train_1734 (2).png,1,cifake,id,0.857511
data/processed/train/real/ffhq/02031.png,0,ffhq,id,0.900053
data/processed/train/real/ffhq/50556.png,0,ffhq,id,0.259947
data/processed/train/fake_diffusion/cifake/train_2656 (6).png,1,cifake,id,0.654032
data/processed/train/real/ffhq/52195.png,0,ffhq,id,0.419740
data/processed/train/real/ffhq/05118.png,0,ffhq,id,0.004630
data/processed/train/fake_gan/stylegan/S3BHGQGFZJ.png,1,stylegan,id,0.988466
data/processed/train/real/ffhq/30533.png,0,ffhq,id,0.335813
data/processed/train/real/cifake/train_3585 (2).png,0,cifake,id,0.312019
data/processed/train/fake_gan/stylegan/QFD1ZO9ZTB.png,1,stylegan,id,0.010261
data/processed/train/real/ffhq/24270.png,0,ffhq,id,0.188108
data/processed/train/fake_diffusion/cifake/test_42.png,1,cifake,id,0.868212
data/processed/train/real/cifake/train_3582 (2).png,0,cifake,id,0.975299
data/processed/train/fake_diffusion/sd15/sd15_01643.png,1,sd15,id,0.660821
data/processed/train/fake_diffusion/sd15/sd15_00171.png,1,sd15,id,0.702436
data/processed/train/fake_gan/stylegan/9W0J3149G9.png,1,stylegan,id,0.247805
data/processed/train/real/ffhq/49158.png,0,ffhq,id,0.005193
data/processed/train/fake_gan/stylegan/ACE4XLPP9Z.png,1,stylegan,id,0.071669
data/processed/train/fake_diffusion/cifake/train_5951 (10).png,1,cifake,id,0.493441
data/processed/train/real/cifake/train_3510 (4).png,0,cifake,id,0.884759
data/processed/train/real/cifake/train_0483 (4).png,0,cifake,id,0.911099
data/processed/train/real/ffhq/48651.png,0,ffhq,id,0.354303
data/processed/train/fake_gan/stylegan/724LEXQA40.png,1,stylegan,id,0.254150
data/processed/train/fake_diffusion/cifake/test_687 (10).png,1,cifake,id,0.937442
data/processed/train/fake_diffusion/cifake/train_4887 (5).png,1,cifake,id,0.802546
data/processed/train/real/diverse_real/36439.png,0,diverse_real,id,0.997257
data/processed/train/fake_diffusion/cifake/train_4746 (2).png,1,cifake,id,0.638874
data/processed/train/real/ffhq/18203.png,0,ffhq,id,0.933097
data/processed/train/fake_gan/stylegan/SMT9CGYRL3.png,1,stylegan,id,0.353532
data/processed/train/real/ffhq/33170.png,0,ffhq,id,0.644804
data/processed/train/real/diverse_real/56180.png,0,diverse_real,id,0.958615
data/processed/train/real/diverse_real/25846.png,0,diverse_real,id,0.950423
data/processed/train/real/diverse_real/49443.png,0,diverse_real,id,0.986455
data/processed/train/fake_gan/stylegan/Q7TKLXMZL7.png,1,stylegan,id,0.972722
data/processed/train/real/cifake/train_3691 (2).png,0,cifake,id,0.782721
data/processed/train/real/cifake/train_0600 (8).png,0,cifake,id,0.923488
data/processed/train/fake_diffusion/sd15/sd15_01630.png,1,sd15,id,0.852593
data/processed/train/fake_diffusion/cifake/test_292 (3).png,1,cifake,id,0.861382
data/processed/train/fake_diffusion/sd15/sd15_02047.png,1,sd15,id,0.968794
data/processed/train/fake_diffusion/cifake/train_3208 (8).png,1,cifake,id,0.562916
data/processed/train/fake_gan/stylegan/J02B4TUKHG.png,1,stylegan,id,0.164954
data/processed/train/real/cifake/train_1249 (2).png,0,cifake,id,0.939311
data/processed/train/real/ffhq/27452.png,0,ffhq,id,0.078119
data/processed/train/fake_gan/stylegan/VKQKWEPI58.png,1,stylegan,id,0.711107
data/processed/train/fake_diffusion/cifake/train_1502 (5).png,1,cifake,id,0.974248
data/processed/train/real/diverse_real/21789.png,0,diverse_real,id,0.005381
data/processed/train/real/diverse_real/16424.png,0,diverse_real,id,0.929983
data/processed/train/real/cifake/train_4634 (6).png,0,cifake,id,0.987864
data/processed/train/fake_gan/stylegan/EZOPHA495I.png,1,stylegan,id,0.055088
data/processed/train/real/diverse_real/59915.png,0,diverse_real,id,0.068910
data/processed/train/fake_diffusion/cifake/train_3306 (3).png,1,cifake,id,0.947882
data/processed/train/real/ffhq/40209.png,0,ffhq,id,0.030699
data/processed/train/fake_diffusion/cifake/train_3609.png,1,cifake,id,0.812238
data/processed/train/fake_gan/stylegan/N7W42S6H4S.png,1,stylegan,id,0.279128
data/processed/train/fake_diffusion/cifake/test_903 (6).png,1,cifake,id,0.805032
data/processed/train/fake_diffusion/cifake/train_4725 (6).png,1,cifake,id,0.760877
data/processed/train/fake_diffusion/tristanzhang_train/0945.png,1,tristanzhang_train,id,0.067594
data/processed/train/real/cifake/train_1735.png,0,cifake,id,0.788652
data/processed/train/real/cifake/train_0982 (10).png,0,cifake,id,0.513085
data/processed/train/real/ffhq/23496.png,0,ffhq,id,0.436561
data/processed/train/real/diverse_real/16837.png,0,diverse_real,id,0.892350
data/processed/train/fake_gan/stylegan/D343BXTBZF.png,1,stylegan,id,0.783237
data/processed/train/fake_diffusion/sd15/sd15_00563.png,1,sd15,id,0.253136
data/processed/train/real/ffhq/35349.png,0,ffhq,id,0.983465
data/processed/train/fake_gan/stylegan/ZOSAVLGUNC.png,1,stylegan,id,0.730828
data/processed/train/real/ffhq/41058.png,0,ffhq,id,0.994461
data/processed/train/real/cifake/train_3965 (6).png,0,cifake,id,0.784870
data/processed/train/real/cifake/train_1591 (6).png,0,cifake,id,0.863820
data/processed/train/real/real_camera_train/000000173371.png,0,real_camera_train,id,0.464006
data/processed/train/fake_diffusion/sd15/sd15_01851.png,1,sd15,id,0.442977
data/processed/train/real/ffhq/51737.png,0,ffhq,id,0.932032
data/processed/train/fake_diffusion/cifake/train_5769 (5).png,1,cifake,id,0.916817
data/processed/train/fake_diffusion/cifake/train_4928.png,1,cifake,id,0.778295
data/processed/train/fake_diffusion/cifake/train_1158 (7).png,1,cifake,id,0.977223
data/processed/train/fake_diffusion/cifake/train_2991 (8).png,1,cifake,id,0.938656
data/processed/train/real/real_camera_train/000000350833.png,0,real_camera_train,id,0.159337
data/processed/train/fake_diffusion/tristanzhang_train/0983.png,1,tristanzhang_train,id,0.137825
data/processed/train/fake_diffusion/cifake/train_1585 (4).png,1,cifake,id,0.807742
data/processed/train/fake_gan/stylegan/UXCVXJ9V8Y.png,1,stylegan,id,0.003608
data/processed/train/real/cifake/train_1825 (9).png,0,cifake,id,0.677452
data/processed/train/real/cifake/train_1385 (6).png,0,cifake,id,0.865898
data/processed/train/real/cifake/train_2499 (9).png,0,cifake,id,0.918768
data/processed/train/fake_diffusion/tristanzhang_train/4399.png,1,tristanzhang_train,id,0.326669
data/processed/train/fake_gan/stylegan/S4OG2IHUCT.png,1,stylegan,id,0.010085
data/processed/train/real/cifake/train_0433 (3).png,0,cifake,id,0.932880
data/processed/train/real/diverse_real/17754.png,0,diverse_real,id,0.064077
data/processed/train/real/diverse_real/51022.png,0,diverse_real,id,0.065413
data/processed/train/fake_diffusion/cifake/train_2394 (4).png,1,cifake,id,0.704285
data/processed/train/real/cifake/train_0561.png,0,cifake,id,0.893728
data/processed/train/real/diverse_real/13446.png,0,diverse_real,id,0.493133
data/processed/train/fake_gan/stylegan/4W11OUXXJQ.png,1,stylegan,id,0.400509
data/processed/train/real/cifake/test_0895 (3).png,0,cifake,id,0.672898
data/processed/train/real/cifake/test_0834 (6).png,0,cifake,id,0.920197
data/processed/train/fake_diffusion/cifake/train_2603 (8).png,1,cifake,id,0.905324
data/processed/train/real/cifake/train_0168 (7).png,0,cifake,id,0.900438
data/processed/train/fake_diffusion/cifake/test_392 (2).png,1,cifake,id,0.588948
data/processed/train/fake_gan/stylegan/6ZKT3NB5YB.png,1,stylegan,id,0.646295
data/processed/train/real/ffhq/19223.png,0,ffhq,id,0.011722
data/processed/train/fake_diffusion/cifake/train_1157 (2).png,1,cifake,id,0.964708
data/processed/train/fake_gan/stylegan/N2BS7Y3JT5.png,1,stylegan,id,0.427635
data/processed/train/real/ffhq/03746.png,0,ffhq,id,0.917136
data/processed/train/fake_diffusion/cifake/test_858 (6).png,1,cifake,id,0.950053
data/processed/train/real/cifake/train_1102 (6).png,0,cifake,id,0.902591
data/processed/train/fake_diffusion/sd15/sd15_02177.png,1,sd15,id,0.088392
data/processed/train/fake_diffusion/sd15/sd15_01946.png,1,sd15,id,0.794180
data/processed/train/real/ffhq/31736.png,0,ffhq,id,0.909995
data/processed/train/fake_gan/stylegan/6NTLN4DTEX.png,1,stylegan,id,0.008248
data/processed/train/real/cifake/train_4434 (9).png,0,cifake,id,0.721539
data/processed/train/fake_gan/stylegan/G291MDXDND.png,1,stylegan,id,0.573955
data/processed/train/fake_diffusion/cifake/train_4494.png,1,cifake,id,0.871638
data/processed/train/fake_diffusion/cifake/train_1837.png,1,cifake,id,0.691845
data/processed/train/fake_diffusion/cifake/train_4614 (10).png,1,cifake,id,0.582725
data/processed/train/real/diverse_real/07845.png,0,diverse_real,id,0.998727
data/processed/train/real/diverse_real/56841.png,0,diverse_real,id,0.991204
data/processed/train/real/ffhq/13511.png,0,ffhq,id,0.046572
data/processed/train/real/ffhq/41277.png,0,ffhq,id,0.650822
data/processed/train/fake_gan/stylegan/QDS8HALK1N.png,1,stylegan,id,0.001398
data/processed/train/real/diverse_real/25970.png,0,diverse_real,id,0.879208
data/processed/train/real/cifake/train_3210 (3).png,0,cifake,id,0.938937
data/processed/train/fake_diffusion/sd15/sd15_01084.png,1,sd15,id,0.999512
data/processed/train/real/diverse_real/53783.png,0,diverse_real,id,0.055988
data/processed/train/real/ffhq/15880.png,0,ffhq,id,0.046482
data/processed/train/real/ffhq/50019.png,0,ffhq,id,0.467319
data/processed/train/real/ffhq/52273.png,0,ffhq,id,0.462705
data/processed/train/real/ffhq/26718.png,0,ffhq,id,0.895821
data/processed/train/fake_diffusion/sd15/sd15_01544.png,1,sd15,id,0.577891
data/processed/train/fake_gan/stylegan/88NFONF898.png,1,stylegan,id,0.283478
data/processed/train/fake_diffusion/cifake/train_3401 (5).png,1,cifake,id,0.903646
data/processed/train/real/cifake/train_2636 (3).png,0,cifake,id,0.931077
data/processed/train/real/cifake/test_0363 (7).png,0,cifake,id,0.942923
data/processed/train/fake_diffusion/cifake/train_3378 (6).png,1,cifake,id,0.931535
data/processed/train/fake_diffusion/cifake/test_896 (7).png,1,cifake,id,0.985501
data/processed/train/fake_gan/stylegan/Q63HNFR5RN.png,1,stylegan,id,0.540247
data/processed/train/real/ffhq/49671.png,0,ffhq,id,0.725175
data/processed/train/real/real_pexels_train/0865.png,0,real_pexels_train,id,0.529326
data/processed/train/real/cifake/train_2212 (7).png,0,cifake,id,0.679970
data/processed/train/fake_gan/stylegan/HWRNRUEL7Q.png,1,stylegan,id,0.411327
data/processed/train/fake_diffusion/cifake/train_4231 (3).png,1,cifake,id,0.977350
data/processed/train/real/ffhq/33143.png,0,ffhq,id,0.187351
data/processed/train/real/ffhq/35392.png,0,ffhq,id,0.296757
data/processed/train/real/cifake/train_4189 (5).png,0,cifake,id,0.686223
data/processed/train/fake_gan/stylegan/PW8ZI05B37.png,1,stylegan,id,0.003444
data/processed/train/real/ffhq/37351.png,0,ffhq,id,0.953907
data/processed/train/fake_diffusion/cifake/train_4274 (10).png,1,cifake,id,0.895822
data/processed/train/fake_diffusion/sd15/sd15_01792.png,1,sd15,id,0.477314
data/processed/train/real/cifake/train_0718 (4).png,0,cifake,id,0.923088
data/processed/train/real/cifake/train_1740 (8).png,0,cifake,id,0.950200
data/processed/train/real/diverse_real/03956.png,0,diverse_real,id,0.296234
data/processed/train/real/cifake/train_0343 (2).png,0,cifake,id,0.486847
data/processed/train/fake_gan/stylegan/CEIFZPVZYL.png,1,stylegan,id,0.310266
data/processed/train/fake_gan/stylegan/LU83XHTYJE.png,1,stylegan,id,0.011521
data/processed/train/fake_diffusion/cifake/train_3742 (2).png,1,cifake,id,0.741381
data/processed/train/fake_diffusion/cifake/train_1854 (5).png,1,cifake,id,0.991057
data/processed/train/real/cifake/train_3030 (3).png,0,cifake,id,0.567004
data/processed/train/fake_diffusion/cifake/train_4568 (7).png,1,cifake,id,0.901728
data/processed/train/fake_diffusion/cifake/test_269 (10).png,1,cifake,id,0.927252
data/processed/train/fake_diffusion/cifake/train_4489.png,1,cifake,id,0.649151
data/processed/train/fake_diffusion/sd15/sd15_01185.png,1,sd15,id,0.904176
data/processed/train/real/cifake/test_0540 (2).png,0,cifake,id,0.930454
data/processed/train/fake_gan/stylegan/DTB2RJK3IU.png,1,stylegan,id,0.434858
data/processed/train/fake_gan/stylegan/AC0KJJ1BN7.png,1,stylegan,id,0.543405
data/processed/train/fake_diffusion/sd15/sd15_01289.png,1,sd15,id,0.308573
data/processed/train/real/cifake/train_0302 (9).png,0,cifake,id,0.832961
data/processed/train/real/diverse_real/12472.png,0,diverse_real,id,0.155247
data/processed/train/fake_gan/stylegan/WRS1YXQNFX.png,1,stylegan,id,0.307108
data/processed/train/real/cifake/train_0711 (6).png,0,cifake,id,0.980279
data/processed/train/fake_diffusion/cifake/test_700 (5).png,1,cifake,id,0.990405
data/processed/train/real/real_camera_train/000000450399.png,0,real_camera_train,id,0.243911
data/processed/train/real/cifake/train_3365 (10).png,0,cifake,id,0.646219
data/processed/train/real/cifake/train_3246 (6).png,0,cifake,id,0.894827
data/processed/train/fake_gan/stylegan/6CSR0QBJJF.png,1,stylegan,id,0.061830
data/processed/train/fake_diffusion/cifake/test_195 (8).png,1,cifake,id,0.977316
data/processed/train/fake_diffusion/sd15/sd15_01267.png,1,sd15,id,0.833052
data/processed/train/real/cifake/train_1749 (7).png,0,cifake,id,0.732629
data/processed/train/real/diverse_real/14617.png,0,diverse_real,id,0.966631
data/processed/train/real/cifake/train_1409.png,0,cifake,id,0.892105
data/processed/train/real/cifake/train_4736 (9).png,0,cifake,id,0.858688
data/processed/train/real/cifake/train_1247 (9).png,0,cifake,id,0.821063
data/processed/train/fake_gan/stylegan/J8LL6WX5F3.png,1,stylegan,id,0.018610
data/processed/train/fake_diffusion/cifake/train_5488 (2).png,1,cifake,id,0.537405
data/processed/train/real/diverse_real/42175.png,0,diverse_real,id,0.050404
data/processed/train/fake_diffusion/cifake/test_558 (8).png,1,cifake,id,0.824451
data/processed/train/fake_gan/stylegan/97R4IGI01U.png,1,stylegan,id,0.793100
data/processed/train/real/cifake/test_0448 (7).png,0,cifake,id,0.648789
data/processed/train/fake_gan/stylegan/I1BXKOH2II.png,1,stylegan,id,0.056451
data/processed/train/real/ffhq/43101.png,0,ffhq,id,0.179223
data/processed/train/real/diverse_real/04616.png,0,diverse_real,id,0.692172
data/processed/train/fake_gan/stylegan/KOQSG5OHQD.png,1,stylegan,id,0.403904
data/processed/train/real/diverse_real/23493.png,0,diverse_real,id,0.999883
data/processed/train/fake_diffusion/sd15/sd15_01077.png,1,sd15,id,0.013591
data/processed/train/fake_diffusion/cifake/train_1391 (8).png,1,cifake,id,0.957009
data/processed/train/real/cifake/train_4943 (6).png,0,cifake,id,0.902208
data/processed/train/real/diverse_real/25945.png,0,diverse_real,id,0.864474
data/processed/train/fake_diffusion/cifake/train_3653 (4).png,1,cifake,id,0.870462
data/processed/train/fake_diffusion/cifake/test_557 (9).png,1,cifake,id,0.889650
data/processed/train/real/diverse_real/27395.png,0,diverse_real,id,0.953751
data/processed/train/real/ffhq/24535.png,0,ffhq,id,0.996726
data/processed/train/fake_gan/stylegan/UFLTHAK92M.png,1,stylegan,id,0.147058
data/processed/train/fake_diffusion/cifake/train_4962 (9).png,1,cifake,id,0.750398
data/processed/train/real/ffhq/25874.png,0,ffhq,id,0.729163
data/processed/train/real/cifake/train_2000 (10).png,0,cifake,id,0.818703
data/processed/train/fake_diffusion/sd15/sd15_00868.png,1,sd15,id,0.859045
data/processed/train/fake_diffusion/cifake/test_140 (3).png,1,cifake,id,0.963251
data/processed/train/fake_gan/stylegan/V97LDRITJW.png,1,stylegan,id,0.112758
data/processed/train/real/diverse_real/61352.png,0,diverse_real,id,0.671212
data/processed/train/real/cifake/train_4283.png,0,cifake,id,0.883775
data/processed/train/fake_diffusion/cifake/train_3706 (10).png,1,cifake,id,0.536979
data/processed/train/fake_diffusion/cifake/train_3324 (4).png,1,cifake,id,0.624199
data/processed/train/real/cifake/train_2773 (9).png,0,cifake,id,0.909921
data/processed/train/fake_gan/stylegan/FEDP7GYFOK.png,1,stylegan,id,0.768292
data/processed/train/real/ffhq/15541.png,0,ffhq,id,0.997635
data/processed/train/fake_gan/stylegan/I1G0VA2YIS.png,1,stylegan,id,0.699302
data/processed/train/real/cifake/train_4714 (9).png,0,cifake,id,0.876050
data/processed/train/real/ffhq/45376.png,0,ffhq,id,0.526323
data/processed/train/real/ffhq/14864.png,0,ffhq,id,0.164034
data/processed/train/fake_diffusion/sd15/sd15_01777.png,1,sd15,id,0.520618
data/processed/train/real/ffhq/35522.png,0,ffhq,id,0.082276
data/processed/train/fake_diffusion/sd15/sd15_00672.png,1,sd15,id,0.888298
data/processed/train/fake_diffusion/cifake/train_2619 (8).png,1,cifake,id,0.813819
data/processed/train/fake_gan/stylegan/LTOU2IB6WG.png,1,stylegan,id,0.999870
data/processed/train/fake_diffusion/sd15/sd15_00302.png,1,sd15,id,0.434028
data/processed/train/fake_diffusion/cifake/test_127 (8).png,1,cifake,id,0.838019
data/processed/train/real/ffhq/43037.png,0,ffhq,id,0.804567
data/processed/train/fake_diffusion/cifake/train_2679 (4).png,1,cifake,id,0.916757
data/processed/train/real/cifake/train_0279 (7).png,0,cifake,id,0.989038
data/processed/train/fake_diffusion/sd15/sd15_01760.png,1,sd15,id,0.577768
data/processed/train/real/diverse_real/13468.png,0,diverse_real,id,0.747211
data/processed/train/fake_diffusion/cifake/train_1457 (8).png,1,cifake,id,0.962089
data/processed/train/real/ffhq/27175.png,0,ffhq,id,0.001708
data/processed/train/real/ffhq/25480.png,0,ffhq,id,0.048291
data/processed/train/real/cifake/test_0086 (7).png,0,cifake,id,0.890143
data/processed/train/fake_gan/stylegan/B5TAVA0IIP.png,1,stylegan,id,0.120732
data/processed/train/fake_gan/stylegan/CAPAXPAHWB.png,1,stylegan,id,0.972262
data/processed/train/real/cifake/train_3253 (3).png,0,cifake,id,0.967252
data/processed/train/fake_diffusion/sd15/sd15_01355.png,1,sd15,id,0.557724
data/processed/train/fake_diffusion/cifake/train_1428.png,1,cifake,id,0.764050
data/processed/train/fake_diffusion/sd15/sd15_01655.png,1,sd15,id,0.832670
data/processed/train/fake_diffusion/cifake/train_3030 (10).png,1,cifake,id,0.758648
data/processed/train/real/diverse_real/11647.png,0,diverse_real,id,0.980145
data/processed/train/fake_diffusion/sd15/sd15_00933.png,1,sd15,id,0.937384
data/processed/train/real/real_pexels_train/1786.png,0,real_pexels_train,id,0.623902
data/processed/train/real/cifake/train_1018.png,0,cifake,id,0.906281
data/processed/train/fake_gan/stylegan/KIOUEW589S.png,1,stylegan,id,0.051093
data/processed/train/real/ffhq/44129.png,0,ffhq,id,0.088345
data/processed/train/real/diverse_real/31581.png,0,diverse_real,id,0.173239
data/processed/train/fake_diffusion/sd15/sd15_02198.png,1,sd15,id,0.569461
data/processed/train/fake_gan/stylegan/IS0G1A4N1A.png,1,stylegan,id,0.541716
data/processed/train/fake_gan/stylegan/XRH9GCOEQS.png,1,stylegan,id,0.653049
data/processed/train/fake_diffusion/cifake/test_626.png,1,cifake,id,0.921943
data/processed/train/real/ffhq/48174.png,0,ffhq,id,0.151783
data/processed/train/real/ffhq/08649.png,0,ffhq,id,0.030472
data/processed/train/fake_gan/stylegan/LWJOSGSKNW.png,1,stylegan,id,0.741336
data/processed/train/real/cifake/train_0591 (6).png,0,cifake,id,0.923842
data/processed/train/real/cifake/train_2725 (3).png,0,cifake,id,0.460405
data/processed/train/real/cifake/test_0285 (2).png,0,cifake,id,0.676579
data/processed/train/fake_diffusion/cifake/train_3466 (7).png,1,cifake,id,0.925738
data/processed/train/fake_diffusion/sd15/sd15_00196.png,1,sd15,id,0.872960
data/processed/train/fake_diffusion/cifake/train_5541 (6).png,1,cifake,id,0.964770
data/processed/train/real/cifake/test_0665 (4).png,0,cifake,id,0.931642
data/processed/train/real/cifake/train_2492 (10).png,0,cifake,id,0.839453
data/processed/train/real/ffhq/02122.png,0,ffhq,id,0.732668
data/processed/train/fake_diffusion/cifake/train_4365 (2).png,1,cifake,id,0.738105
data/processed/train/fake_gan/stylegan/DBWIKZSRAE.png,1,stylegan,id,0.011626
data/processed/train/fake_gan/stylegan/I989V0AO7R.png,1,stylegan,id,0.000562
data/processed/train/fake_gan/stylegan/86LG06GPA5.png,1,stylegan,id,0.106147
data/processed/train/fake_diffusion/cifake/train_3528.png,1,cifake,id,0.720287
data/processed/train/fake_gan/stylegan/XGSF7O5AXN.png,1,stylegan,id,0.330633
data/processed/train/real/cifake/train_1910 (10).png,0,cifake,id,0.534669
data/processed/train/fake_diffusion/cifake/train_1483 (3).png,1,cifake,id,0.972962
data/processed/train/fake_diffusion/cifake/train_3918 (10).png,1,cifake,id,0.746615
data/processed/train/real/ffhq/01518.png,0,ffhq,id,0.530186
data/processed/train/real/diverse_real/22981.png,0,diverse_real,id,0.137826
data/processed/train/fake_diffusion/cifake/test_255 (10).png,1,cifake,id,0.922481
data/processed/train/fake_diffusion/cifake/train_5838 (8).png,1,cifake,id,0.615899
data/processed/train/fake_diffusion/cifake/train_5355 (6).png,1,cifake,id,0.977222
data/processed/train/real/cifake/train_2168 (3).png,0,cifake,id,0.889083
data/processed/train/real/diverse_real/66909.png,0,diverse_real,id,0.225198
data/processed/train/fake_gan/stylegan/BMKJPFR9AU.png,1,stylegan,id,0.253640
data/processed/train/fake_gan/stylegan/8MT06OFDWR.png,1,stylegan,id,0.002811
data/processed/train/fake_diffusion/sd15/sd15_01935.png,1,sd15,id,0.402490
data/processed/train/real/ffhq/07286.png,0,ffhq,id,0.038848
data/processed/train/real/ffhq/13708.png,0,ffhq,id,0.034398
data/processed/train/real/cifake/train_1853 (7).png,0,cifake,id,0.812215
data/processed/train/fake_diffusion/cifake/train_5401 (4).png,1,cifake,id,0.936488
data/processed/train/real/cifake/train_4317 (10).png,0,cifake,id,0.832000
data/processed/train/real/cifake/test_0350 (5).png,0,cifake,id,0.778818
data/processed/train/real/cifake/train_4365 (3).png,0,cifake,id,0.923954
data/processed/train/real/ffhq/02853.png,0,ffhq,id,0.958258
data/processed/train/real/cifake/train_4140 (2).png,0,cifake,id,0.702752
data/processed/train/fake_gan/stylegan/5QCB7X8AJB.png,1,stylegan,id,0.943022
data/processed/train/real/cifake/train_2384 (7).png,0,cifake,id,0.995549
data/processed/train/fake_gan/stylegan/203OB00IVD.png,1,stylegan,id,0.631870
data/processed/train/fake_gan/stylegan/GVWEI5VLKD.png,1,stylegan,id,0.094931
data/processed/train/fake_diffusion/cifake/train_3525 (4).png,1,cifake,id,0.760795
data/processed/train/fake_diffusion/cifake/train_5281 (4).png,1,cifake,id,0.928795
data/processed/train/fake_gan/stylegan/L4YIVRK0US.png,1,stylegan,id,0.032541
data/processed/train/real/ffhq/05401.png,0,ffhq,id,0.014740
data/processed/train/fake_gan/stylegan/CCNU7S7R2C.png,1,stylegan,id,0.047436
data/processed/train/real/cifake/train_2545 (9).png,0,cifake,id,0.954782
data/processed/train/fake_diffusion/cifake/train_3286 (4).png,1,cifake,id,0.830210
data/processed/train/real/cifake/train_2053.png,0,cifake,id,0.926976
data/processed/train/real/ffhq/13263.png,0,ffhq,id,0.028256
data/processed/train/real/cifake/train_4512 (2).png,0,cifake,id,0.673205
data/processed/train/fake_gan/stylegan/FR3ZGK0AZV.png,1,stylegan,id,0.002386
data/processed/train/real/ffhq/19401.png,0,ffhq,id,0.908820
data/processed/train/fake_gan/stylegan/QK9VLCVIBE.png,1,stylegan,id,0.907400
data/processed/train/fake_diffusion/cifake/train_1931 (6).png,1,cifake,id,0.935545
data/processed/train/real/diverse_real/24284.png,0,diverse_real,id,0.016861
data/processed/train/fake_gan/stylegan/8E38GSH2XB.png,1,stylegan,id,0.910596
data/processed/train/fake_gan/stylegan/XWN5SN9Y9I.png,1,stylegan,id,0.200580
data/processed/train/real/real_pexels_train/1793.png,0,real_pexels_train,id,0.579923
data/processed/train/fake_diffusion/cifake/train_3538 (5).png,1,cifake,id,0.998126
data/processed/train/real/cifake/train_2626 (10).png,0,cifake,id,0.826518
data/processed/train/real/ffhq/50468.png,0,ffhq,id,0.676392
data/processed/train/real/cifake/train_2478 (7).png,0,cifake,id,0.953925
data/processed/train/fake_diffusion/cifake/train_3455 (3).png,1,cifake,id,0.608214
data/processed/train/fake_diffusion/cifake/train_1417 (3).png,1,cifake,id,0.937730
data/processed/train/fake_diffusion/cifake/train_5332 (5).png,1,cifake,id,0.993265
data/processed/train/fake_diffusion/cifake/train_3199 (8).png,1,cifake,id,0.918365
data/processed/train/real/diverse_real/03651.png,0,diverse_real,id,0.076387
data/processed/train/real/ffhq/11806.png,0,ffhq,id,0.764199
data/processed/train/fake_gan/stylegan/EOVQYV0M3W.png,1,stylegan,id,0.002221
data/processed/train/real/cifake/train_3083 (8).png,0,cifake,id,0.739273
data/processed/train/real/cifake/train_1208 (9).png,0,cifake,id,0.481120
data/processed/train/real/cifake/train_2261 (9).png,0,cifake,id,0.702844
data/processed/train/real/cifake/test_0140 (4).png,0,cifake,id,0.866832
data/processed/train/real/cifake/test_0805.png,0,cifake,id,0.630687
data/processed/train/real/ffhq/51268.png,0,ffhq,id,0.073682
data/processed/train/fake_gan/stylegan/MR0I1MK9AB.png,1,stylegan,id,0.009063
data/processed/train/fake_diffusion/tristanzhang_train/2267.png,1,tristanzhang_train,id,0.648527
data/processed/train/real/real_pexels_train/0373.png,0,real_pexels_train,id,0.655548
data/processed/train/real/cifake/test_0722 (8).png,0,cifake,id,0.889474
data/processed/train/fake_diffusion/cifake/test_352 (5).png,1,cifake,id,0.966618
data/processed/train/real/real_camera_train/000000575243.png,0,real_camera_train,id,0.156668
data/processed/train/fake_diffusion/sd15/sd15_00125.png,1,sd15,id,0.773174
data/processed/train/real/ffhq/34799.png,0,ffhq,id,0.028627
data/processed/train/real/diverse_real/04038.png,0,diverse_real,id,0.980497
data/processed/train/real/cifake/test_0631 (2).png,0,cifake,id,0.883265
data/processed/train/fake_diffusion/cifake/train_3280 (2).png,1,cifake,id,0.820553
data/processed/train/real/ffhq/40375.png,0,ffhq,id,0.002126
data/processed/train/fake_gan/stylegan/39GJ8BKN3Q.png,1,stylegan,id,0.417785
data/processed/train/fake_gan/stylegan/LPWST62GHV.png,1,stylegan,id,0.029376
data/processed/train/fake_diffusion/cifake/train_3777 (7).png,1,cifake,id,0.703322
data/processed/train/fake_diffusion/cifake/train_2587 (7).png,1,cifake,id,0.978701
data/processed/train/fake_diffusion/cifake/train_3710 (5).png,1,cifake,id,0.989269
data/processed/train/real/cifake/test_0981 (3).png,0,cifake,id,0.979203
data/processed/train/real/cifake/test_0106 (4).png,0,cifake,id,0.856475
data/processed/train/fake_diffusion/cifake/test_621 (7).png,1,cifake,id,0.926297
data/processed/train/fake_diffusion/cifake/train_4825 (2).png,1,cifake,id,0.899585
data/processed/train/fake_diffusion/cifake/train_3101.png,1,cifake,id,0.722669
data/processed/train/fake_diffusion/sd15/sd15_02347.png,1,sd15,id,0.562992
data/processed/train/real/ffhq/23252.png,0,ffhq,id,0.985000
data/processed/train/real/ffhq/46743.png,0,ffhq,id,0.043325
data/processed/train/fake_diffusion/sd15/sd15_02416.png,1,sd15,id,0.630483
data/processed/train/real/diverse_real/07340.png,0,diverse_real,id,0.011356
data/processed/train/fake_gan/stylegan/HL2I3WGFV3.png,1,stylegan,id,0.988472
data/processed/train/real/cifake/test_0789 (7).png,0,cifake,id,0.582610
data/processed/train/real/diverse_real/36896.png,0,diverse_real,id,0.671858
data/processed/train/real/cifake/train_0549 (7).png,0,cifake,id,0.312612
data/processed/train/real/ffhq/19255.png,0,ffhq,id,0.940958
data/processed/train/fake_diffusion/sd15/sd15_00523.png,1,sd15,id,0.809300
data/processed/train/fake_diffusion/cifake/train_1597 (7).png,1,cifake,id,0.950996
data/processed/train/real/ffhq/49405.png,0,ffhq,id,0.006257
data/processed/train/fake_diffusion/cifake/train_3375 (9).png,1,cifake,id,0.952314
data/processed/train/fake_diffusion/sd15/sd15_00496.png,1,sd15,id,0.697729
data/processed/train/fake_gan/stylegan/KLIQ5CQU3P.png,1,stylegan,id,0.003505
data/processed/train/fake_gan/stylegan/J2TSTNLV9X.png,1,stylegan,id,0.966139
data/processed/train/real/cifake/train_1406 (3).png,0,cifake,id,0.668823
data/processed/train/fake_gan/stylegan/SLJPSTPBJC.png,1,stylegan,id,0.595157
data/processed/train/real/cifake/train_1776 (9).png,0,cifake,id,0.912305
data/processed/train/real/cifake/train_1437.png,0,cifake,id,0.969960
data/processed/train/real/diverse_real/58927.png,0,diverse_real,id,0.115544
data/processed/train/real/cifake/train_4329 (3).png,0,cifake,id,0.860258
data/processed/train/real/cifake/train_1752 (10).png,0,cifake,id,0.423544
data/processed/train/fake_diffusion/cifake/train_1043 (10).png,1,cifake,id,0.738201
data/processed/train/real/cifake/test_0722 (5).png,0,cifake,id,0.751828
data/processed/train/real/diverse_real/50107.png,0,diverse_real,id,0.756059
data/processed/train/fake_gan/stylegan/XXPLB2O1G7.png,1,stylegan,id,0.128942
data/processed/train/fake_diffusion/cifake/train_2526 (2).png,1,cifake,id,0.874799
data/processed/train/real/ffhq/14601.png,0,ffhq,id,0.207310
data/processed/train/fake_gan/stylegan/FZZXYVG9LR.png,1,stylegan,id,0.052087
data/processed/train/real/diverse_real/23469.png,0,diverse_real,id,0.058298
data/processed/train/fake_gan/stylegan/GO0X6A2527.png,1,stylegan,id,0.271335
data/processed/train/real/cifake/train_3842.png,0,cifake,id,0.787151
data/processed/train/fake_gan/stylegan/ASSPWDD5D2.png,1,stylegan,id,0.998647
data/processed/train/fake_diffusion/cifake/train_3734 (4).png,1,cifake,id,0.965024
data/processed/train/real/diverse_real/18605.png,0,diverse_real,id,0.402952
data/processed/train/fake_gan/stylegan/W8RROW4XD9.png,1,stylegan,id,0.750115
data/processed/train/fake_diffusion/cifake/test_253 (10).png,1,cifake,id,0.801699
data/processed/train/fake_diffusion/cifake/test_193 (10).png,1,cifake,id,0.853388
data/processed/train/fake_gan/stylegan/ANYN99FBX0.png,1,stylegan,id,0.759345
data/processed/train/real/ffhq/17344.png,0,ffhq,id,0.419296
data/processed/train/fake_gan/stylegan/FAJ5KT9GCR.png,1,stylegan,id,0.698054
data/processed/train/fake_gan/stylegan/BAYDORZYLB.png,1,stylegan,id,0.984546
data/processed/train/real/cifake/train_3602 (3).png,0,cifake,id,0.915587
data/processed/train/fake_diffusion/sd15/sd15_01272.png,1,sd15,id,0.895885
data/processed/train/real/ffhq/34756.png,0,ffhq,id,0.979268
data/processed/train/fake_diffusion/cifake/train_2316 (9).png,1,cifake,id,0.908035
data/processed/train/real/diverse_real/08238.png,0,diverse_real,id,0.997606
data/processed/train/real/diverse_real/67560.png,0,diverse_real,id,0.998643
data/processed/train/fake_diffusion/sd15/sd15_01037.png,1,sd15,id,0.440448
data/processed/train/real/ffhq/06397.png,0,ffhq,id,0.015918
data/processed/train/fake_diffusion/cifake/train_4638 (3).png,1,cifake,id,0.930376
data/processed/train/real/diverse_real/20669.png,0,diverse_real,id,0.164401
data/processed/train/real/cifake/train_1484 (7).png,0,cifake,id,0.366862
data/processed/train/fake_gan/stylegan/3Y079YL0Y1.png,1,stylegan,id,0.873957
data/processed/train/fake_gan/stylegan/FJ43V2ZNTY.png,1,stylegan,id,0.960017
data/processed/train/real/ffhq/00386.png,0,ffhq,id,0.817511
data/processed/train/real/diverse_real/29092.png,0,diverse_real,id,0.219974
data/processed/train/fake_diffusion/cifake/train_2570 (4).png,1,cifake,id,0.886812
data/processed/train/fake_diffusion/cifake/train_2272 (9).png,1,cifake,id,0.635264
data/processed/train/real/cifake/train_3199 (7).png,0,cifake,id,0.798314
data/processed/train/real/ffhq/16790.png,0,ffhq,id,0.483601
data/processed/train/real/cifake/train_0100 (6).png,0,cifake,id,0.866735
data/processed/train/fake_gan/stylegan/9XQN56C73H.png,1,stylegan,id,0.956421
data/processed/train/real/ffhq/14521.png,0,ffhq,id,0.024444
data/processed/train/fake_diffusion/sd15/sd15_00443.png,1,sd15,id,0.441991
data/processed/train/fake_gan/stylegan/KLJQWAK4KE.png,1,stylegan,id,0.032353
data/processed/train/real/ffhq/45292.png,0,ffhq,id,0.163273
data/processed/train/fake_gan/stylegan/6ZKMWI90P4.png,1,stylegan,id,0.240709
data/processed/train/real/ffhq/18719.png,0,ffhq,id,0.202657
data/processed/train/fake_gan/stylegan/R7QENPR63U.png,1,stylegan,id,0.676028
data/processed/train/fake_diffusion/cifake/test_716 (6).png,1,cifake,id,0.960260
data/processed/train/real/cifake/train_1084 (9).png,0,cifake,id,0.912331
data/processed/train/real/ffhq/17057.png,0,ffhq,id,0.100034
data/processed/train/real/real_camera_train/000000400803.png,0,real_camera_train,id,0.718513
data/processed/train/real/cifake/train_3438 (3).png,0,cifake,id,0.906263
data/processed/train/real/cifake/test_0735 (4).png,0,cifake,id,0.983240
data/processed/train/real/ffhq/30492.png,0,ffhq,id,0.046322
data/processed/train/real/ffhq/07578.png,0,ffhq,id,0.088283
data/processed/train/real/ffhq/46690.png,0,ffhq,id,0.110780
data/processed/train/real/ffhq/03665.png,0,ffhq,id,0.077807
data/processed/train/fake_diffusion/cifake/train_3922 (8).png,1,cifake,id,0.918619
data/processed/train/real/cifake/train_2459 (7).png,0,cifake,id,0.840638
data/processed/train/real/diverse_real/57881.png,0,diverse_real,id,0.201791
data/processed/train/real/ffhq/06618.png,0,ffhq,id,0.975362
data/processed/train/fake_gan/stylegan/DUO1D3EK9F.png,1,stylegan,id,0.160187
data/processed/train/real/ffhq/08364.png,0,ffhq,id,0.093718
data/processed/train/real/ffhq/33638.png,0,ffhq,id,0.173779
data/processed/train/fake_diffusion/cifake/train_5595 (8).png,1,cifake,id,0.966347
data/processed/train/fake_diffusion/cifake/test_526 (7).png,1,cifake,id,0.997494
data/processed/train/real/diverse_real/26623.png,0,diverse_real,id,0.294381
data/processed/train/real/ffhq/14483.png,0,ffhq,id,0.993343
data/processed/train/real/diverse_real/24350.png,0,diverse_real,id,0.366538
data/processed/train/fake_gan/stylegan/QKHNPLCACY.png,1,stylegan,id,0.327134
data/processed/train/fake_diffusion/sd15/sd15_01467.png,1,sd15,id,0.902655
data/processed/train/fake_diffusion/cifake/train_5412 (6).png,1,cifake,id,0.731710
data/processed/train/fake_diffusion/cifake/test_657 (8).png,1,cifake,id,0.933837
data/processed/train/real/diverse_real/28927.png,0,diverse_real,id,0.841291
data/processed/train/fake_gan/stylegan/E2YYQRMXA0.png,1,stylegan,id,0.591550
data/processed/train/real/diverse_real/55422.png,0,diverse_real,id,0.428134
data/processed/train/real/cifake/test_0848 (4).png,0,cifake,id,0.936090
data/processed/train/fake_diffusion/cifake/train_1694 (3).png,1,cifake,id,0.935887
data/processed/train/fake_gan/stylegan/VA6K7YQU37.png,1,stylegan,id,0.813305
data/processed/train/fake_gan/stylegan/6O1HG6L9QD.png,1,stylegan,id,0.003765
data/processed/train/fake_diffusion/sd15/sd15_01312.png,1,sd15,id,0.737082
data/processed/train/fake_diffusion/cifake/train_4838 (10).png,1,cifake,id,0.849739
data/processed/train/real/diverse_real/66767.png,0,diverse_real,id,0.113192
data/processed/train/fake_gan/stylegan/JB1YDXDIZT.png,1,stylegan,id,0.300365
data/processed/train/fake_gan/stylegan/AU04FWNQJ5.png,1,stylegan,id,0.984921
data/processed/train/real/diverse_real/27506.png,0,diverse_real,id,0.991060
data/processed/train/fake_diffusion/cifake/train_5746 (4).png,1,cifake,id,0.657361
data/processed/train/real/diverse_real/65784.png,0,diverse_real,id,0.994853
data/processed/train/real/cifake/train_4722 (8).png,0,cifake,id,0.631680
data/processed/train/fake_gan/stylegan/FX0GEJZ9HJ.png,1,stylegan,id,0.623842
data/processed/train/fake_gan/stylegan/3UDHGXHZNX.png,1,stylegan,id,0.165737
data/processed/train/real/ffhq/19193.png,0,ffhq,id,0.007149
data/processed/train/fake_diffusion/cifake/train_2547 (7).png,1,cifake,id,0.860253
data/processed/train/real/cifake/test_0418.png,0,cifake,id,0.925589
data/processed/train/fake_diffusion/cifake/train_2286 (9).png,1,cifake,id,0.941853
data/processed/train/real/diverse_real/46218.png,0,diverse_real,id,0.900503
data/processed/train/fake_diffusion/sd15/sd15_00656.png,1,sd15,id,0.959762
data/processed/train/fake_diffusion/cifake/test_672 (10).png,1,cifake,id,0.581770
data/processed/train/real/ffhq/17573.png,0,ffhq,id,0.005558
data/processed/train/real/diverse_real/31857.png,0,diverse_real,id,0.523301
data/processed/train/fake_diffusion/sd15/sd15_00425.png,1,sd15,id,0.939997
data/processed/train/real/cifake/train_4625 (4).png,0,cifake,id,0.858252
data/processed/train/fake_gan/stylegan/9ZKH0WBK31.png,1,stylegan,id,0.172618
data/processed/train/fake_gan/stylegan/PVPAM8IML0.png,1,stylegan,id,0.106839
data/processed/train/real/diverse_real/68615.png,0,diverse_real,id,0.625560
data/processed/train/fake_diffusion/sd15/sd15_01740.png,1,sd15,id,0.395778
data/processed/train/real/ffhq/01090.png,0,ffhq,id,0.995706
data/processed/train/real/diverse_real/02331.png,0,diverse_real,id,0.687176
data/processed/train/fake_diffusion/cifake/train_2015 (8).png,1,cifake,id,0.661401
data/processed/train/fake_diffusion/cifake/test_273 (7).png,1,cifake,id,0.887045
data/processed/train/fake_diffusion/sd15/sd15_01751.png,1,sd15,id,0.728658
data/processed/train/real/diverse_real/07311.png,0,diverse_real,id,0.194291
data/processed/train/real/cifake/train_2055 (3).png,0,cifake,id,0.945928
data/processed/train/real/ffhq/31057.png,0,ffhq,id,0.003712
data/processed/train/fake_diffusion/cifake/test_699 (3).png,1,cifake,id,0.925082
data/processed/train/fake_diffusion/cifake/train_2764 (9).png,1,cifake,id,0.892298
data/processed/train/fake_diffusion/tristanzhang_train/3269.png,1,tristanzhang_train,id,0.162198
data/processed/train/fake_diffusion/cifake/test_493 (10).png,1,cifake,id,0.845897
data/processed/train/real/diverse_real/33504.png,0,diverse_real,id,0.796933
data/processed/train/real/cifake/test_0278 (5).png,0,cifake,id,0.993320
data/processed/train/real/cifake/train_2138.png,0,cifake,id,0.898204
data/processed/train/fake_diffusion/cifake/train_5922 (7).png,1,cifake,id,0.942141
data/processed/train/real/cifake/train_4791 (5).png,0,cifake,id,0.949822
data/processed/train/fake_diffusion/sd15/sd15_02269.png,1,sd15,id,0.889549
data/processed/train/real/cifake/train_1846 (6).png,0,cifake,id,0.732351
data/processed/train/real/ffhq/26260.png,0,ffhq,id,0.004359
data/processed/train/fake_diffusion/cifake/train_1210 (2).png,1,cifake,id,0.473993
data/processed/train/real/ffhq/32403.png,0,ffhq,id,0.144220
data/processed/train/fake_diffusion/sd15/sd15_00297.png,1,sd15,id,0.498004
data/processed/train/fake_gan/stylegan/ZVHFLSX6BQ.png,1,stylegan,id,0.017678
data/processed/train/fake_gan/stylegan/1819XRPSHB.png,1,stylegan,id,0.013096
data/processed/train/fake_diffusion/cifake/train_2999.png,1,cifake,id,0.684096
data/processed/train/fake_diffusion/cifake/train_2527 (3).png,1,cifake,id,0.936920
data/processed/train/real/cifake/train_0643 (6).png,0,cifake,id,0.840470
data/processed/train/real/cifake/test_0588 (4).png,0,cifake,id,0.969725
data/processed/train/real/cifake/train_4425 (2).png,0,cifake,id,0.787691
data/processed/train/real/ffhq/29820.png,0,ffhq,id,0.140393
data/processed/train/fake_diffusion/sd15/sd15_01889.png,1,sd15,id,0.495303
data/processed/train/fake_diffusion/sd15/sd15_02062.png,1,sd15,id,0.801862
data/processed/train/fake_diffusion/tristanzhang_train/1747.png,1,tristanzhang_train,id,0.232683
data/processed/train/real/ffhq/27470.png,0,ffhq,id,0.049341
data/processed/train/fake_gan/stylegan/2RUX6YQD09.png,1,stylegan,id,0.246050
data/processed/train/fake_diffusion/sd15/sd15_02099.png,1,sd15,id,0.912995
data/processed/train/real/ffhq/38424.png,0,ffhq,id,0.992968
data/processed/train/fake_diffusion/cifake/test_705 (6).png,1,cifake,id,0.637265
data/processed/train/real/ffhq/48621.png,0,ffhq,id,0.305123
data/processed/train/real/cifake/train_0172 (3).png,0,cifake,id,0.977558
data/processed/train/fake_diffusion/cifake/train_3249 (7).png,1,cifake,id,0.709071
data/processed/train/fake_diffusion/cifake/train_2173 (8).png,1,cifake,id,0.780926
data/processed/train/real/diverse_real/34855.png,0,diverse_real,id,0.996521
data/processed/train/real/cifake/train_2408 (8).png,0,cifake,id,0.595674
data/processed/train/real/ffhq/53338.png,0,ffhq,id,0.112264
data/processed/train/fake_diffusion/cifake/test_961 (5).png,1,cifake,id,0.959642
data/processed/train/real/cifake/train_2592 (9).png,0,cifake,id,0.746408
data/processed/train/real/cifake/train_3347 (7).png,0,cifake,id,0.840590
data/processed/train/real/real_camera_train/000000389316.png,0,real_camera_train,id,0.182354
data/processed/train/real/diverse_real/43918.png,0,diverse_real,id,0.111404
data/processed/train/fake_diffusion/cifake/train_2380 (10).png,1,cifake,id,0.889758
data/processed/train/real/cifake/train_1459 (5).png,0,cifake,id,0.850919
data/processed/train/fake_diffusion/sd15/sd15_01295.png,1,sd15,id,0.564674
data/processed/train/real/diverse_real/35339.png,0,diverse_real,id,0.670713
data/processed/train/real/cifake/train_0624 (10).png,0,cifake,id,0.803543
data/processed/train/fake_diffusion/cifake/train_3284 (7).png,1,cifake,id,0.797598
data/processed/train/fake_gan/stylegan/2QJBIWATYQ.png,1,stylegan,id,0.417183
data/processed/train/fake_diffusion/sd15/sd15_01857.png,1,sd15,id,0.134525
data/processed/train/real/ffhq/03948.png,0,ffhq,id,0.964366
data/processed/train/fake_diffusion/cifake/test_513 (8).png,1,cifake,id,0.719279
data/processed/train/real/diverse_real/56059.png,0,diverse_real,id,0.778730
data/processed/train/real/cifake/train_3024 (2).png,0,cifake,id,0.400128
data/processed/train/real/cifake/train_3748 (4).png,0,cifake,id,0.956257
data/processed/train/real/ffhq/34376.png,0,ffhq,id,0.039758
data/processed/train/fake_diffusion/cifake/train_3004 (5).png,1,cifake,id,0.983161
data/processed/train/fake_diffusion/sd15/sd15_01491.png,1,sd15,id,0.911476
data/processed/train/fake_diffusion/sd15/sd15_02061.png,1,sd15,id,0.327810
data/processed/train/real/cifake/train_3682 (4).png,0,cifake,id,0.744597
data/processed/train/real/diverse_real/41778.png,0,diverse_real,id,0.910480
data/processed/train/fake_gan/stylegan/LWACIAHPOI.png,1,stylegan,id,0.204458
data/processed/train/real/ffhq/05139.png,0,ffhq,id,0.096616
data/processed/train/fake_diffusion/sd15/sd15_02472.png,1,sd15,id,0.666072
data/processed/train/real/cifake/test_0920 (6).png,0,cifake,id,0.920740
data/processed/train/real/ffhq/25601.png,0,ffhq,id,0.982358
data/processed/train/real/diverse_real/63199.png,0,diverse_real,id,0.998336
data/processed/train/real/ffhq/35712.png,0,ffhq,id,0.974065
data/processed/train/real/cifake/train_3327 (10).png,0,cifake,id,0.892191
data/processed/train/real/cifake/train_1596.png,0,cifake,id,0.778743
data/processed/train/fake_gan/stylegan/ZHFGM1E1O5.png,1,stylegan,id,0.174678
data/processed/train/fake_diffusion/cifake/train_5579 (4).png,1,cifake,id,0.855550
data/processed/train/fake_diffusion/sd15/sd15_00593.png,1,sd15,id,0.760363
data/processed/train/fake_diffusion/cifake/train_5690 (10).png,1,cifake,id,0.964604
data/processed/train/real/cifake/train_0325 (3).png,0,cifake,id,0.809554
data/processed/train/fake_diffusion/sd15/sd15_01029.png,1,sd15,id,0.400999
data/processed/train/real/cifake/train_0864.png,0,cifake,id,0.893830
data/processed/train/real/cifake/train_1225 (4).png,0,cifake,id,0.943486
data/processed/train/fake_gan/stylegan/3102AV5PGZ.png,1,stylegan,id,0.102299
data/processed/train/real/cifake/train_2909 (2).png,0,cifake,id,0.952607
data/processed/train/fake_diffusion/sd15/sd15_01046.png,1,sd15,id,0.638008
data/processed/train/real/ffhq/23300.png,0,ffhq,id,0.979590
data/processed/train/fake_diffusion/cifake/test_196 (3).png,1,cifake,id,0.944380
data/processed/train/fake_diffusion/cifake/test_7 (7).png,1,cifake,id,0.936032
data/processed/train/real/diverse_real/40011.png,0,diverse_real,id,0.171609
data/processed/train/real/real_pexels_train/5668.png,0,real_pexels_train,id,0.599171
data/processed/train/fake_gan/stylegan/KUOCCOERFU.png,1,stylegan,id,0.024249
data/processed/train/real/ffhq/42868.png,0,ffhq,id,0.648782
data/processed/train/real/ffhq/37339.png,0,ffhq,id,0.985961
data/processed/train/fake_diffusion/sd15/sd15_02069.png,1,sd15,id,0.434131
data/processed/train/fake_diffusion/cifake/train_5832 (5).png,1,cifake,id,0.605064
data/processed/train/real/cifake/test_0737 (6).png,0,cifake,id,0.945128
data/processed/train/real/cifake/train_0414 (3).png,0,cifake,id,0.927827
data/processed/train/real/ffhq/52838.png,0,ffhq,id,0.017703
data/processed/train/real/ffhq/49246.png,0,ffhq,id,0.975333
data/processed/train/real/ffhq/08295.png,0,ffhq,id,0.114987
data/processed/train/fake_diffusion/cifake/train_4064 (2).png,1,cifake,id,0.714598
data/processed/train/real/diverse_real/11310.png,0,diverse_real,id,0.434269
data/processed/train/fake_diffusion/cifake/train_3370 (10).png,1,cifake,id,0.585003
data/processed/train/real/cifake/train_3390 (6).png,0,cifake,id,0.402722
data/processed/train/fake_gan/stylegan/GECFGBDMJI.png,1,stylegan,id,0.995481
data/processed/train/fake_diffusion/cifake/train_2096 (4).png,1,cifake,id,0.957751
data/processed/train/fake_diffusion/cifake/train_1207.png,1,cifake,id,0.940073
data/processed/train/real/ffhq/31246.png,0,ffhq,id,0.880817
data/processed/train/real/cifake/test_0961 (5).png,0,cifake,id,0.972437
data/processed/train/real/cifake/train_2160 (3).png,0,cifake,id,0.977538
data/processed/train/real/ffhq/39471.png,0,ffhq,id,0.315228
data/processed/train/real/cifake/test_0405 (8).png,0,cifake,id,0.763612
data/processed/train/real/ffhq/29431.png,0,ffhq,id,0.054749
data/processed/train/real/cifake/test_0331 (5).png,0,cifake,id,0.959151
data/processed/train/real/ffhq/52556.png,0,ffhq,id,0.401912
data/processed/train/fake_gan/stylegan/GOPQYI0FDS.png,1,stylegan,id,0.764122
data/processed/train/real/real_camera_train/000000358427.png,0,real_camera_train,id,0.888199
data/processed/train/real/ffhq/44046.png,0,ffhq,id,0.012703
data/processed/train/real/cifake/train_2756.png,0,cifake,id,0.959305
data/processed/train/real/diverse_real/17582.png,0,diverse_real,id,0.058260
data/processed/train/real/ffhq/33396.png,0,ffhq,id,0.551046
data/processed/train/real/cifake/train_2965 (8).png,0,cifake,id,0.535501
data/processed/train/real/cifake/train_3795 (8).png,0,cifake,id,0.951930
data/processed/train/fake_diffusion/cifake/train_5547 (8).png,1,cifake,id,0.834777
data/processed/train/real/ffhq/11379.png,0,ffhq,id,0.990429
data/processed/train/real/cifake/train_1274.png,0,cifake,id,0.694490
data/processed/train/real/cifake/test_0945.png,0,cifake,id,0.855400
data/processed/train/real/diverse_real/13894.png,0,diverse_real,id,0.994910
data/processed/train/fake_diffusion/cifake/train_4134 (3).png,1,cifake,id,0.973812
data/processed/train/real/ffhq/07664.png,0,ffhq,id,0.838415
data/processed/train/fake_diffusion/cifake/train_3020 (7).png,1,cifake,id,0.713071
data/processed/train/real/cifake/train_3721 (3).png,0,cifake,id,0.948949
data/processed/train/real/ffhq/24571.png,0,ffhq,id,0.711136
data/processed/train/real/cifake/train_3303 (8).png,0,cifake,id,0.724299
data/processed/train/real/ffhq/32018.png,0,ffhq,id,0.780770
data/processed/train/real/ffhq/23243.png,0,ffhq,id,0.988585
data/processed/train/fake_diffusion/sd15/sd15_00890.png,1,sd15,id,0.911265
data/processed/train/real/cifake/test_0083 (6).png,0,cifake,id,0.882073
data/processed/train/fake_diffusion/cifake/train_1727 (10).png,1,cifake,id,0.874159
data/processed/train/fake_gan/stylegan/W0FD84UF6V.png,1,stylegan,id,0.045285
data/processed/train/real/cifake/train_0827 (3).png,0,cifake,id,0.740886
data/processed/train/real/ffhq/17679.png,0,ffhq,id,0.008866
data/processed/train/fake_gan/stylegan/DGESQJLNBL.png,1,stylegan,id,0.996388
data/processed/train/fake_diffusion/cifake/train_1904 (9).png,1,cifake,id,0.547893
data/processed/train/real/ffhq/01067.png,0,ffhq,id,0.144934
data/processed/train/real/cifake/train_1105 (2).png,0,cifake,id,0.769032
data/processed/train/real/ffhq/29284.png,0,ffhq,id,0.920336
data/processed/train/fake_gan/stylegan/HEHMB7WTGE.png,1,stylegan,id,0.861352
data/processed/train/real/cifake/train_2172.png,0,cifake,id,0.678616
data/processed/train/real/ffhq/22986.png,0,ffhq,id,0.059366
data/processed/train/fake_gan/stylegan/S8R01XVZZ2.png,1,stylegan,id,0.718278
data/processed/train/fake_diffusion/cifake/train_1424 (10).png,1,cifake,id,0.747257
data/processed/train/fake_gan/stylegan/0250HTNXW8.png,1,stylegan,id,0.000672
data/processed/train/real/ffhq/32856.png,0,ffhq,id,0.518479
data/processed/train/fake_diffusion/sd15/sd15_01827.png,1,sd15,id,0.506228
data/processed/train/real/cifake/train_1723 (3).png,0,cifake,id,0.684486
data/processed/train/fake_gan/stylegan/H8R2OPB2Z9.png,1,stylegan,id,0.018865
data/processed/train/real/diverse_real/50852.png,0,diverse_real,id,0.064227
data/processed/train/fake_diffusion/cifake/train_5348 (10).png,1,cifake,id,0.844285
data/processed/train/real/cifake/test_0197 (7).png,0,cifake,id,0.534526
data/processed/train/fake_diffusion/sd15/sd15_00631.png,1,sd15,id,0.331193
data/processed/train/real/ffhq/46919.png,0,ffhq,id,0.163018
data/processed/train/fake_gan/stylegan/E2UXAJP3Q7.png,1,stylegan,id,0.405277
data/processed/train/fake_diffusion/cifake/train_2807.png,1,cifake,id,0.951055
data/processed/train/fake_diffusion/cifake/train_4737 (2).png,1,cifake,id,0.701799
data/processed/train/real/ffhq/25909.png,0,ffhq,id,0.013499
data/processed/train/fake_diffusion/cifake/train_4961 (2).png,1,cifake,id,0.864021
data/processed/train/real/real_pexels_train/3283.png,0,real_pexels_train,id,0.459953
data/processed/train/fake_diffusion/cifake/train_4121 (2).png,1,cifake,id,0.945801
data/processed/train/fake_gan/stylegan/DBBX5UEJQS.png,1,stylegan,id,0.603349
data/processed/train/real/ffhq/29581.png,0,ffhq,id,0.807802
data/processed/train/fake_diffusion/sd15/sd15_00128.png,1,sd15,id,0.902828
data/processed/train/real/cifake/train_2075 (4).png,0,cifake,id,0.703945
data/processed/train/fake_diffusion/sd15/sd15_00314.png,1,sd15,id,0.980558
data/processed/train/fake_gan/stylegan/NQGR33UZOL.png,1,stylegan,id,0.991159
data/processed/train/real/ffhq/04830.png,0,ffhq,id,0.820796
data/processed/train/fake_diffusion/cifake/train_3927 (2).png,1,cifake,id,0.919818
data/processed/train/real/diverse_real/42603.png,0,diverse_real,id,0.163688
data/processed/train/real/diverse_real/07358.png,0,diverse_real,id,0.153276
data/processed/train/real/ffhq/35281.png,0,ffhq,id,0.921065
data/processed/train/real/diverse_real/12798.png,0,diverse_real,id,0.062026
data/processed/train/fake_diffusion/cifake/train_1847 (6).png,1,cifake,id,0.725208
data/processed/train/fake_diffusion/cifake/test_20 (9).png,1,cifake,id,0.968921
data/processed/train/real/ffhq/05521.png,0,ffhq,id,0.741170
data/processed/train/fake_diffusion/cifake/train_4626 (9).png,1,cifake,id,0.564658
data/processed/train/fake_diffusion/sd15/sd15_00505.png,1,sd15,id,0.994662
data/processed/train/fake_gan/stylegan/VOS2YKJEEP.png,1,stylegan,id,0.594969
data/processed/train/fake_diffusion/sd15/sd15_00705.png,1,sd15,id,0.545118
data/processed/train/real/ffhq/16353.png,0,ffhq,id,0.210598
data/processed/train/real/cifake/train_0778 (7).png,0,cifake,id,0.716840
data/processed/train/fake_gan/stylegan/ZOC5IB725U.png,1,stylegan,id,0.016974
data/processed/train/real/ffhq/41801.png,0,ffhq,id,0.061805
data/processed/train/real/cifake/train_2971 (5).png,0,cifake,id,0.973937
data/processed/train/real/diverse_real/04869.png,0,diverse_real,id,0.083853
data/processed/train/real/ffhq/16341.png,0,ffhq,id,0.997703
data/processed/train/real/ffhq/39791.png,0,ffhq,id,0.995652
data/processed/train/fake_diffusion/cifake/test_633 (10).png,1,cifake,id,0.955847
data/processed/train/fake_diffusion/cifake/train_5453 (6).png,1,cifake,id,0.899247
data/processed/train/real/ffhq/44245.png,0,ffhq,id,0.082331
data/processed/train/real/ffhq/28130.png,0,ffhq,id,0.123101
data/processed/train/fake_gan/stylegan/2S4Y39URLE.png,1,stylegan,id,0.368308
data/processed/train/fake_diffusion/cifake/train_3475.png,1,cifake,id,0.995272
data/processed/train/fake_diffusion/cifake/train_4765 (2).png,1,cifake,id,0.951093
data/processed/train/real/ffhq/21553.png,0,ffhq,id,0.916643
data/processed/train/real/cifake/train_0343 (5).png,0,cifake,id,0.810098
data/processed/train/fake_gan/stylegan/HVU6HBZD1L.png,1,stylegan,id,0.932562
data/processed/train/fake_gan/stylegan/NE97R96SNT.png,1,stylegan,id,0.046336
data/processed/train/real/ffhq/34695.png,0,ffhq,id,0.800677
data/processed/train/fake_diffusion/cifake/test_174.png,1,cifake,id,0.826282
data/processed/train/fake_gan/stylegan/P59HAT6BFX.png,1,stylegan,id,0.000666
data/processed/train/fake_gan/stylegan/INML1E56T0.png,1,stylegan,id,0.023517
data/processed/train/real/cifake/test_0643 (4).png,0,cifake,id,0.923418
data/processed/train/real/cifake/train_0655 (3).png,0,cifake,id,0.783988
data/processed/train/fake_gan/stylegan/Q04JSW4TR9.png,1,stylegan,id,0.957172
data/processed/train/real/cifake/train_3475 (8).png,0,cifake,id,0.992989
data/processed/train/real/cifake/train_0445 (5).png,0,cifake,id,0.922826
data/processed/train/real/ffhq/30157.png,0,ffhq,id,0.820477
data/processed/train/fake_gan/stylegan/HMQ9GQSU2T.png,1,stylegan,id,0.914877
data/processed/train/real/ffhq/32256.png,0,ffhq,id,0.324022
data/processed/train/fake_gan/stylegan/2N5AGQNOKK.png,1,stylegan,id,0.590146
data/processed/train/fake_diffusion/sd15/sd15_02366.png,1,sd15,id,0.343180
data/processed/train/real/ffhq/49227.png,0,ffhq,id,0.548881
data/processed/train/real/ffhq/48640.png,0,ffhq,id,0.109660
data/processed/train/real/cifake/train_4821 (8).png,0,cifake,id,0.819534
data/processed/train/fake_diffusion/cifake/train_5305 (3).png,1,cifake,id,0.644668
data/processed/train/real/diverse_real/23136.png,0,diverse_real,id,0.293195
data/processed/train/real/cifake/train_2218 (8).png,0,cifake,id,0.917912
data/processed/train/fake_diffusion/cifake/train_1760 (4).png,1,cifake,id,0.976403
data/processed/train/fake_gan/stylegan/J0M6LY4W27.png,1,stylegan,id,0.005641
data/processed/train/fake_diffusion/cifake/train_3521 (8).png,1,cifake,id,0.935262
data/processed/train/fake_diffusion/sd15/sd15_02489.png,1,sd15,id,0.831718
data/processed/train/fake_gan/stylegan/1WG8HO8HUX.png,1,stylegan,id,0.907525
data/processed/train/real/ffhq/53806.png,0,ffhq,id,0.679681
data/processed/train/fake_diffusion/cifake/train_3444 (6).png,1,cifake,id,0.769457
data/processed/train/fake_diffusion/cifake/train_4377 (6).png,1,cifake,id,0.906162
data/processed/train/fake_gan/stylegan/5K86ZILUAQ.png,1,stylegan,id,0.036108
data/processed/train/real/ffhq/43074.png,0,ffhq,id,0.074074
data/processed/train/real/diverse_real/58740.png,0,diverse_real,id,0.683537
data/processed/train/fake_diffusion/cifake/train_3667 (4).png,1,cifake,id,0.918534
data/processed/train/real/ffhq/03996.png,0,ffhq,id,0.508801
data/processed/train/real/ffhq/23527.png,0,ffhq,id,0.009371
data/processed/train/fake_gan/stylegan/GYIWHN1XQD.png,1,stylegan,id,0.689099
data/processed/train/real/cifake/train_4893.png,0,cifake,id,0.756921
data/processed/train/fake_diffusion/cifake/train_4886 (9).png,1,cifake,id,0.789043
data/processed/train/real/cifake/test_0550.png,0,cifake,id,0.729780
data/processed/train/fake_diffusion/sd15/sd15_01040.png,1,sd15,id,0.114471
data/processed/train/real/cifake/test_0285 (8).png,0,cifake,id,0.936934
data/processed/train/fake_diffusion/cifake/train_2116 (3).png,1,cifake,id,0.922318
data/processed/train/real/ffhq/52098.png,0,ffhq,id,0.919168
data/processed/train/fake_diffusion/cifake/train_5315 (5).png,1,cifake,id,0.997955
data/processed/train/real/cifake/train_4230 (4).png,0,cifake,id,0.905843
data/processed/train/real/diverse_real/49052.png,0,diverse_real,id,0.751673
data/processed/train/fake_diffusion/cifake/train_1775 (9).png,1,cifake,id,0.939030
data/processed/train/real/cifake/train_1260 (10).png,0,cifake,id,0.803431
data/processed/train/fake_diffusion/cifake/train_4484 (3).png,1,cifake,id,0.975519
data/processed/train/real/cifake/train_0213.png,0,cifake,id,0.930894
data/processed/train/real/diverse_real/27500.png,0,diverse_real,id,0.851073
data/processed/train/real/cifake/test_0852 (6).png,0,cifake,id,0.995796
data/processed/train/fake_diffusion/cifake/test_244 (3).png,1,cifake,id,0.869018
data/processed/train/fake_diffusion/sd15/sd15_00739.png,1,sd15,id,0.381088
data/processed/train/fake_diffusion/sd15/sd15_01554.png,1,sd15,id,0.600317
data/processed/train/fake_diffusion/cifake/test_220 (7).png,1,cifake,id,0.730640
data/processed/train/real/cifake/train_0433 (8).png,0,cifake,id,0.952201
data/processed/train/fake_gan/stylegan/9PLF49ULGY.png,1,stylegan,id,0.680750
data/processed/train/fake_gan/stylegan/M5J74BIS9N.png,1,stylegan,id,0.456042
data/processed/train/real/ffhq/20229.png,0,ffhq,id,0.032785
data/processed/train/real/diverse_real/21530.png,0,diverse_real,id,0.126640
data/processed/train/real/ffhq/42280.png,0,ffhq,id,0.108636
data/processed/train/real/real_camera_train/000000504074.png,0,real_camera_train,id,0.228900
data/processed/train/fake_diffusion/cifake/test_391 (8).png,1,cifake,id,0.808643
data/processed/train/fake_diffusion/sd15/sd15_00939.png,1,sd15,id,0.034001
data/processed/train/fake_diffusion/cifake/train_4506 (9).png,1,cifake,id,0.544334
data/processed/train/fake_gan/stylegan/PLRA252FM6.png,1,stylegan,id,0.153558
data/processed/train/real/ffhq/12466.png,0,ffhq,id,0.073383
data/processed/train/real/cifake/train_2061 (7).png,0,cifake,id,0.927494
data/processed/train/fake_diffusion/cifake/train_2360 (8).png,1,cifake,id,0.966821
data/processed/train/real/diverse_real/61815.png,0,diverse_real,id,0.951718
data/processed/train/fake_diffusion/cifake/test_859 (2).png,1,cifake,id,0.746139
data/processed/train/fake_gan/stylegan/M7L8JTRDBY.png,1,stylegan,id,0.822584
data/processed/train/fake_gan/stylegan/I0B8LXTVDU.png,1,stylegan,id,0.741165
data/processed/train/real/ffhq/36962.png,0,ffhq,id,0.627750
data/processed/train/real/ffhq/07448.png,0,ffhq,id,0.964168
data/processed/train/fake_diffusion/cifake/train_1498 (3).png,1,cifake,id,0.845018
data/processed/train/real/ffhq/11163.png,0,ffhq,id,0.550818
data/processed/train/real/diverse_real/32994.png,0,diverse_real,id,0.011567
data/processed/train/fake_gan/stylegan/D28L0MIBZF.png,1,stylegan,id,0.968065
data/processed/train/fake_diffusion/cifake/train_5472 (10).png,1,cifake,id,0.859541
data/processed/train/real/ffhq/29483.png,0,ffhq,id,0.996098
data/processed/train/real/cifake/train_1361 (8).png,0,cifake,id,0.906154
data/processed/train/real/cifake/train_2093.png,0,cifake,id,0.883465
data/processed/train/fake_diffusion/cifake/train_4674 (6).png,1,cifake,id,0.907789
data/processed/train/fake_diffusion/cifake/train_3262 (7).png,1,cifake,id,0.973664
data/processed/train/fake_diffusion/cifake/test_676 (3).png,1,cifake,id,0.264003
data/processed/train/real/real_camera_train/000000512194.png,0,real_camera_train,id,0.645384
data/processed/train/fake_diffusion/cifake/train_3137 (4).png,1,cifake,id,0.955559
data/processed/train/real/cifake/train_2887 (5).png,0,cifake,id,0.854496
data/processed/train/real/ffhq/33952.png,0,ffhq,id,0.009949
data/processed/train/real/cifake/train_2626.png,0,cifake,id,0.818101
data/processed/train/real/cifake/train_2340 (3).png,0,cifake,id,0.283872
data/processed/train/fake_gan/stylegan/4LT0DOCPTC.png,1,stylegan,id,0.804460
data/processed/train/fake_gan/stylegan/QJORT65Y1D.png,1,stylegan,id,0.988174
data/processed/train/real/diverse_real/65375.png,0,diverse_real,id,0.912260
data/processed/train/real/cifake/train_2184 (8).png,0,cifake,id,0.687495
data/processed/train/fake_diffusion/cifake/train_2487 (2).png,1,cifake,id,0.886070
data/processed/train/real/cifake/train_1067 (7).png,0,cifake,id,0.886191
data/processed/train/real/diverse_real/59357.png,0,diverse_real,id,0.422751
data/processed/train/real/cifake/train_1243.png,0,cifake,id,0.927875
data/processed/train/real/diverse_real/36770.png,0,diverse_real,id,0.410321
data/processed/train/fake_diffusion/sd15/sd15_01119.png,1,sd15,id,0.500236
data/processed/train/fake_gan/stylegan/PNH3NYSFB6.png,1,stylegan,id,0.873155
data/processed/train/real/cifake/train_2880.png,0,cifake,id,0.859522
data/processed/train/real/cifake/train_3324 (8).png,0,cifake,id,0.785662
data/processed/train/real/ffhq/19977.png,0,ffhq,id,0.056184
data/processed/train/fake_diffusion/cifake/test_107 (5).png,1,cifake,id,0.875623
data/processed/train/fake_diffusion/cifake/train_2057 (9).png,1,cifake,id,0.760691
data/processed/train/fake_diffusion/cifake/train_2221 (6).png,1,cifake,id,0.927856
data/processed/train/fake_diffusion/cifake/train_4984 (2).png,1,cifake,id,0.837494
data/processed/train/real/cifake/train_4852 (9).png,0,cifake,id,0.817779
data/processed/train/fake_diffusion/cifake/train_1727 (3).png,1,cifake,id,0.981704
data/processed/train/fake_diffusion/sd15/sd15_00051.png,1,sd15,id,0.769647
data/processed/train/real/real_pexels_train/2705.png,0,real_pexels_train,id,0.399133
data/processed/train/real/cifake/train_3090 (8).png,0,cifake,id,0.951376
data/processed/train/fake_diffusion/sd15/sd15_00764.png,1,sd15,id,0.411383
data/processed/train/real/ffhq/31593.png,0,ffhq,id,0.022992
data/processed/train/fake_diffusion/sd15/sd15_01268.png,1,sd15,id,0.218182
data/processed/train/real/cifake/train_0490 (4).png,0,cifake,id,0.675301
data/processed/train/real/cifake/train_3666.png,0,cifake,id,0.902087
data/processed/train/real/diverse_real/56043.png,0,diverse_real,id,0.041403
data/processed/train/real/cifake/test_0131 (4).png,0,cifake,id,0.432563
data/processed/train/real/cifake/train_2319 (5).png,0,cifake,id,0.602053
data/processed/train/fake_diffusion/cifake/train_3849 (10).png,1,cifake,id,0.781917
data/processed/train/fake_gan/stylegan/UHML5HRV80.png,1,stylegan,id,0.946948
data/processed/train/real/diverse_real/26786.png,0,diverse_real,id,0.777037
data/processed/train/fake_gan/stylegan/JRID5T9PK5.png,1,stylegan,id,0.998683
data/processed/train/fake_gan/stylegan/JU2CVYSXIU.png,1,stylegan,id,0.489439
data/processed/train/real/ffhq/42375.png,0,ffhq,id,0.999933
data/processed/train/fake_diffusion/cifake/train_3072 (6).png,1,cifake,id,0.500485
data/processed/train/fake_diffusion/sd15/sd15_00194.png,1,sd15,id,0.642663
data/processed/train/real/cifake/train_3994 (4).png,0,cifake,id,0.699229
data/processed/train/fake_diffusion/sd15/sd15_01331.png,1,sd15,id,0.198802
data/processed/train/real/diverse_real/63663.png,0,diverse_real,id,0.878032
data/processed/train/real/cifake/train_4697 (6).png,0,cifake,id,0.931421
data/processed/train/real/cifake/train_4084 (6).png,0,cifake,id,0.978214
data/processed/train/fake_gan/stylegan/9F3S0U6ZR5.png,1,stylegan,id,0.099401
data/processed/train/fake_diffusion/cifake/train_4732 (4).png,1,cifake,id,0.937078
data/processed/train/real/ffhq/16099.png,0,ffhq,id,0.196636
data/processed/train/real/cifake/train_2772 (5).png,0,cifake,id,0.947324
data/processed/train/fake_diffusion/cifake/train_3897 (7).png,1,cifake,id,0.894427
data/processed/train/fake_diffusion/cifake/test_475 (7).png,1,cifake,id,0.879770
data/processed/train/real/cifake/test_0171 (3).png,0,cifake,id,0.719316
data/processed/train/real/cifake/train_0892 (2).png,0,cifake,id,0.778118
data/processed/train/real/ffhq/42699.png,0,ffhq,id,0.949130
data/processed/train/real/diverse_real/50461.png,0,diverse_real,id,0.513346
data/processed/train/fake_diffusion/cifake/train_3980 (9).png,1,cifake,id,0.491187
data/processed/train/real/real_pexels_train/2351.png,0,real_pexels_train,id,0.256089
data/processed/train/real/cifake/train_1147 (5).png,0,cifake,id,0.968516
data/processed/train/real/ffhq/13754.png,0,ffhq,id,0.012533
data/processed/train/fake_diffusion/cifake/train_3768 (8).png,1,cifake,id,0.864933
data/processed/train/fake_diffusion/sd15/sd15_01401.png,1,sd15,id,0.198550
data/processed/train/fake_diffusion/cifake/train_4851 (3).png,1,cifake,id,0.952330
data/processed/train/fake_diffusion/cifake/train_4331 (5).png,1,cifake,id,0.929664
data/processed/train/real/cifake/train_0814 (3).png,0,cifake,id,0.964915
data/processed/train/fake_gan/stylegan/HXQ33T799R.png,1,stylegan,id,0.972717
data/processed/train/fake_diffusion/cifake/test_52 (8).png,1,cifake,id,0.656699
data/processed/train/real/cifake/train_2021 (3).png,0,cifake,id,0.850045
data/processed/train/real/cifake/train_4352 (3).png,0,cifake,id,0.950313
data/processed/train/real/diverse_real/07721.png,0,diverse_real,id,0.016504
data/processed/train/real/cifake/train_2025 (5).png,0,cifake,id,0.910543
data/processed/train/real/real_pexels_train/2026.png,0,real_pexels_train,id,0.902697
data/processed/train/fake_gan/stylegan/STELP7BPYI.png,1,stylegan,id,0.114057
data/processed/train/real/cifake/test_0633 (6).png,0,cifake,id,0.980445
data/processed/train/fake_diffusion/cifake/test_882 (7).png,1,cifake,id,0.828004
data/processed/train/fake_diffusion/cifake/train_3443 (4).png,1,cifake,id,0.659314
data/processed/train/real/cifake/train_3040 (4).png,0,cifake,id,0.719801
data/processed/train/fake_diffusion/sd15/sd15_01509.png,1,sd15,id,0.756736
data/processed/train/fake_diffusion/cifake/test_528 (4).png,1,cifake,id,0.951391
data/processed/train/fake_gan/stylegan/XUTO51ZCUQ.png,1,stylegan,id,0.036445
data/processed/train/fake_diffusion/cifake/train_1643.png,1,cifake,id,0.909554
data/processed/train/real/diverse_real/34856.png,0,diverse_real,id,0.065649
data/processed/train/real/diverse_real/29479.png,0,diverse_real,id,0.698614
data/processed/train/real/real_pexels_train/1703.png,0,real_pexels_train,id,0.356769
data/processed/train/real/ffhq/42965.png,0,ffhq,id,0.227556
data/processed/train/fake_diffusion/cifake/train_3203 (2).png,1,cifake,id,0.636822
data/processed/train/fake_diffusion/cifake/test_939 (10).png,1,cifake,id,0.360764
data/processed/train/fake_gan/stylegan/TW33IN3M36.png,1,stylegan,id,0.028539
data/processed/train/real/ffhq/49838.png,0,ffhq,id,0.025153
data/processed/train/real/ffhq/37399.png,0,ffhq,id,0.724018
data/processed/train/real/cifake/train_3803 (3).png,0,cifake,id,0.959038
data/processed/train/fake_diffusion/cifake/train_1774 (6).png,1,cifake,id,0.851767
data/processed/train/real/cifake/train_0231 (8).png,0,cifake,id,0.776325
data/processed/train/fake_diffusion/cifake/train_4416 (7).png,1,cifake,id,0.763956
data/processed/train/real/cifake/train_0740.png,0,cifake,id,0.863924
data/processed/train/fake_gan/stylegan/H6VJ1SR6MT.png,1,stylegan,id,0.190122
data/processed/train/fake_gan/stylegan/F7FE1N10E6.png,1,stylegan,id,0.606423
data/processed/train/fake_diffusion/cifake/train_4707 (5).png,1,cifake,id,0.942160
data/processed/train/fake_diffusion/cifake/train_3955 (3).png,1,cifake,id,0.902369
data/processed/train/real/diverse_real/28774.png,0,diverse_real,id,0.004851
data/processed/train/real/ffhq/31419.png,0,ffhq,id,0.354820
data/processed/train/fake_diffusion/cifake/test_953 (7).png,1,cifake,id,0.560528
data/processed/train/real/ffhq/29000.png,0,ffhq,id,0.278655
data/processed/train/real/cifake/train_0638 (6).png,0,cifake,id,0.840258
data/processed/train/fake_diffusion/sd15/sd15_01622.png,1,sd15,id,0.614702
data/processed/train/fake_gan/stylegan/ITUL8JFX9G.png,1,stylegan,id,0.051782
data/processed/train/real/cifake/train_2774 (9).png,0,cifake,id,0.994150
data/processed/train/real/diverse_real/11613.png,0,diverse_real,id,0.080028
data/processed/train/fake_diffusion/sd15/sd15_01210.png,1,sd15,id,0.810999
data/processed/train/real/ffhq/23654.png,0,ffhq,id,0.081631
data/processed/train/real/ffhq/51379.png,0,ffhq,id,0.166178
data/processed/train/fake_gan/stylegan/VQVMI1U9FF.png,1,stylegan,id,0.204837
data/processed/train/fake_gan/stylegan/KFJOKCE1TG.png,1,stylegan,id,0.005572
data/processed/train/fake_diffusion/sd15/sd15_01869.png,1,sd15,id,0.899457
data/processed/train/real/cifake/train_0880 (10).png,0,cifake,id,0.483820
data/processed/train/real/cifake/train_1185 (2).png,0,cifake,id,0.615027
data/processed/train/fake_gan/stylegan/HP05RCDGZJ.png,1,stylegan,id,0.971885
data/processed/train/real/diverse_real/69494.png,0,diverse_real,id,0.033706
data/processed/train/fake_diffusion/cifake/train_2377 (9).png,1,cifake,id,0.777745
data/processed/train/real/cifake/train_4637 (2).png,0,cifake,id,0.499633
data/processed/train/fake_gan/stylegan/NLTOXLT3KJ.png,1,stylegan,id,0.081060
data/processed/train/real/cifake/train_1014 (5).png,0,cifake,id,0.901654
data/processed/train/fake_gan/stylegan/DK62KMM88T.png,1,stylegan,id,0.036757
data/processed/train/real/cifake/train_3806 (2).png,0,cifake,id,0.704582
data/processed/train/fake_diffusion/cifake/train_1362 (6).png,1,cifake,id,0.937800
data/processed/train/fake_gan/stylegan/WLGMVYLRQG.png,1,stylegan,id,0.388472
data/processed/train/fake_gan/stylegan/Z6GG2OZYJ1.png,1,stylegan,id,0.017255
data/processed/train/real/real_camera_train/000000430973.png,0,real_camera_train,id,0.350980
data/processed/train/real/ffhq/50740.png,0,ffhq,id,0.990958
data/processed/train/real/ffhq/07542.png,0,ffhq,id,0.996221
data/processed/train/real/cifake/test_0731 (10).png,0,cifake,id,0.766367
data/processed/train/real/ffhq/42299.png,0,ffhq,id,0.343423
data/processed/train/real/ffhq/06588.png,0,ffhq,id,0.008157
data/processed/train/fake_diffusion/cifake/train_4488 (4).png,1,cifake,id,0.935951
data/processed/train/real/diverse_real/22521.png,0,diverse_real,id,0.387778
data/processed/train/fake_diffusion/sd15/sd15_00550.png,1,sd15,id,0.757344
data/processed/train/fake_diffusion/cifake/train_4267.png,1,cifake,id,0.519270
data/processed/train/fake_diffusion/cifake/train_2996 (6).png,1,cifake,id,0.978963
data/processed/train/real/cifake/train_1955 (4).png,0,cifake,id,0.544447
data/processed/train/fake_gan/stylegan/9FDDZOHH3W.png,1,stylegan,id,0.200040
data/processed/train/real/ffhq/52748.png,0,ffhq,id,0.865273
data/processed/train/fake_gan/stylegan/Q9HF7CV2GK.png,1,stylegan,id,0.177422
data/processed/train/real/ffhq/40444.png,0,ffhq,id,0.112879
data/processed/train/fake_gan/stylegan/VL5O2HKM8V.png,1,stylegan,id,0.636754
data/processed/train/fake_gan/stylegan/IB7JKNHRCW.png,1,stylegan,id,0.009169
data/processed/train/fake_gan/stylegan/25JG2D90DP.png,1,stylegan,id,0.963596
data/processed/train/real/ffhq/32976.png,0,ffhq,id,0.067077
data/processed/train/real/ffhq/20913.png,0,ffhq,id,0.947740
data/processed/train/real/diverse_real/02954.png,0,diverse_real,id,0.023117
data/processed/train/real/cifake/train_3893 (2).png,0,cifake,id,0.799674
data/processed/train/real/cifake/train_4145 (7).png,0,cifake,id,0.978134
data/processed/train/real/cifake/train_4226 (5).png,0,cifake,id,0.961199
data/processed/train/real/cifake/train_0807 (2).png,0,cifake,id,0.549861
data/processed/train/fake_diffusion/cifake/train_4145 (6).png,1,cifake,id,0.771367
data/processed/train/fake_gan/stylegan/N2UZCHM2E6.png,1,stylegan,id,0.745643
data/processed/train/real/cifake/train_1182 (4).png,0,cifake,id,0.903283
data/processed/train/real/cifake/train_4155 (3).png,0,cifake,id,0.866550
data/processed/train/fake_gan/stylegan/1JNLSYOE4W.png,1,stylegan,id,0.246355
data/processed/train/fake_diffusion/cifake/train_3943 (10).png,1,cifake,id,0.763137
data/processed/train/real/diverse_real/27602.png,0,diverse_real,id,0.965829
data/processed/train/fake_gan/stylegan/AFGXPA1FQ9.png,1,stylegan,id,0.501119
data/processed/train/real/ffhq/26294.png,0,ffhq,id,0.956447
data/processed/train/real/ffhq/28758.png,0,ffhq,id,0.168629
data/processed/train/fake_gan/stylegan/02I7PF4RBV.png,1,stylegan,id,0.938529
data/processed/train/real/cifake/train_4743 (10).png,0,cifake,id,0.729507
data/processed/train/real/ffhq/23703.png,0,ffhq,id,0.991928
data/processed/train/real/cifake/train_1956.png,0,cifake,id,0.882223
data/processed/train/real/ffhq/12467.png,0,ffhq,id,0.861263
data/processed/train/real/diverse_real/52461.png,0,diverse_real,id,0.815214
data/processed/train/real/diverse_real/35517.png,0,diverse_real,id,0.945170
data/processed/train/fake_gan/stylegan/PZ746V11UV.png,1,stylegan,id,0.011356
data/processed/train/fake_diffusion/cifake/train_3281 (3).png,1,cifake,id,0.886965
data/processed/train/fake_diffusion/cifake/train_5227 (10).png,1,cifake,id,0.610383
data/processed/train/fake_diffusion/cifake/test_609 (9).png,1,cifake,id,0.986796
data/processed/train/real/cifake/train_0050 (7).png,0,cifake,id,0.351943
data/processed/train/fake_diffusion/sd15/sd15_01583.png,1,sd15,id,0.777355
data/processed/train/fake_gan/stylegan/KXR1B4C29N.png,1,stylegan,id,0.918975
data/processed/train/fake_diffusion/cifake/train_3625 (7).png,1,cifake,id,0.709063
data/processed/train/fake_diffusion/sd15/sd15_01818.png,1,sd15,id,0.774831
data/processed/train/real/cifake/train_0716 (8).png,0,cifake,id,0.949416
data/processed/train/real/cifake/train_1482 (2).png,0,cifake,id,0.935160
data/processed/train/fake_diffusion/cifake/train_3475 (8).png,1,cifake,id,0.933732
data/processed/train/real/ffhq/47033.png,0,ffhq,id,0.771943
data/processed/train/real/cifake/train_3711 (7).png,0,cifake,id,0.960577
data/processed/train/fake_diffusion/sd15/sd15_00573.png,1,sd15,id,0.495560
data/processed/train/real/cifake/train_2979 (9).png,0,cifake,id,0.934538
data/processed/train/fake_gan/stylegan/QIAPEOHYSN.png,1,stylegan,id,0.001986
data/processed/train/fake_diffusion/cifake/train_2375 (3).png,1,cifake,id,0.904357
data/processed/train/real/diverse_real/37739.png,0,diverse_real,id,0.031267
data/processed/train/fake_diffusion/sd15/sd15_01844.png,1,sd15,id,0.919005
data/processed/train/fake_gan/stylegan/W2FCO7L9S6.png,1,stylegan,id,0.149959
data/processed/train/fake_diffusion/cifake/train_1705 (4).png,1,cifake,id,0.874716
data/processed/train/fake_diffusion/cifake/test_85.png,1,cifake,id,0.867831
data/processed/train/real/cifake/train_0838 (5).png,0,cifake,id,0.793425
data/processed/train/real/cifake/train_1597.png,0,cifake,id,0.892359
data/processed/train/fake_diffusion/cifake/train_1185 (2).png,1,cifake,id,0.520360
data/processed/train/real/diverse_real/43684.png,0,diverse_real,id,0.008828
data/processed/train/fake_diffusion/sd15/sd15_00724.png,1,sd15,id,0.136036
data/processed/train/real/ffhq/01891.png,0,ffhq,id,0.994014
data/processed/train/fake_gan/stylegan/U5R5XBVG3T.png,1,stylegan,id,0.002801
data/processed/train/real/cifake/train_3612 (8).png,0,cifake,id,0.881100
data/processed/train/fake_diffusion/cifake/test_620 (10).png,1,cifake,id,0.858267
data/processed/train/fake_diffusion/cifake/train_2638 (6).png,1,cifake,id,0.665940
data/processed/train/real/diverse_real/01997.png,0,diverse_real,id,0.100830
data/processed/train/fake_diffusion/cifake/train_3579 (2).png,1,cifake,id,0.260994
data/processed/train/fake_diffusion/cifake/test_849 (2).png,1,cifake,id,0.911864
data/processed/train/fake_diffusion/cifake/train_4087 (4).png,1,cifake,id,0.806529
data/processed/train/real/diverse_real/35534.png,0,diverse_real,id,0.291226
data/processed/train/fake_gan/stylegan/KU7Q49W3CE.png,1,stylegan,id,0.009618
data/processed/train/fake_gan/stylegan/TPMFK3G39L.png,1,stylegan,id,0.109518
data/processed/train/real/ffhq/08527.png,0,ffhq,id,0.182955
data/processed/train/fake_diffusion/cifake/train_2899 (2).png,1,cifake,id,0.974871
data/processed/train/fake_diffusion/cifake/train_1822.png,1,cifake,id,0.615962
data/processed/train/fake_diffusion/cifake/train_3461.png,1,cifake,id,0.829134
data/processed/train/real/cifake/train_3688 (7).png,0,cifake,id,0.765832
data/processed/train/fake_diffusion/cifake/train_4971 (7).png,1,cifake,id,0.797933
data/processed/train/real/cifake/train_4944 (3).png,0,cifake,id,0.930759
data/processed/train/fake_diffusion/cifake/train_1874 (10).png,1,cifake,id,0.488011
data/processed/train/fake_gan/stylegan/LG18G8NUCA.png,1,stylegan,id,0.021725
data/processed/train/real/cifake/train_4441 (4).png,0,cifake,id,0.828095
data/processed/train/fake_diffusion/sd15/sd15_02025.png,1,sd15,id,0.931791
data/processed/train/fake_diffusion/cifake/test_42 (4).png,1,cifake,id,0.683663
data/processed/train/real/cifake/train_2941 (6).png,0,cifake,id,0.916686
data/processed/train/fake_gan/stylegan/502MAIZG34.png,1,stylegan,id,0.069075
data/processed/train/real/ffhq/29498.png,0,ffhq,id,0.940038
data/processed/train/real/cifake/train_2817 (5).png,0,cifake,id,0.909512
data/processed/train/real/ffhq/22241.png,0,ffhq,id,0.476887
data/processed/train/real/cifake/train_4027 (10).png,0,cifake,id,0.635338
data/processed/train/real/diverse_real/63184.png,0,diverse_real,id,0.096230
data/processed/train/fake_diffusion/cifake/train_3973 (5).png,1,cifake,id,0.957718
data/processed/train/real/ffhq/03329.png,0,ffhq,id,0.489915
data/processed/train/real/ffhq/07827.png,0,ffhq,id,0.118567
data/processed/train/real/ffhq/33578.png,0,ffhq,id,0.987850
data/processed/train/fake_diffusion/cifake/train_5821 (9).png,1,cifake,id,0.936989
data/processed/train/real/diverse_real/31046.png,0,diverse_real,id,0.981988
data/processed/train/fake_gan/stylegan/3D5XA3R52W.png,1,stylegan,id,0.019278
data/processed/train/real/cifake/train_2421 (2).png,0,cifake,id,0.540872
data/processed/train/real/ffhq/34035.png,0,ffhq,id,0.976420
data/processed/train/real/diverse_real/13082.png,0,diverse_real,id,0.977663
data/processed/train/real/cifake/train_2369 (10).png,0,cifake,id,0.839426
data/processed/train/fake_diffusion/cifake/train_5417 (3).png,1,cifake,id,0.968999
data/processed/train/real/cifake/train_4211.png,0,cifake,id,0.650399
data/processed/train/real/diverse_real/11848.png,0,diverse_real,id,0.244091
data/processed/train/real/cifake/train_2199 (7).png,0,cifake,id,0.935447
data/processed/train/fake_diffusion/cifake/train_1833 (2).png,1,cifake,id,0.880859
data/processed/train/real/diverse_real/10782.png,0,diverse_real,id,0.017903
data/processed/train/fake_gan/stylegan/WLT7EVHOTN.png,1,stylegan,id,0.472472
data/processed/train/real/ffhq/01566.png,0,ffhq,id,0.016164
data/processed/train/real/diverse_real/63996.png,0,diverse_real,id,0.930896
data/processed/train/fake_diffusion/cifake/train_3687 (7).png,1,cifake,id,0.820407
data/processed/train/fake_diffusion/sd15/sd15_00438.png,1,sd15,id,0.988114
data/processed/train/real/diverse_real/45277.png,0,diverse_real,id,0.915965
data/processed/train/fake_diffusion/cifake/train_3760 (2).png,1,cifake,id,0.954575
data/processed/train/real/diverse_real/06317.png,0,diverse_real,id,0.072442
data/processed/train/real/diverse_real/44846.png,0,diverse_real,id,0.377362
data/processed/train/fake_diffusion/cifake/train_4085 (6).png,1,cifake,id,0.860595
data/processed/train/fake_diffusion/sd15/sd15_00188.png,1,sd15,id,0.618015
data/processed/train/real/cifake/train_4494 (5).png,0,cifake,id,0.937291
data/processed/train/real/diverse_real/03147.png,0,diverse_real,id,0.959301
data/processed/train/real/diverse_real/12818.png,0,diverse_real,id,0.382138
data/processed/train/real/ffhq/04116.png,0,ffhq,id,0.274522
data/processed/train/real/cifake/train_3184 (2).png,0,cifake,id,0.784597
data/processed/train/real/cifake/train_1336.png,0,cifake,id,0.949361
data/processed/train/real/cifake/train_1991 (5).png,0,cifake,id,0.480613
data/processed/train/real/cifake/train_0809.png,0,cifake,id,0.951193
data/processed/train/real/ffhq/05748.png,0,ffhq,id,0.695722
data/processed/train/fake_gan/stylegan/RBHTVYW8XW.png,1,stylegan,id,0.019585
data/processed/train/fake_gan/stylegan/CSSIKR18MY.png,1,stylegan,id,0.023255
data/processed/train/fake_diffusion/cifake/train_2606 (7).png,1,cifake,id,0.920769
data/processed/train/real/diverse_real/03040.png,0,diverse_real,id,0.051284
data/processed/train/fake_diffusion/cifake/train_2624 (2).png,1,cifake,id,0.913387
data/processed/train/real/cifake/train_2280 (2).png,0,cifake,id,0.933098
data/processed/train/fake_gan/stylegan/C4XJQ3JEHP.png,1,stylegan,id,0.001854
data/processed/train/fake_diffusion/sd15/sd15_01597.png,1,sd15,id,0.993021
data/processed/train/fake_gan/stylegan/23JL45ZFIL.png,1,stylegan,id,0.145617
data/processed/train/fake_diffusion/cifake/train_1572 (7).png,1,cifake,id,0.986871
data/processed/train/real/diverse_real/09877.png,0,diverse_real,id,0.007721
data/processed/train/real/ffhq/34152.png,0,ffhq,id,0.112953
data/processed/train/real/diverse_real/30830.png,0,diverse_real,id,0.122621
data/processed/train/real/cifake/train_3425 (9).png,0,cifake,id,0.949267
data/processed/train/real/cifake/train_4228 (2).png,0,cifake,id,0.787357
data/processed/train/fake_diffusion/sd15/sd15_02495.png,1,sd15,id,0.587225
data/processed/train/fake_diffusion/cifake/test_960 (5).png,1,cifake,id,0.886850
data/processed/train/fake_gan/stylegan/PU5TU8LEM8.png,1,stylegan,id,0.201497
data/processed/train/fake_diffusion/sd15/sd15_00170.png,1,sd15,id,0.973912
data/processed/train/fake_gan/stylegan/OLGZFCGI23.png,1,stylegan,id,0.932603
data/processed/train/real/ffhq/28386.png,0,ffhq,id,0.994171
data/processed/train/real/diverse_real/08367.png,0,diverse_real,id,0.017618
data/processed/train/fake_gan/stylegan/YMPA6PY50I.png,1,stylegan,id,0.215571
data/processed/train/fake_diffusion/cifake/train_5451 (3).png,1,cifake,id,0.966099
data/processed/train/real/ffhq/27938.png,0,ffhq,id,0.438319
data/processed/train/real/cifake/train_2287 (3).png,0,cifake,id,0.955623
data/processed/train/fake_diffusion/cifake/train_5783 (5).png,1,cifake,id,0.796463
data/processed/train/fake_gan/stylegan/B3MA77DWKG.png,1,stylegan,id,0.398952
data/processed/train/real/diverse_real/28353.png,0,diverse_real,id,0.916304
data/processed/train/fake_diffusion/sd15/sd15_01155.png,1,sd15,id,0.543193
data/processed/train/fake_diffusion/tristanzhang_train/2453.png,1,tristanzhang_train,id,0.519591
data/processed/train/fake_diffusion/cifake/test_55 (9).png,1,cifake,id,0.838039
data/processed/train/fake_gan/stylegan/PWA9FG9H02.png,1,stylegan,id,0.241304
data/processed/train/fake_diffusion/cifake/train_5187 (4).png,1,cifake,id,0.948895
data/processed/train/real/diverse_real/25581.png,0,diverse_real,id,0.447464
data/processed/train/fake_gan/stylegan/V9LYLK9G8U.png,1,stylegan,id,0.139957
data/processed/train/real/ffhq/40521.png,0,ffhq,id,0.022886
data/processed/train/real/cifake/train_0106 (3).png,0,cifake,id,0.973729
data/processed/train/fake_diffusion/cifake/train_4194 (6).png,1,cifake,id,0.884223
data/processed/train/real/cifake/train_4390 (4).png,0,cifake,id,0.903499
data/processed/train/fake_diffusion/cifake/train_2160 (5).png,1,cifake,id,0.990648
data/processed/train/real/diverse_real/25642.png,0,diverse_real,id,0.024934
data/processed/train/real/cifake/train_0555 (10).png,0,cifake,id,0.932203
data/processed/train/fake_diffusion/cifake/train_3051 (4).png,1,cifake,id,0.968506
data/processed/train/fake_diffusion/cifake/train_5099 (5).png,1,cifake,id,0.852400
data/processed/train/fake_diffusion/cifake/test_486 (6).png,1,cifake,id,0.921535
data/processed/train/real/cifake/train_1534 (5).png,0,cifake,id,0.897363
data/processed/train/real/diverse_real/27698.png,0,diverse_real,id,0.456772
data/processed/train/fake_diffusion/sd15/sd15_02460.png,1,sd15,id,0.455206
data/processed/train/fake_diffusion/cifake/train_3119 (6).png,1,cifake,id,0.586660
data/processed/train/real/cifake/test_0889 (9).png,0,cifake,id,0.730186
data/processed/train/real/ffhq/37805.png,0,ffhq,id,0.043773
data/processed/train/fake_gan/stylegan/PVIADLDS4F.png,1,stylegan,id,0.118042
data/processed/train/real/ffhq/12813.png,0,ffhq,id,0.470474
data/processed/train/real/cifake/train_0620 (8).png,0,cifake,id,0.976851
data/processed/train/real/ffhq/45769.png,0,ffhq,id,0.048330
data/processed/train/real/ffhq/06525.png,0,ffhq,id,0.714098
data/processed/train/real/ffhq/32280.png,0,ffhq,id,0.351731
data/processed/train/real/diverse_real/49281.png,0,diverse_real,id,0.647078
data/processed/train/fake_gan/stylegan/VP813I2Y0Q.png,1,stylegan,id,0.862465
data/processed/train/real/cifake/train_0764 (7).png,0,cifake,id,0.716369
data/processed/train/real/diverse_real/41610.png,0,diverse_real,id,0.801210
data/processed/train/fake_gan/stylegan/5MMIVPNMQ8.png,1,stylegan,id,0.412131
data/processed/train/fake_diffusion/cifake/train_5835 (2).png,1,cifake,id,0.802656
data/processed/train/fake_diffusion/cifake/train_5543 (2).png,1,cifake,id,0.715358
data/processed/train/fake_diffusion/cifake/train_1520 (9).png,1,cifake,id,0.745093
data/processed/train/fake_diffusion/cifake/train_3719 (10).png,1,cifake,id,0.830595
data/processed/train/real/cifake/train_3000 (7).png,0,cifake,id,0.756450
data/processed/train/real/cifake/train_2301 (3).png,0,cifake,id,0.817611
data/processed/train/real/cifake/test_0924 (9).png,0,cifake,id,0.849244
data/processed/train/fake_diffusion/cifake/test_192 (2).png,1,cifake,id,0.978016
data/processed/train/real/cifake/train_0017 (6).png,0,cifake,id,0.842412
data/processed/train/real/ffhq/12018.png,0,ffhq,id,0.715134
data/processed/train/real/cifake/train_1491 (3).png,0,cifake,id,0.721893
data/processed/train/real/cifake/test_0543.png,0,cifake,id,0.782257
data/processed/train/real/ffhq/48170.png,0,ffhq,id,0.154000
data/processed/train/fake_gan/stylegan/MWXCO8ULU1.png,1,stylegan,id,0.009288
data/processed/train/real/cifake/train_3399.png,0,cifake,id,0.971650
data/processed/train/fake_gan/stylegan/NRCSX38N3S.png,1,stylegan,id,0.473779
data/processed/train/real/cifake/train_0877 (9).png,0,cifake,id,0.870448
data/processed/train/fake_diffusion/cifake/test_454 (7).png,1,cifake,id,0.718818
data/processed/train/real/diverse_real/27141.png,0,diverse_real,id,0.618945
data/processed/train/fake_diffusion/sd15/sd15_01034.png,1,sd15,id,0.956216
data/processed/train/fake_gan/stylegan/A4IH1JTW08.png,1,stylegan,id,0.715948
data/processed/train/fake_diffusion/cifake/train_2743 (4).png,1,cifake,id,0.968445
data/processed/train/fake_gan/stylegan/0NCKYN2NC7.png,1,stylegan,id,0.318374
data/processed/train/real/cifake/test_0766 (5).png,0,cifake,id,0.967035
data/processed/train/real/ffhq/19090.png,0,ffhq,id,0.895150
data/processed/train/fake_diffusion/cifake/train_5015.png,1,cifake,id,0.799879
data/processed/train/real/cifake/train_3290 (6).png,0,cifake,id,0.957675
data/processed/train/real/cifake/train_0048 (2).png,0,cifake,id,0.613092
data/processed/train/fake_diffusion/tristanzhang_train/3787.png,1,tristanzhang_train,id,0.585292
data/processed/train/real/cifake/train_2125 (3).png,0,cifake,id,0.848116
data/processed/train/real/diverse_real/62533.png,0,diverse_real,id,0.427171
data/processed/train/real/ffhq/14556.png,0,ffhq,id,0.366369
data/processed/train/fake_diffusion/sd15/sd15_00122.png,1,sd15,id,0.245205
data/processed/train/fake_diffusion/sd15/sd15_01582.png,1,sd15,id,0.990477
data/processed/train/real/ffhq/37682.png,0,ffhq,id,0.135114
data/processed/train/real/cifake/test_0562 (10).png,0,cifake,id,0.460039
data/processed/train/real/cifake/train_0901 (8).png,0,cifake,id,0.790449
data/processed/train/fake_diffusion/cifake/train_3832 (5).png,1,cifake,id,0.979514
data/processed/train/real/cifake/train_1151 (2).png,0,cifake,id,0.871305
data/processed/train/fake_diffusion/tristanzhang_train/2733.png,1,tristanzhang_train,id,0.162589
data/processed/train/real/cifake/train_3979 (7).png,0,cifake,id,0.987918
data/processed/train/fake_gan/stylegan/9MS2NUP505.png,1,stylegan,id,0.952935
data/processed/train/fake_diffusion/cifake/train_5433 (5).png,1,cifake,id,0.699226
data/processed/train/real/diverse_real/12133.png,0,diverse_real,id,0.154254
data/processed/train/fake_gan/stylegan/ZWDPOYVQS5.png,1,stylegan,id,0.044911
data/processed/train/real/diverse_real/41990.png,0,diverse_real,id,0.983220
data/processed/train/real/cifake/train_1730.png,0,cifake,id,0.898527
data/processed/train/fake_diffusion/sd15/sd15_01775.png,1,sd15,id,0.708880
data/processed/train/fake_diffusion/cifake/train_5795 (4).png,1,cifake,id,0.966466
data/processed/train/fake_gan/stylegan/I0FR9RU55O.png,1,stylegan,id,0.395475
data/processed/train/real/ffhq/44264.png,0,ffhq,id,0.037466
data/processed/train/fake_diffusion/sd15/sd15_00380.png,1,sd15,id,0.968698
data/processed/train/fake_diffusion/cifake/train_1833 (7).png,1,cifake,id,0.588322
data/processed/train/real/cifake/train_4410 (5).png,0,cifake,id,0.607427
data/processed/train/real/ffhq/20750.png,0,ffhq,id,0.000728
data/processed/train/fake_diffusion/cifake/train_1910 (5).png,1,cifake,id,0.967616
data/processed/train/fake_diffusion/cifake/test_56 (8).png,1,cifake,id,0.955744
data/processed/train/real/ffhq/04652.png,0,ffhq,id,0.685724
data/processed/train/real/cifake/train_0326 (2).png,0,cifake,id,0.865644
data/processed/train/real/cifake/train_4783 (7).png,0,cifake,id,0.811288
data/processed/train/real/cifake/train_4307 (8).png,0,cifake,id,0.871211
data/processed/train/fake_diffusion/cifake/train_3664 (9).png,1,cifake,id,0.833808
data/processed/train/real/ffhq/07985.png,0,ffhq,id,0.497436
data/processed/train/real/ffhq/31378.png,0,ffhq,id,0.119987
data/processed/train/fake_gan/stylegan/I0GSBM3BG8.png,1,stylegan,id,0.005689
data/processed/train/real/cifake/train_1469 (6).png,0,cifake,id,0.875303
data/processed/train/fake_diffusion/sd15/sd15_00146.png,1,sd15,id,0.560724
data/processed/train/fake_diffusion/cifake/train_1033 (3).png,1,cifake,id,0.641017
data/processed/train/real/diverse_real/03360.png,0,diverse_real,id,0.694384
data/processed/train/fake_diffusion/sd15/sd15_01758.png,1,sd15,id,0.343195
data/processed/train/real/ffhq/38272.png,0,ffhq,id,0.748387
data/processed/train/real/ffhq/14363.png,0,ffhq,id,0.137433
data/processed/train/real/cifake/train_4386 (10).png,0,cifake,id,0.904827
data/processed/train/fake_diffusion/cifake/train_3005 (4).png,1,cifake,id,0.875447
data/processed/train/fake_diffusion/sd15/sd15_01123.png,1,sd15,id,0.532838
data/processed/train/real/cifake/train_3116 (3).png,0,cifake,id,0.956420
data/processed/train/real/diverse_real/42869.png,0,diverse_real,id,0.102460
data/processed/train/fake_diffusion/tristanzhang_train/4667.png,1,tristanzhang_train,id,0.387683
data/processed/train/fake_gan/stylegan/TWEAKDWBM3.png,1,stylegan,id,0.106557
data/processed/train/fake_gan/stylegan/L7QF0LWVP7.png,1,stylegan,id,0.964191
data/processed/train/fake_diffusion/sd15/sd15_02394.png,1,sd15,id,0.929085
data/processed/train/real/diverse_real/45721.png,0,diverse_real,id,0.966736
data/processed/train/fake_diffusion/sd15/sd15_01970.png,1,sd15,id,0.331782
data/processed/train/fake_diffusion/cifake/train_1675 (7).png,1,cifake,id,0.975868
data/processed/train/fake_gan/stylegan/BRYL1K4TPY.png,1,stylegan,id,0.345579
data/processed/train/fake_gan/stylegan/KAKA80S1X8.png,1,stylegan,id,0.441429
data/processed/train/real/ffhq/38732.png,0,ffhq,id,0.958382
data/processed/train/real/cifake/train_0752.png,0,cifake,id,0.858479
data/processed/train/fake_diffusion/cifake/test_395 (10).png,1,cifake,id,0.947816
data/processed/train/fake_diffusion/cifake/train_1118 (9).png,1,cifake,id,0.738803
data/processed/train/fake_diffusion/cifake/train_4200 (6).png,1,cifake,id,0.962046
data/processed/train/real/cifake/train_2260 (8).png,0,cifake,id,0.687895
data/processed/train/real/diverse_real/42420.png,0,diverse_real,id,0.705075
data/processed/train/real/cifake/train_0184 (9).png,0,cifake,id,0.670922
data/processed/train/fake_gan/stylegan/XNXBYHJLEL.png,1,stylegan,id,0.022388
data/processed/train/fake_diffusion/cifake/train_2108 (10).png,1,cifake,id,0.917617
data/processed/train/fake_diffusion/cifake/train_1501 (6).png,1,cifake,id,0.881016
data/processed/train/fake_diffusion/cifake/train_2170 (10).png,1,cifake,id,0.887110
data/processed/train/fake_gan/stylegan/6MRXTCNFJP.png,1,stylegan,id,0.003916
data/processed/train/real/ffhq/42708.png,0,ffhq,id,0.435881
data/processed/train/fake_diffusion/cifake/train_1523 (10).png,1,cifake,id,0.845102
data/processed/train/real/cifake/train_4914 (6).png,0,cifake,id,0.893976
data/processed/train/real/cifake/train_4244 (4).png,0,cifake,id,0.803988
data/processed/train/fake_diffusion/cifake/train_2166 (10).png,1,cifake,id,0.749538
data/processed/train/real/diverse_real/43259.png,0,diverse_real,id,0.150316
data/processed/train/real/diverse_real/41913.png,0,diverse_real,id,0.045727
data/processed/train/fake_gan/stylegan/92IO5ECNI8.png,1,stylegan,id,0.018591
data/processed/train/real/ffhq/37374.png,0,ffhq,id,0.353737
data/processed/train/real/cifake/test_0046 (6).png,0,cifake,id,0.891857
data/processed/train/real/diverse_real/27391.png,0,diverse_real,id,0.240316
data/processed/train/fake_diffusion/cifake/train_1810 (4).png,1,cifake,id,0.876652
data/processed/train/fake_gan/stylegan/0JVPR7BU10.png,1,stylegan,id,0.841099
data/processed/train/fake_gan/stylegan/3PR9CYYYIK.png,1,stylegan,id,0.008006
data/processed/train/fake_gan/stylegan/YAM0WR37Q2.png,1,stylegan,id,0.014551
data/processed/train/fake_gan/stylegan/NHC8X47Y43.png,1,stylegan,id,0.020727
data/processed/train/fake_diffusion/sd15/sd15_00066.png,1,sd15,id,0.999587
data/processed/train/real/ffhq/34382.png,0,ffhq,id,0.042486
data/processed/train/real/ffhq/39182.png,0,ffhq,id,0.006700
data/processed/train/real/diverse_real/02906.png,0,diverse_real,id,0.105895
data/processed/train/fake_diffusion/cifake/train_2085 (4).png,1,cifake,id,0.784788
data/processed/train/real/ffhq/07496.png,0,ffhq,id,0.501362
data/processed/train/fake_diffusion/cifake/test_502 (9).png,1,cifake,id,0.868130
data/processed/train/fake_gan/stylegan/AWXZIM97NQ.png,1,stylegan,id,0.633285
data/processed/train/real/diverse_real/48100.png,0,diverse_real,id,0.027146
data/processed/train/fake_gan/stylegan/A88UG69VLR.png,1,stylegan,id,0.485791
data/processed/train/fake_gan/stylegan/UA8U7WFKJT.png,1,stylegan,id,0.037267
data/processed/train/real/diverse_real/25933.png,0,diverse_real,id,0.987783
data/processed/train/real/ffhq/40493.png,0,ffhq,id,0.010967
data/processed/train/fake_gan/stylegan/FIGLFEM32R.png,1,stylegan,id,0.024919
data/processed/train/fake_diffusion/cifake/test_109 (9).png,1,cifake,id,0.960996
data/processed/train/real/ffhq/40157.png,0,ffhq,id,0.746720
data/processed/train/real/real_camera_train/000000097278.png,0,real_camera_train,id,0.554118
data/processed/train/fake_diffusion/cifake/train_2102 (10).png,1,cifake,id,0.652434
data/processed/train/real/diverse_real/63047.png,0,diverse_real,id,0.298136
data/processed/train/real/diverse_real/23089.png,0,diverse_real,id,0.377192
data/processed/train/fake_diffusion/sd15/sd15_00986.png,1,sd15,id,0.917872
data/processed/train/real/cifake/train_3013 (10).png,0,cifake,id,0.973731
data/processed/train/real/cifake/train_2803 (7).png,0,cifake,id,0.855371
data/processed/train/real/cifake/train_4612 (2).png,0,cifake,id,0.745270
data/processed/train/fake_diffusion/cifake/train_3975 (9).png,1,cifake,id,0.934201
data/processed/train/real/cifake/train_1649 (6).png,0,cifake,id,0.976599
data/processed/train/fake_diffusion/cifake/train_5789 (4).png,1,cifake,id,0.913359
data/processed/train/real/ffhq/50645.png,0,ffhq,id,0.340587
data/processed/train/real/cifake/train_3359 (7).png,0,cifake,id,0.928946
data/processed/train/fake_diffusion/cifake/train_4744 (4).png,1,cifake,id,0.911548
data/processed/train/real/diverse_real/58629.png,0,diverse_real,id,0.864820
data/processed/train/fake_diffusion/cifake/train_4542 (8).png,1,cifake,id,0.814981
data/processed/train/real/cifake/test_0931 (10).png,0,cifake,id,0.651988
data/processed/train/real/ffhq/36757.png,0,ffhq,id,0.008125
data/processed/train/real/cifake/train_1308 (8).png,0,cifake,id,0.910549
data/processed/train/real/cifake/train_0697 (8).png,0,cifake,id,0.827226
data/processed/train/fake_diffusion/cifake/train_2804 (4).png,1,cifake,id,0.677458
data/processed/train/real/ffhq/17759.png,0,ffhq,id,0.072992
data/processed/train/fake_diffusion/sd15/sd15_01724.png,1,sd15,id,0.464559
data/processed/train/fake_gan/stylegan/YFRE567O08.png,1,stylegan,id,0.161940
data/processed/train/real/cifake/train_2417 (7).png,0,cifake,id,0.713719
data/processed/train/fake_gan/stylegan/IO7NYIMHWK.png,1,stylegan,id,0.999714
data/processed/train/fake_diffusion/cifake/train_3737 (4).png,1,cifake,id,0.832937
data/processed/train/real/diverse_real/53379.png,0,diverse_real,id,0.515363
data/processed/train/fake_diffusion/sd15/sd15_01971.png,1,sd15,id,0.821685
data/processed/train/real/cifake/train_4075 (10).png,0,cifake,id,0.615550
data/processed/train/real/real_pexels_train/5485.png,0,real_pexels_train,id,0.642971
data/processed/train/fake_diffusion/sd15/sd15_02108.png,1,sd15,id,0.961014
data/processed/train/fake_gan/stylegan/60JARZKTOY.png,1,stylegan,id,0.035955
data/processed/train/real/ffhq/06181.png,0,ffhq,id,0.629746
data/processed/train/real/ffhq/14552.png,0,ffhq,id,0.005059
data/processed/train/real/cifake/train_3378 (5).png,0,cifake,id,0.969498
data/processed/train/real/cifake/train_0278 (9).png,0,cifake,id,0.809380
data/processed/train/fake_gan/stylegan/IZBH13IRAR.png,1,stylegan,id,0.068607
data/processed/train/real/cifake/train_3681.png,0,cifake,id,0.754441
data/processed/train/real/cifake/train_0480 (2).png,0,cifake,id,0.842658
data/processed/train/real/cifake/train_4600 (7).png,0,cifake,id,0.831215
data/processed/train/real/diverse_real/06647.png,0,diverse_real,id,0.719749
data/processed/train/real/ffhq/03072.png,0,ffhq,id,0.099606
data/processed/train/fake_diffusion/cifake/train_5829 (10).png,1,cifake,id,0.872616
data/processed/train/real/diverse_real/08517.png,0,diverse_real,id,0.963204
data/processed/train/fake_gan/stylegan/ZYZM5EPT4G.png,1,stylegan,id,0.849005
data/processed/train/real/cifake/train_3662 (5).png,0,cifake,id,0.947145
data/processed/train/real/ffhq/11224.png,0,ffhq,id,0.882507
data/processed/train/fake_diffusion/cifake/train_3845 (9).png,1,cifake,id,0.958983
data/processed/train/real/cifake/train_0079 (10).png,0,cifake,id,0.763900
data/processed/train/real/cifake/train_2613 (10).png,0,cifake,id,0.522824
data/processed/train/real/ffhq/53204.png,0,ffhq,id,0.713625
data/processed/train/real/ffhq/47406.png,0,ffhq,id,0.954004
data/processed/train/fake_diffusion/cifake/test_24 (5).png,1,cifake,id,0.904718
data/processed/train/real/cifake/test_0970 (9).png,0,cifake,id,0.938884
data/processed/train/real/cifake/train_4399 (8).png,0,cifake,id,0.659992
data/processed/train/fake_diffusion/cifake/train_5043.png,1,cifake,id,0.858598
data/processed/train/real/cifake/train_3969 (10).png,0,cifake,id,0.432265
data/processed/train/fake_diffusion/cifake/train_4217 (6).png,1,cifake,id,0.973800
data/processed/train/fake_diffusion/cifake/train_4114 (5).png,1,cifake,id,0.966926
data/processed/train/real/ffhq/02186.png,0,ffhq,id,0.085630
data/processed/train/fake_gan/stylegan/VM6CP5L2LP.png,1,stylegan,id,0.557788
data/processed/train/fake_diffusion/tristanzhang_train/0913.png,1,tristanzhang_train,id,0.551199
data/processed/train/real/ffhq/05372.png,0,ffhq,id,0.261395
data/processed/train/real/ffhq/35954.png,0,ffhq,id,0.541949
data/processed/train/fake_diffusion/sd15/sd15_00283.png,1,sd15,id,0.401008
data/processed/train/fake_diffusion/cifake/train_1933 (10).png,1,cifake,id,0.937710
data/processed/train/real/cifake/train_0782 (8).png,0,cifake,id,0.855420
data/processed/train/fake_gan/stylegan/NA7JS9VTUF.png,1,stylegan,id,0.972328
data/processed/train/real/cifake/train_1265.png,0,cifake,id,0.937108
data/processed/train/fake_gan/stylegan/LU17XRZV5Y.png,1,stylegan,id,0.862993
data/processed/train/fake_diffusion/cifake/test_284 (7).png,1,cifake,id,0.463473
data/processed/train/real/ffhq/24175.png,0,ffhq,id,0.127917
data/processed/train/fake_gan/stylegan/94BLO221OT.png,1,stylegan,id,0.015146
data/processed/train/real/ffhq/21445.png,0,ffhq,id,0.012855
data/processed/train/fake_gan/stylegan/WP0Z9L8PZS.png,1,stylegan,id,0.233663
data/processed/train/fake_diffusion/cifake/test_227 (2).png,1,cifake,id,0.518831
data/processed/train/real/diverse_real/28597.png,0,diverse_real,id,0.305117
data/processed/train/real/cifake/train_3465 (9).png,0,cifake,id,0.863921
data/processed/train/fake_gan/stylegan/0FIYOD7QAR.png,1,stylegan,id,0.144832
data/processed/train/fake_diffusion/cifake/train_3186 (10).png,1,cifake,id,0.792069
data/processed/train/fake_diffusion/sd15/sd15_00369.png,1,sd15,id,0.564768
data/processed/train/fake_gan/stylegan/Q1QRBJE3O5.png,1,stylegan,id,0.072797
data/processed/train/real/ffhq/27103.png,0,ffhq,id,0.018090
data/processed/train/real/ffhq/33650.png,0,ffhq,id,0.818780
data/processed/train/real/ffhq/11798.png,0,ffhq,id,0.938016
data/processed/train/real/diverse_real/61902.png,0,diverse_real,id,0.382809
data/processed/train/real/cifake/train_4807 (4).png,0,cifake,id,0.892587
data/processed/train/real/cifake/train_2764 (9).png,0,cifake,id,0.690110
data/processed/train/fake_diffusion/cifake/train_3454 (10).png,1,cifake,id,0.516554
data/processed/train/real/cifake/train_2541 (5).png,0,cifake,id,0.818324
data/processed/train/fake_diffusion/sd15/sd15_01846.png,1,sd15,id,0.161370
data/processed/train/fake_diffusion/sd15/sd15_00063.png,1,sd15,id,0.765814
data/processed/train/real/cifake/test_0642 (4).png,0,cifake,id,0.877270
data/processed/train/real/cifake/train_3731 (7).png,0,cifake,id,0.543132
data/processed/train/fake_gan/stylegan/6LMFX5C85P.png,1,stylegan,id,0.519643
data/processed/train/real/ffhq/53050.png,0,ffhq,id,0.038813
data/processed/train/real/cifake/train_3204 (8).png,0,cifake,id,0.894568
data/processed/train/real/ffhq/00418.png,0,ffhq,id,0.857120
data/processed/train/real/ffhq/47711.png,0,ffhq,id,0.087689
data/processed/train/real/ffhq/28981.png,0,ffhq,id,0.017539
data/processed/train/real/cifake/train_4136 (4).png,0,cifake,id,0.604397
data/processed/train/real/ffhq/40812.png,0,ffhq,id,0.020778
data/processed/train/fake_diffusion/sd15/sd15_00324.png,1,sd15,id,0.674093
data/processed/train/fake_gan/stylegan/MG58TA7SOO.png,1,stylegan,id,0.023685
data/processed/train/fake_diffusion/cifake/train_5032 (5).png,1,cifake,id,0.960274
data/processed/train/fake_gan/stylegan/H13IIEUAPR.png,1,stylegan,id,0.663182
data/processed/train/real/cifake/train_1003.png,0,cifake,id,0.923296
data/processed/train/real/diverse_real/54978.png,0,diverse_real,id,0.148715
data/processed/train/real/cifake/train_3399 (3).png,0,cifake,id,0.921254
data/processed/train/real/ffhq/51780.png,0,ffhq,id,0.015857
data/processed/train/real/cifake/train_3602 (7).png,0,cifake,id,0.742796
data/processed/train/fake_diffusion/cifake/test_634 (5).png,1,cifake,id,0.863494
data/processed/train/real/diverse_real/00851.png,0,diverse_real,id,0.932171
data/processed/train/fake_diffusion/cifake/train_2777 (9).png,1,cifake,id,0.939856
data/processed/train/real/cifake/train_0314 (4).png,0,cifake,id,0.621522
data/processed/train/real/cifake/train_3991 (2).png,0,cifake,id,0.713278
data/processed/train/fake_gan/stylegan/1A54YLEN2Z.png,1,stylegan,id,0.547908
data/processed/train/fake_diffusion/cifake/train_4122.png,1,cifake,id,0.645258
data/processed/train/real/cifake/train_2196 (7).png,0,cifake,id,0.385337
data/processed/train/real/cifake/train_3980 (2).png,0,cifake,id,0.622252
data/processed/train/fake_diffusion/cifake/train_5949 (6).png,1,cifake,id,0.928697
data/processed/train/fake_gan/stylegan/L4JOZS03M8.png,1,stylegan,id,0.332688
data/processed/train/fake_diffusion/sd15/sd15_00695.png,1,sd15,id,0.387844
data/processed/train/fake_diffusion/cifake/train_5660 (6).png,1,cifake,id,0.674797
data/processed/train/real/cifake/train_0083 (10).png,0,cifake,id,0.542678
data/processed/train/fake_diffusion/sd15/sd15_02165.png,1,sd15,id,0.485427
data/processed/train/fake_diffusion/cifake/train_3846 (3).png,1,cifake,id,0.909421
data/processed/train/fake_diffusion/cifake/train_3240 (8).png,1,cifake,id,0.719009
data/processed/train/fake_diffusion/cifake/train_2449 (4).png,1,cifake,id,0.961327
data/processed/train/real/diverse_real/22765.png,0,diverse_real,id,0.995000
data/processed/train/fake_diffusion/cifake/train_2125 (5).png,1,cifake,id,0.925562
data/processed/train/fake_gan/stylegan/BNT3SDRX3G.png,1,stylegan,id,0.798414
data/processed/train/fake_diffusion/cifake/test_6 (2).png,1,cifake,id,0.884387
data/processed/train/real/ffhq/00749.png,0,ffhq,id,0.277148
data/processed/train/fake_diffusion/cifake/train_3648.png,1,cifake,id,0.871564
data/processed/train/real/cifake/train_3310 (5).png,0,cifake,id,0.838977
data/processed/train/real/cifake/train_2184 (4).png,0,cifake,id,0.884648
data/processed/train/real/diverse_real/40224.png,0,diverse_real,id,0.189463
data/processed/train/real/cifake/train_4250 (2).png,0,cifake,id,0.862548
data/processed/train/fake_diffusion/cifake/test_423.png,1,cifake,id,0.918504
data/processed/train/fake_diffusion/cifake/test_790 (8).png,1,cifake,id,0.983644
data/processed/train/fake_gan/stylegan/A44EDOQJPV.png,1,stylegan,id,0.018800
data/processed/train/fake_gan/stylegan/3YND23UV7J.png,1,stylegan,id,0.717719
data/processed/train/real/ffhq/41176.png,0,ffhq,id,0.167685
data/processed/train/real/ffhq/02604.png,0,ffhq,id,0.252064
data/processed/train/real/cifake/train_2802 (9).png,0,cifake,id,0.618725
data/processed/train/real/cifake/train_3827 (3).png,0,cifake,id,0.688581
data/processed/train/real/ffhq/16300.png,0,ffhq,id,0.834348
data/processed/train/real/ffhq/00923.png,0,ffhq,id,0.280937
data/processed/train/fake_diffusion/sd15/sd15_02090.png,1,sd15,id,0.266769
data/processed/train/fake_diffusion/cifake/train_2882 (8).png,1,cifake,id,0.931536
data/processed/train/fake_diffusion/sd15/sd15_00544.png,1,sd15,id,0.323151
data/processed/train/real/cifake/train_0458 (6).png,0,cifake,id,0.960585
data/processed/train/fake_gan/stylegan/B4DQB1Q1KK.png,1,stylegan,id,0.114547
data/processed/train/fake_diffusion/sd15/sd15_00037.png,1,sd15,id,0.758597
data/processed/train/real/cifake/train_1841 (2).png,0,cifake,id,0.904533
data/processed/train/real/diverse_real/45072.png,0,diverse_real,id,0.325947
data/processed/train/real/real_pexels_train/4752.png,0,real_pexels_train,id,0.420463
data/processed/train/real/diverse_real/08490.png,0,diverse_real,id,0.286579
data/processed/train/real/cifake/train_4989 (6).png,0,cifake,id,0.832199
data/processed/train/fake_diffusion/sd15/sd15_00469.png,1,sd15,id,0.554278
data/processed/train/real/ffhq/30166.png,0,ffhq,id,0.687342
data/processed/train/fake_diffusion/cifake/train_1366 (5).png,1,cifake,id,0.853973
data/processed/train/real/diverse_real/09530.png,0,diverse_real,id,0.533652
data/processed/train/real/cifake/train_3034 (8).png,0,cifake,id,0.895685
data/processed/train/real/cifake/test_0852 (4).png,0,cifake,id,0.902253
data/processed/train/fake_diffusion/sd15/sd15_00706.png,1,sd15,id,0.714001
data/processed/train/fake_diffusion/cifake/train_4610.png,1,cifake,id,0.836293
data/processed/train/real/cifake/train_4490 (2).png,0,cifake,id,0.702483
data/processed/train/fake_diffusion/cifake/train_3328 (6).png,1,cifake,id,0.944238
data/processed/train/real/ffhq/20104.png,0,ffhq,id,0.539407
data/processed/train/fake_diffusion/cifake/train_3029 (7).png,1,cifake,id,0.951841
data/processed/train/real/cifake/train_4321 (6).png,0,cifake,id,0.912834
data/processed/train/fake_gan/stylegan/MCC6QLF7IG.png,1,stylegan,id,0.484862
data/processed/train/real/diverse_real/11815.png,0,diverse_real,id,0.840628
data/processed/train/real/real_pexels_train/4669.png,0,real_pexels_train,id,0.191824
data/processed/train/fake_diffusion/sd15/sd15_00806.png,1,sd15,id,0.531738
data/processed/train/fake_diffusion/tristanzhang_train/0160.png,1,tristanzhang_train,id,0.157771
data/processed/train/real/cifake/test_0765 (3).png,0,cifake,id,0.612292
data/processed/train/fake_diffusion/cifake/train_3874 (9).png,1,cifake,id,0.818037
data/processed/train/real/ffhq/29131.png,0,ffhq,id,0.031287
data/processed/train/fake_diffusion/cifake/train_5031 (8).png,1,cifake,id,0.984612
data/processed/train/real/cifake/test_0769 (9).png,0,cifake,id,0.938376
data/processed/train/real/cifake/train_1324 (3).png,0,cifake,id,0.859859
data/processed/train/fake_diffusion/cifake/train_4717 (3).png,1,cifake,id,0.997214
data/processed/train/real/diverse_real/26149.png,0,diverse_real,id,0.765097
data/processed/train/real/cifake/train_3893 (4).png,0,cifake,id,0.782082
data/processed/train/fake_diffusion/cifake/train_3979 (7).png,1,cifake,id,0.782090
data/processed/train/real/cifake/train_3847 (2).png,0,cifake,id,0.927027
data/processed/train/fake_gan/stylegan/BMNOQ3DCVB.png,1,stylegan,id,0.004849
data/processed/train/real/cifake/train_3695 (7).png,0,cifake,id,0.826089
data/processed/train/real/cifake/train_2356.png,0,cifake,id,0.929727
data/processed/train/real/real_pexels_train/2710.png,0,real_pexels_train,id,0.303266
data/processed/train/fake_diffusion/sd15/sd15_01414.png,1,sd15,id,0.360453
data/processed/train/real/cifake/train_2796 (7).png,0,cifake,id,0.905005
data/processed/train/fake_diffusion/cifake/train_1170.png,1,cifake,id,0.898509
data/processed/train/real/cifake/train_3726 (9).png,0,cifake,id,0.800195
data/processed/train/real/ffhq/48185.png,0,ffhq,id,0.199342
data/processed/train/fake_diffusion/cifake/test_788 (9).png,1,cifake,id,0.767923
data/processed/train/real/ffhq/35127.png,0,ffhq,id,0.156381
data/processed/train/real/cifake/train_1082 (2).png,0,cifake,id,0.789750
data/processed/train/fake_gan/stylegan/WBNXHN05M9.png,1,stylegan,id,0.427701
data/processed/train/real/cifake/train_1962 (6).png,0,cifake,id,0.951351
data/processed/train/real/cifake/test_0379 (9).png,0,cifake,id,0.729646
data/processed/train/fake_diffusion/cifake/train_2688.png,1,cifake,id,0.971325
data/processed/train/fake_gan/stylegan/Q1FBYXI42H.png,1,stylegan,id,0.179232
data/processed/train/real/ffhq/36062.png,0,ffhq,id,0.362707
data/processed/train/real/ffhq/30683.png,0,ffhq,id,0.730899
data/processed/train/fake_diffusion/cifake/train_1591 (9).png,1,cifake,id,0.876063
data/processed/train/fake_diffusion/cifake/train_4988 (10).png,1,cifake,id,0.770131
data/processed/train/real/ffhq/33759.png,0,ffhq,id,0.024192
data/processed/train/real/diverse_real/47860.png,0,diverse_real,id,0.964028
data/processed/train/real/diverse_real/57424.png,0,diverse_real,id,0.087278
data/processed/train/real/cifake/train_2084 (10).png,0,cifake,id,0.597234
data/processed/train/real/diverse_real/65669.png,0,diverse_real,id,0.010967
data/processed/train/fake_diffusion/cifake/train_3789 (9).png,1,cifake,id,0.842164
data/processed/train/real/ffhq/34740.png,0,ffhq,id,0.596578
data/processed/train/fake_diffusion/cifake/train_5546 (9).png,1,cifake,id,0.447836
data/processed/train/fake_diffusion/cifake/train_4469 (6).png,1,cifake,id,0.967650
data/processed/train/fake_gan/stylegan/IL90729A74.png,1,stylegan,id,0.740201
data/processed/train/real/diverse_real/22773.png,0,diverse_real,id,0.728053
data/processed/train/fake_diffusion/sd15/sd15_00048.png,1,sd15,id,0.616680
data/processed/train/real/cifake/train_1321 (7).png,0,cifake,id,0.958130
data/processed/train/fake_diffusion/cifake/train_4300 (2).png,1,cifake,id,0.774303
data/processed/train/fake_gan/stylegan/3NJYVG4TZS.png,1,stylegan,id,0.156318
data/processed/train/real/cifake/train_0597 (8).png,0,cifake,id,0.806371
data/processed/train/real/ffhq/37588.png,0,ffhq,id,0.987004
data/processed/train/real/diverse_real/28320.png,0,diverse_real,id,0.216320
data/processed/train/real/cifake/train_2678 (2).png,0,cifake,id,0.378033
data/processed/train/real/ffhq/28977.png,0,ffhq,id,0.907543
data/processed/train/fake_gan/stylegan/3AC1TL3CQ0.png,1,stylegan,id,0.996096
data/processed/train/fake_gan/stylegan/TW21PBHJL7.png,1,stylegan,id,0.131517
data/processed/train/fake_diffusion/sd15/sd15_02439.png,1,sd15,id,0.678709
data/processed/train/fake_gan/stylegan/Y1171K162J.png,1,stylegan,id,0.189222
data/processed/train/real/ffhq/47194.png,0,ffhq,id,0.063252
data/processed/train/fake_gan/stylegan/50MAGU2UE7.png,1,stylegan,id,0.997126
data/processed/train/real/ffhq/45955.png,0,ffhq,id,0.034296
data/processed/train/real/diverse_real/34872.png,0,diverse_real,id,0.753822
data/processed/train/real/cifake/test_0647 (3).png,0,cifake,id,0.878001
data/processed/train/fake_diffusion/sd15/sd15_01659.png,1,sd15,id,0.013301
data/processed/train/real/ffhq/32257.png,0,ffhq,id,0.328014
data/processed/train/fake_gan/stylegan/7D50TL05LT.png,1,stylegan,id,0.043617
data/processed/train/real/cifake/train_3114 (9).png,0,cifake,id,0.951195
data/processed/train/fake_diffusion/cifake/train_4260 (6).png,1,cifake,id,0.848491
data/processed/train/real/real_camera_train/000000508730.png,0,real_camera_train,id,0.957796
data/processed/train/fake_diffusion/sd15/sd15_01987.png,1,sd15,id,0.747278
data/processed/train/fake_diffusion/tristanzhang_train/4090.png,1,tristanzhang_train,id,0.314775
data/processed/train/real/cifake/train_2955 (7).png,0,cifake,id,0.974578
data/processed/train/real/real_pexels_train/1283.png,0,real_pexels_train,id,0.328553
data/processed/train/real/cifake/test_0556 (6).png,0,cifake,id,0.881885
data/processed/train/real/diverse_real/68613.png,0,diverse_real,id,0.853605
data/processed/train/fake_gan/stylegan/B0BIF4D7HB.png,1,stylegan,id,0.029204
data/processed/train/real/ffhq/12166.png,0,ffhq,id,0.903847
data/processed/train/fake_diffusion/sd15/sd15_02364.png,1,sd15,id,0.037943
data/processed/train/real/cifake/train_2917 (10).png,0,cifake,id,0.498904
data/processed/train/real/real_camera_train/000000052565.png,0,real_camera_train,id,0.882996
data/processed/train/fake_diffusion/cifake/train_3248 (6).png,1,cifake,id,0.687185
data/processed/train/fake_diffusion/cifake/train_2979.png,1,cifake,id,0.939466
data/processed/train/real/ffhq/33338.png,0,ffhq,id,0.042048
data/processed/train/real/cifake/train_3345 (6).png,0,cifake,id,0.909625
data/processed/train/fake_diffusion/sd15/sd15_02304.png,1,sd15,id,0.394409
data/processed/train/fake_diffusion/cifake/train_5249 (8).png,1,cifake,id,0.805758
data/processed/train/real/real_camera_train/000000533145.png,0,real_camera_train,id,0.822216
data/processed/train/fake_diffusion/sd15/sd15_00937.png,1,sd15,id,0.490951
data/processed/train/fake_gan/stylegan/ICRJQIUQ0W.png,1,stylegan,id,0.660522
data/processed/train/fake_diffusion/cifake/train_2296 (5).png,1,cifake,id,0.995202
data/processed/train/fake_gan/stylegan/P4A8EKW8HB.png,1,stylegan,id,0.061053
data/processed/train/fake_gan/stylegan/XPGO4NFOIV.png,1,stylegan,id,0.146803
data/processed/train/fake_diffusion/cifake/train_4194 (9).png,1,cifake,id,0.558946
data/processed/train/fake_gan/stylegan/7JRAOZUBN6.png,1,stylegan,id,0.493055
data/processed/train/fake_diffusion/sd15/sd15_02105.png,1,sd15,id,0.695706
data/processed/train/fake_diffusion/cifake/test_783 (2).png,1,cifake,id,0.599707
data/processed/train/real/cifake/test_0386 (8).png,0,cifake,id,0.499711
data/processed/train/real/ffhq/47013.png,0,ffhq,id,0.843787
data/processed/train/real/ffhq/35780.png,0,ffhq,id,0.548372
data/processed/train/fake_gan/stylegan/SOYTCPJ2T4.png,1,stylegan,id,0.064274
data/processed/train/real/diverse_real/37760.png,0,diverse_real,id,0.925751
data/processed/train/fake_diffusion/sd15/sd15_01168.png,1,sd15,id,0.661079
data/processed/train/real/diverse_real/49366.png,0,diverse_real,id,0.965367
data/processed/train/real/cifake/train_0791 (4).png,0,cifake,id,0.565215
data/processed/train/fake_diffusion/sd15/sd15_00376.png,1,sd15,id,0.971423
data/processed/train/fake_gan/stylegan/3UBHSATPFZ.png,1,stylegan,id,0.985713
data/processed/train/real/cifake/train_1578 (4).png,0,cifake,id,0.982018
data/processed/train/fake_diffusion/cifake/train_2503 (2).png,1,cifake,id,0.727293
data/processed/train/fake_diffusion/cifake/test_521 (8).png,1,cifake,id,0.925933
data/processed/train/fake_diffusion/sd15/sd15_01472.png,1,sd15,id,0.538741
data/processed/train/real/diverse_real/42613.png,0,diverse_real,id,0.332438
data/processed/train/fake_gan/stylegan/TLLX4D9WWG.png,1,stylegan,id,0.970049
data/processed/train/fake_diffusion/cifake/train_5592 (10).png,1,cifake,id,0.623117
data/processed/train/real/cifake/train_2404 (3).png,0,cifake,id,0.946304
data/processed/train/fake_diffusion/cifake/train_3694 (3).png,1,cifake,id,0.962994
data/processed/train/real/diverse_real/13515.png,0,diverse_real,id,0.971171
data/processed/train/real/cifake/train_2480 (8).png,0,cifake,id,0.760879
data/processed/train/real/cifake/train_2807 (8).png,0,cifake,id,0.909301
data/processed/train/fake_gan/stylegan/J4ZTOOBFBN.png,1,stylegan,id,0.628125
data/processed/train/real/ffhq/43239.png,0,ffhq,id,0.385294
data/processed/train/real/diverse_real/40158.png,0,diverse_real,id,0.138191
data/processed/train/fake_diffusion/cifake/train_4840 (7).png,1,cifake,id,0.910731
data/processed/train/real/cifake/train_4556 (7).png,0,cifake,id,0.330610
data/processed/train/fake_gan/stylegan/CT4RXA93F4.png,1,stylegan,id,0.109534
data/processed/train/real/ffhq/44029.png,0,ffhq,id,0.991252
data/processed/train/fake_diffusion/cifake/train_3308 (2).png,1,cifake,id,0.250272
data/processed/train/fake_diffusion/cifake/train_5852 (4).png,1,cifake,id,0.822431
data/processed/train/real/cifake/train_4889 (8).png,0,cifake,id,0.993286
data/processed/train/fake_diffusion/sd15/sd15_01561.png,1,sd15,id,0.966035
data/processed/train/real/ffhq/14583.png,0,ffhq,id,0.244286
data/processed/train/real/cifake/train_3615 (3).png,0,cifake,id,0.926946
data/processed/train/real/cifake/train_2470 (7).png,0,cifake,id,0.898678
data/processed/train/fake_diffusion/sd15/sd15_01486.png,1,sd15,id,0.733213
data/processed/train/fake_gan/stylegan/0L12UOFOFJ.png,1,stylegan,id,0.147794
data/processed/train/real/diverse_real/27156.png,0,diverse_real,id,0.770270
data/processed/train/fake_gan/stylegan/DVDM6SQNUR.png,1,stylegan,id,0.202024
data/processed/train/fake_diffusion/sd15/sd15_01173.png,1,sd15,id,0.885928
data/processed/train/real/cifake/test_0846.png,0,cifake,id,0.741058
data/processed/train/fake_diffusion/cifake/train_2950 (7).png,1,cifake,id,0.908856
data/processed/train/fake_diffusion/cifake/train_3039 (5).png,1,cifake,id,0.960447
data/processed/train/fake_diffusion/cifake/train_5665 (6).png,1,cifake,id,0.909770
data/processed/train/fake_diffusion/sd15/sd15_02195.png,1,sd15,id,0.452967
data/processed/train/real/cifake/train_1980 (2).png,0,cifake,id,0.639704
data/processed/train/real/ffhq/27751.png,0,ffhq,id,0.927603
data/processed/train/real/cifake/train_4096 (3).png,0,cifake,id,0.875481
data/processed/train/fake_gan/stylegan/99757931KR.png,1,stylegan,id,0.009543
data/processed/train/fake_diffusion/sd15/sd15_00045.png,1,sd15,id,0.694710
data/processed/train/real/diverse_real/10019.png,0,diverse_real,id,0.627639
data/processed/train/fake_diffusion/cifake/train_3328 (2).png,1,cifake,id,0.891557
data/processed/train/fake_gan/stylegan/EOLVCB0DKX.png,1,stylegan,id,0.029905
data/processed/train/fake_diffusion/sd15/sd15_02283.png,1,sd15,id,0.858200
data/processed/train/real/cifake/train_0650 (4).png,0,cifake,id,0.897335
data/processed/train/fake_diffusion/cifake/train_3074 (2).png,1,cifake,id,0.963774
data/processed/train/real/cifake/train_1933 (6).png,0,cifake,id,0.464913
data/processed/train/fake_diffusion/cifake/train_2274 (9).png,1,cifake,id,0.972782
data/processed/train/real/ffhq/44836.png,0,ffhq,id,0.016567
data/processed/train/fake_diffusion/cifake/test_846 (3).png,1,cifake,id,0.901432
data/processed/train/fake_diffusion/sd15/sd15_00844.png,1,sd15,id,0.242982
data/processed/train/fake_diffusion/cifake/test_522.png,1,cifake,id,0.924324
data/processed/train/fake_gan/stylegan/8I4VZ0N3NT.png,1,stylegan,id,0.008368
data/processed/train/fake_diffusion/cifake/train_3508 (7).png,1,cifake,id,0.945730
data/processed/train/fake_diffusion/cifake/train_3124 (8).png,1,cifake,id,0.686350
data/processed/train/fake_gan/stylegan/3HK59VWSES.png,1,stylegan,id,0.032825
data/processed/train/fake_diffusion/sd15/sd15_02393.png,1,sd15,id,0.820286
data/processed/train/fake_diffusion/cifake/train_2711 (4).png,1,cifake,id,0.890676
data/processed/train/real/cifake/train_3168 (7).png,0,cifake,id,0.554090
data/processed/train/fake_diffusion/cifake/train_3584 (3).png,1,cifake,id,0.802678
data/processed/train/real/ffhq/23671.png,0,ffhq,id,0.021508
data/processed/train/real/cifake/train_0345 (2).png,0,cifake,id,0.907901
data/processed/train/fake_diffusion/cifake/test_602.png,1,cifake,id,0.874770
data/processed/train/fake_gan/stylegan/F3RJNDXS72.png,1,stylegan,id,0.072382
data/processed/train/real/cifake/train_1206 (2).png,0,cifake,id,0.944275
data/processed/train/real/real_pexels_train/5648.png,0,real_pexels_train,id,0.707168
data/processed/train/real/cifake/test_0080 (4).png,0,cifake,id,0.801396
data/processed/train/fake_gan/stylegan/AZGWKELIUX.png,1,stylegan,id,0.655591
data/processed/train/fake_diffusion/cifake/train_3101 (4).png,1,cifake,id,0.906381
data/processed/train/real/diverse_real/21492.png,0,diverse_real,id,0.111458
data/processed/train/fake_gan/stylegan/2T8ZLO5JTN.png,1,stylegan,id,0.995750
data/processed/train/fake_gan/stylegan/FV8CKTPUWN.png,1,stylegan,id,0.207640
data/processed/train/real/cifake/train_2702 (7).png,0,cifake,id,0.837215
data/processed/train/fake_diffusion/cifake/train_1811 (3).png,1,cifake,id,0.797787
data/processed/train/real/real_camera_train/000000150649.png,0,real_camera_train,id,0.222708
data/processed/train/fake_diffusion/sd15/sd15_00245.png,1,sd15,id,0.904133
data/processed/train/fake_gan/stylegan/4I4OFFMCW0.png,1,stylegan,id,0.958093
data/processed/train/fake_gan/stylegan/KVAUEH63Q9.png,1,stylegan,id,0.010396
data/processed/train/real/cifake/train_1870 (5).png,0,cifake,id,0.963549
data/processed/train/real/diverse_real/47074.png,0,diverse_real,id,0.142021
data/processed/train/fake_gan/stylegan/R63TL1SJIS.png,1,stylegan,id,0.014446
data/processed/train/real/cifake/train_0007 (6).png,0,cifake,id,0.914292
data/processed/train/fake_diffusion/cifake/train_2230 (7).png,1,cifake,id,0.919532
data/processed/train/real/cifake/test_0439.png,0,cifake,id,0.898095
data/processed/train/real/real_camera_train/000000463283.png,0,real_camera_train,id,0.899350
data/processed/train/fake_diffusion/cifake/train_1617.png,1,cifake,id,0.962648
data/processed/train/fake_gan/stylegan/T0M3NVOKUP.png,1,stylegan,id,0.002791
data/processed/train/real/ffhq/47586.png,0,ffhq,id,0.995901
data/processed/train/real/cifake/train_0534 (2).png,0,cifake,id,0.855275
data/processed/train/fake_diffusion/cifake/train_1630 (9).png,1,cifake,id,0.622960
data/processed/train/real/cifake/train_0234 (9).png,0,cifake,id,0.624503
data/processed/train/real/cifake/train_4240 (2).png,0,cifake,id,0.733906
data/processed/train/fake_diffusion/cifake/train_4264 (6).png,1,cifake,id,0.956284
data/processed/train/fake_gan/stylegan/NJLOI5Z8QZ.png,1,stylegan,id,0.012184
data/processed/train/real/ffhq/25650.png,0,ffhq,id,0.057597
data/processed/train/fake_diffusion/cifake/train_2176 (8).png,1,cifake,id,0.974662
data/processed/train/fake_diffusion/cifake/train_2353 (9).png,1,cifake,id,0.949567
data/processed/train/real/ffhq/31400.png,0,ffhq,id,0.065036
data/processed/train/real/ffhq/13350.png,0,ffhq,id,0.998746
data/processed/train/fake_diffusion/cifake/train_3614 (4).png,1,cifake,id,0.982223
data/processed/train/real/cifake/train_0864 (8).png,0,cifake,id,0.932667
data/processed/train/fake_gan/stylegan/YLZGCOA3FK.png,1,stylegan,id,0.460106
data/processed/train/real/cifake/test_0877 (5).png,0,cifake,id,0.886477
data/processed/train/real/cifake/train_3499 (7).png,0,cifake,id,0.938978
data/processed/train/fake_gan/stylegan/47I3O89R3N.png,1,stylegan,id,0.046718
data/processed/train/real/cifake/train_3825 (4).png,0,cifake,id,0.779722
data/processed/train/fake_diffusion/cifake/train_1129.png,1,cifake,id,0.935373
data/processed/train/fake_diffusion/cifake/test_827 (4).png,1,cifake,id,0.758983
data/processed/train/real/real_camera_train/000000249643.png,0,real_camera_train,id,0.312920
data/processed/train/real/cifake/train_2942 (9).png,0,cifake,id,0.772415
data/processed/train/fake_gan/stylegan/BZQ7C6N37W.png,1,stylegan,id,0.128276
data/processed/train/fake_diffusion/cifake/train_2381 (9).png,1,cifake,id,0.855957
data/processed/train/fake_diffusion/cifake/train_3560 (10).png,1,cifake,id,0.852256
data/processed/train/real/real_pexels_train/2984.png,0,real_pexels_train,id,0.777081
data/processed/train/fake_gan/stylegan/7D6JLQCKAP.png,1,stylegan,id,0.025383
data/processed/train/real/diverse_real/04786.png,0,diverse_real,id,0.480263
data/processed/train/fake_diffusion/tristanzhang_train/1648.png,1,tristanzhang_train,id,0.528552
data/processed/train/fake_diffusion/cifake/test_266 (7).png,1,cifake,id,0.873999
data/processed/train/real/cifake/test_0351 (6).png,0,cifake,id,0.815051
data/processed/train/real/diverse_real/39971.png,0,diverse_real,id,0.987285
data/processed/train/real/cifake/test_0268 (9).png,0,cifake,id,0.803674
data/processed/train/fake_gan/stylegan/R3N97XZ3X7.png,1,stylegan,id,0.972584
data/processed/train/fake_diffusion/cifake/train_4390 (5).png,1,cifake,id,0.993518
data/processed/train/real/cifake/train_3378 (10).png,0,cifake,id,0.749404
data/processed/train/real/cifake/train_0176 (4).png,0,cifake,id,0.804526
data/processed/train/real/ffhq/36006.png,0,ffhq,id,0.052825
data/processed/train/real/diverse_real/63121.png,0,diverse_real,id,0.275123
data/processed/train/real/cifake/train_3728 (7).png,0,cifake,id,0.491204
data/processed/train/fake_gan/stylegan/5YKEVPYOWW.png,1,stylegan,id,0.505679
data/processed/train/fake_diffusion/cifake/train_1455 (5).png,1,cifake,id,0.984736
data/processed/train/fake_diffusion/cifake/train_5001 (3).png,1,cifake,id,0.746247
data/processed/train/fake_diffusion/cifake/test_672 (3).png,1,cifake,id,0.965645
data/processed/train/fake_diffusion/sd15/sd15_00603.png,1,sd15,id,0.665776
data/processed/train/real/cifake/train_2526 (2).png,0,cifake,id,0.754818
data/processed/train/real/cifake/test_0792 (4).png,0,cifake,id,0.955630
data/processed/train/fake_gan/stylegan/O98INSMOL8.png,1,stylegan,id,0.500809
data/processed/train/real/cifake/train_3532 (3).png,0,cifake,id,0.966147
data/processed/train/fake_diffusion/cifake/train_1696 (9).png,1,cifake,id,0.809845
data/processed/train/real/diverse_real/21102.png,0,diverse_real,id,0.951546
data/processed/train/real/cifake/test_0297 (4).png,0,cifake,id,0.921715
data/processed/train/fake_diffusion/cifake/train_3230 (4).png,1,cifake,id,0.850734
data/processed/train/fake_diffusion/sd15/sd15_00634.png,1,sd15,id,0.417983
data/processed/train/real/cifake/train_3816 (4).png,0,cifake,id,0.886321
data/processed/train/fake_diffusion/sd15/sd15_01941.png,1,sd15,id,0.459409
data/processed/train/real/cifake/train_3436 (7).png,0,cifake,id,0.579620
data/processed/train/real/ffhq/00610.png,0,ffhq,id,0.990149
data/processed/train/real/diverse_real/27554.png,0,diverse_real,id,0.121576
data/processed/train/fake_diffusion/cifake/train_5774 (6).png,1,cifake,id,0.752629
data/processed/train/fake_gan/stylegan/K7PWL9H893.png,1,stylegan,id,0.011027
data/processed/train/real/cifake/train_4734 (7).png,0,cifake,id,0.950030
data/processed/train/fake_diffusion/sd15/sd15_00149.png,1,sd15,id,0.748791
data/processed/train/fake_diffusion/cifake/train_3712 (9).png,1,cifake,id,0.895496
data/processed/train/fake_gan/stylegan/FZ3ZXTD0VW.png,1,stylegan,id,0.075552
data/processed/train/real/cifake/train_3905 (3).png,0,cifake,id,0.946296
data/processed/train/real/ffhq/46586.png,0,ffhq,id,0.075924
data/processed/train/real/diverse_real/56251.png,0,diverse_real,id,0.023830
data/processed/train/real/diverse_real/31032.png,0,diverse_real,id,0.994615
data/processed/train/fake_diffusion/cifake/train_4710 (2).png,1,cifake,id,0.811394
data/processed/train/fake_diffusion/cifake/train_5822 (3).png,1,cifake,id,0.761838
data/processed/train/fake_gan/stylegan/GB0H2E9F6C.png,1,stylegan,id,0.026171
data/processed/train/fake_diffusion/cifake/train_4538 (10).png,1,cifake,id,0.586959
data/processed/train/real/diverse_real/55669.png,0,diverse_real,id,0.954021
data/processed/train/fake_diffusion/cifake/train_5270 (10).png,1,cifake,id,0.598748
data/processed/train/fake_gan/stylegan/O9EI2NFBAR.png,1,stylegan,id,0.000894
data/processed/train/fake_gan/stylegan/V7M5LJR6JT.png,1,stylegan,id,0.080708
data/processed/train/real/cifake/train_4165 (4).png,0,cifake,id,0.980775
data/processed/train/fake_diffusion/sd15/sd15_01288.png,1,sd15,id,0.998146
data/processed/train/real/ffhq/17484.png,0,ffhq,id,0.843034
data/processed/train/real/real_camera_train/000000034760.png,0,real_camera_train,id,0.517997
data/processed/train/fake_diffusion/cifake/train_2838.png,1,cifake,id,0.671590
data/processed/train/fake_gan/stylegan/EDX1292RZL.png,1,stylegan,id,0.184848
data/processed/train/fake_gan/stylegan/U1XNI0R85I.png,1,stylegan,id,0.311945
data/processed/train/real/ffhq/17897.png,0,ffhq,id,0.019514
data/processed/train/real/diverse_real/30103.png,0,diverse_real,id,0.734436
data/processed/train/fake_diffusion/cifake/train_2892 (6).png,1,cifake,id,0.824483
data/processed/train/real/cifake/train_0369.png,0,cifake,id,0.909902
data/processed/train/fake_diffusion/cifake/test_120 (7).png,1,cifake,id,0.739999
data/processed/train/fake_diffusion/cifake/train_1805 (5).png,1,cifake,id,0.935473
data/processed/train/real/diverse_real/36599.png,0,diverse_real,id,0.176034
data/processed/train/fake_gan/stylegan/6RIVOVWCEI.png,1,stylegan,id,0.981591
data/processed/train/fake_diffusion/cifake/train_1148 (8).png,1,cifake,id,0.858409
data/processed/train/real/cifake/train_0066 (6).png,0,cifake,id,0.919911
data/processed/train/fake_gan/stylegan/AI5RKSLQ4F.png,1,stylegan,id,0.906157
data/processed/train/fake_diffusion/cifake/train_2584 (7).png,1,cifake,id,0.917339
data/processed/train/real/ffhq/51086.png,0,ffhq,id,0.083363
data/processed/train/real/real_camera_train/000000197388.png,0,real_camera_train,id,0.958517
data/processed/train/fake_diffusion/cifake/test_272 (5).png,1,cifake,id,0.926471
data/processed/train/real/ffhq/37909.png,0,ffhq,id,0.139518
data/processed/train/fake_gan/stylegan/18RH9NN35R.png,1,stylegan,id,0.205315
data/processed/train/fake_gan/stylegan/G5668Y0IIE.png,1,stylegan,id,0.922776
data/processed/train/real/ffhq/39249.png,0,ffhq,id,0.643821
data/processed/train/fake_diffusion/cifake/train_4878 (9).png,1,cifake,id,0.914800
data/processed/train/real/cifake/train_0917 (3).png,0,cifake,id,0.824878
data/processed/train/real/cifake/train_3387 (4).png,0,cifake,id,0.924987
data/processed/train/fake_diffusion/sd15/sd15_01673.png,1,sd15,id,0.871379
data/processed/train/real/diverse_real/41746.png,0,diverse_real,id,0.104016
data/processed/train/fake_diffusion/sd15/sd15_02241.png,1,sd15,id,0.449101
data/processed/train/fake_diffusion/tristanzhang_train/5886.png,1,tristanzhang_train,id,0.374173
data/processed/train/real/ffhq/28922.png,0,ffhq,id,0.338327
data/processed/train/real/diverse_real/32202.png,0,diverse_real,id,0.161076
data/processed/train/fake_diffusion/cifake/train_2593 (6).png,1,cifake,id,0.892265
data/processed/train/real/ffhq/29807.png,0,ffhq,id,0.267894
data/processed/train/real/ffhq/07959.png,0,ffhq,id,0.136700
data/processed/train/real/cifake/test_0820 (5).png,0,cifake,id,0.950981
data/processed/train/fake_gan/stylegan/JB3IKG57CC.png,1,stylegan,id,0.134367
data/processed/train/fake_gan/stylegan/02P5FJ8I1D.png,1,stylegan,id,0.997703
data/processed/train/fake_diffusion/cifake/train_4364 (8).png,1,cifake,id,0.896202
data/processed/train/real/cifake/train_3269 (2).png,0,cifake,id,0.757577
data/processed/train/fake_diffusion/sd15/sd15_01832.png,1,sd15,id,0.807392
data/processed/train/fake_diffusion/cifake/test_117 (3).png,1,cifake,id,0.873337
data/processed/train/fake_diffusion/cifake/train_3255 (5).png,1,cifake,id,0.968301
data/processed/train/real/ffhq/34639.png,0,ffhq,id,0.318007
data/processed/train/fake_gan/stylegan/XC7B3VIZ6D.png,1,stylegan,id,0.021364
data/processed/train/real/diverse_real/45568.png,0,diverse_real,id,0.434529
data/processed/train/real/cifake/train_3932 (4).png,0,cifake,id,0.722051
data/processed/train/real/cifake/train_0977 (5).png,0,cifake,id,0.796267
data/processed/train/real/cifake/test_0757 (8).png,0,cifake,id,0.930045
data/processed/train/fake_diffusion/sd15/sd15_01861.png,1,sd15,id,0.538795
data/processed/train/fake_diffusion/cifake/train_2981 (4).png,1,cifake,id,0.861398
data/processed/train/fake_diffusion/sd15/sd15_01071.png,1,sd15,id,0.868617
data/processed/train/real/cifake/train_0061 (10).png,0,cifake,id,0.866933
data/processed/train/fake_gan/stylegan/JDO7MBZCCE.png,1,stylegan,id,0.182739
data/processed/train/real/ffhq/14116.png,0,ffhq,id,0.058220
data/processed/train/real/cifake/train_3963 (9).png,0,cifake,id,0.993322
data/processed/train/real/cifake/train_0931 (8).png,0,cifake,id,0.942108
data/processed/train/real/diverse_real/39990.png,0,diverse_real,id,0.002033
data/processed/train/real/cifake/train_4021 (6).png,0,cifake,id,0.773487
data/processed/train/real/diverse_real/25924.png,0,diverse_real,id,0.721207
data/processed/train/fake_gan/stylegan/X7O8KEKW1B.png,1,stylegan,id,0.215371
data/processed/train/fake_diffusion/cifake/train_3313 (4).png,1,cifake,id,0.934397
data/processed/train/real/cifake/train_4655 (7).png,0,cifake,id,0.988216
data/processed/train/fake_diffusion/cifake/test_648 (7).png,1,cifake,id,0.991267
data/processed/train/real/cifake/train_3450 (7).png,0,cifake,id,0.596882
data/processed/train/fake_gan/stylegan/4KGANT51R3.png,1,stylegan,id,0.007120
data/processed/train/fake_diffusion/cifake/train_5342 (5).png,1,cifake,id,0.993114
data/processed/train/fake_gan/stylegan/8IW0Z49X1B.png,1,stylegan,id,0.297599
data/processed/train/fake_diffusion/cifake/train_1624 (5).png,1,cifake,id,0.869744
data/processed/train/real/cifake/train_0336 (6).png,0,cifake,id,0.799068
data/processed/train/fake_diffusion/sd15/sd15_01347.png,1,sd15,id,0.392567
data/processed/train/real/cifake/train_2033 (5).png,0,cifake,id,0.939843
data/processed/train/fake_diffusion/sd15/sd15_00942.png,1,sd15,id,0.683960
data/processed/train/real/cifake/train_0958 (5).png,0,cifake,id,0.956401
data/processed/train/fake_diffusion/cifake/train_5943 (9).png,1,cifake,id,0.572783
data/processed/train/real/diverse_real/42408.png,0,diverse_real,id,0.771137
data/processed/train/real/cifake/train_4372 (2).png,0,cifake,id,0.861861
data/processed/train/fake_diffusion/cifake/train_4187 (5).png,1,cifake,id,0.973261
data/processed/train/fake_gan/stylegan/7YKVXNAIQX.png,1,stylegan,id,0.697195
data/processed/train/fake_diffusion/cifake/train_1746 (7).png,1,cifake,id,0.581854
data/processed/train/fake_diffusion/cifake/train_4713.png,1,cifake,id,0.784639
data/processed/train/real/ffhq/51398.png,0,ffhq,id,0.595956
data/processed/train/real/cifake/train_0236 (2).png,0,cifake,id,0.677550
data/processed/train/fake_diffusion/sd15/sd15_01096.png,1,sd15,id,0.400200
data/processed/train/real/cifake/train_3260 (6).png,0,cifake,id,0.913662
data/processed/train/real/ffhq/05979.png,0,ffhq,id,0.326439
data/processed/train/fake_diffusion/sd15/sd15_00681.png,1,sd15,id,0.767463
data/processed/train/fake_gan/stylegan/H4Z8566H2M.png,1,stylegan,id,0.019508
data/processed/train/real/cifake/train_0786 (4).png,0,cifake,id,0.966869
data/processed/train/fake_diffusion/cifake/train_1604 (6).png,1,cifake,id,0.731858
data/processed/train/fake_gan/stylegan/TAARFSRBGQ.png,1,stylegan,id,0.022954
data/processed/train/real/ffhq/28093.png,0,ffhq,id,0.021630
data/processed/train/fake_diffusion/sd15/sd15_02450.png,1,sd15,id,0.944369
data/processed/train/real/cifake/train_0628 (9).png,0,cifake,id,0.765797
data/processed/train/real/cifake/test_0336 (3).png,0,cifake,id,0.633678
data/processed/train/real/diverse_real/48452.png,0,diverse_real,id,0.228341
data/processed/train/real/cifake/train_3174 (2).png,0,cifake,id,0.887681
data/processed/train/fake_diffusion/cifake/train_4223.png,1,cifake,id,0.885936
data/processed/train/real/diverse_real/31114.png,0,diverse_real,id,0.071024
data/processed/train/fake_diffusion/cifake/train_2973 (2).png,1,cifake,id,0.875771
data/processed/train/real/ffhq/44160.png,0,ffhq,id,0.913684
data/processed/train/real/real_camera_train/000000529528.png,0,real_camera_train,id,0.024645
data/processed/train/real/real_pexels_train/4190.png,0,real_pexels_train,id,0.079686
data/processed/train/real/ffhq/28544.png,0,ffhq,id,0.204500
data/processed/train/real/cifake/train_2034 (4).png,0,cifake,id,0.646773
data/processed/train/fake_diffusion/cifake/train_5952.png,1,cifake,id,0.870752
data/processed/train/real/cifake/train_4783 (9).png,0,cifake,id,0.906300
data/processed/train/fake_diffusion/cifake/train_1840 (2).png,1,cifake,id,0.736025
data/processed/train/fake_gan/stylegan/FBTZMVM7Q5.png,1,stylegan,id,0.073513
data/processed/train/fake_diffusion/cifake/train_4294 (10).png,1,cifake,id,0.718794
data/processed/train/real/diverse_real/59344.png,0,diverse_real,id,0.139867
data/processed/train/real/cifake/train_3521 (8).png,0,cifake,id,0.812045
data/processed/train/fake_diffusion/cifake/train_3516 (9).png,1,cifake,id,0.868922
data/processed/train/fake_gan/stylegan/D9TA7RWN5C.png,1,stylegan,id,0.002722
data/processed/train/fake_diffusion/cifake/train_4050.png,1,cifake,id,0.861556
data/processed/train/fake_diffusion/cifake/train_1436.png,1,cifake,id,0.657898
data/processed/train/real/real_pexels_train/2756.png,0,real_pexels_train,id,0.492905
data/processed/train/real/cifake/train_3403 (5).png,0,cifake,id,0.875557
data/processed/train/real/ffhq/49995.png,0,ffhq,id,0.979161
data/processed/train/real/cifake/train_3552.png,0,cifake,id,0.811637
data/processed/train/fake_gan/stylegan/87NA5EILJG.png,1,stylegan,id,0.006806
data/processed/train/real/ffhq/25651.png,0,ffhq,id,0.937156
data/processed/train/fake_diffusion/sd15/sd15_00963.png,1,sd15,id,0.738918
data/processed/train/fake_gan/stylegan/ZAM6G167PS.png,1,stylegan,id,0.006868
data/processed/train/real/real_pexels_train/3846.png,0,real_pexels_train,id,0.425439
data/processed/train/real/ffhq/27928.png,0,ffhq,id,0.067802
data/processed/train/real/ffhq/45178.png,0,ffhq,id,0.975172
data/processed/train/fake_gan/stylegan/NM2VWXXPT3.png,1,stylegan,id,0.684337
data/processed/train/fake_diffusion/cifake/train_5703 (6).png,1,cifake,id,0.865069
data/processed/train/real/diverse_real/51562.png,0,diverse_real,id,0.824506
data/processed/train/real/cifake/train_0188 (10).png,0,cifake,id,0.669658
data/processed/train/fake_gan/stylegan/37PPWWU7MR.png,1,stylegan,id,0.014369
data/processed/train/fake_diffusion/sd15/sd15_02107.png,1,sd15,id,0.664035
data/processed/train/fake_diffusion/sd15/sd15_00061.png,1,sd15,id,0.723504
data/processed/train/fake_gan/stylegan/SQEY24F5J2.png,1,stylegan,id,0.707482
data/processed/train/real/cifake/test_0978 (3).png,0,cifake,id,0.672910
data/processed/train/real/diverse_real/69335.png,0,diverse_real,id,0.650696
data/processed/train/fake_diffusion/cifake/train_5405 (7).png,1,cifake,id,0.966190
data/processed/train/fake_diffusion/sd15/sd15_00270.png,1,sd15,id,0.701127
data/processed/train/real/cifake/train_3117 (10).png,0,cifake,id,0.777306
data/processed/train/real/diverse_real/51912.png,0,diverse_real,id,0.366287
data/processed/train/real/ffhq/19076.png,0,ffhq,id,0.777437
data/processed/train/real/diverse_real/02414.png,0,diverse_real,id,0.400735
data/processed/train/real/diverse_real/05353.png,0,diverse_real,id,0.061146
data/processed/train/fake_gan/stylegan/7KHI97N9AJ.png,1,stylegan,id,0.020180
data/processed/train/real/ffhq/33290.png,0,ffhq,id,0.616468
data/processed/train/fake_diffusion/cifake/train_1481 (9).png,1,cifake,id,0.882774
data/processed/train/fake_diffusion/sd15/sd15_00623.png,1,sd15,id,0.246369
data/processed/train/real/cifake/test_0185 (6).png,0,cifake,id,0.870299
data/processed/train/fake_gan/stylegan/CXD6EH5Z2P.png,1,stylegan,id,0.985738
data/processed/train/real/cifake/train_1695 (2).png,0,cifake,id,0.538496
data/processed/train/real/ffhq/43919.png,0,ffhq,id,0.149379
data/processed/train/fake_diffusion/cifake/train_2824 (9).png,1,cifake,id,0.853408
data/processed/train/fake_diffusion/cifake/train_2545 (4).png,1,cifake,id,0.537458
data/processed/train/real/cifake/test_0529 (10).png,0,cifake,id,0.810874
data/processed/train/real/cifake/train_1521 (7).png,0,cifake,id,0.842102
data/processed/train/real/ffhq/19679.png,0,ffhq,id,0.537824
data/processed/train/fake_gan/stylegan/Q0QPQOCLF0.png,1,stylegan,id,0.078002
data/processed/train/fake_gan/stylegan/E66E8EWB0S.png,1,stylegan,id,0.141625
data/processed/train/fake_diffusion/sd15/sd15_02135.png,1,sd15,id,0.924473
data/processed/train/real/cifake/train_4139 (5).png,0,cifake,id,0.734534
data/processed/train/fake_diffusion/cifake/train_2870 (10).png,1,cifake,id,0.980615
data/processed/train/real/diverse_real/66076.png,0,diverse_real,id,0.167792
data/processed/train/fake_gan/stylegan/2ZNWZ9N5Y8.png,1,stylegan,id,0.634086
data/processed/train/fake_diffusion/cifake/train_1754 (2).png,1,cifake,id,0.911374
data/processed/train/fake_diffusion/cifake/train_1235 (10).png,1,cifake,id,0.633559
data/processed/train/fake_diffusion/cifake/train_5973 (8).png,1,cifake,id,0.914562
data/processed/train/fake_gan/stylegan/4MS2QW3I9L.png,1,stylegan,id,0.757192
data/processed/train/real/cifake/test_0539 (8).png,0,cifake,id,0.949336
data/processed/train/fake_diffusion/cifake/test_134 (5).png,1,cifake,id,0.977800
data/processed/train/fake_gan/stylegan/TOIGDDQ36Y.png,1,stylegan,id,0.055293
data/processed/train/fake_diffusion/sd15/sd15_00428.png,1,sd15,id,0.223399
data/processed/train/fake_diffusion/cifake/test_394.png,1,cifake,id,0.718632
data/processed/train/fake_diffusion/cifake/train_2200.png,1,cifake,id,0.721009
data/processed/train/real/ffhq/21087.png,0,ffhq,id,0.131899
data/processed/train/fake_diffusion/cifake/train_2251 (8).png,1,cifake,id,0.825589
data/processed/train/fake_diffusion/cifake/train_3115 (7).png,1,cifake,id,0.655748
data/processed/train/fake_gan/stylegan/1EHPV4D6TS.png,1,stylegan,id,0.558607
data/processed/train/real/cifake/train_0645 (2).png,0,cifake,id,0.904620
data/processed/train/real/ffhq/31462.png,0,ffhq,id,0.018772
data/processed/train/fake_diffusion/cifake/train_2953 (2).png,1,cifake,id,0.850014
data/processed/train/fake_gan/stylegan/056F3HHA5C.png,1,stylegan,id,0.997171
data/processed/train/fake_diffusion/cifake/test_375 (4).png,1,cifake,id,0.843272
data/processed/train/fake_gan/stylegan/SHEWXWZDGB.png,1,stylegan,id,0.984148
data/processed/ood_test/flux/hf_001.png,1,flux,ood,0.884851
data/processed/ood_test/flux/hf_002.png,1,flux,ood,0.439359
data/processed/ood_test/flux/hf_003.png,1,flux,ood,0.782499
data/processed/ood_test/flux/hf_004.png,1,flux,ood,0.094820
data/processed/ood_test/flux/hf_005.png,1,flux,ood,0.998321
data/processed/ood_test/flux/hf_006.png,1,flux,ood,0.032055
data/processed/ood_test/flux/hf_007.png,1,flux,ood,0.264567
data/processed/ood_test/flux/hf_008.png,1,flux,ood,0.032131
data/processed/ood_test/flux/hf_009.png,1,flux,ood,0.385549
data/processed/ood_test/flux/hf_010.png,1,flux,ood,0.068231
data/processed/ood_test/flux/hf_011.png,1,flux,ood,0.993309
data/processed/ood_test/flux/hf_012.png,1,flux,ood,0.046464
data/processed/ood_test/flux/hf_013.png,1,flux,ood,0.968658
data/processed/ood_test/flux/hf_014.png,1,flux,ood,0.450932
data/processed/ood_test/flux/hf_015.png,1,flux,ood,0.685895
data/processed/ood_test/flux/hf_016.png,1,flux,ood,0.150337
data/processed/ood_test/flux/hf_017.png,1,flux,ood,0.258079
data/processed/ood_test/flux/hf_018.png,1,flux,ood,0.606643
data/processed/ood_test/flux/hf_019.png,1,flux,ood,0.596940
data/processed/ood_test/flux/hf_020.png,1,flux,ood,0.523149
data/processed/ood_test/flux/hf_021.png,1,flux,ood,0.870462
data/processed/ood_test/flux/hf_022.png,1,flux,ood,0.670257
data/processed/ood_test/flux/hf_023.png,1,flux,ood,0.626647
data/processed/ood_test/flux/hf_024.png,1,flux,ood,0.658451
data/processed/ood_test/flux/hf_025.png,1,flux,ood,0.595431
data/processed/ood_test/flux/hf_026.png,1,flux,ood,0.975805
data/processed/ood_test/flux/hf_027.png,1,flux,ood,0.274080
data/processed/ood_test/flux/hf_028.png,1,flux,ood,0.201037
data/processed/ood_test/flux/hf_029.png,1,flux,ood,0.886596
data/processed/ood_test/flux/hf_030.png,1,flux,ood,0.932679
data/processed/ood_test/flux/hf_031.png,1,flux,ood,0.842149
data/processed/ood_test/flux/hf_032.png,1,flux,ood,0.678007
data/processed/ood_test/flux/hf_033.png,1,flux,ood,0.593594
data/processed/ood_test/flux/hf_034.png,1,flux,ood,0.404550
data/processed/ood_test/flux/hf_035.png,1,flux,ood,0.434203
data/processed/ood_test/flux/hf_036.png,1,flux,ood,0.748031
data/processed/ood_test/flux/hf_037.png,1,flux,ood,0.541740
data/processed/ood_test/flux/hf_038.png,1,flux,ood,0.803532
data/processed/ood_test/flux/hf_039.png,1,flux,ood,0.591831
data/processed/ood_test/flux/hf_040.png,1,flux,ood,0.888670
data/processed/ood_test/flux/hf_041.png,1,flux,ood,0.886164
data/processed/ood_test/flux/hf_042.png,1,flux,ood,0.713602
data/processed/ood_test/flux/hf_043.png,1,flux,ood,0.588602
data/processed/ood_test/flux/hf_044.png,1,flux,ood,0.052052
data/processed/ood_test/flux/hf_045.png,1,flux,ood,0.219666
data/processed/ood_test/flux/hf_046.png,1,flux,ood,0.253680
data/processed/ood_test/flux/hf_047.png,1,flux,ood,0.295853
data/processed/ood_test/flux/hf_048.png,1,flux,ood,0.548615
data/processed/ood_test/flux/hf_049.png,1,flux,ood,0.332705
data/processed/ood_test/flux/hf_050.png,1,flux,ood,0.192633
data/processed/ood_test/flux/hf_051.png,1,flux,ood,0.291887
data/processed/ood_test/flux/hf_052.png,1,flux,ood,0.245640
data/processed/ood_test/flux/hf_053.png,1,flux,ood,0.609218
data/processed/ood_test/flux/hf_054.png,1,flux,ood,0.104579
data/processed/ood_test/flux/hf_055.png,1,flux,ood,0.590105
data/processed/ood_test/flux/hf_056.png,1,flux,ood,0.364182
data/processed/ood_test/flux/hf_057.png,1,flux,ood,0.114784
data/processed/ood_test/flux/hf_058.png,1,flux,ood,0.763038
data/processed/ood_test/flux/hf_059.png,1,flux,ood,0.441134
data/processed/ood_test/flux/hf_060.png,1,flux,ood,0.728280
data/processed/ood_test/flux/hf_061.png,1,flux,ood,0.758597
data/processed/ood_test/flux/hf_062.png,1,flux,ood,0.833661
data/processed/ood_test/flux/hf_063.png,1,flux,ood,0.907762
data/processed/ood_test/flux/hf_064.png,1,flux,ood,0.583052
data/processed/ood_test/flux/hf_065.png,1,flux,ood,0.571916
data/processed/ood_test/flux/hf_066.png,1,flux,ood,0.909212
data/processed/ood_test/flux/hf_067.png,1,flux,ood,0.299299
data/processed/ood_test/flux/hf_068.png,1,flux,ood,0.865603
data/processed/ood_test/flux/hf_069.png,1,flux,ood,0.454722
data/processed/ood_test/flux/hf_070.png,1,flux,ood,0.836917
data/processed/ood_test/flux/hf_071.png,1,flux,ood,0.589479
data/processed/ood_test/flux/hf_072.png,1,flux,ood,0.488222
data/processed/ood_test/flux/hf_073.png,1,flux,ood,0.308674
data/processed/ood_test/flux/hf_074.png,1,flux,ood,0.459800
data/processed/ood_test/flux/hf_075.png,1,flux,ood,0.684446
data/processed/ood_test/flux/hf_076.png,1,flux,ood,0.749831
data/processed/ood_test/flux/hf_077.png,1,flux,ood,0.648887
data/processed/ood_test/flux/hf_078.png,1,flux,ood,0.356006
data/processed/ood_test/flux/hf_079.png,1,flux,ood,0.624854
data/processed/ood_test/flux/hf_080.png,1,flux,ood,0.421515
data/processed/ood_test/real_camera/real_06KN8fESDoU.png,0,real_camera,ood,0.069175
data/processed/ood_test/real_camera/real_1Ill_QTnFSI.png,0,real_camera,ood,0.484258
data/processed/ood_test/real_camera/real_2EdIX-O2lkI.png,0,real_camera,ood,0.382290
data/processed/ood_test/real_camera/real_2hy47Cfh_VE.png,0,real_camera,ood,0.760511
data/processed/ood_test/real_camera/real_3ndDk-c4UDM.png,0,real_camera,ood,0.196923
data/processed/ood_test/real_camera/real_4nf-u-TgF2E.png,0,real_camera,ood,0.694146
data/processed/ood_test/real_camera/real_4U1x6459Q-s.png,0,real_camera,ood,0.638617
data/processed/ood_test/real_camera/real_53ouhY5koKY.png,0,real_camera,ood,0.794580
data/processed/ood_test/real_camera/real_6f1FHlC080A.png,0,real_camera,ood,0.317265
data/processed/ood_test/real_camera/real_8-YqW-uRr38.png,0,real_camera,ood,0.766634
data/processed/ood_test/real_camera/real_84E44EdD18o.png,0,real_camera,ood,0.079307
data/processed/ood_test/real_camera/real__94FKRsG0rM.png,0,real_camera,ood,0.769297
data/processed/ood_test/real_camera/real__cvwXhGqG-o.png,0,real_camera,ood,0.982600
data/processed/ood_test/real_camera/real_a19OVaa2rzA.png,0,real_camera,ood,0.216447
data/processed/ood_test/real_camera/real_aAcymDNp7xw.png,0,real_camera,ood,0.368946
data/processed/ood_test/real_camera/real_B6G9C0kxVVc.png,0,real_camera,ood,0.639696
data/processed/ood_test/real_camera/real_CM5_ZnVQJwc.png,0,real_camera,ood,0.359473
data/processed/ood_test/real_camera/real_D41bRxx-a48.png,0,real_camera,ood,0.338597
data/processed/ood_test/real_camera/real_dNNfMegXUi4.png,0,real_camera,ood,0.745736
data/processed/ood_test/real_camera/real_dUiMZkAZb1A.png,0,real_camera,ood,0.514101
data/processed/ood_test/real_camera/real_EAfy_jDka7M.png,0,real_camera,ood,0.421052
data/processed/ood_test/real_camera/real_EjgZudeZPPo.png,0,real_camera,ood,0.813498
data/processed/ood_test/real_camera/real_ES6IC1xml18.png,0,real_camera,ood,0.523774
data/processed/ood_test/real_camera/real_FK6uapJbRvk.png,0,real_camera,ood,0.770205
data/processed/ood_test/real_camera/real_fm1QroQTIRg.png,0,real_camera,ood,0.931089
data/processed/ood_test/real_camera/real_FW2JEnjZhmA.png,0,real_camera,ood,0.100306
data/processed/ood_test/real_camera/real_FzavNq-l3t0.png,0,real_camera,ood,0.370027
data/processed/ood_test/real_camera/real_gIJC6pgbMdU.png,0,real_camera,ood,0.772199
data/processed/ood_test/real_camera/real_hCDE-3c9YhU.png,0,real_camera,ood,0.325770
data/processed/ood_test/real_camera/real_HO_-Mr5fN1k.png,0,real_camera,ood,0.130074
data/processed/ood_test/real_camera/real_ibDe3Sqz4XE.png,0,real_camera,ood,0.413749
data/processed/ood_test/real_camera/real_Ica9GWo7ZiE.png,0,real_camera,ood,0.343421
data/processed/ood_test/real_camera/real_ip25moYmzaw.png,0,real_camera,ood,0.474579
data/processed/ood_test/real_camera/real_ITL_CZnpd3Y.png,0,real_camera,ood,0.255570
data/processed/ood_test/real_camera/real_iWlTvYween4.png,0,real_camera,ood,0.719996
data/processed/ood_test/real_camera/real_J2UHUZR5W6k.png,0,real_camera,ood,0.038276
data/processed/ood_test/real_camera/real_j3iSTTDeTs8.png,0,real_camera,ood,0.382925
data/processed/ood_test/real_camera/real_J3sCyAt9dM0.png,0,real_camera,ood,0.075215
data/processed/ood_test/real_camera/real_J6Z-pSekdeQ.png,0,real_camera,ood,0.292825
data/processed/ood_test/real_camera/real_JTj_ein28zo.png,0,real_camera,ood,0.214579
data/processed/ood_test/real_camera/real_KchIV_GDy6U.png,0,real_camera,ood,0.625955
data/processed/ood_test/real_camera/real_KeA97y4jsSM.png,0,real_camera,ood,0.676447
data/processed/ood_test/real_camera/real_Kj9XCWh_U3w.png,0,real_camera,ood,0.129685
data/processed/ood_test/real_camera/real_KYuzBDfPW5w.png,0,real_camera,ood,0.580379
data/processed/ood_test/real_camera/real_L2dTmhQzx4Q.png,0,real_camera,ood,0.753806
data/processed/ood_test/real_camera/real_LbwiDLhfvzA.png,0,real_camera,ood,0.691059
data/processed/ood_test/real_camera/real_McqintQBgI8.png,0,real_camera,ood,0.611858
data/processed/ood_test/real_camera/real_mg8vQF1BgxQ.png,0,real_camera,ood,0.966169
data/processed/ood_test/real_camera/real_mIs_QHS1ht8.png,0,real_camera,ood,0.593423
data/processed/ood_test/real_camera/real_moe3IUPkEvo.png,0,real_camera,ood,0.856454
data/processed/ood_test/real_camera/real_MSepzbKFz10.png,0,real_camera,ood,0.637999
data/processed/ood_test/real_camera/real_mSPaYYEUHSs.png,0,real_camera,ood,0.605810
data/processed/ood_test/real_camera/real_MTZTGvDsHFY.png,0,real_camera,ood,0.132138
data/processed/ood_test/real_camera/real_n3S3byJlHBk.png,0,real_camera,ood,0.079421
data/processed/ood_test/real_camera/real_n4KewLKFOZw.png,0,real_camera,ood,0.578652
data/processed/ood_test/real_camera/real_nDSCY67CzXs.png,0,real_camera,ood,0.971700
data/processed/ood_test/real_camera/real_ngRqU137qME.png,0,real_camera,ood,0.608669
data/processed/ood_test/real_camera/real_NlHGKAZ3jCI.png,0,real_camera,ood,0.057463
data/processed/ood_test/real_camera/real_nwtq6PMFErk.png,0,real_camera,ood,0.157715
data/processed/ood_test/real_camera/real_Okx9dkBVT6M.png,0,real_camera,ood,0.537377
data/processed/ood_test/real_camera/real_OpPkZ1Ak6qg.png,0,real_camera,ood,0.480662
data/processed/ood_test/real_camera/real_plh71gBVxWM.png,0,real_camera,ood,0.694909
data/processed/ood_test/real_camera/real_PMVBRYY9F3s.png,0,real_camera,ood,0.389713
data/processed/ood_test/real_camera/real_puBN4mn2ijY.png,0,real_camera,ood,0.575111
data/processed/ood_test/real_camera/real_qf9eKpCmv2M.png,0,real_camera,ood,0.567294
data/processed/ood_test/real_camera/real_rjm8go9rL8Y.png,0,real_camera,ood,0.523953
data/processed/ood_test/real_camera/real_RnvVw1d40bU.png,0,real_camera,ood,0.800908
data/processed/ood_test/real_camera/real_ruw8aWWwR1Q.png,0,real_camera,ood,0.469518
data/processed/ood_test/real_camera/real_SmoeWAOR6Ro.png,0,real_camera,ood,0.066363
data/processed/ood_test/real_camera/real_sOtIdlgcPv0.png,0,real_camera,ood,0.419274
data/processed/ood_test/real_camera/real_Sv9xCQ7RBCs.png,0,real_camera,ood,0.364687
data/processed/ood_test/real_camera/real_sVPXYIwwqaU.png,0,real_camera,ood,0.531281
data/processed/ood_test/real_camera/real_T9ZkE_ptNEA.png,0,real_camera,ood,0.293200
data/processed/ood_test/real_camera/real_tidSLv-UaNs.png,0,real_camera,ood,0.063490
data/processed/ood_test/real_camera/real_tNCH0sKSZbA.png,0,real_camera,ood,0.396933
data/processed/ood_test/real_camera/real_u77-XpQS1Z4.png,0,real_camera,ood,0.145258
data/processed/ood_test/real_camera/real_UdYOf5hf4JY.png,0,real_camera,ood,0.274756
data/processed/ood_test/real_camera/real_uJ8LNVCBjFQ.png,0,real_camera,ood,0.168261
data/processed/ood_test/real_camera/real_Uq-DpkNms_4.png,0,real_camera,ood,0.442290
data/processed/ood_test/real_camera/real_vCCZuzUEuwo.png,0,real_camera,ood,0.373674
data/processed/ood_test/real_camera/real_vCe2cRaO5rM.png,0,real_camera,ood,0.715505
data/processed/ood_test/real_camera/real_VDvNL1CsUsM.png,0,real_camera,ood,0.255806
data/processed/ood_test/real_camera/real_VlPuwEmMeA4.png,0,real_camera,ood,0.963414
data/processed/ood_test/real_camera/real_W0i1N6FdCWA.png,0,real_camera,ood,0.033264
data/processed/ood_test/real_camera/real_W1hRQolbvCY.png,0,real_camera,ood,0.423114
data/processed/ood_test/real_camera/real_W9XjftK7s2E.png,0,real_camera,ood,0.506469
data/processed/ood_test/real_camera/real_W_inwSSIqp8.png,0,real_camera,ood,0.366779
data/processed/ood_test/real_camera/real_Whueb0Gnwh4.png,0,real_camera,ood,0.331189
data/processed/ood_test/real_camera/real_XAo09LtQiAQ.png,0,real_camera,ood,0.626686
data/processed/ood_test/real_camera/real_XbxQbS1NMKE.png,0,real_camera,ood,0.828327
data/processed/ood_test/real_camera/real_XHVpWcr5grQ.png,0,real_camera,ood,0.209295
data/processed/ood_test/real_camera/real_xJj7l3tRhw8.png,0,real_camera,ood,0.821348
data/processed/ood_test/real_camera/real_Xzhba5D2ZzA.png,0,real_camera,ood,0.199038
data/processed/ood_test/real_camera/real_y2QFHMiSXvw.png,0,real_camera,ood,0.257919
data/processed/ood_test/real_camera/real_y9se00qtzd4.png,0,real_camera,ood,0.679812
data/processed/ood_test/real_camera/real_yqJ0f1CCXso.png,0,real_camera,ood,0.464908
data/processed/ood_test/real_camera/real_yZ2El6BXD_s.png,0,real_camera,ood,0.841285
data/processed/ood_test/real_camera/real_ZHvM3XIOHoE.png,0,real_camera,ood,0.246279
data/processed/ood_test/real_camera/real_ZnlTGiRkGT8.png,0,real_camera,ood,0.351941
data/processed/ood_test/real_camera/real_zrZUCPgKMHc.png,0,real_camera,ood,0.433419
data/processed/ood_test/real_pexels/0004.png,0,real_pexels,ood,0.975491
data/processed/ood_test/real_pexels/0014.png,0,real_pexels,ood,0.548553
data/processed/ood_test/real_pexels/0046.png,0,real_pexels,ood,0.425743
data/processed/ood_test/real_pexels/0084.png,0,real_pexels,ood,0.664523
data/processed/ood_test/real_pexels/0142.png,0,real_pexels,ood,0.904516
data/processed/ood_test/real_pexels/0167.png,0,real_pexels,ood,0.730585
data/processed/ood_test/real_pexels/0201.png,0,real_pexels,ood,0.421708
data/processed/ood_test/real_pexels/0221.png,0,real_pexels,ood,0.403148
data/processed/ood_test/real_pexels/0223.png,0,real_pexels,ood,0.783935
data/processed/ood_test/real_pexels/0330.png,0,real_pexels,ood,0.360949
data/processed/ood_test/real_pexels/0337.png,0,real_pexels,ood,0.402717
data/processed/ood_test/real_pexels/0364.png,0,real_pexels,ood,0.474922
data/processed/ood_test/real_pexels/0421.png,0,real_pexels,ood,0.570212
data/processed/ood_test/real_pexels/0489.png,0,real_pexels,ood,0.153450
data/processed/ood_test/real_pexels/0494.png,0,real_pexels,ood,0.154399
data/processed/ood_test/real_pexels/0527.png,0,real_pexels,ood,0.444511
data/processed/ood_test/real_pexels/0536.png,0,real_pexels,ood,0.533590
data/processed/ood_test/real_pexels/0584.png,0,real_pexels,ood,0.241591
data/processed/ood_test/real_pexels/0615.png,0,real_pexels,ood,0.547937
data/processed/ood_test/real_pexels/0635.png,0,real_pexels,ood,0.700966
data/processed/ood_test/real_pexels/0661.png,0,real_pexels,ood,0.566910
data/processed/ood_test/real_pexels/0671.png,0,real_pexels,ood,0.835737
data/processed/ood_test/real_pexels/0695.png,0,real_pexels,ood,0.629979
data/processed/ood_test/real_pexels/0698.png,0,real_pexels,ood,0.783594
data/processed/ood_test/real_pexels/0710.png,0,real_pexels,ood,0.659555
data/processed/ood_test/real_pexels/0766.png,0,real_pexels,ood,0.766899
data/processed/ood_test/real_pexels/0813.png,0,real_pexels,ood,0.637536
data/processed/ood_test/real_pexels/0824.png,0,real_pexels,ood,0.568243
data/processed/ood_test/real_pexels/0886.png,0,real_pexels,ood,0.094350
data/processed/ood_test/real_pexels/0971.png,0,real_pexels,ood,0.096272
data/processed/ood_test/real_pexels/0980.png,0,real_pexels,ood,0.422739
data/processed/ood_test/real_pexels/0992.png,0,real_pexels,ood,0.423588
data/processed/ood_test/real_pexels/1037.png,0,real_pexels,ood,0.568368
data/processed/ood_test/real_pexels/1043.png,0,real_pexels,ood,0.488197
data/processed/ood_test/real_pexels/1046.png,0,real_pexels,ood,0.728403
data/processed/ood_test/real_pexels/1093.png,0,real_pexels,ood,0.697123
data/processed/ood_test/real_pexels/1112.png,0,real_pexels,ood,0.891930
data/processed/ood_test/real_pexels/1134.png,0,real_pexels,ood,0.199356
data/processed/ood_test/real_pexels/1221.png,0,real_pexels,ood,0.520453
data/processed/ood_test/real_pexels/1249.png,0,real_pexels,ood,0.645728
data/processed/ood_test/real_pexels/1353.png,0,real_pexels,ood,0.474549
data/processed/ood_test/real_pexels/1391.png,0,real_pexels,ood,0.386261
data/processed/ood_test/real_pexels/1489.png,0,real_pexels,ood,0.466576
data/processed/ood_test/real_pexels/1490.png,0,real_pexels,ood,0.275653
data/processed/ood_test/real_pexels/1517.png,0,real_pexels,ood,0.642296
data/processed/ood_test/real_pexels/1558.png,0,real_pexels,ood,0.312148
data/processed/ood_test/real_pexels/1566.png,0,real_pexels,ood,0.599598
data/processed/ood_test/real_pexels/1572.png,0,real_pexels,ood,0.609917
data/processed/ood_test/real_pexels/1591.png,0,real_pexels,ood,0.988083
data/processed/ood_test/real_pexels/1593.png,0,real_pexels,ood,0.697516
data/processed/ood_test/real_pexels/1621.png,0,real_pexels,ood,0.761052
data/processed/ood_test/real_pexels/1634.png,0,real_pexels,ood,0.910380
data/processed/ood_test/real_pexels/1722.png,0,real_pexels,ood,0.151589
data/processed/ood_test/real_pexels/1729.png,0,real_pexels,ood,0.468607
data/processed/ood_test/real_pexels/1738.png,0,real_pexels,ood,0.290231
data/processed/ood_test/real_pexels/1798.png,0,real_pexels,ood,0.870921
data/processed/ood_test/real_pexels/1807.png,0,real_pexels,ood,0.157097
data/processed/ood_test/real_pexels/1816.png,0,real_pexels,ood,0.326658
data/processed/ood_test/real_pexels/1837.png,0,real_pexels,ood,0.395982
data/processed/ood_test/real_pexels/1841.png,0,real_pexels,ood,0.629278
data/processed/ood_test/real_pexels/1849.png,0,real_pexels,ood,0.380272
data/processed/ood_test/real_pexels/1889.png,0,real_pexels,ood,0.535655
data/processed/ood_test/real_pexels/1955.png,0,real_pexels,ood,0.891891
data/processed/ood_test/real_pexels/1965.png,0,real_pexels,ood,0.355183
data/processed/ood_test/real_pexels/1978.png,0,real_pexels,ood,0.477869
data/processed/ood_test/real_pexels/2006.png,0,real_pexels,ood,0.509609
data/processed/ood_test/real_pexels/2042.png,0,real_pexels,ood,0.306749
data/processed/ood_test/real_pexels/2087.png,0,real_pexels,ood,0.490888
data/processed/ood_test/real_pexels/2100.png,0,real_pexels,ood,0.241432
data/processed/ood_test/real_pexels/2199.png,0,real_pexels,ood,0.111126
data/processed/ood_test/real_pexels/2220.png,0,real_pexels,ood,0.560045
data/processed/ood_test/real_pexels/2236.png,0,real_pexels,ood,0.425095
data/processed/ood_test/real_pexels/2272.png,0,real_pexels,ood,0.909239
data/processed/ood_test/real_pexels/2285.png,0,real_pexels,ood,0.682595
data/processed/ood_test/real_pexels/2317.png,0,real_pexels,ood,0.155472
data/processed/ood_test/real_pexels/2319.png,0,real_pexels,ood,0.412708
data/processed/ood_test/real_pexels/2341.png,0,real_pexels,ood,0.515635
data/processed/ood_test/real_pexels/2361.png,0,real_pexels,ood,0.024280
data/processed/ood_test/real_pexels/2386.png,0,real_pexels,ood,0.430314
data/processed/ood_test/real_pexels/2394.png,0,real_pexels,ood,0.600483
data/processed/ood_test/real_pexels/2411.png,0,real_pexels,ood,0.154080
data/processed/ood_test/real_pexels/2427.png,0,real_pexels,ood,0.755909
data/processed/ood_test/real_pexels/2471.png,0,real_pexels,ood,0.133588
data/processed/ood_test/real_pexels/2490.png,0,real_pexels,ood,0.526813
data/processed/ood_test/real_pexels/2502.png,0,real_pexels,ood,0.088975
data/processed/ood_test/real_pexels/2572.png,0,real_pexels,ood,0.275016
data/processed/ood_test/real_pexels/2600.png,0,real_pexels,ood,0.403892
data/processed/ood_test/real_pexels/2641.png,0,real_pexels,ood,0.428343
data/processed/ood_test/real_pexels/2678.png,0,real_pexels,ood,0.973544
data/processed/ood_test/real_pexels/2754.png,0,real_pexels,ood,0.581523
data/processed/ood_test/real_pexels/2789.png,0,real_pexels,ood,0.027329
data/processed/ood_test/real_pexels/2796.png,0,real_pexels,ood,0.791110
data/processed/ood_test/real_pexels/2817.png,0,real_pexels,ood,0.382506
data/processed/ood_test/real_pexels/2832.png,0,real_pexels,ood,0.839843
data/processed/ood_test/real_pexels/2882.png,0,real_pexels,ood,0.155432
data/processed/ood_test/real_pexels/3106.png,0,real_pexels,ood,0.087077
data/processed/ood_test/real_pexels/3138.png,0,real_pexels,ood,0.787167
data/processed/ood_test/real_pexels/3186.png,0,real_pexels,ood,0.743099
data/processed/ood_test/real_pexels/3191.png,0,real_pexels,ood,0.841470
data/processed/ood_test/real_pexels/3228.png,0,real_pexels,ood,0.428933
data/processed/ood_test/real_pexels/3250.png,0,real_pexels,ood,0.415430
data/processed/ood_test/real_pexels/3274.png,0,real_pexels,ood,0.659314
data/processed/ood_test/real_pexels/3399.png,0,real_pexels,ood,0.566645
data/processed/ood_test/real_pexels/3407.png,0,real_pexels,ood,0.387576
data/processed/ood_test/real_pexels/3433.png,0,real_pexels,ood,0.957601
data/processed/ood_test/real_pexels/3442.png,0,real_pexels,ood,0.442910
data/processed/ood_test/real_pexels/3445.png,0,real_pexels,ood,0.713452
data/processed/ood_test/real_pexels/3454.png,0,real_pexels,ood,0.161939
data/processed/ood_test/real_pexels/3496.png,0,real_pexels,ood,0.725076
data/processed/ood_test/real_pexels/3513.png,0,real_pexels,ood,0.323191
data/processed/ood_test/real_pexels/3522.png,0,real_pexels,ood,0.417543
data/processed/ood_test/real_pexels/3552.png,0,real_pexels,ood,0.853758
data/processed/ood_test/real_pexels/3568.png,0,real_pexels,ood,0.847500
data/processed/ood_test/real_pexels/3573.png,0,real_pexels,ood,0.532659
data/processed/ood_test/real_pexels/3620.png,0,real_pexels,ood,0.437431
data/processed/ood_test/real_pexels/3627.png,0,real_pexels,ood,0.490001
data/processed/ood_test/real_pexels/3653.png,0,real_pexels,ood,0.797722
data/processed/ood_test/real_pexels/3687.png,0,real_pexels,ood,0.440012
data/processed/ood_test/real_pexels/3691.png,0,real_pexels,ood,0.716385
data/processed/ood_test/real_pexels/3720.png,0,real_pexels,ood,0.868592
data/processed/ood_test/real_pexels/3725.png,0,real_pexels,ood,0.446416
data/processed/ood_test/real_pexels/3740.png,0,real_pexels,ood,0.669252
data/processed/ood_test/real_pexels/3767.png,0,real_pexels,ood,0.346266
data/processed/ood_test/real_pexels/3806.png,0,real_pexels,ood,0.516473
data/processed/ood_test/real_pexels/3829.png,0,real_pexels,ood,0.861426
data/processed/ood_test/real_pexels/3850.png,0,real_pexels,ood,0.276687
data/processed/ood_test/real_pexels/3877.png,0,real_pexels,ood,0.309331
data/processed/ood_test/real_pexels/3901.png,0,real_pexels,ood,0.481999
data/processed/ood_test/real_pexels/3914.png,0,real_pexels,ood,0.763662
data/processed/ood_test/real_pexels/3922.png,0,real_pexels,ood,0.197583
data/processed/ood_test/real_pexels/3961.png,0,real_pexels,ood,0.324356
data/processed/ood_test/real_pexels/3967.png,0,real_pexels,ood,0.451986
data/processed/ood_test/real_pexels/3970.png,0,real_pexels,ood,0.772198
data/processed/ood_test/real_pexels/3979.png,0,real_pexels,ood,0.706871
data/processed/ood_test/real_pexels/4003.png,0,real_pexels,ood,0.819877
data/processed/ood_test/real_pexels/4022.png,0,real_pexels,ood,0.074135
data/processed/ood_test/real_pexels/4155.png,0,real_pexels,ood,0.626404
data/processed/ood_test/real_pexels/4223.png,0,real_pexels,ood,0.351122
data/processed/ood_test/real_pexels/4233.png,0,real_pexels,ood,0.756886
data/processed/ood_test/real_pexels/4260.png,0,real_pexels,ood,0.486470
data/processed/ood_test/real_pexels/4271.png,0,real_pexels,ood,0.791817
data/processed/ood_test/real_pexels/4281.png,0,real_pexels,ood,0.158975
data/processed/ood_test/real_pexels/4352.png,0,real_pexels,ood,0.707813
data/processed/ood_test/real_pexels/4376.png,0,real_pexels,ood,0.485184
data/processed/ood_test/real_pexels/4409.png,0,real_pexels,ood,0.379017
data/processed/ood_test/real_pexels/4410.png,0,real_pexels,ood,0.348027
data/processed/ood_test/real_pexels/4474.png,0,real_pexels,ood,0.431183
data/processed/ood_test/real_pexels/4489.png,0,real_pexels,ood,0.673592
data/processed/ood_test/real_pexels/4549.png,0,real_pexels,ood,0.407980
data/processed/ood_test/real_pexels/4572.png,0,real_pexels,ood,0.630814
data/processed/ood_test/real_pexels/4579.png,0,real_pexels,ood,0.751475
data/processed/ood_test/real_pexels/4621.png,0,real_pexels,ood,0.339031
data/processed/ood_test/real_pexels/4624.png,0,real_pexels,ood,0.384814
data/processed/ood_test/real_pexels/4716.png,0,real_pexels,ood,0.314436
data/processed/ood_test/real_pexels/4724.png,0,real_pexels,ood,0.731005
data/processed/ood_test/real_pexels/4741.png,0,real_pexels,ood,0.960314
data/processed/ood_test/real_pexels/4830.png,0,real_pexels,ood,0.321959
data/processed/ood_test/real_pexels/4854.png,0,real_pexels,ood,0.630746
data/processed/ood_test/real_pexels/4888.png,0,real_pexels,ood,0.624851
data/processed/ood_test/real_pexels/4889.png,0,real_pexels,ood,0.664858
data/processed/ood_test/real_pexels/4967.png,0,real_pexels,ood,0.188370
data/processed/ood_test/real_pexels/4975.png,0,real_pexels,ood,0.203853
data/processed/ood_test/real_pexels/4995.png,0,real_pexels,ood,0.565498
data/processed/ood_test/real_pexels/5000.png,0,real_pexels,ood,0.575214
data/processed/ood_test/real_pexels/5008.png,0,real_pexels,ood,0.458725
data/processed/ood_test/real_pexels/5121.png,0,real_pexels,ood,0.386977
data/processed/ood_test/real_pexels/5139.png,0,real_pexels,ood,0.145330
data/processed/ood_test/real_pexels/5160.png,0,real_pexels,ood,0.912999
data/processed/ood_test/real_pexels/5186.png,0,real_pexels,ood,0.419906
data/processed/ood_test/real_pexels/5207.png,0,real_pexels,ood,0.476178
data/processed/ood_test/real_pexels/5226.png,0,real_pexels,ood,0.878214
data/processed/ood_test/real_pexels/5305.png,0,real_pexels,ood,0.275346
data/processed/ood_test/real_pexels/5326.png,0,real_pexels,ood,0.387582
data/processed/ood_test/real_pexels/5364.png,0,real_pexels,ood,0.478864
data/processed/ood_test/real_pexels/5411.png,0,real_pexels,ood,0.056890
data/processed/ood_test/real_pexels/5417.png,0,real_pexels,ood,0.343026
data/processed/ood_test/real_pexels/5432.png,0,real_pexels,ood,0.460813
data/processed/ood_test/real_pexels/5469.png,0,real_pexels,ood,0.828427
data/processed/ood_test/real_pexels/5474.png,0,real_pexels,ood,0.450724
data/processed/ood_test/real_pexels/5480.png,0,real_pexels,ood,0.788202
data/processed/ood_test/real_pexels/5494.png,0,real_pexels,ood,0.551586
data/processed/ood_test/real_pexels/5512.png,0,real_pexels,ood,0.722602
data/processed/ood_test/real_pexels/5606.png,0,real_pexels,ood,0.619650
data/processed/ood_test/real_pexels/5624.png,0,real_pexels,ood,0.563553
data/processed/ood_test/real_pexels/5634.png,0,real_pexels,ood,0.606872
data/processed/ood_test/real_pexels/5658.png,0,real_pexels,ood,0.572400
data/processed/ood_test/real_pexels/5698.png,0,real_pexels,ood,0.541516
data/processed/ood_test/real_pexels/5701.png,0,real_pexels,ood,0.844365
data/processed/ood_test/real_pexels/5731.png,0,real_pexels,ood,0.683749
data/processed/ood_test/real_pexels/5758.png,0,real_pexels,ood,0.665164
data/processed/ood_test/real_pexels/5787.png,0,real_pexels,ood,0.910232
data/processed/ood_test/real_pexels/5792.png,0,real_pexels,ood,0.705090
data/processed/ood_test/real_pexels/5807.png,0,real_pexels,ood,0.766311
data/processed/ood_test/real_pexels/5832.png,0,real_pexels,ood,0.311832
data/processed/ood_test/real_pexels/5885.png,0,real_pexels,ood,0.837442
data/processed/ood_test/real_pexels/5894.png,0,real_pexels,ood,0.669147
data/processed/ood_test/real_pexels/5899.png,0,real_pexels,ood,0.918007
data/processed/ood_test/real_pexels/5933.png,0,real_pexels,ood,0.826575
data/processed/ood_test/real_pexels/5969.png,0,real_pexels,ood,0.685015
data/processed/ood_test/real_pexels/5989.png,0,real_pexels,ood,0.544726
data/processed/ood_test/tristanzhang_fake/0005.png,1,tristanzhang_fake,ood,0.411507
data/processed/ood_test/tristanzhang_fake/0018.png,1,tristanzhang_fake,ood,0.855514
data/processed/ood_test/tristanzhang_fake/0030.png,1,tristanzhang_fake,ood,0.632555
data/processed/ood_test/tristanzhang_fake/0059.png,1,tristanzhang_fake,ood,0.560424
data/processed/ood_test/tristanzhang_fake/0095.png,1,tristanzhang_fake,ood,0.165253
data/processed/ood_test/tristanzhang_fake/0121.png,1,tristanzhang_fake,ood,0.328315
data/processed/ood_test/tristanzhang_fake/0173.png,1,tristanzhang_fake,ood,0.341204
data/processed/ood_test/tristanzhang_fake/0194.png,1,tristanzhang_fake,ood,0.375700
data/processed/ood_test/tristanzhang_fake/0205.png,1,tristanzhang_fake,ood,0.149451
data/processed/ood_test/tristanzhang_fake/0218.png,1,tristanzhang_fake,ood,0.080857
data/processed/ood_test/tristanzhang_fake/0258.png,1,tristanzhang_fake,ood,0.244718
data/processed/ood_test/tristanzhang_fake/0296.png,1,tristanzhang_fake,ood,0.510932
data/processed/ood_test/tristanzhang_fake/0318.png,1,tristanzhang_fake,ood,0.421044
data/processed/ood_test/tristanzhang_fake/0326.png,1,tristanzhang_fake,ood,0.325293
data/processed/ood_test/tristanzhang_fake/0327.png,1,tristanzhang_fake,ood,0.693264
data/processed/ood_test/tristanzhang_fake/0356.png,1,tristanzhang_fake,ood,0.104897
data/processed/ood_test/tristanzhang_fake/0362.png,1,tristanzhang_fake,ood,0.064096
data/processed/ood_test/tristanzhang_fake/0376.png,1,tristanzhang_fake,ood,0.177855
data/processed/ood_test/tristanzhang_fake/0386.png,1,tristanzhang_fake,ood,0.533544
data/processed/ood_test/tristanzhang_fake/0415.png,1,tristanzhang_fake,ood,0.535987
data/processed/ood_test/tristanzhang_fake/0417.png,1,tristanzhang_fake,ood,0.306208
data/processed/ood_test/tristanzhang_fake/0444.png,1,tristanzhang_fake,ood,0.181668
data/processed/ood_test/tristanzhang_fake/0459.png,1,tristanzhang_fake,ood,0.696066
data/processed/ood_test/tristanzhang_fake/0466.png,1,tristanzhang_fake,ood,0.247452
data/processed/ood_test/tristanzhang_fake/0481.png,1,tristanzhang_fake,ood,0.304156
data/processed/ood_test/tristanzhang_fake/0500.png,1,tristanzhang_fake,ood,0.829712
data/processed/ood_test/tristanzhang_fake/0521.png,1,tristanzhang_fake,ood,0.440238
data/processed/ood_test/tristanzhang_fake/0543.png,1,tristanzhang_fake,ood,0.974773
data/processed/ood_test/tristanzhang_fake/0553.png,1,tristanzhang_fake,ood,0.601331
data/processed/ood_test/tristanzhang_fake/0557.png,1,tristanzhang_fake,ood,0.739405
data/processed/ood_test/tristanzhang_fake/0562.png,1,tristanzhang_fake,ood,0.138294
data/processed/ood_test/tristanzhang_fake/0567.png,1,tristanzhang_fake,ood,0.578037
data/processed/ood_test/tristanzhang_fake/0569.png,1,tristanzhang_fake,ood,0.327687
data/processed/ood_test/tristanzhang_fake/0581.png,1,tristanzhang_fake,ood,0.336863
data/processed/ood_test/tristanzhang_fake/0585.png,1,tristanzhang_fake,ood,0.678643
data/processed/ood_test/tristanzhang_fake/0595.png,1,tristanzhang_fake,ood,0.623371
data/processed/ood_test/tristanzhang_fake/0601.png,1,tristanzhang_fake,ood,0.337083
data/processed/ood_test/tristanzhang_fake/0646.png,1,tristanzhang_fake,ood,0.034650
data/processed/ood_test/tristanzhang_fake/0654.png,1,tristanzhang_fake,ood,0.158183
data/processed/ood_test/tristanzhang_fake/0657.png,1,tristanzhang_fake,ood,0.477005
data/processed/ood_test/tristanzhang_fake/0672.png,1,tristanzhang_fake,ood,0.156160
data/processed/ood_test/tristanzhang_fake/0702.png,1,tristanzhang_fake,ood,0.182123
data/processed/ood_test/tristanzhang_fake/0765.png,1,tristanzhang_fake,ood,0.786165
data/processed/ood_test/tristanzhang_fake/0768.png,1,tristanzhang_fake,ood,0.680791
data/processed/ood_test/tristanzhang_fake/0793.png,1,tristanzhang_fake,ood,0.581545
data/processed/ood_test/tristanzhang_fake/0828.png,1,tristanzhang_fake,ood,0.183004
data/processed/ood_test/tristanzhang_fake/0838.png,1,tristanzhang_fake,ood,0.705943
data/processed/ood_test/tristanzhang_fake/0840.png,1,tristanzhang_fake,ood,0.079176
data/processed/ood_test/tristanzhang_fake/0843.png,1,tristanzhang_fake,ood,0.523555
data/processed/ood_test/tristanzhang_fake/0849.png,1,tristanzhang_fake,ood,0.141127
data/processed/ood_test/tristanzhang_fake/0872.png,1,tristanzhang_fake,ood,0.164098
data/processed/ood_test/tristanzhang_fake/0877.png,1,tristanzhang_fake,ood,0.006120
data/processed/ood_test/tristanzhang_fake/0896.png,1,tristanzhang_fake,ood,0.551393
data/processed/ood_test/tristanzhang_fake/0899.png,1,tristanzhang_fake,ood,0.337333
data/processed/ood_test/tristanzhang_fake/0917.png,1,tristanzhang_fake,ood,0.360992
data/processed/ood_test/tristanzhang_fake/0939.png,1,tristanzhang_fake,ood,0.308286
data/processed/ood_test/tristanzhang_fake/1045.png,1,tristanzhang_fake,ood,0.296790
data/processed/ood_test/tristanzhang_fake/1073.png,1,tristanzhang_fake,ood,0.245348
data/processed/ood_test/tristanzhang_fake/1084.png,1,tristanzhang_fake,ood,0.172735
data/processed/ood_test/tristanzhang_fake/1086.png,1,tristanzhang_fake,ood,0.089487
data/processed/ood_test/tristanzhang_fake/1101.png,1,tristanzhang_fake,ood,0.325118
data/processed/ood_test/tristanzhang_fake/1134.png,1,tristanzhang_fake,ood,0.207569
data/processed/ood_test/tristanzhang_fake/1149.png,1,tristanzhang_fake,ood,0.336136
data/processed/ood_test/tristanzhang_fake/1171.png,1,tristanzhang_fake,ood,0.819816
data/processed/ood_test/tristanzhang_fake/1214.png,1,tristanzhang_fake,ood,0.286137
data/processed/ood_test/tristanzhang_fake/1222.png,1,tristanzhang_fake,ood,0.281020
data/processed/ood_test/tristanzhang_fake/1253.png,1,tristanzhang_fake,ood,0.667888
data/processed/ood_test/tristanzhang_fake/1267.png,1,tristanzhang_fake,ood,0.321263
data/processed/ood_test/tristanzhang_fake/1269.png,1,tristanzhang_fake,ood,0.306476
data/processed/ood_test/tristanzhang_fake/1274.png,1,tristanzhang_fake,ood,0.796632
data/processed/ood_test/tristanzhang_fake/1290.png,1,tristanzhang_fake,ood,0.341930
data/processed/ood_test/tristanzhang_fake/1293.png,1,tristanzhang_fake,ood,0.051757
data/processed/ood_test/tristanzhang_fake/1296.png,1,tristanzhang_fake,ood,0.132271
data/processed/ood_test/tristanzhang_fake/1305.png,1,tristanzhang_fake,ood,0.327244
data/processed/ood_test/tristanzhang_fake/1308.png,1,tristanzhang_fake,ood,0.939545
data/processed/ood_test/tristanzhang_fake/1324.png,1,tristanzhang_fake,ood,0.200970
data/processed/ood_test/tristanzhang_fake/1332.png,1,tristanzhang_fake,ood,0.370042
data/processed/ood_test/tristanzhang_fake/1333.png,1,tristanzhang_fake,ood,0.040021
data/processed/ood_test/tristanzhang_fake/1349.png,1,tristanzhang_fake,ood,0.212377
data/processed/ood_test/tristanzhang_fake/1353.png,1,tristanzhang_fake,ood,0.213799
data/processed/ood_test/tristanzhang_fake/1402.png,1,tristanzhang_fake,ood,0.483976
data/processed/ood_test/tristanzhang_fake/1523.png,1,tristanzhang_fake,ood,0.315321
data/processed/ood_test/tristanzhang_fake/1556.png,1,tristanzhang_fake,ood,0.539128
data/processed/ood_test/tristanzhang_fake/1559.png,1,tristanzhang_fake,ood,0.903391
data/processed/ood_test/tristanzhang_fake/1560.png,1,tristanzhang_fake,ood,0.578476
data/processed/ood_test/tristanzhang_fake/1570.png,1,tristanzhang_fake,ood,0.344106
data/processed/ood_test/tristanzhang_fake/1583.png,1,tristanzhang_fake,ood,0.250265
data/processed/ood_test/tristanzhang_fake/1630.png,1,tristanzhang_fake,ood,0.044971
data/processed/ood_test/tristanzhang_fake/1674.png,1,tristanzhang_fake,ood,0.263810
data/processed/ood_test/tristanzhang_fake/1717.png,1,tristanzhang_fake,ood,0.101221
data/processed/ood_test/tristanzhang_fake/1721.png,1,tristanzhang_fake,ood,0.075545
data/processed/ood_test/tristanzhang_fake/1729.png,1,tristanzhang_fake,ood,0.441498
data/processed/ood_test/tristanzhang_fake/1742.png,1,tristanzhang_fake,ood,0.663783
data/processed/ood_test/tristanzhang_fake/1784.png,1,tristanzhang_fake,ood,0.072572
data/processed/ood_test/tristanzhang_fake/1797.png,1,tristanzhang_fake,ood,0.617922
data/processed/ood_test/tristanzhang_fake/1805.png,1,tristanzhang_fake,ood,0.312561
data/processed/ood_test/tristanzhang_fake/1829.png,1,tristanzhang_fake,ood,0.376727
data/processed/ood_test/tristanzhang_fake/1841.png,1,tristanzhang_fake,ood,0.668981
data/processed/ood_test/tristanzhang_fake/1865.png,1,tristanzhang_fake,ood,0.295027
data/processed/ood_test/tristanzhang_fake/1867.png,1,tristanzhang_fake,ood,0.037171
data/processed/ood_test/tristanzhang_fake/1876.png,1,tristanzhang_fake,ood,0.234851
data/processed/ood_test/tristanzhang_fake/1906.png,1,tristanzhang_fake,ood,0.022920
data/processed/ood_test/tristanzhang_fake/1908.png,1,tristanzhang_fake,ood,0.329409
data/processed/ood_test/tristanzhang_fake/1927.png,1,tristanzhang_fake,ood,0.477814
data/processed/ood_test/tristanzhang_fake/1940.png,1,tristanzhang_fake,ood,0.122939
data/processed/ood_test/tristanzhang_fake/1991.png,1,tristanzhang_fake,ood,0.485687
data/processed/ood_test/tristanzhang_fake/2006.png,1,tristanzhang_fake,ood,0.173866
data/processed/ood_test/tristanzhang_fake/2017.png,1,tristanzhang_fake,ood,0.572895
data/processed/ood_test/tristanzhang_fake/2021.png,1,tristanzhang_fake,ood,0.231135
data/processed/ood_test/tristanzhang_fake/2037.png,1,tristanzhang_fake,ood,0.094464
data/processed/ood_test/tristanzhang_fake/2047.png,1,tristanzhang_fake,ood,0.372724
data/processed/ood_test/tristanzhang_fake/2060.png,1,tristanzhang_fake,ood,0.222549
data/processed/ood_test/tristanzhang_fake/2137.png,1,tristanzhang_fake,ood,0.239030
data/processed/ood_test/tristanzhang_fake/2140.png,1,tristanzhang_fake,ood,0.245278
data/processed/ood_test/tristanzhang_fake/2153.png,1,tristanzhang_fake,ood,0.871815
data/processed/ood_test/tristanzhang_fake/2167.png,1,tristanzhang_fake,ood,0.489866
data/processed/ood_test/tristanzhang_fake/2172.png,1,tristanzhang_fake,ood,0.670647
data/processed/ood_test/tristanzhang_fake/2175.png,1,tristanzhang_fake,ood,0.350692
data/processed/ood_test/tristanzhang_fake/2176.png,1,tristanzhang_fake,ood,0.060283
data/processed/ood_test/tristanzhang_fake/2186.png,1,tristanzhang_fake,ood,0.328168
data/processed/ood_test/tristanzhang_fake/2278.png,1,tristanzhang_fake,ood,0.321080
data/processed/ood_test/tristanzhang_fake/2282.png,1,tristanzhang_fake,ood,0.224893
data/processed/ood_test/tristanzhang_fake/2287.png,1,tristanzhang_fake,ood,0.769214
data/processed/ood_test/tristanzhang_fake/2309.png,1,tristanzhang_fake,ood,0.133012
data/processed/ood_test/tristanzhang_fake/2335.png,1,tristanzhang_fake,ood,0.063562
data/processed/ood_test/tristanzhang_fake/2337.png,1,tristanzhang_fake,ood,0.131802
data/processed/ood_test/tristanzhang_fake/2371.png,1,tristanzhang_fake,ood,0.237318
data/processed/ood_test/tristanzhang_fake/2405.png,1,tristanzhang_fake,ood,0.982618
data/processed/ood_test/tristanzhang_fake/2431.png,1,tristanzhang_fake,ood,0.039821
data/processed/ood_test/tristanzhang_fake/2445.png,1,tristanzhang_fake,ood,0.106628
data/processed/ood_test/tristanzhang_fake/2479.png,1,tristanzhang_fake,ood,0.119611
data/processed/ood_test/tristanzhang_fake/2520.png,1,tristanzhang_fake,ood,0.912210
data/processed/ood_test/tristanzhang_fake/2526.png,1,tristanzhang_fake,ood,0.078146
data/processed/ood_test/tristanzhang_fake/2570.png,1,tristanzhang_fake,ood,0.252722
data/processed/ood_test/tristanzhang_fake/2574.png,1,tristanzhang_fake,ood,0.231583
data/processed/ood_test/tristanzhang_fake/2578.png,1,tristanzhang_fake,ood,0.937483
data/processed/ood_test/tristanzhang_fake/2592.png,1,tristanzhang_fake,ood,0.782295
data/processed/ood_test/tristanzhang_fake/2656.png,1,tristanzhang_fake,ood,0.207945
data/processed/ood_test/tristanzhang_fake/2657.png,1,tristanzhang_fake,ood,0.979412
data/processed/ood_test/tristanzhang_fake/2707.png,1,tristanzhang_fake,ood,0.373706
data/processed/ood_test/tristanzhang_fake/2758.png,1,tristanzhang_fake,ood,0.893725
data/processed/ood_test/tristanzhang_fake/2770.png,1,tristanzhang_fake,ood,0.320755
data/processed/ood_test/tristanzhang_fake/2787.png,1,tristanzhang_fake,ood,0.585107
data/processed/ood_test/tristanzhang_fake/2809.png,1,tristanzhang_fake,ood,0.395065
data/processed/ood_test/tristanzhang_fake/2860.png,1,tristanzhang_fake,ood,0.283435
data/processed/ood_test/tristanzhang_fake/2865.png,1,tristanzhang_fake,ood,0.320204
data/processed/ood_test/tristanzhang_fake/2877.png,1,tristanzhang_fake,ood,0.256359
data/processed/ood_test/tristanzhang_fake/2903.png,1,tristanzhang_fake,ood,0.446801
data/processed/ood_test/tristanzhang_fake/2911.png,1,tristanzhang_fake,ood,0.924328
data/processed/ood_test/tristanzhang_fake/2932.png,1,tristanzhang_fake,ood,0.653966
data/processed/ood_test/tristanzhang_fake/2974.png,1,tristanzhang_fake,ood,0.062482
data/processed/ood_test/tristanzhang_fake/2988.png,1,tristanzhang_fake,ood,0.149966
data/processed/ood_test/tristanzhang_fake/2989.png,1,tristanzhang_fake,ood,0.731874
data/processed/ood_test/tristanzhang_fake/3028.png,1,tristanzhang_fake,ood,0.305009
data/processed/ood_test/tristanzhang_fake/3060.png,1,tristanzhang_fake,ood,0.530216
data/processed/ood_test/tristanzhang_fake/3064.png,1,tristanzhang_fake,ood,0.263659
data/processed/ood_test/tristanzhang_fake/3101.png,1,tristanzhang_fake,ood,0.334155
data/processed/ood_test/tristanzhang_fake/3105.png,1,tristanzhang_fake,ood,0.503942
data/processed/ood_test/tristanzhang_fake/3109.png,1,tristanzhang_fake,ood,0.129831
data/processed/ood_test/tristanzhang_fake/3113.png,1,tristanzhang_fake,ood,0.210113
data/processed/ood_test/tristanzhang_fake/3114.png,1,tristanzhang_fake,ood,0.409307
data/processed/ood_test/tristanzhang_fake/3153.png,1,tristanzhang_fake,ood,0.057573
data/processed/ood_test/tristanzhang_fake/3242.png,1,tristanzhang_fake,ood,0.797339
data/processed/ood_test/tristanzhang_fake/3243.png,1,tristanzhang_fake,ood,0.051869
data/processed/ood_test/tristanzhang_fake/3265.png,1,tristanzhang_fake,ood,0.111804
data/processed/ood_test/tristanzhang_fake/3272.png,1,tristanzhang_fake,ood,0.335118
data/processed/ood_test/tristanzhang_fake/3286.png,1,tristanzhang_fake,ood,0.191509
data/processed/ood_test/tristanzhang_fake/3308.png,1,tristanzhang_fake,ood,0.999221
data/processed/ood_test/tristanzhang_fake/3368.png,1,tristanzhang_fake,ood,0.762698
data/processed/ood_test/tristanzhang_fake/3373.png,1,tristanzhang_fake,ood,0.107696
data/processed/ood_test/tristanzhang_fake/3378.png,1,tristanzhang_fake,ood,0.366404
data/processed/ood_test/tristanzhang_fake/3457.png,1,tristanzhang_fake,ood,0.284939
data/processed/ood_test/tristanzhang_fake/3459.png,1,tristanzhang_fake,ood,0.825545
data/processed/ood_test/tristanzhang_fake/3466.png,1,tristanzhang_fake,ood,0.237010
data/processed/ood_test/tristanzhang_fake/3467.png,1,tristanzhang_fake,ood,0.394401
data/processed/ood_test/tristanzhang_fake/3510.png,1,tristanzhang_fake,ood,0.273084
data/processed/ood_test/tristanzhang_fake/3521.png,1,tristanzhang_fake,ood,0.542952
data/processed/ood_test/tristanzhang_fake/3532.png,1,tristanzhang_fake,ood,0.121364
data/processed/ood_test/tristanzhang_fake/3562.png,1,tristanzhang_fake,ood,0.507784
data/processed/ood_test/tristanzhang_fake/3589.png,1,tristanzhang_fake,ood,0.012584
data/processed/ood_test/tristanzhang_fake/3590.png,1,tristanzhang_fake,ood,0.105038
data/processed/ood_test/tristanzhang_fake/3620.png,1,tristanzhang_fake,ood,0.548290
data/processed/ood_test/tristanzhang_fake/3631.png,1,tristanzhang_fake,ood,0.318696
data/processed/ood_test/tristanzhang_fake/3715.png,1,tristanzhang_fake,ood,0.225863
data/processed/ood_test/tristanzhang_fake/3746.png,1,tristanzhang_fake,ood,0.097291
data/processed/ood_test/tristanzhang_fake/3759.png,1,tristanzhang_fake,ood,0.565422
data/processed/ood_test/tristanzhang_fake/3790.png,1,tristanzhang_fake,ood,0.377852
data/processed/ood_test/tristanzhang_fake/3835.png,1,tristanzhang_fake,ood,0.317750
data/processed/ood_test/tristanzhang_fake/3856.png,1,tristanzhang_fake,ood,0.207335
data/processed/ood_test/tristanzhang_fake/3873.png,1,tristanzhang_fake,ood,0.561065
data/processed/ood_test/tristanzhang_fake/3875.png,1,tristanzhang_fake,ood,0.646621
data/processed/ood_test/tristanzhang_fake/3894.png,1,tristanzhang_fake,ood,0.253098
data/processed/ood_test/tristanzhang_fake/3906.png,1,tristanzhang_fake,ood,0.169641
data/processed/ood_test/tristanzhang_fake/3979.png,1,tristanzhang_fake,ood,0.832948
data/processed/ood_test/tristanzhang_fake/3987.png,1,tristanzhang_fake,ood,0.482039
data/processed/ood_test/tristanzhang_fake/4003.png,1,tristanzhang_fake,ood,0.389800
data/processed/ood_test/tristanzhang_fake/4120.png,1,tristanzhang_fake,ood,0.285882
data/processed/ood_test/tristanzhang_fake/4140.png,1,tristanzhang_fake,ood,0.165811
data/processed/ood_test/tristanzhang_fake/4141.png,1,tristanzhang_fake,ood,0.624490
data/processed/ood_test/tristanzhang_fake/4159.png,1,tristanzhang_fake,ood,0.196734
data/processed/ood_test/tristanzhang_fake/4161.png,1,tristanzhang_fake,ood,0.075369
data/processed/ood_test/tristanzhang_fake/4175.png,1,tristanzhang_fake,ood,0.536182
data/processed/ood_test/tristanzhang_fake/4212.png,1,tristanzhang_fake,ood,0.780484
data/processed/ood_test/tristanzhang_fake/4283.png,1,tristanzhang_fake,ood,0.071454
data/processed/ood_test/tristanzhang_fake/4334.png,1,tristanzhang_fake,ood,0.574534
data/processed/ood_test/tristanzhang_fake/4335.png,1,tristanzhang_fake,ood,0.647138
data/processed/ood_test/tristanzhang_fake/4345.png,1,tristanzhang_fake,ood,0.238409
data/processed/ood_test/tristanzhang_fake/4351.png,1,tristanzhang_fake,ood,0.192625
data/processed/ood_test/tristanzhang_fake/4376.png,1,tristanzhang_fake,ood,0.448383
data/processed/ood_test/tristanzhang_fake/4393.png,1,tristanzhang_fake,ood,0.596067
data/processed/ood_test/tristanzhang_fake/4394.png,1,tristanzhang_fake,ood,0.497047
data/processed/ood_test/tristanzhang_fake/4405.png,1,tristanzhang_fake,ood,0.310430
data/processed/ood_test/tristanzhang_fake/4416.png,1,tristanzhang_fake,ood,0.160046
data/processed/ood_test/tristanzhang_fake/4418.png,1,tristanzhang_fake,ood,0.213729
data/processed/ood_test/tristanzhang_fake/4419.png,1,tristanzhang_fake,ood,0.246832
data/processed/ood_test/tristanzhang_fake/4429.png,1,tristanzhang_fake,ood,0.112262
data/processed/ood_test/tristanzhang_fake/4468.png,1,tristanzhang_fake,ood,0.731938
data/processed/ood_test/tristanzhang_fake/4470.png,1,tristanzhang_fake,ood,0.047473
data/processed/ood_test/tristanzhang_fake/4504.png,1,tristanzhang_fake,ood,0.562088
data/processed/ood_test/tristanzhang_fake/4520.png,1,tristanzhang_fake,ood,0.710097
data/processed/ood_test/tristanzhang_fake/4523.png,1,tristanzhang_fake,ood,0.573600
data/processed/ood_test/tristanzhang_fake/4527.png,1,tristanzhang_fake,ood,0.295410
data/processed/ood_test/tristanzhang_fake/4533.png,1,tristanzhang_fake,ood,0.631275
data/processed/ood_test/tristanzhang_fake/4538.png,1,tristanzhang_fake,ood,0.364860
data/processed/ood_test/tristanzhang_fake/4544.png,1,tristanzhang_fake,ood,0.071582
data/processed/ood_test/tristanzhang_fake/4553.png,1,tristanzhang_fake,ood,0.396945
data/processed/ood_test/tristanzhang_fake/4563.png,1,tristanzhang_fake,ood,0.369170
data/processed/ood_test/tristanzhang_fake/4595.png,1,tristanzhang_fake,ood,0.786263
data/processed/ood_test/tristanzhang_fake/4598.png,1,tristanzhang_fake,ood,0.056616
data/processed/ood_test/tristanzhang_fake/4599.png,1,tristanzhang_fake,ood,0.616509
data/processed/ood_test/tristanzhang_fake/4631.png,1,tristanzhang_fake,ood,0.450302
data/processed/ood_test/tristanzhang_fake/4648.png,1,tristanzhang_fake,ood,0.709233
data/processed/ood_test/tristanzhang_fake/4743.png,1,tristanzhang_fake,ood,0.292435
data/processed/ood_test/tristanzhang_fake/4781.png,1,tristanzhang_fake,ood,0.753974
data/processed/ood_test/tristanzhang_fake/4782.png,1,tristanzhang_fake,ood,0.508955
data/processed/ood_test/tristanzhang_fake/4789.png,1,tristanzhang_fake,ood,0.675203
data/processed/ood_test/tristanzhang_fake/4821.png,1,tristanzhang_fake,ood,0.113905
data/processed/ood_test/tristanzhang_fake/4828.png,1,tristanzhang_fake,ood,0.119752
data/processed/ood_test/tristanzhang_fake/4882.png,1,tristanzhang_fake,ood,0.835456
data/processed/ood_test/tristanzhang_fake/4886.png,1,tristanzhang_fake,ood,0.368786
data/processed/ood_test/tristanzhang_fake/4907.png,1,tristanzhang_fake,ood,0.028965
data/processed/ood_test/tristanzhang_fake/4932.png,1,tristanzhang_fake,ood,0.908521
data/processed/ood_test/tristanzhang_fake/4946.png,1,tristanzhang_fake,ood,0.199956
data/processed/ood_test/tristanzhang_fake/4955.png,1,tristanzhang_fake,ood,0.339254
data/processed/ood_test/tristanzhang_fake/4989.png,1,tristanzhang_fake,ood,0.846449
data/processed/ood_test/tristanzhang_fake/4991.png,1,tristanzhang_fake,ood,0.262009
data/processed/ood_test/tristanzhang_fake/5085.png,1,tristanzhang_fake,ood,0.136834
data/processed/ood_test/tristanzhang_fake/5123.png,1,tristanzhang_fake,ood,0.617088
data/processed/ood_test/tristanzhang_fake/5141.png,1,tristanzhang_fake,ood,0.200923
data/processed/ood_test/tristanzhang_fake/5196.png,1,tristanzhang_fake,ood,0.050251
data/processed/ood_test/tristanzhang_fake/5202.png,1,tristanzhang_fake,ood,0.472755
data/processed/ood_test/tristanzhang_fake/5208.png,1,tristanzhang_fake,ood,0.513526
data/processed/ood_test/tristanzhang_fake/5220.png,1,tristanzhang_fake,ood,0.810938
data/processed/ood_test/tristanzhang_fake/5239.png,1,tristanzhang_fake,ood,0.616694
data/processed/ood_test/tristanzhang_fake/5251.png,1,tristanzhang_fake,ood,0.035928
data/processed/ood_test/tristanzhang_fake/5256.png,1,tristanzhang_fake,ood,0.473417
data/processed/ood_test/tristanzhang_fake/5267.png,1,tristanzhang_fake,ood,0.247415
data/processed/ood_test/tristanzhang_fake/5288.png,1,tristanzhang_fake,ood,0.427941
data/processed/ood_test/tristanzhang_fake/5309.png,1,tristanzhang_fake,ood,0.091095
data/processed/ood_test/tristanzhang_fake/5324.png,1,tristanzhang_fake,ood,0.386589
data/processed/ood_test/tristanzhang_fake/5358.png,1,tristanzhang_fake,ood,0.896767
data/processed/ood_test/tristanzhang_fake/5370.png,1,tristanzhang_fake,ood,0.016922
data/processed/ood_test/tristanzhang_fake/5386.png,1,tristanzhang_fake,ood,0.473729
data/processed/ood_test/tristanzhang_fake/5399.png,1,tristanzhang_fake,ood,0.373146
data/processed/ood_test/tristanzhang_fake/5418.png,1,tristanzhang_fake,ood,0.397032
data/processed/ood_test/tristanzhang_fake/5423.png,1,tristanzhang_fake,ood,0.634302
data/processed/ood_test/tristanzhang_fake/5435.png,1,tristanzhang_fake,ood,0.856452
data/processed/ood_test/tristanzhang_fake/5472.png,1,tristanzhang_fake,ood,0.199088
data/processed/ood_test/tristanzhang_fake/5481.png,1,tristanzhang_fake,ood,0.650328
data/processed/ood_test/tristanzhang_fake/5487.png,1,tristanzhang_fake,ood,0.791725
data/processed/ood_test/tristanzhang_fake/5491.png,1,tristanzhang_fake,ood,0.146804
data/processed/ood_test/tristanzhang_fake/5503.png,1,tristanzhang_fake,ood,0.173395
data/processed/ood_test/tristanzhang_fake/5532.png,1,tristanzhang_fake,ood,0.618288
data/processed/ood_test/tristanzhang_fake/5567.png,1,tristanzhang_fake,ood,0.692516
data/processed/ood_test/tristanzhang_fake/5573.png,1,tristanzhang_fake,ood,0.167464
data/processed/ood_test/tristanzhang_fake/5588.png,1,tristanzhang_fake,ood,0.495156
data/processed/ood_test/tristanzhang_fake/5609.png,1,tristanzhang_fake,ood,0.155668
data/processed/ood_test/tristanzhang_fake/5632.png,1,tristanzhang_fake,ood,0.405572
data/processed/ood_test/tristanzhang_fake/5661.png,1,tristanzhang_fake,ood,0.750849
data/processed/ood_test/tristanzhang_fake/5707.png,1,tristanzhang_fake,ood,0.359367
data/processed/ood_test/tristanzhang_fake/5720.png,1,tristanzhang_fake,ood,0.158891
data/processed/ood_test/tristanzhang_fake/5746.png,1,tristanzhang_fake,ood,0.613730
data/processed/ood_test/tristanzhang_fake/5750.png,1,tristanzhang_fake,ood,0.211368
data/processed/ood_test/tristanzhang_fake/5772.png,1,tristanzhang_fake,ood,0.356332
data/processed/ood_test/tristanzhang_fake/5781.png,1,tristanzhang_fake,ood,0.123522
data/processed/ood_test/tristanzhang_fake/5799.png,1,tristanzhang_fake,ood,0.332930
data/processed/ood_test/tristanzhang_fake/5841.png,1,tristanzhang_fake,ood,0.748737
data/processed/ood_test/tristanzhang_fake/5866.png,1,tristanzhang_fake,ood,0.582623
data/processed/ood_test/tristanzhang_fake/5879.png,1,tristanzhang_fake,ood,0.155850
data/processed/ood_test/tristanzhang_fake/5882.png,1,tristanzhang_fake,ood,0.828633
data/processed/ood_test/tristanzhang_fake/5905.png,1,tristanzhang_fake,ood,0.074133
data/processed/ood_test/tristanzhang_fake/5916.png,1,tristanzhang_fake,ood,0.152658
data/processed/ood_test/tristanzhang_fake/5926.png,1,tristanzhang_fake,ood,0.307833
data/processed/ood_test/tristanzhang_fake/5966.png,1,tristanzhang_fake,ood,0.797981
data/processed/ood_test/tristanzhang_fake/5973.png,1,tristanzhang_fake,ood,0.280440
data/processed/ood_test/tristanzhang_fake/5974.png,1,tristanzhang_fake,ood,0.293605
data/processed/ood_test/tristanzhang_fake/5978.png,1,tristanzhang_fake,ood,0.213461
data/processed/ood_test/tristanzhang_fake/5980.png,1,tristanzhang_fake,ood,0.446745
data/processed/ood_test/tristanzhang_fake/5985.png,1,tristanzhang_fake,ood,0.274609
data/processed/ood_test/tristanzhang_fake/5996.png,1,tristanzhang_fake,ood,0.063306
